"FullName","Length"
"C:\IOTEC\IOTEC_JSON_MAP.json","217528512"
"C:\IOTEC\NUCLEO_CONSOLIDADO\DUPLICADOS\reparado_logs_consolidados.json","116425870"
"C:\IOTEC\MINERADORA_BRUTA\reparado_logs_consolidados.json","116425870"
"C:\IOTEC\NUCLEO_CONSOLIDADO\LABORATORIO\reparado_logs_consolidados.json","116425870"
"C:\IOTEC\NUCLEO_CONSOLIDADO\DUPLICADOS\logs_consolidados.json","105848528"
"C:\IOTEC\MINERADORA_BRUTA\logs_consolidados.json","105848528"
"C:\IOTEC\NUCLEO_CONSOLIDADO\LABORATORIO\logs_consolidados.json","105848528"
"C:\IOTEC\MINERADORA_BRUTA\relatorio_regulus.json","50548847"
"C:\IOTEC\NUCLEO_CONSOLIDADO\DUPLICADOS\reparado_relatorio_regulus.json","50548847"
"C:\IOTEC\MINERADORA_BRUTA\reparado_relatorio_regulus.json","50548847"
"C:\IOTEC\NUCLEO_CONSOLIDADO\DUPLICADOS\relatorio_regulus.json","50548847"
"C:\IOTEC\NUCLEO_CONSOLIDADO\LABORATORIO\relatorio_regulus.json","50548847"
"C:\IOTEC\NUCLEO_CONSOLIDADO\DUPLICADOS\reparado_auditoria_diagnostica.json","45662952"
"C:\IOTEC\NUCLEO_CONSOLIDADO\DUPLICADOS\auditoria_diagnostica.json","45662952"
"C:\IOTEC\MINERADORA_BRUTA\reparado_auditoria_diagnostica.json","45662952"
"C:\IOTEC\MINERADORA_BRUTA\auditoria_diagnostica.json","45662952"
"C:\IOTEC\NUCLEO_CONSOLIDADO\LABORATORIO\auditoria_diagnostica.json","45662952"
"C:\IOTEC\NUCLEO_CONSOLIDADO\LABORATORIO\auditoria_sistema.json","36594431"
"C:\IOTEC\NUCLEO_CONSOLIDADO\DUPLICADOS\reparado_auditoria_sistema.json","36594431"
"C:\IOTEC\MINERADORA_BRUTA\reparado_auditoria_sistema.json","36594431"
"C:\IOTEC\MINERADORA_BRUTA\auditoria_sistema.json","36594431"
"C:\IOTEC\NUCLEO_CONSOLIDADO\DUPLICADOS\auditoria_sistema.json","36594431"
"C:\IOTEC\IOTEC_MASTER_INVENTORY.json","30429870"
"C:\IOTEC\enterprise\builder\project_inventory.json","24412644"
"C:\IOTEC\FRONT_CERTIFIER\FRONT_FACADE_REPORT.json","24192519"
"C:\IOTEC\NUCLEO_CONSOLIDADO\DUPLICADOS\relatorio_20251124_184713.json","23657829"
"C:\IOTEC\NUCLEO_CONSOLIDADO\LABORATORIO\relatorio_20251124_184713.json","23657829"
"C:\IOTEC\MINERADORA_BRUTA\relatorio_20251124_184713.json","23657829"
"C:\IOTEC\IOTEC_VISUAL_GENOME.json","19336729"
"C:\IOTEC\BROADCAST_GRID\VISUAL_IMPACT_REPORT.json","18828798"
"C:\IOTEC\iotec_capability_map.json","18303856"
"C:\IOTEC\NUCLEO_CONSOLIDADO\DUPLICADOS\arqueologia_digital.json","14887581"
"C:\IOTEC\ARQUEOLOGIA_DIGITAL\arqueologia_digital.json","14887581"
"C:\IOTEC\NUCLEO_CONSOLIDADO\LABORATORIO\arqueologia_digital.json","14887581"
"C:\IOTEC\MINERADORA_BRUTA\reparado_auditoria_regulus_report.json","12724714"
"C:\IOTEC\NUCLEO_CONSOLIDADO\DUPLICADOS\reparado_auditoria_regulus_report.json","12724714"
"C:\IOTEC\NUCLEO_CONSOLIDADO\LABORATORIO\reparado_auditoria_regulus_report.json","12724714"
"C:\IOTEC\IOTEC_EXPERIENCE_WAREHOUSE.json","11120183"
"C:\IOTEC\IOTEC_CAPABILITIES_REPORT.json","11008710"
"C:\IOTEC\NUCLEO_CONSOLIDADO\DUPLICADOS\auditoria_regulus_report.json","10280406"
"C:\IOTEC\MINERADORA_BRUTA\auditoria_regulus_report.json","10280406"
"C:\IOTEC\NUCLEO_CONSOLIDADO\LABORATORIO\auditoria_regulus_report.json","10280406"
"C:\IOTEC\MINERADORA_BRUTA\draco_map.json","10186344"
"C:\IOTEC\NUCLEO_CONSOLIDADO\LABORATORIO\draco_map.json","10186344"
"C:\IOTEC\MINERADORA_BRUTA\reparado_draco_map.json","10186344"
"C:\IOTEC\NUCLEO_CONSOLIDADO\DUPLICADOS\draco_map.json","10186344"
"C:\IOTEC\NUCLEO_CONSOLIDADO\DUPLICADOS\reparado_draco_map.json","10186344"
"C:\IOTEC\TOWER_SIGNAL_REPORTS\TOWER_CONNECTION_REPORT.json","9162235"
"C:\IOTEC\CORE_REPORTS\CORE_CATALOG.json","9133854"
"C:\IOTEC\IOTEC_OFFICIAL_ASSETS.json","8257095"
"C:\IOTEC\IOTEC_EXPERIENCE_ARCHAEOLOGY.json","7987963"
"C:\IOTEC\VISUAL_REPORTS\VISUAL_PROGRAMMING_CATALOG.json","7820390"
"C:\IOTEC\NUCLEO_CONSOLIDADO\LABORATORIO\organizacao_projac.json","6127574"
"C:\IOTEC\MINERADORA_BRUTA\organizacao_projac.json","6127574"
"C:\IOTEC\NUCLEO_CONSOLIDADO\DUPLICADOS\organizacao_projac.json","6127574"
"C:\IOTEC\NUCLEO_CONSOLIDADO\LABORATORIO\auditoria_projac_v2.json","5995221"
"C:\IOTEC\NUCLEO_CONSOLIDADO\DUPLICADOS\auditoria_projac_v2.json","5995221"
"C:\IOTEC\MINERADORA_BRUTA\auditoria_projac_v2.json","5995221"
"C:\IOTEC\NUCLEO_CONSOLIDADO\LABORATORIO\auditoria_regulus_20251201_155731.json","4556228"
"C:\IOTEC\NUCLEO_CONSOLIDADO\LABORATORIO\auditoria_regulus_20251201_155732.json","4556228"
"C:\IOTEC\NUCLEO_CONSOLIDADO\DUPLICADOS\auditoria_regulus_20251201_155731.json","4556228"
"C:\IOTEC\MINERADORA_BRUTA\auditoria_regulus_20251201_155732.json","4556228"
"C:\IOTEC\NUCLEO_CONSOLIDADO\DUPLICADOS\auditoria_regulus_20251201_155732.json","4556228"
"C:\IOTEC\MINERADORA_BRUTA\auditoria_regulus_20251201_155731.json","4556228"
"C:\IOTEC\iotec_kernel.db","4427776"
"C:\IOTEC\NUCLEO_CONSOLIDADO\LABORATORIO\auditoria_regulus_20251126_180505.json","4002473"
"C:\IOTEC\MINERADORA_BRUTA\auditoria_regulus_20251126_180505.json","4002473"
"C:\IOTEC\NUCLEO_CONSOLIDADO\DUPLICADOS\auditoria_regulus_20251126_180505.json","4002473"
"C:\IOTEC\NUCLEO_CONSOLIDADO\DUPLICADOS\_validators.json","3777489"
"C:\IOTEC\NUCLEO_CONSOLIDADO\LABORATORIO\_validators.json","3777489"
"C:\IOTEC\MINERADORA_BRUTA\_validators.json","3777489"
"C:\IOTEC\MISSION_03_MASTER_INVENTORY.json","3651133"
"C:\IOTEC\NUCLEO_CONSOLIDADO\DUPLICADOS\inventario_corporativo.json","3417059"
"C:\IOTEC\NUCLEO_CONSOLIDADO\LABORATORIO\inventario_corporativo.json","3417059"
"C:\IOTEC\INVENTARIO_IMPERIAL\inventario_corporativo.json","3417059"
"C:\IOTEC\IOTEC_EXTERNAL_ASSETS.json","3257896"
"C:\IOTEC\MINERADORA_BRUTA\inventario_nucleo.json","3172182"
"C:\IOTEC\NUCLEO_CONSOLIDADO\LABORATORIO\inventario_nucleo.json","3172182"
"C:\IOTEC\NUCLEO_CONSOLIDADO\DUPLICADOS\inventario_nucleo.json","3172182"
"C:\IOTEC\IOTEC_DISCOVERY\modules.json","2739801"
"C:\IOTEC\MINERADORA_BRUTA\plotly-5.24.1-py312hfc267ef_0.json","2702974"
"C:\IOTEC\NUCLEO_CONSOLIDADO\DUPLICADOS\plotly-5.24.1-py312hfc267ef_0.json","2702974"
"C:\IOTEC\NUCLEO_CONSOLIDADO\LABORATORIO\plotly-5.24.1-py312hfc267ef_0.json","2702974"
"C:\IOTEC\NUCLEO_CONSOLIDADO\DUPLICADOS\auditoria_projac.json","2683644"
"C:\IOTEC\MINERADORA_BRUTA\auditoria_projac.json","2683644"
"C:\IOTEC\NUCLEO_CONSOLIDADO\LABORATORIO\auditoria_projac.json","2683644"
"C:\IOTEC\NUCLEO_CONSOLIDADO\DUPLICADOS\inventario_inteligente.json","2660733"
"C:\IOTEC\NUCLEO_CONSOLIDADO\LABORATORIO\inventario_inteligente.json","2660733"
"C:\IOTEC\INVENTARIO_INTELIGENTE\inventario_inteligente.json","2660733"
"C:\IOTEC\NUCLEO_CONSOLIDADO\LABORATORIO\monetization_report.json","2305037"
"C:\IOTEC\NUCLEO_CONSOLIDADO\DUPLICADOS\monetization_report.json","2305037"
"C:\IOTEC\MINERADORA_BRUTA\monetization_report.json","2305037"
"C:\IOTEC\NUCLEO_CONSOLIDADO\DUPLICADOS\cic_evolucao_log.json","1987799"
"C:\IOTEC\NUCLEO_CONSOLIDADO\LABORATORIO\cic_evolucao_log.json","1987799"
"C:\IOTEC\MINERADORA_BRUTA\cic_evolucao_log.json","1987799"
"C:\IOTEC\NUCLEO_CONSOLIDADO\DUPLICADOS\reparado_cic_evolucao_log.json","1893143"
"C:\IOTEC\NUCLEO_CONSOLIDADO\LABORATORIO\reparado_cic_evolucao_log.json","1893143"
"C:\IOTEC\MINERADORA_BRUTA\reparado_cic_evolucao_log.json","1893143"
"C:\IOTEC\NUCLEO_CONSOLIDADO\DUPLICADOS\vega-lite-schema.json","1879221"
"C:\IOTEC\NUCLEO_CONSOLIDADO\LABORATORIO\vega-lite-schema.json","1879221"
"C:\IOTEC\MINERADORA_BRUTA\vega-lite-schema.json","1879221"
"C:\IOTEC\BUSINESS_MASTER_RESERVOIR.json","1847931"
"C:\IOTEC\NUCLEO_CONSOLIDADO\DUPLICADOS\mapa_arquitetonico.json","1837931"
"C:\IOTEC\NUCLEO_CONSOLIDADO\DUPLICADOS\reparado_mapa_arquitetonico.json","1837931"
"C:\IOTEC\MINERADORA_BRUTA\reparado_mapa_arquitetonico.json","1837931"
"C:\IOTEC\MINERADORA_BRUTA\mapa_arquitetonico.json","1837931"
"C:\IOTEC\NUCLEO_CONSOLIDADO\LABORATORIO\mapa_arquitetonico.json","1837931"
"C:\IOTEC\NUCLEO_CONSOLIDADO\LABORATORIO\manifesto_fachada.json","1574652"
"C:\IOTEC\NUCLEO_CONSOLIDADO\DUPLICADOS\manifesto_fachada.json","1574652"
"C:\IOTEC\MINERADORA_BRUTA\manifesto_fachada.json","1574652"
"C:\IOTEC\IOTEC_DEPENDENCY_GRAPH.json","1468109"
"C:\IOTEC\NUCLEO_CONSOLIDADO\DUPLICADOS\detected_entrypoints.json","1399645"
"C:\IOTEC\NUCLEO_CONSOLIDADO\LABORATORIO\detected_entrypoints.json","1399645"
"C:\IOTEC\MINERADORA_BRUTA\detected_entrypoints.json","1399645"
"C:\IOTEC\NUCLEO_CONSOLIDADO\DUPLICADOS\python-3.9.21-h8205438_1.json","1301862"
"C:\IOTEC\NUCLEO_CONSOLIDADO\LABORATORIO\python-3.9.21-h8205438_1.json","1301862"
"C:\IOTEC\MINERADORA_BRUTA\python-3.9.21-h8205438_1.json","1301862"
"C:\IOTEC\NUCLEO_CONSOLIDADO\DUPLICADOS\reparado_cic_log.json","1084832"
"C:\IOTEC\NUCLEO_CONSOLIDADO\LABORATORIO\reparado_cic_log.json","1084832"
"C:\IOTEC\MINERADORA_BRUTA\reparado_cic_log.json","1084832"
"C:\IOTEC\IOTEC_FUEL_REPORT.json","1073364"
"C:\IOTEC\MINERADORA_BRUTA\libboost-1.82.0-h3399ecb_2.json","1039629"
"C:\IOTEC\NUCLEO_CONSOLIDADO\DUPLICADOS\cic_log.json","915407"
"C:\IOTEC\NUCLEO_CONSOLIDADO\LABORATORIO\cic_log.json","915407"
"C:\IOTEC\MINERADORA_BRUTA\cic_log.json","915407"
"C:\IOTEC\NUCLEO_CONSOLIDADO\DUPLICADOS\manifesto_injecao_2026-03-31_10-50-09.json","852872"
"C:\IOTEC\MINERADORA_BRUTA\manifesto_injecao_2026-03-31_10-50-09.json","852872"
"C:\IOTEC\NUCLEO_CONSOLIDADO\LABORATORIO\manifesto_injecao_2026-03-31_10-50-09.json","852872"
"C:\IOTEC\MINERADORA_BRUTA\metadata.json","825970"
"C:\IOTEC\NUCLEO_CONSOLIDADO\DUPLICADOS\metadata.json","825970"
"C:\IOTEC\NUCLEO_CONSOLIDADO\LABORATORIO\metadata.json","825970"
"C:\IOTEC\REVENUE_DISCOVERY_REPORT.json","754718"
"C:\IOTEC\ECONOMIC_AUDIT_REPORT.json","682635"
"C:\IOTEC\NUCLEO_CONSOLIDADO\LABORATORIO\qt-main-5.15.2-h19c9488_10.json","678711"
"C:\IOTEC\MINERADORA_BRUTA\qt-main-5.15.2-h19c9488_10.json","678711"
"C:\IOTEC\NUCLEO_CONSOLIDADO\DUPLICADOS\qt-main-5.15.2-h19c9488_10.json","678711"
"C:\IOTEC\iotec_governanca.json","650407"
"C:\IOTEC\iotec_mapa_arquitetural.json","650127"
"C:\IOTEC\sonda_relatorio.json","650082"
"C:\IOTEC\NUCLEO_CONSOLIDADO\LABORATORIO\hub_interfaces.json","624920"
"C:\IOTEC\NUCLEO_CONSOLIDADO\DUPLICADOS\hub_interfaces.json","624920"
"C:\IOTEC\MINERADORA_BRUTA\hub_interfaces.json","624920"
"C:\IOTEC\REAL_TIME_TOWER.json","588831"
"C:\IOTEC\IOTEC_EXTERNAL_ACQUISITION_REPORT.json","582743"
"C:\IOTEC\IBEX_OUTPUT\ibex_results.json","542539"
"C:\IOTEC\IOTEC_ACADEMIC_REVIEW.json","491256"
"C:\IOTEC\IOTEC_DEPENDENCY_REPORT.json","486274"
"C:\IOTEC\IOTEC_FLOW_DISCOVERY_REPORT.json","478103"
"C:\IOTEC\vite-project\node_modules\typescript\lib\ru\diagnosticMessages.generated.json","444708"
"C:\IOTEC\vite-project\node_modules\typescript\lib\ja\diagnosticMessages.generated.json","383553"
"C:\IOTEC\NUCLEO_CONSOLIDADO\DUPLICADOS\setuptools-78.1.1-py39haa95532_0.json","374199"
"C:\IOTEC\NUCLEO_CONSOLIDADO\LABORATORIO\setuptools-78.1.1-py39haa95532_0.json","374199"
"C:\IOTEC\MINERADORA_BRUTA\setuptools-78.1.1-py39haa95532_0.json","374199"
"C:\IOTEC\IOTEC_ALGORITHM_REVIEW.json","350436"
"C:\IOTEC\vite-project\node_modules\typescript\lib\ko\diagnosticMessages.generated.json","347991"
"C:\IOTEC\vite-project\node_modules\typescript\lib\fr\diagnosticMessages.generated.json","347990"
"C:\IOTEC\vite-project\node_modules\typescript\lib\de\diagnosticMessages.generated.json","345510"
"C:\IOTEC\vite-project\node_modules\typescript\lib\pl\diagnosticMessages.generated.json","343981"
"C:\IOTEC\vite-project\node_modules\typescript\lib\es\diagnosticMessages.generated.json","341947"
"C:\IOTEC\vite-project\node_modules\typescript\lib\it\diagnosticMessages.generated.json","340423"
"C:\IOTEC\NUCLEO_CONSOLIDADO\LABORATORIO\protocolo_portas_ecossistema_20260331_194207.json","333349"
"C:\IOTEC\NUCLEO_CONSOLIDADO\DUPLICADOS\protocolo_portas_ecossistema_20260331_194207.json","333349"
"C:\IOTEC\MINERADORA_BRUTA\protocolo_portas_ecossistema_20260331_194207.json","333349"
"C:\IOTEC\vite-project\node_modules\typescript\lib\tr\diagnosticMessages.generated.json","332492"
"C:\IOTEC\vite-project\node_modules\typescript\lib\pt-br\diagnosticMessages.generated.json","332413"
"C:\IOTEC\vite-project\node_modules\typescript\lib\cs\diagnosticMessages.generated.json","322179"
"C:\IOTEC\NUCLEO_CONSOLIDADO\LABORATORIO\RELATORIO_PORTAIS_RENDER.json","305602"
"C:\IOTEC\MINERADORA_BRUTA\RELATORIO_PORTAIS_RENDER.json","305602"
"C:\IOTEC\NUCLEO_CONSOLIDADO\DUPLICADOS\RELATORIO_PORTAIS_RENDER.json","305602"
"C:\IOTEC\vite-project\node_modules\typescript\lib\zh-cn\diagnosticMessages.generated.json","297608"
"C:\IOTEC\vite-project\node_modules\typescript\lib\zh-tw\diagnosticMessages.generated.json","293400"
"C:\IOTEC\MINERADORA_BRUTA\pip-25.1-pyhc872135_2.json","267792"
"C:\IOTEC\NUCLEO_CONSOLIDADO\DUPLICADOS\pip-25.1-pyhc872135_2.json","267792"
"C:\IOTEC\NUCLEO_CONSOLIDADO\LABORATORIO\pip-25.1-pyhc872135_2.json","267792"
"C:\IOTEC\LOTS\AUDIT.json","254622"
"C:\IOTEC\NUCLEO_CONSOLIDADO\DUPLICADOS\produtos_normalizados.json","232537"
"C:\IOTEC\NUCLEO_CONSOLIDADO\LABORATORIO\produtos_normalizados.json","232537"
"C:\IOTEC\MINERADORA_BRUTA\produtos_normalizados.json","232537"
"C:\IOTEC\NUCLEO_CONSOLIDADO\DUPLICADOS\pandas-2.2.2-py312h0158946_0.json","230809"
"C:\IOTEC\NUCLEO_CONSOLIDADO\LABORATORIO\pandas-2.2.2-py312h0158946_0.json","230809"
"C:\IOTEC\MINERADORA_BRUTA\pandas-2.2.2-py312h0158946_0.json","230809"
"C:\IOTEC\NUCLEO_CONSOLIDADO\DUPLICADOS\sympy-1.13.2-py312haa95532_0.json","227875"
"C:\IOTEC\NUCLEO_CONSOLIDADO\LABORATORIO\sympy-1.13.2-py312haa95532_0.json","227875"
"C:\IOTEC\MINERADORA_BRUTA\sympy-1.13.2-py312haa95532_0.json","227875"
"C:\IOTEC\NUCLEO_CONSOLIDADO\LABORATORIO\CATALOGO_SUGERIDO.json","220641"
"C:\IOTEC\NUCLEO_CONSOLIDADO\DUPLICADOS\CATALOGO_SUGERIDO.json","220641"
"C:\IOTEC\MINERADORA_BRUTA\CATALOGO_SUGERIDO.json","220641"
"C:\IOTEC\MINERADORA_BRUTA\regulus_base_conhecimento.json","219891"
"C:\IOTEC\NUCLEO_CONSOLIDADO\DUPLICADOS\regulus_base_conhecimento.json","219891"
"C:\IOTEC\NUCLEO_CONSOLIDADO\LABORATORIO\regulus_base_conhecimento.json","219891"
"C:\IOTEC\NUCLEO_CONSOLIDADO\DUPLICADOS\tzdata-2025b-h04d1e81_0.json","212281"
"C:\IOTEC\NUCLEO_CONSOLIDADO\LABORATORIO\tzdata-2025b-h04d1e81_0.json","212281"
"C:\IOTEC\MINERADORA_BRUTA\tzdata-2025b-h04d1e81_0.json","212281"
"C:\IOTEC\MINERADORA_BRUTA\spyder-5.5.1-py312haa95532_4.json","210563"
"C:\IOTEC\NUCLEO_CONSOLIDADO\LABORATORIO\spyder-5.5.1-py312haa95532_4.json","210563"
"C:\IOTEC\NUCLEO_CONSOLIDADO\DUPLICADOS\spyder-5.5.1-py312haa95532_4.json","210563"
"C:\IOTEC\MINERADORA_BRUTA\RELATORIO_NUCLEO_PRO.json","209425"
"C:\IOTEC\NUCLEO_CONSOLIDADO\DUPLICADOS\RELATORIO_NUCLEO_PRO.json","209425"
"C:\IOTEC\NUCLEO_CONSOLIDADO\LABORATORIO\RELATORIO_NUCLEO_PRO.json","209425"
"C:\IOTEC\MINERADORA_BRUTA\reparado_relatorio_judice_trovao.json","203168"
"C:\IOTEC\NUCLEO_CONSOLIDADO\LABORATORIO\relatorio_judice_trovao.json","203168"
"C:\IOTEC\NUCLEO_CONSOLIDADO\DUPLICADOS\reparado_relatorio_judice_trovao.json","203168"
"C:\IOTEC\NUCLEO_CONSOLIDADO\DUPLICADOS\relatorio_judice_trovao.json","203168"
"C:\IOTEC\MINERADORA_BRUTA\relatorio_judice_trovao.json","203168"
"C:\IOTEC\NUCLEO_CONSOLIDADO\LABORATORIO\20260418_095436_completed_miner.json","200527"
"C:\IOTEC\state\snapshots\20260418_095436_completed_miner.json","200527"
"C:\IOTEC\NUCLEO_CONSOLIDADO\LABORATORIO\20260418_102542_completed_miner.json","198603"
"C:\IOTEC\state\snapshots\20260418_102542_completed_miner.json","198603"
"C:\IOTEC\IOTEC_CONTROL_REPORT.json","198365"
"C:\IOTEC\NUCLEO_CONSOLIDADO\LABORATORIO\statsmodels-0.14.2-py312h4b0e54e_0.json","196362"
"C:\IOTEC\NUCLEO_CONSOLIDADO\DUPLICADOS\statsmodels-0.14.2-py312h4b0e54e_0.json","196362"
"C:\IOTEC\MINERADORA_BRUTA\statsmodels-0.14.2-py312h4b0e54e_0.json","196362"
"C:\IOTEC\IOTEC_PRODUCT_CATALOG.json","194440"
"C:\IOTEC\MINERADORA_BRUTA\complexo_global.json","189792"
"C:\IOTEC\NUCLEO_CONSOLIDADO\LABORATORIO\complexo_global.json","189792"
"C:\IOTEC\NUCLEO_CONSOLIDADO\DUPLICADOS\complexo_global.json","189792"
"C:\IOTEC\MINERADORA_BRUTA\reparado_nucleo_guardiao_log.json","189627"
"C:\IOTEC\NUCLEO_CONSOLIDADO\LABORATORIO\reparado_nucleo_guardiao_log.json","189627"
"C:\IOTEC\NUCLEO_CONSOLIDADO\DUPLICADOS\reparado_nucleo_guardiao_log.json","189627"
"C:\IOTEC\MINERADORA_BRUTA\reparado_complexo_global.json","187292"
"C:\IOTEC\NUCLEO_CONSOLIDADO\DUPLICADOS\reparado_complexo_global.json","187292"
"C:\IOTEC\NUCLEO_CONSOLIDADO\LABORATORIO\reparado_complexo_global.json","187292"
"C:\IOTEC\REAL_SYSTEM\node_modules\mime-db\db.json","185882"
"C:\IOTEC\IOTEC_UNIFIED_BRAIN_REPORT.json","181816"
"C:\IOTEC\MINERADORA_BRUTA\ENDOSCOPIA_PROFUNDA.json","175316"
"C:\IOTEC\NUCLEO_CONSOLIDADO\LABORATORIO\ENDOSCOPIA_PROFUNDA.json","175316"
"C:\IOTEC\NUCLEO_CONSOLIDADO\DUPLICADOS\ENDOSCOPIA_PROFUNDA.json","175316"
"C:\IOTEC\IOTEC_SYSTEM_MAP.json","174980"
"C:\IOTEC\IOTEC_MISSION_QUEUE.json","172781"
"C:\IOTEC\NUCLEO_CONSOLIDADO\LABORATORIO\jedi-0.19.1-py312haa95532_0.json","171639"
"C:\IOTEC\NUCLEO_CONSOLIDADO\DUPLICADOS\jedi-0.19.1-py312haa95532_0.json","171639"
"C:\IOTEC\MINERADORA_BRUTA\jedi-0.19.1-py312haa95532_0.json","171639"
"C:\IOTEC\NUCLEO_CONSOLIDADO\DUPLICADOS\astropy-6.1.3-py312h827c3e9_0.json","167482"
"C:\IOTEC\NUCLEO_CONSOLIDADO\LABORATORIO\astropy-6.1.3-py312h827c3e9_0.json","167482"
"C:\IOTEC\MINERADORA_BRUTA\astropy-6.1.3-py312h827c3e9_0.json","167482"
"C:\IOTEC\NUCLEO_CONSOLIDADO\DUPLICADOS\catalogo_comercial_2026-03-29_22-39-43.json","166985"
"C:\IOTEC\MINERADORA_BRUTA\catalogo_comercial_2026-03-29_22-39-43.json","166985"
"C:\IOTEC\NUCLEO_CONSOLIDADO\LABORATORIO\catalogo_comercial_2026-03-29_22-39-43.json","166985"
"C:\IOTEC\NUCLEO_CONSOLIDADO\LABORATORIO\scipy-1.13.1-py312hbb039d4_0.json","165310"
"C:\IOTEC\MINERADORA_BRUTA\scipy-1.13.1-py312hbb039d4_0.json","165310"
"C:\IOTEC\NUCLEO_CONSOLIDADO\DUPLICADOS\scipy-1.13.1-py312hbb039d4_0.json","165310"
"C:\IOTEC\NUCLEO_CONSOLIDADO\LABORATORIO\nucleo_guardiao_log.json","164456"
"C:\IOTEC\MINERADORA_BRUTA\nucleo_guardiao_log.json","164456"
"C:\IOTEC\NUCLEO_CONSOLIDADO\DUPLICADOS\nucleo_guardiao_log.json","164456"
"C:\IOTEC\MINERADORA_BRUTA\autopsia_profunda.json","163897"
"C:\IOTEC\NUCLEO_CONSOLIDADO\DUPLICADOS\autopsia_profunda.json","163897"
"C:\IOTEC\NUCLEO_CONSOLIDADO\LABORATORIO\autopsia_profunda.json","163897"
"C:\IOTEC\MINERADORA_BRUTA\IOTEC_ENCADERNADO.json","161670"
"C:\IOTEC\NUCLEO_CONSOLIDADO\DUPLICADOS\IOTEC_ENCADERNADO.json","161670"
"C:\IOTEC\NUCLEO_CONSOLIDADO\LABORATORIO\IOTEC_ENCADERNADO.json","161670"
"C:\IOTEC\MINERADORA_BRUTA\candidatos_publicacao.json","159517"
"C:\IOTEC\NUCLEO_CONSOLIDADO\LABORATORIO\candidatos_publicacao.json","159517"
"C:\IOTEC\NUCLEO_CONSOLIDADO\DUPLICADOS\candidatos_publicacao.json","159517"
"C:\IOTEC\iotec.db","155648"
"C:\IOTEC\MINERADORA_BRUTA\regulus_passive_revenue_report_1766410452.json","153333"
"C:\IOTEC\NUCLEO_CONSOLIDADO\LABORATORIO\regulus_passive_revenue_report_1766410452.json","153333"
"C:\IOTEC\NUCLEO_CONSOLIDADO\DUPLICADOS\regulus_passive_revenue_report_1766410452.json","153333"
"C:\IOTEC\iotec_core_report.json","150442"
"C:\IOTEC\NUCLEO_CONSOLIDADO\LABORATORIO\botocore-1.34.69-py312haa95532_0.json","144655"
"C:\IOTEC\NUCLEO_CONSOLIDADO\DUPLICADOS\botocore-1.34.69-py312haa95532_0.json","144655"
"C:\IOTEC\MINERADORA_BRUTA\botocore-1.34.69-py312haa95532_0.json","144655"
"C:\IOTEC\NUCLEO_CONSOLIDADO\LABORATORIO\ESTOQUE_PRODUTOS.json","141380"
"C:\IOTEC\NUCLEO_CONSOLIDADO\DUPLICADOS\ESTOQUE_PRODUTOS.json","141380"
"C:\IOTEC\MINERADORA_BRUTA\ESTOQUE_PRODUTOS.json","141380"
"C:\IOTEC\NUCLEO_CONSOLIDADO\LABORATORIO\panel-1.5.2-py312haa95532_0.json","137864"
"C:\IOTEC\NUCLEO_CONSOLIDADO\DUPLICADOS\panel-1.5.2-py312haa95532_0.json","137864"
"C:\IOTEC\MINERADORA_BRUTA\panel-1.5.2-py312haa95532_0.json","137864"
"C:\IOTEC\NUCLEO_CONSOLIDADO\DUPLICADOS\IOTEC_PRODUTOS.json","135244"
"C:\IOTEC\NUCLEO_CONSOLIDADO\LABORATORIO\IOTEC_PRODUTOS.json","135244"
"C:\IOTEC\MINERADORA_BRUTA\IOTEC_PRODUTOS.json","135244"
"C:\IOTEC\MINERADORA_BRUTA\autopsia_nucleo.json","132409"
"C:\IOTEC\NUCLEO_CONSOLIDADO\DUPLICADOS\autopsia_nucleo.json","132409"
"C:\IOTEC\NUCLEO_CONSOLIDADO\LABORATORIO\autopsia_nucleo.json","132409"
"C:\IOTEC\STRATEGIC_CATALOG_REPORT.json","128902"
"C:\IOTEC\COMMAND_TOWER_REPORT.json","124508"
"C:\IOTEC\MINERADORA_BRUTA\twisted-23.10.0-py312haa95532_0.json","121889"
"C:\IOTEC\NUCLEO_CONSOLIDADO\DUPLICADOS\twisted-23.10.0-py312haa95532_0.json","121889"
"C:\IOTEC\NUCLEO_CONSOLIDADO\LABORATORIO\twisted-23.10.0-py312haa95532_0.json","121889"
"C:\IOTEC\MINERADORA_BRUTA\quebrados_nucleo.json","119032"
"C:\IOTEC\NUCLEO_CONSOLIDADO\DUPLICADOS\quebrados_nucleo.json","119032"
"C:\IOTEC\NUCLEO_CONSOLIDADO\LABORATORIO\quebrados_nucleo.json","119032"
"C:\IOTEC\NUCLEO_CONSOLIDADO\DUPLICADOS\bokeh-3.6.0-py312haa95532_0.json","118631"
"C:\IOTEC\MINERADORA_BRUTA\bokeh-3.6.0-py312haa95532_0.json","118631"
"C:\IOTEC\NUCLEO_CONSOLIDADO\LABORATORIO\bokeh-3.6.0-py312haa95532_0.json","118631"
"C:\IOTEC\IOTEC_TERRITORIAL_MISSIONS.json","118573"
"C:\IOTEC\MINERADORA_BRUTA\libabseil-20240116.2-cxx17_h5da7b33_0.json","117470"
"C:\IOTEC\NUCLEO_CONSOLIDADO\LABORATORIO\scikit-learn-1.5.1-py312h0158946_0.json","117399"
"C:\IOTEC\MINERADORA_BRUTA\scikit-learn-1.5.1-py312h0158946_0.json","117399"
"C:\IOTEC\NUCLEO_CONSOLIDADO\DUPLICADOS\scikit-learn-1.5.1-py312h0158946_0.json","117399"
"C:\IOTEC\NUCLEO_CONSOLIDADO\LABORATORIO\issue.json","117105"
"C:\IOTEC\MINERADORA_BRUTA\issue.json","117105"
"C:\IOTEC\NUCLEO_CONSOLIDADO\DUPLICADOS\issue.json","117105"
"C:\IOTEC\NUCLEO_CONSOLIDADO\DUPLICADOS\fontlist-v390.json","111246"
"C:\IOTEC\MINERADORA_BRUTA\fontlist-v390.json","111246"
"C:\IOTEC\NUCLEO_CONSOLIDADO\LABORATORIO\fontlist-v390.json","111246"
"C:\IOTEC\CAPABILITY_MAP.json","110961"
"C:\IOTEC\NUCLEO_CONSOLIDADO\LABORATORIO\RELATORIO_ACOPLAMENTO_NUCLEO.json","109572"
"C:\IOTEC\NUCLEO_CONSOLIDADO\DUPLICADOS\RELATORIO_ACOPLAMENTO_NUCLEO.json","109572"
"C:\IOTEC\MINERADORA_BRUTA\RELATORIO_ACOPLAMENTO_NUCLEO.json","109572"
"C:\IOTEC\NUCLEO_CONSOLIDADO\DUPLICADOS\numba-0.60.0-py312h0158946_0.json","107290"
"C:\IOTEC\MINERADORA_BRUTA\numba-0.60.0-py312h0158946_0.json","107290"
"C:\IOTEC\NUCLEO_CONSOLIDADO\LABORATORIO\numba-0.60.0-py312h0158946_0.json","107290"
"C:\IOTEC\NUCLEO_CONSOLIDADO\DUPLICADOS\top_ativos_nucleo.json","105720"
"C:\IOTEC\MINERADORA_BRUTA\top_ativos_nucleo.json","105720"
"C:\IOTEC\NUCLEO_CONSOLIDADO\LABORATORIO\top_ativos_nucleo.json","105720"
"C:\IOTEC\MINERADORA_BRUTA\TOMOGRAFIA_ARQUITETURAL.json","104395"
"C:\IOTEC\NUCLEO_CONSOLIDADO\DUPLICADOS\TOMOGRAFIA_ARQUITETURAL.json","104395"
"C:\IOTEC\NUCLEO_CONSOLIDADO\LABORATORIO\TOMOGRAFIA_ARQUITETURAL.json","104395"
"C:\IOTEC\black-diamond\node_modules\globals\globals.json","102706"
"C:\IOTEC\NUCLEO_CONSOLIDADO\DUPLICADOS\mypy-1.11.2-py312h827c3e9_0.json","98839"
"C:\IOTEC\NUCLEO_CONSOLIDADO\LABORATORIO\mypy-1.11.2-py312h827c3e9_0.json","98839"
"C:\IOTEC\MINERADORA_BRUTA\mypy-1.11.2-py312h827c3e9_0.json","98839"
"C:\IOTEC\black-diamond\package-lock.json","97296"
"C:\IOTEC\NUCLEO_CONSOLIDADO\LABORATORIO\networkx-3.3-py312haa95532_0.json","94458"
"C:\IOTEC\MINERADORA_BRUTA\networkx-3.3-py312haa95532_0.json","94458"
"C:\IOTEC\NUCLEO_CONSOLIDADO\DUPLICADOS\networkx-3.3-py312haa95532_0.json","94458"
"C:\IOTEC\NUCLEO_CONSOLIDADO\DUPLICADOS\INVESTIGACAO_PORTAL_BONITO.json","92735"
"C:\IOTEC\MINERADORA_BRUTA\INVESTIGACAO_PORTAL_BONITO.json","92735"
"C:\IOTEC\NUCLEO_CONSOLIDADO\LABORATORIO\INVESTIGACAO_PORTAL_BONITO.json","92735"
"C:\IOTEC\state\miner\miner_output.json","89901"
"C:\IOTEC\NUCLEO_CONSOLIDADO\LABORATORIO\miner_output.json","89901"
"C:\IOTEC\MINERADORA_BRUTA\libpq-12.17-h906ac69_0.json","88140"
"C:\IOTEC\NUCLEO_CONSOLIDADO\LABORATORIO\CONSTRUTORES_INTERNOS.json","86773"
"C:\IOTEC\NUCLEO_CONSOLIDADO\DUPLICADOS\CONSTRUTORES_INTERNOS.json","86773"
"C:\IOTEC\MINERADORA_BRUTA\CONSTRUTORES_INTERNOS.json","86773"
"C:\IOTEC\MINERADORA_BRUTA\numpy-base-1.26.4-py312h4dde369_0.json","85158"
"C:\IOTEC\NUCLEO_CONSOLIDADO\DUPLICADOS\numpy-base-1.26.4-py312h4dde369_0.json","85158"
"C:\IOTEC\NUCLEO_CONSOLIDADO\LABORATORIO\numpy-base-1.26.4-py312h4dde369_0.json","85158"
"C:\IOTEC\NUCLEO_CONSOLIDADO\LABORATORIO\python-3.12.7-h14ffc60_0.json","84707"
"C:\IOTEC\NUCLEO_CONSOLIDADO\DUPLICADOS\python-3.12.7-h14ffc60_0.json","84707"
"C:\IOTEC\MINERADORA_BRUTA\python-3.12.7-h14ffc60_0.json","84707"
"C:\IOTEC\IOTEC_SYSTEM_AUDIT_REPORT.json","83845"
"C:\IOTEC\NUCLEO_CONSOLIDADO\LABORATORIO\mapa_estrategico.json","83664"
"C:\IOTEC\VISUALIZADOR_ESTRATEGICO\mapa_estrategico.json","83664"
"C:\IOTEC\NUCLEO_CONSOLIDADO\LABORATORIO\holoviews-1.19.1-py312haa95532_0.json","82979"
"C:\IOTEC\NUCLEO_CONSOLIDADO\DUPLICADOS\holoviews-1.19.1-py312haa95532_0.json","82979"
"C:\IOTEC\MINERADORA_BRUTA\holoviews-1.19.1-py312haa95532_0.json","82979"
"C:\IOTEC\NUCLEO_CONSOLIDADO\DUPLICADOS\microarchitectures.json","81400"
"C:\IOTEC\NUCLEO_CONSOLIDADO\LABORATORIO\microarchitectures.json","81400"
"C:\IOTEC\MINERADORA_BRUTA\microarchitectures.json","81400"
"C:\IOTEC\NUCLEO_CONSOLIDADO\DUPLICADOS\autopsia_nucleo_20260331_184834.json","80357"
"C:\IOTEC\MINERADORA_BRUTA\autopsia_nucleo_20260331_184834.json","80357"
"C:\IOTEC\NUCLEO_CONSOLIDADO\LABORATORIO\autopsia_nucleo_20260331_184834.json","80357"
"C:\IOTEC\black-diamond\node_modules\.package-lock.json","75502"
"C:\IOTEC\REVENUE_INTELLIGENCE_MAP.json","75362"
"C:\IOTEC\MINERADORA_BRUTA\setuptools-75.1.0-py312haa95532_0.json","74807"
"C:\IOTEC\NUCLEO_CONSOLIDADO\LABORATORIO\setuptools-75.1.0-py312haa95532_0.json","74807"
"C:\IOTEC\NUCLEO_CONSOLIDADO\DUPLICADOS\setuptools-75.1.0-py312haa95532_0.json","74807"
"C:\IOTEC\MINERADORA_BRUTA\pywin32-305-py312h2bbff1b_0.json","73494"
"C:\IOTEC\NUCLEO_CONSOLIDADO\DUPLICADOS\pywin32-305-py312h2bbff1b_0.json","73494"
"C:\IOTEC\NUCLEO_CONSOLIDADO\LABORATORIO\pywin32-305-py312h2bbff1b_0.json","73494"
"C:\IOTEC\IOTEC_ARCHITECTURE_REPORT.json","71885"
"C:\IOTEC\NUCLEO_CONSOLIDADO\LABORATORIO\aws-sdk-cpp-1.10.55-hd77b12b_0.json","70208"
"C:\IOTEC\MINERADORA_BRUTA\aws-sdk-cpp-1.10.55-hd77b12b_0.json","70208"
"C:\IOTEC\NUCLEO_CONSOLIDADO\DUPLICADOS\aws-sdk-cpp-1.10.55-hd77b12b_0.json","70208"
"C:\IOTEC\IOTEC_REAL_CONNECTIVITY_REPORT.json","69770"
"C:\IOTEC\NUCLEO_CONSOLIDADO\DUPLICADOS\complexo_continuo.json","69587"
"C:\IOTEC\MINERADORA_BRUTA\complexo_continuo.json","69587"
"C:\IOTEC\NUCLEO_CONSOLIDADO\LABORATORIO\complexo_continuo.json","69587"
"C:\IOTEC\NUCLEO_CONSOLIDADO\DUPLICADOS\jupyterlab-4.2.5-py312haa95532_0.json","69499"
"C:\IOTEC\NUCLEO_CONSOLIDADO\LABORATORIO\jupyterlab-4.2.5-py312haa95532_0.json","69499"
"C:\IOTEC\MINERADORA_BRUTA\jupyterlab-4.2.5-py312haa95532_0.json","69499"
"C:\IOTEC\IOTEC_BUSINESS_DATA_REPORT.json","67882"
"C:\IOTEC\NUCLEO_CONSOLIDADO\LABORATORIO\reparado_complexo_continuo.json","67595"
"C:\IOTEC\MINERADORA_BRUTA\reparado_complexo_continuo.json","67595"
"C:\IOTEC\NUCLEO_CONSOLIDADO\DUPLICADOS\reparado_complexo_continuo.json","67595"
"C:\IOTEC\NUCLEO_CONSOLIDADO\DUPLICADOS\auditoria_report.json","67052"
"C:\IOTEC\NUCLEO_CONSOLIDADO\LABORATORIO\auditoria_report.json","67052"
"C:\IOTEC\MINERADORA_BRUTA\auditoria_report.json","67052"
"C:\IOTEC\NUCLEO_CONSOLIDADO\LABORATORIO\pyqt-5.15.10-py312hd77b12b_0.json","66657"
"C:\IOTEC\MINERADORA_BRUTA\pyqt-5.15.10-py312hd77b12b_0.json","66657"
"C:\IOTEC\NUCLEO_CONSOLIDADO\DUPLICADOS\pyqt-5.15.10-py312hd77b12b_0.json","66657"
"C:\IOTEC\NUCLEO_CONSOLIDADO\LABORATORIO\asset_catalog.json","66559"
"C:\IOTEC\state\miner\catalog\asset_catalog.json","66559"
"C:\IOTEC\MINERADORA_BRUTA\NUCLEO_CORPO_PROJETO.json","65566"
"C:\IOTEC\NUCLEO_CONSOLIDADO\DUPLICADOS\NUCLEO_CORPO_PROJETO.json","65566"
"C:\IOTEC\NUCLEO_CONSOLIDADO\LABORATORIO\NUCLEO_CORPO_PROJETO.json","65566"
"C:\IOTEC\IOTEC_PROJECT_RANKING.json","65415"
"C:\IOTEC\NUCLEO_CONSOLIDADO\LABORATORIO\scikit-image-0.24.0-py312h0158946_0.json","65265"
"C:\IOTEC\MINERADORA_BRUTA\scikit-image-0.24.0-py312h0158946_0.json","65265"
"C:\IOTEC\NUCLEO_CONSOLIDADO\DUPLICADOS\scikit-image-0.24.0-py312h0158946_0.json","65265"
"C:\IOTEC\state\snapshots\20260418_095436_dispatch_corporate.json","65048"
"C:\IOTEC\NUCLEO_CONSOLIDADO\LABORATORIO\20260418_095436_dispatch_corporate.json","65048"
"C:\IOTEC\NUCLEO_CONSOLIDADO\LABORATORIO\20260418_095437_dispatch_visual.json","65040"
"C:\IOTEC\state\snapshots\20260418_095437_dispatch_visual.json","65040"
"C:\IOTEC\NUCLEO_CONSOLIDADO\LABORATORIO\streamlit-1.37.1-py312haa95532_0.json","64792"
"C:\IOTEC\NUCLEO_CONSOLIDADO\DUPLICADOS\streamlit-1.37.1-py312haa95532_0.json","64792"
"C:\IOTEC\MINERADORA_BRUTA\streamlit-1.37.1-py312haa95532_0.json","64792"
"C:\IOTEC\state\snapshots\20260418_102542_dispatch_corporate.json","64400"
"C:\IOTEC\NUCLEO_CONSOLIDADO\LABORATORIO\20260418_102542_dispatch_corporate.json","64400"
"C:\IOTEC\state\snapshots\20260418_102542_dispatch_visual.json","64392"
"C:\IOTEC\NUCLEO_CONSOLIDADO\LABORATORIO\20260418_102542_dispatch_visual.json","64392"
"C:\IOTEC\core\eventos.json","63553"
"C:\IOTEC\REAL_BUSINESS_RESERVOIR.json","63515"
"C:\IOTEC\MINERADORA_BRUTA\history.json","63363"
"C:\IOTEC\NUCLEO_CONSOLIDADO\DUPLICADOS\history.json","63363"
"C:\IOTEC\NUCLEO_CONSOLIDADO\LABORATORIO\history.json","63363"
"C:\IOTEC\NUCLEO_CONSOLIDADO\LABORATORIO\pip-24.2-py312haa95532_0.json","61683"
"C:\IOTEC\MINERADORA_BRUTA\pip-24.2-py312haa95532_0.json","61683"
"C:\IOTEC\NUCLEO_CONSOLIDADO\DUPLICADOS\pip-24.2-py312haa95532_0.json","61683"
"C:\IOTEC\MINERADORA_BRUTA\matplotlib-base-3.9.2-py312hbdc63d0_0.json","61460"
"C:\IOTEC\NUCLEO_CONSOLIDADO\LABORATORIO\openssl-3.0.16-h3f729d1_0.json","59639"
"C:\IOTEC\MINERADORA_BRUTA\openssl-3.0.16-h3f729d1_0.json","59639"
"C:\IOTEC\NUCLEO_CONSOLIDADO\DUPLICADOS\openssl-3.0.16-h3f729d1_0.json","59639"
"C:\IOTEC\NUCLEO_CONSOLIDADO\LABORATORIO\asset_ranking.json","56187"
"C:\IOTEC\state\miner\ranking\asset_ranking.json","56187"
"C:\IOTEC\MINERADORA_BRUTA\anaconda-navigator-2.6.3-py312haa95532_0.json","54858"
"C:\IOTEC\RELATORIO_ARQUEOLOGIA_NUCLEO.json","54598"
"C:\IOTEC\REVENUE_READINESS_REPORT.json","54574"
"C:\IOTEC\node_modules\node-releases\data\processed\envs.json","53646"
"C:\IOTEC\black-diamond\node_modules\node-releases\data\processed\envs.json","53646"
"C:\IOTEC\NUCLEO_CONSOLIDADO\DUPLICADOS\manifest.json","53101"
"C:\IOTEC\MINERADORA_BRUTA\manifest.json","53101"
"C:\IOTEC\NUCLEO_CONSOLIDADO\DUPLICADOS\debugpy-1.6.7-py312hd77b12b_0.json","52967"
"C:\IOTEC\MINERADORA_BRUTA\debugpy-1.6.7-py312hd77b12b_0.json","52967"
"C:\IOTEC\NUCLEO_CONSOLIDADO\LABORATORIO\debugpy-1.6.7-py312hd77b12b_0.json","52967"
"C:\IOTEC\NUCLEO_CONSOLIDADO\LABORATORIO\sphinx-7.3.7-py312h827c3e9_0.json","51270"
"C:\IOTEC\MINERADORA_BRUTA\sphinx-7.3.7-py312h827c3e9_0.json","51270"
"C:\IOTEC\NUCLEO_CONSOLIDADO\DUPLICADOS\sphinx-7.3.7-py312h827c3e9_0.json","51270"
"C:\IOTEC\MINERADORA_BRUTA\painel_projac_2026-03-29_20-42-38.json","50402"
"C:\IOTEC\NUCLEO_CONSOLIDADO\DUPLICADOS\painel_projac_2026-03-29_20-42-38.json","50402"
"C:\IOTEC\NUCLEO_CONSOLIDADO\LABORATORIO\painel_projac_2026-03-29_20-42-38.json","50402"
"C:\IOTEC\NUCLEO_CONSOLIDADO\DUPLICADOS\tk-8.6.14-h0416ee5_0.json","50212"
"C:\IOTEC\NUCLEO_CONSOLIDADO\LABORATORIO\tk-8.6.14-h0416ee5_0.json","50212"
"C:\IOTEC\MINERADORA_BRUTA\tk-8.6.14-h0416ee5_0.json","50212"
"C:\IOTEC\MINERADORA_BRUTA\nltk-3.9.1-py312haa95532_0.json","50038"
"C:\IOTEC\NUCLEO_CONSOLIDADO\LABORATORIO\nltk-3.9.1-py312haa95532_0.json","50038"
"C:\IOTEC\NUCLEO_CONSOLIDADO\DUPLICADOS\nltk-3.9.1-py312haa95532_0.json","50038"
"C:\IOTEC\NUCLEO_CONSOLIDADO\LABORATORIO\20260418_095437_completed_corporate.json","49726"
"C:\IOTEC\state\snapshots\20260418_095437_completed_corporate.json","49726"
"C:\IOTEC\black-diamond\node_modules\electron-to-chromium\full-versions.json","49422"
"C:\IOTEC\node_modules\electron-to-chromium\full-versions.json","49422"
"C:\IOTEC\state\snapshots\20260418_102542_completed_corporate.json","49368"
"C:\IOTEC\NUCLEO_CONSOLIDADO\LABORATORIO\20260418_102542_completed_corporate.json","49368"
"C:\IOTEC\IOTEC_CODE_LIBRARY.json","48499"
"C:\IOTEC\REAL_SYSTEM\node_modules\iconv-lite\encodings\tables\cp936.json","47320"
"C:\IOTEC\NUCLEO_CONSOLIDADO\DUPLICADOS\babel-2.11.0-py312haa95532_0.json","46975"
"C:\IOTEC\MINERADORA_BRUTA\babel-2.11.0-py312haa95532_0.json","46975"
"C:\IOTEC\NUCLEO_CONSOLIDADO\LABORATORIO\babel-2.11.0-py312haa95532_0.json","46975"
"C:\IOTEC\IOTEC_CORPORATE_DATA_CATALOG.json","45476"
"C:\IOTEC\NUCLEO_CONSOLIDADO\LABORATORIO\fonttools-4.51.0-py312h2bbff1b_0.json","44117"
"C:\IOTEC\MINERADORA_BRUTA\fonttools-4.51.0-py312h2bbff1b_0.json","44117"
"C:\IOTEC\NUCLEO_CONSOLIDADO\DUPLICADOS\fonttools-4.51.0-py312h2bbff1b_0.json","44117"
"C:\IOTEC\NUCLEO_CONSOLIDADO\DUPLICADOS\RELATORIO_QR_ORGANIZADOS.json","42851"
"C:\IOTEC\MINERADORA_BRUTA\RELATORIO_QR_ORGANIZADOS.json","42851"
"C:\IOTEC\NUCLEO_CONSOLIDADO\LABORATORIO\RELATORIO_QR_ORGANIZADOS.json","42851"
"C:\IOTEC\REAL_SYSTEM\node_modules\iconv-lite\encodings\tables\cp950.json","42356"
"C:\IOTEC\NUCLEO_CONSOLIDADO\DUPLICADOS\python-tzdata-2023.3-pyhd3eb1b0_0.json","42080"
"C:\IOTEC\NUCLEO_CONSOLIDADO\LABORATORIO\python-tzdata-2023.3-pyhd3eb1b0_0.json","42080"
"C:\IOTEC\MINERADORA_BRUTA\python-tzdata-2023.3-pyhd3eb1b0_0.json","42080"
"C:\IOTEC\NUCLEO_CONSOLIDADO\LABORATORIO\vs2015_runtime-14.42.34433-hbfb602d_5.json","41781"
"C:\IOTEC\NUCLEO_CONSOLIDADO\DUPLICADOS\vs2015_runtime-14.42.34433-hbfb602d_5.json","41781"
"C:\IOTEC\MINERADORA_BRUTA\vs2015_runtime-14.42.34433-hbfb602d_5.json","41781"
"C:\IOTEC\NUCLEO_CONSOLIDADO\LABORATORIO\pyarrow-16.1.0-py312h0158946_0.json","41666"
"C:\IOTEC\NUCLEO_CONSOLIDADO\DUPLICADOS\pyarrow-16.1.0-py312h0158946_0.json","41666"
"C:\IOTEC\MINERADORA_BRUTA\pyarrow-16.1.0-py312h0158946_0.json","41666"
"C:\IOTEC\black-diamond\node_modules\@babel\compat-data\data\corejs2-built-ins.json","41279"
"C:\IOTEC\REAL_SYSTEM\node_modules\iconv-lite\encodings\tables\eucjp.json","41064"
"C:\IOTEC\IOTEC_DATA_HIGHWAY_REPORT.json","40831"
"C:\IOTEC\NUCLEO_CONSOLIDADO\DUPLICADOS\ipython-8.27.0-py312haa95532_0.json","40576"
"C:\IOTEC\NUCLEO_CONSOLIDADO\LABORATORIO\ipython-8.27.0-py312haa95532_0.json","40576"
"C:\IOTEC\MINERADORA_BRUTA\ipython-8.27.0-py312haa95532_0.json","40576"
"C:\IOTEC\NUCLEO_CONSOLIDADO\DUPLICADOS\pygments-2.15.1-py312haa95532_1.json","40510"
"C:\IOTEC\NUCLEO_CONSOLIDADO\LABORATORIO\pygments-2.15.1-py312haa95532_1.json","40510"
"C:\IOTEC\MINERADORA_BRUTA\pygments-2.15.1-py312haa95532_1.json","40510"
"C:\IOTEC\NUCLEO_CONSOLIDADO\LABORATORIO\caixas_globais.json","39336"
"C:\IOTEC\NUCLEO_CONSOLIDADO\DUPLICADOS\caixas_globais.json","39336"
"C:\IOTEC\MINERADORA_BRUTA\caixas_globais.json","39336"
"C:\IOTEC\NUCLEO_CONSOLIDADO\LABORATORIO\qdarkstyle-3.2.3-pyhd3eb1b0_0.json","39332"
"C:\IOTEC\MINERADORA_BRUTA\qdarkstyle-3.2.3-pyhd3eb1b0_0.json","39332"
"C:\IOTEC\NUCLEO_CONSOLIDADO\DUPLICADOS\qdarkstyle-3.2.3-pyhd3eb1b0_0.json","39332"
"C:\IOTEC\NUCLEO_CONSOLIDADO\DUPLICADOS\sqlalchemy-2.0.34-py312h54f65d0_0.json","38366"
"C:\IOTEC\NUCLEO_CONSOLIDADO\LABORATORIO\sqlalchemy-2.0.34-py312h54f65d0_0.json","38366"
"C:\IOTEC\MINERADORA_BRUTA\sqlalchemy-2.0.34-py312h54f65d0_0.json","38366"
"C:\IOTEC\REAL_SYSTEM\node_modules\iconv-lite\encodings\tables\cp949.json","38122"
"C:\IOTEC\NUCLEO_CONSOLIDADO\LABORATORIO\arrow-cpp-16.1.0-h7cd61ee_0.json","38013"
"C:\IOTEC\NUCLEO_CONSOLIDADO\DUPLICADOS\arrow-cpp-16.1.0-h7cd61ee_0.json","38013"
"C:\IOTEC\MINERADORA_BRUTA\arrow-cpp-16.1.0-h7cd61ee_0.json","38013"
"C:\IOTEC\IOTEC_EXECUTION_BRAIN_REPORT.json","37008"
"C:\IOTEC\package-lock.json","36846"
"C:\IOTEC\NUCLEO_CONSOLIDADO\DUPLICADOS\dask-core-2024.8.2-py312haa95532_0.json","36364"
"C:\IOTEC\MINERADORA_BRUTA\dask-core-2024.8.2-py312haa95532_0.json","36364"
"C:\IOTEC\NUCLEO_CONSOLIDADO\LABORATORIO\dask-core-2024.8.2-py312haa95532_0.json","36364"
"C:\IOTEC\BUSINESS_QUALITY_REPORT.json","36182"
"C:\IOTEC\NUCLEO_CONSOLIDADO\DUPLICADOS\ranking_main.json","36096"
"C:\IOTEC\MINERADORA_BRUTA\ranking_main.json","36096"
"C:\IOTEC\NUCLEO_CONSOLIDADO\LABORATORIO\ranking_main.json","36096"
"C:\IOTEC\MINERADORA_BRUTA\gensim-4.3.3-py312h0158946_0.json","35781"
"C:\IOTEC\NUCLEO_CONSOLIDADO\DUPLICADOS\gensim-4.3.3-py312h0158946_0.json","35781"
"C:\IOTEC\NUCLEO_CONSOLIDADO\LABORATORIO\gensim-4.3.3-py312h0158946_0.json","35781"
"C:\IOTEC\NUCLEO_CONSOLIDADO\DUPLICADOS\pytz-2024.1-py312haa95532_0.json","34930"
"C:\IOTEC\MINERADORA_BRUTA\pytz-2024.1-py312haa95532_0.json","34930"
"C:\IOTEC\NUCLEO_CONSOLIDADO\LABORATORIO\pytz-2024.1-py312haa95532_0.json","34930"
"C:\IOTEC\MINERADORA_BRUTA\conda-24.9.2-py312haa95532_0.json","34872"
"C:\IOTEC\NUCLEO_CONSOLIDADO\LABORATORIO\conda-24.9.2-py312haa95532_0.json","34872"
"C:\IOTEC\NUCLEO_CONSOLIDADO\DUPLICADOS\conda-24.9.2-py312haa95532_0.json","34872"
"C:\IOTEC\MINERADORA_BRUTA\inventory.json","33774"
"C:\IOTEC\NUCLEO_CONSOLIDADO\DUPLICADOS\inventory.json","33774"
"C:\IOTEC\NUCLEO_CONSOLIDADO\LABORATORIO\inventory.json","33774"
"C:\IOTEC\IOTEC_WORLD_MAP.json","33673"
"C:\IOTEC\NUCLEO_CONSOLIDADO\DUPLICADOS\catalogo_portal_v2_premium.json","32894"
"C:\IOTEC\MINERADORA_BRUTA\catalogo_portal_v2_premium.json","32894"
"C:\IOTEC\NUCLEO_CONSOLIDADO\LABORATORIO\catalogo_portal_v2_premium.json","32894"
"C:\IOTEC\iotec_operational.db","32768"
"C:\IOTEC\REAL_SYSTEM\node_modules\mime\types.json","31555"
"C:\IOTEC\REAL_SYSTEM\package-lock.json","30231"
"C:\IOTEC\black-diamond\node_modules\electron-to-chromium\full-chromium-versions.json","30147"
"C:\IOTEC\node_modules\electron-to-chromium\full-chromium-versions.json","30147"
"C:\IOTEC\REAL_SYSTEM\node_modules\.package-lock.json","30067"
"C:\IOTEC\MINERADORA_BRUTA\pyasn1-modules-0.2.8-py_0.json","29970"
"C:\IOTEC\NUCLEO_CONSOLIDADO\DUPLICADOS\pyasn1-modules-0.2.8-py_0.json","29970"
"C:\IOTEC\NUCLEO_CONSOLIDADO\LABORATORIO\pyasn1-modules-0.2.8-py_0.json","29970"
"C:\IOTEC\NUCLEO_CONSOLIDADO\DUPLICADOS\docutils-0.18.1-py312haa95532_3.json","29967"
"C:\IOTEC\NUCLEO_CONSOLIDADO\LABORATORIO\docutils-0.18.1-py312haa95532_3.json","29967"
"C:\IOTEC\MINERADORA_BRUTA\docutils-0.18.1-py312haa95532_3.json","29967"
"C:\IOTEC\MINERADORA_BRUTA\RELATORIO_TOMOGRAFIA.json","29859"
"C:\IOTEC\NUCLEO_CONSOLIDADO\LABORATORIO\RELATORIO_TOMOGRAFIA.json","29859"
"C:\IOTEC\NUCLEO_CONSOLIDADO\DUPLICADOS\RELATORIO_TOMOGRAFIA.json","29859"
"C:\IOTEC\NUCLEO_CONSOLIDADO\DUPLICADOS\distributed-2024.8.2-py312haa95532_0.json","29401"
"C:\IOTEC\MINERADORA_BRUTA\distributed-2024.8.2-py312haa95532_0.json","29401"
"C:\IOTEC\NUCLEO_CONSOLIDADO\LABORATORIO\distributed-2024.8.2-py312haa95532_0.json","29401"
"C:\IOTEC\MINERADORA_BRUTA\IOTEC_LOJAS.json","28737"
"C:\IOTEC\NUCLEO_CONSOLIDADO\LABORATORIO\IOTEC_LOJAS.json","28737"
"C:\IOTEC\NUCLEO_CONSOLIDADO\DUPLICADOS\IOTEC_LOJAS.json","28737"
"C:\IOTEC\vite-project\package-lock.json","28513"
"C:\IOTEC\NUCLEO_CONSOLIDADO\DUPLICADOS\pylint-2.16.2-py312haa95532_0.json","28480"
"C:\IOTEC\MINERADORA_BRUTA\pylint-2.16.2-py312haa95532_0.json","28480"
"C:\IOTEC\NUCLEO_CONSOLIDADO\LABORATORIO\pylint-2.16.2-py312haa95532_0.json","28480"
"C:\IOTEC\MINERADORA_BRUTA\anaconda-project-0.11.1-py312haa95532_0.json","28365"
"C:\IOTEC\NUCLEO_CONSOLIDADO\LABORATORIO\summary.json","28239"
"C:\IOTEC\MINERADORA_BRUTA\summary.json","28239"
"C:\IOTEC\NUCLEO_CONSOLIDADO\DUPLICADOS\summary.json","28239"
"C:\IOTEC\NUCLEO_CONSOLIDADO\LABORATORIO\posts_20251022T130231.json","28121"
"C:\IOTEC\MINERADORA_BRUTA\posts_20251022T130231.json","28121"
"C:\IOTEC\NUCLEO_CONSOLIDADO\DUPLICADOS\posts_20251022T130231.json","28121"
"C:\IOTEC\MINERADORA_BRUTA\libtiff-4.5.1-hd77b12b_0.json","28070"
"C:\IOTEC\NUCLEO_CONSOLIDADO\LABORATORIO\MODELO_NEGOCIO_IOTEC_JORNADA_INTELIGENTE.json","27980"
"C:\IOTEC\MINERADORA_BRUTA\MODELO_NEGOCIO_IOTEC_JORNADA_INTELIGENTE.json","27980"
"C:\IOTEC\NUCLEO_CONSOLIDADO\DUPLICADOS\MODELO_NEGOCIO_IOTEC_JORNADA_INTELIGENTE.json","27980"
"C:\IOTEC\NUCLEO_CONSOLIDADO\LABORATORIO\wheel-0.45.1-py39haa95532_0.json","27929"
"C:\IOTEC\NUCLEO_CONSOLIDADO\DUPLICADOS\wheel-0.45.1-py39haa95532_0.json","27929"
"C:\IOTEC\MINERADORA_BRUTA\wheel-0.45.1-py39haa95532_0.json","27929"
"C:\IOTEC\NUCLEO_CONSOLIDADO\LABORATORIO\notebook-7.2.2-py312haa95532_1.json","27849"
"C:\IOTEC\MINERADORA_BRUTA\notebook-7.2.2-py312haa95532_1.json","27849"
"C:\IOTEC\NUCLEO_CONSOLIDADO\DUPLICADOS\notebook-7.2.2-py312haa95532_1.json","27849"
"C:\IOTEC\NUCLEO_CONSOLIDADO\LABORATORIO\openpyxl-3.1.5-py312h827c3e9_0.json","27208"
"C:\IOTEC\MINERADORA_BRUTA\openpyxl-3.1.5-py312h827c3e9_0.json","27208"
"C:\IOTEC\NUCLEO_CONSOLIDADO\DUPLICADOS\openpyxl-3.1.5-py312h827c3e9_0.json","27208"
"C:\IOTEC\IOTEC_DEEP_DISCOVERY_REPORT.json","27196"
"C:\IOTEC\NUCLEO_CONSOLIDADO\LABORATORIO\IOTEC_MAPA_REAL.json","26240"
"C:\IOTEC\MINERADORA_BRUTA\IOTEC_MAPA_REAL.json","26240"
"C:\IOTEC\NUCLEO_CONSOLIDADO\DUPLICADOS\IOTEC_MAPA_REAL.json","26240"
"C:\IOTEC\BUSINESS_REALITY_REPORT.json","25852"
"C:\IOTEC\NUCLEO_CONSOLIDADO\LABORATORIO\vega-themes.json","25729"
"C:\IOTEC\MINERADORA_BRUTA\vega-themes.json","25729"
"C:\IOTEC\NUCLEO_CONSOLIDADO\DUPLICADOS\vega-themes.json","25729"
"C:\IOTEC\MINERADORA_BRUTA\scrapy-2.11.1-py312haa95532_0.json","25399"
"C:\IOTEC\NUCLEO_CONSOLIDADO\LABORATORIO\scrapy-2.11.1-py312haa95532_0.json","25399"
"C:\IOTEC\NUCLEO_CONSOLIDADO\DUPLICADOS\scrapy-2.11.1-py312haa95532_0.json","25399"
"C:\IOTEC\kernel.db","24576"
"C:\IOTEC\IOTEC_CONTROL_TOWER_LEDGER.db","24576"
"C:\IOTEC\node_modules\.package-lock.json","24047"
"C:\IOTEC\NUCLEO_CONSOLIDADO\LABORATORIO\datashader-0.16.3-py312haa95532_0.json","24021"
"C:\IOTEC\NUCLEO_CONSOLIDADO\DUPLICADOS\datashader-0.16.3-py312haa95532_0.json","24021"
"C:\IOTEC\MINERADORA_BRUTA\datashader-0.16.3-py312haa95532_0.json","24021"
"C:\IOTEC\REAL_SYSTEM\node_modules\iconv-lite\encodings\tables\shiftjis.json","23782"
"C:\IOTEC\NUCLEO_CONSOLIDADO\DUPLICADOS\tzdata-2024b-h04d1e81_0.json","23579"
"C:\IOTEC\MINERADORA_BRUTA\tzdata-2024b-h04d1e81_0.json","23579"
"C:\IOTEC\NUCLEO_CONSOLIDADO\LABORATORIO\tzdata-2024b-h04d1e81_0.json","23579"
"C:\IOTEC\NUCLEO_CONSOLIDADO\LABORATORIO\prompt-toolkit-3.0.43-py312haa95532_0.json","23390"
"C:\IOTEC\NUCLEO_CONSOLIDADO\DUPLICADOS\prompt-toolkit-3.0.43-py312haa95532_0.json","23390"
"C:\IOTEC\MINERADORA_BRUTA\prompt-toolkit-3.0.43-py312haa95532_0.json","23390"
"C:\IOTEC\NUCLEO_CONSOLIDADO\LABORATORIO\unidecode-1.3.8-py312haa95532_0.json","23245"
"C:\IOTEC\NUCLEO_CONSOLIDADO\DUPLICADOS\unidecode-1.3.8-py312haa95532_0.json","23245"
"C:\IOTEC\MINERADORA_BRUTA\unidecode-1.3.8-py312haa95532_0.json","23245"
"C:\IOTEC\NUCLEO_CONSOLIDADO\LABORATORIO\corporate_output.json","22030"
"C:\IOTEC\state\corporate\corporate_output.json","22030"
"C:\IOTEC\IOTEC_NEURAL_BRAIN_FINAL.json","21577"
"C:\IOTEC\MINERADORA_BRUTA\libgrpc-1.62.2-hf25190f_0.json","21371"
"C:\IOTEC\NUCLEO_CONSOLIDADO\DUPLICADOS\ranking.json","21091"
"C:\IOTEC\MINERADORA_BRUTA\ranking.json","21091"
"C:\IOTEC\NUCLEO_CONSOLIDADO\LABORATORIO\ranking.json","21091"
"C:\IOTEC\NUCLEO_CONSOLIDADO\DUPLICADOS\imbalanced-learn-0.12.3-py312haa95532_1.json","21077"
"C:\IOTEC\MINERADORA_BRUTA\imbalanced-learn-0.12.3-py312haa95532_1.json","21077"
"C:\IOTEC\NUCLEO_CONSOLIDADO\LABORATORIO\imbalanced-learn-0.12.3-py312haa95532_1.json","21077"
"C:\IOTEC\NUCLEO_CONSOLIDADO\LABORATORIO\xarray-2023.6.0-py312haa95532_0.json","21024"
"C:\IOTEC\MINERADORA_BRUTA\xarray-2023.6.0-py312haa95532_0.json","21024"
"C:\IOTEC\NUCLEO_CONSOLIDADO\DUPLICADOS\xarray-2023.6.0-py312haa95532_0.json","21024"
"C:\IOTEC\IOTEC_LIVE_CORE_REPORT.json","20899"
"C:\IOTEC\MINERADORA_BRUTA\relatorio_auditoria.json","20846"
"C:\IOTEC\NUCLEO_CONSOLIDADO\DUPLICADOS\relatorio_auditoria.json","20846"
"C:\IOTEC\NUCLEO_CONSOLIDADO\LABORATORIO\relatorio_auditoria.json","20846"
"C:\IOTEC\NUCLEO_CONSOLIDADO\LABORATORIO\cpuid.json","20572"
"C:\IOTEC\MINERADORA_BRUTA\cpuid.json","20572"
"C:\IOTEC\NUCLEO_CONSOLIDADO\DUPLICADOS\cpuid.json","20572"
"C:\IOTEC\IOTEC_KNOWLEDGE_WAREHOUSE.db","20480"
"C:\IOTEC\black-diamond\node_modules\@babel\helper-globals\data\browser-upper.json","19908"
"C:\IOTEC\NUCLEO_CONSOLIDADO\DUPLICADOS\qt-webengine-5.15.9-h5bd16bc_7.json","19825"
"C:\IOTEC\NUCLEO_CONSOLIDADO\LABORATORIO\qt-webengine-5.15.9-h5bd16bc_7.json","19825"
"C:\IOTEC\MINERADORA_BRUTA\qt-webengine-5.15.9-h5bd16bc_7.json","19825"
"C:\IOTEC\MINERADORA_BRUTA\menuinst.schema.json","19675"
"C:\IOTEC\NUCLEO_CONSOLIDADO\LABORATORIO\menuinst.schema.json","19675"
"C:\IOTEC\NUCLEO_CONSOLIDADO\DUPLICADOS\menuinst.schema.json","19675"
"C:\IOTEC\NUCLEO_CONSOLIDADO\DUPLICADOS\qtpy-2.4.1-py312haa95532_0.json","18920"
"C:\IOTEC\NUCLEO_CONSOLIDADO\LABORATORIO\qtpy-2.4.1-py312haa95532_0.json","18920"
"C:\IOTEC\MINERADORA_BRUTA\qtpy-2.4.1-py312haa95532_0.json","18920"
"C:\IOTEC\MINERADORA_BRUTA\libprotobuf-4.25.3-hf2fb9eb_0.json","18502"
"C:\IOTEC\NUCLEO_CONSOLIDADO\DUPLICADOS\jupyter_server-2.14.1-py312haa95532_0.json","17972"
"C:\IOTEC\NUCLEO_CONSOLIDADO\BACKEND\jupyter_server-2.14.1-py312haa95532_0.json","17972"
"C:\IOTEC\MINERADORA_BRUTA\jupyter_server-2.14.1-py312haa95532_0.json","17972"
"C:\IOTEC\REAL_SYSTEM\node_modules\iconv-lite\encodings\tables\big5-added.json","17717"
"C:\IOTEC\IOTEC_NEURAL_MAP_REPORT.json","17388"
"C:\IOTEC\MINERADORA_BRUTA\joblib-1.4.2-py312haa95532_0.json","17195"
"C:\IOTEC\MINERADORA_BRUTA\pyzmq-25.1.2-py312hd77b12b_0.json","17097"
"C:\IOTEC\NUCLEO_CONSOLIDADO\DUPLICADOS\pyzmq-25.1.2-py312hd77b12b_0.json","17097"
"C:\IOTEC\NUCLEO_CONSOLIDADO\LABORATORIO\pyzmq-25.1.2-py312hd77b12b_0.json","17097"
"C:\IOTEC\black-diamond\node_modules\@babel\compat-data\data\plugins.json","17058"
"C:\IOTEC\MINERADORA_BRUTA\liblief-0.12.3-hd77b12b_0.json","16925"
"C:\IOTEC\vite-project\node_modules\typescript\lib\typesMap.json","16788"
"C:\IOTEC\IOTEC_DATA_QUALITY_REPORT.json","16731"
"C:\IOTEC\NUCLEO_CONSOLIDADO\DUPLICADOS\constituicao_espinha_dorsal_20260331_192245.json","16461"
"C:\IOTEC\MINERADORA_BRUTA\constituicao_espinha_dorsal_20260331_192245.json","16461"
"C:\IOTEC\NUCLEO_CONSOLIDADO\LABORATORIO\constituicao_espinha_dorsal_20260331_192245.json","16461"
"C:\IOTEC\IOTEC_ACCOUNT_REGISTRY.db","16384"
"C:\IOTEC\enterprise.db","16384"
"C:\IOTEC\IOTEC_MISSION_EXECUTION.db","16384"
"C:\IOTEC\IOTEC_OPPORTUNITY.db","16384"
"C:\IOTEC\IOTEC_EVENT_BUS.db","16384"
"C:\IOTEC\MINERADORA_BRUTA\regulus_invest_demo_20251112T063248Z.json","16266"
"C:\IOTEC\NUCLEO_CONSOLIDADO\DUPLICADOS\regulus_invest_demo_20251112T063248Z.json","16266"
"C:\IOTEC\NUCLEO_CONSOLIDADO\LABORATORIO\regulus_invest_demo_20251112T063248Z.json","16266"
"C:\IOTEC\NUCLEO_CONSOLIDADO\DUPLICADOS\regulus_invest_demo_20251112T063520Z.json","16257"
"C:\IOTEC\MINERADORA_BRUTA\regulus_invest_demo_20251112T063520Z.json","16257"
"C:\IOTEC\NUCLEO_CONSOLIDADO\LABORATORIO\regulus_invest_demo_20251112T063520Z.json","16257"
"C:\IOTEC\MINERADORA_BRUTA\regulus_invest_demo_20251112T063010Z.json","16250"
"C:\IOTEC\NUCLEO_CONSOLIDADO\DUPLICADOS\regulus_invest_demo_20251112T063010Z.json","16250"
"C:\IOTEC\NUCLEO_CONSOLIDADO\LABORATORIO\regulus_invest_demo_20251112T063010Z.json","16250"
"C:\IOTEC\NUCLEO_CONSOLIDADO\LABORATORIO\pytables-3.10.1-py312ha32dda5_0.json","16083"
"C:\IOTEC\MINERADORA_BRUTA\pytables-3.10.1-py312ha32dda5_0.json","16083"
"C:\IOTEC\NUCLEO_CONSOLIDADO\DUPLICADOS\pytables-3.10.1-py312ha32dda5_0.json","16083"
"C:\IOTEC\NUCLEO_CONSOLIDADO\DUPLICADOS\setuptools.schema.json","16071"
"C:\IOTEC\NUCLEO_CONSOLIDADO\LABORATORIO\setuptools.schema.json","16071"
"C:\IOTEC\MINERADORA_BRUTA\setuptools.schema.json","16071"
"C:\IOTEC\MINERADORA_BRUTA\nbconvert-7.16.4-py312haa95532_0.json","15508"
"C:\IOTEC\NUCLEO_CONSOLIDADO\DUPLICADOS\nbconvert-7.16.4-py312haa95532_0.json","15508"
"C:\IOTEC\NUCLEO_CONSOLIDADO\LABORATORIO\nbconvert-7.16.4-py312haa95532_0.json","15508"
"C:\IOTEC\NUCLEO_CONSOLIDADO\LABORATORIO\reparado_quarantine_report.json","15430"
"C:\IOTEC\NUCLEO_CONSOLIDADO\DUPLICADOS\reparado_quarantine_report.json","15430"
"C:\IOTEC\MINERADORA_BRUTA\reparado_quarantine_report.json","15430"
"C:\IOTEC\NUCLEO_CONSOLIDADO\DUPLICADOS\cryptography-43.0.0-py312h89fc84f_0.json","15231"
"C:\IOTEC\MINERADORA_BRUTA\cryptography-43.0.0-py312h89fc84f_0.json","15231"
"C:\IOTEC\NUCLEO_CONSOLIDADO\LABORATORIO\cryptography-43.0.0-py312h89fc84f_0.json","15231"
"C:\IOTEC\NUCLEO_CONSOLIDADO\LABORATORIO\astroid-2.14.2-py312haa95532_0.json","15121"
"C:\IOTEC\NUCLEO_CONSOLIDADO\DUPLICADOS\astroid-2.14.2-py312haa95532_0.json","15121"
"C:\IOTEC\MINERADORA_BRUTA\astroid-2.14.2-py312haa95532_0.json","15121"
"C:\IOTEC\NUCLEO_CONSOLIDADO\LABORATORIO\regulus_registry.json","14932"
"C:\IOTEC\NUCLEO_CONSOLIDADO\DUPLICADOS\regulus_registry.json","14932"
"C:\IOTEC\MINERADORA_BRUTA\regulus_registry.json","14932"
"C:\IOTEC\NUCLEO_CONSOLIDADO\LABORATORIO\pydantic-2.8.2-py312haa95532_0.json","14831"
"C:\IOTEC\MINERADORA_BRUTA\pydantic-2.8.2-py312haa95532_0.json","14831"
"C:\IOTEC\NUCLEO_CONSOLIDADO\DUPLICADOS\pydantic-2.8.2-py312haa95532_0.json","14831"
"C:\IOTEC\NUCLEO_CONSOLIDADO\DUPLICADOS\sip-6.7.12-py312hd77b12b_0.json","14773"
"C:\IOTEC\MINERADORA_BRUTA\sip-6.7.12-py312hd77b12b_0.json","14773"
"C:\IOTEC\NUCLEO_CONSOLIDADO\LABORATORIO\sip-6.7.12-py312hd77b12b_0.json","14773"
"C:\IOTEC\NUCLEO_CONSOLIDADO\DUPLICADOS\bleach-4.1.0-pyhd3eb1b0_0.json","14766"
"C:\IOTEC\MINERADORA_BRUTA\bleach-4.1.0-pyhd3eb1b0_0.json","14766"
"C:\IOTEC\NUCLEO_CONSOLIDADO\LABORATORIO\bleach-4.1.0-pyhd3eb1b0_0.json","14766"
"C:\IOTEC\MINERADORA_BRUTA\rope-1.12.0-py312haa95532_0.json","14714"
"C:\IOTEC\NUCLEO_CONSOLIDADO\LABORATORIO\rope-1.12.0-py312haa95532_0.json","14714"
"C:\IOTEC\IOTEC_DATA_PRODUCER_REPORT.json","14714"
"C:\IOTEC\NUCLEO_CONSOLIDADO\DUPLICADOS\rope-1.12.0-py312haa95532_0.json","14714"
"C:\IOTEC\TOP_ASSETS_REPORT.json","14706"
"C:\IOTEC\REAL_BUSINESS_EXPANSION_REPORT.json","14686"
"C:\IOTEC\IOTEC_ASSET_VALUE_REPORT.json","14624"
"C:\IOTEC\IOTEC_OPERATIONAL_READINESS_REPORT.json","14394"
"C:\IOTEC\NUCLEO_CONSOLIDADO\DUPLICADOS\sphinxcontrib-serializinghtml-1.1.10-py312haa95532_0.json","14393"
"C:\IOTEC\NUCLEO_CONSOLIDADO\FRONTEND\sphinxcontrib-serializinghtml-1.1.10-py312haa95532_0.json","14393"
"C:\IOTEC\MINERADORA_BRUTA\sphinxcontrib-serializinghtml-1.1.10-py312haa95532_0.json","14393"
"C:\IOTEC\MINERADORA_BRUTA\quarantine_report.json","14282"
"C:\IOTEC\NUCLEO_CONSOLIDADO\DUPLICADOS\quarantine_report.json","14282"
"C:\IOTEC\NUCLEO_CONSOLIDADO\LABORATORIO\quarantine_report.json","14282"
"C:\IOTEC\NUCLEO_CONSOLIDADO\LABORATORIO\manifest.json","13867"
"C:\IOTEC\MINERADORA_BRUTA\RELATORIO_ERROS_SINTAXE.json","13790"
"C:\IOTEC\NUCLEO_CONSOLIDADO\DUPLICADOS\RELATORIO_ERROS_SINTAXE.json","13790"
"C:\IOTEC\NUCLEO_CONSOLIDADO\LABORATORIO\RELATORIO_ERROS_SINTAXE.json","13790"
"C:\IOTEC\NUCLEO_CONSOLIDADO\LABORATORIO\pillow-10.4.0-py312h827c3e9_0.json","13689"
"C:\IOTEC\NUCLEO_CONSOLIDADO\DUPLICADOS\pillow-10.4.0-py312h827c3e9_0.json","13689"
"C:\IOTEC\MINERADORA_BRUTA\pillow-10.4.0-py312h827c3e9_0.json","13689"
"C:\IOTEC\MINERADORA_BRUTA\funil_apps_principais_20260331_190912.json","13644"
"C:\IOTEC\NUCLEO_CONSOLIDADO\DUPLICADOS\funil_apps_principais_20260331_190912.json","13644"
"C:\IOTEC\NUCLEO_CONSOLIDADO\LABORATORIO\funil_apps_principais_20260331_190912.json","13644"
"C:\IOTEC\MINERADORA_BRUTA\pcre2-10.42-h0ff8eda_1.json","13494"
"C:\IOTEC\NUCLEO_CONSOLIDADO\DUPLICADOS\pcre2-10.42-h0ff8eda_1.json","13494"
"C:\IOTEC\NUCLEO_CONSOLIDADO\LABORATORIO\pcre2-10.42-h0ff8eda_1.json","13494"
"C:\IOTEC\NUCLEO_CONSOLIDADO\FRONTEND\sphinxcontrib-htmlhelp-2.0.0-pyhd3eb1b0_0.json","13485"
"C:\IOTEC\MINERADORA_BRUTA\sphinxcontrib-htmlhelp-2.0.0-pyhd3eb1b0_0.json","13485"
"C:\IOTEC\NUCLEO_CONSOLIDADO\DUPLICADOS\sphinxcontrib-htmlhelp-2.0.0-pyhd3eb1b0_0.json","13485"
"C:\IOTEC\NUCLEO_CONSOLIDADO\LABORATORIO\analise_interfaces.json","13460"
"C:\IOTEC\NUCLEO_CONSOLIDADO\DUPLICADOS\analise_interfaces.json","13460"
"C:\IOTEC\MINERADORA_BRUTA\analise_interfaces.json","13460"
"C:\IOTEC\NUCLEO_CONSOLIDADO\LABORATORIO\portfolio_produtos_judiciais.json","13011"
"C:\IOTEC\NUCLEO_CONSOLIDADO\DUPLICADOS\portfolio_produtos_judiciais.json","13011"
"C:\IOTEC\MINERADORA_BRUTA\portfolio_produtos_judiciais.json","13011"
"C:\IOTEC\NUCLEO_CONSOLIDADO\LABORATORIO\paramiko-2.8.1-pyhd3eb1b0_0.json","12950"
"C:\IOTEC\NUCLEO_CONSOLIDADO\DUPLICADOS\paramiko-2.8.1-pyhd3eb1b0_0.json","12950"
"C:\IOTEC\MINERADORA_BRUTA\paramiko-2.8.1-pyhd3eb1b0_0.json","12950"
"C:\IOTEC\MINERADORA_BRUTA\mpmath-1.3.0-py312haa95532_0.json","12895"
"C:\IOTEC\NUCLEO_CONSOLIDADO\LABORATORIO\mpmath-1.3.0-py312haa95532_0.json","12895"
"C:\IOTEC\NUCLEO_CONSOLIDADO\DUPLICADOS\mpmath-1.3.0-py312haa95532_0.json","12895"
"C:\IOTEC\MINERADORA_BRUTA\sphinxcontrib-applehelp-1.0.2-pyhd3eb1b0_0.json","12799"
"C:\IOTEC\NUCLEO_CONSOLIDADO\DUPLICADOS\sphinxcontrib-applehelp-1.0.2-pyhd3eb1b0_0.json","12799"
"C:\IOTEC\NUCLEO_CONSOLIDADO\LABORATORIO\sphinxcontrib-applehelp-1.0.2-pyhd3eb1b0_0.json","12799"
"C:\IOTEC\MINERADORA_BRUTA\libssh2-1.11.0-h291bd65_0.json","12791"
"C:\IOTEC\IOTEC_CORPORATE_GRAPH.json","12754"
"C:\IOTEC\IOTEC_PRODUCTION_LEDGER.json","12466"
"C:\IOTEC\tower.db","12288"
"C:\IOTEC\iotec_core.db","12288"
"C:\IOTEC\IOTEC_CAMPAIGNS.db","12288"
"C:\IOTEC\IOTEC_PROPOSALS.db","12288"
"C:\IOTEC\opportunity_radar.db","12288"
"C:\IOTEC\IOTEC_CONTRACTS.db","12288"
"C:\IOTEC\IOTEC_REAL_LEADS_BACKUP.db","12288"
"C:\IOTEC\IOTEC_REAL_LEADS.db","12288"
"C:\IOTEC\IOTEC_HYDRO_TRACE.db","12288"
"C:\IOTEC\iotec_global.db","12288"
"C:\IOTEC\iotec_revenue.db","12288"
"C:\IOTEC\IOTEC_MARKET_INTELLIGENCE.db","12288"
"C:\IOTEC\NUCLEO_CONSOLIDADO\LABORATORIO\yapf-0.40.2-py312haa95532_0.json","12154"
"C:\IOTEC\NUCLEO_CONSOLIDADO\DUPLICADOS\yapf-0.40.2-py312haa95532_0.json","12154"
"C:\IOTEC\MINERADORA_BRUTA\yapf-0.40.2-py312haa95532_0.json","12154"
"C:\IOTEC\MINERADORA_BRUTA\sphinxcontrib-devhelp-1.0.2-pyhd3eb1b0_0.json","11891"
"C:\IOTEC\NUCLEO_CONSOLIDADO\DUPLICADOS\sphinxcontrib-devhelp-1.0.2-pyhd3eb1b0_0.json","11891"
"C:\IOTEC\NUCLEO_CONSOLIDADO\LABORATORIO\sphinxcontrib-devhelp-1.0.2-pyhd3eb1b0_0.json","11891"
"C:\IOTEC\NUCLEO_CONSOLIDADO\LABORATORIO\tornado-6.4.1-py312h827c3e9_0.json","11844"
"C:\IOTEC\MINERADORA_BRUTA\tornado-6.4.1-py312h827c3e9_0.json","11844"
"C:\IOTEC\NUCLEO_CONSOLIDADO\DUPLICADOS\tornado-6.4.1-py312h827c3e9_0.json","11844"
"C:\IOTEC\NUCLEO_CONSOLIDADO\LABORATORIO\sphinxcontrib-qthelp-1.0.3-pyhd3eb1b0_0.json","11810"
"C:\IOTEC\NUCLEO_CONSOLIDADO\DUPLICADOS\sphinxcontrib-qthelp-1.0.3-pyhd3eb1b0_0.json","11810"
"C:\IOTEC\MINERADORA_BRUTA\sphinxcontrib-qthelp-1.0.3-pyhd3eb1b0_0.json","11810"
"C:\IOTEC\MISSION_01_CAPABILITY_REPORT.json","11696"
"C:\IOTEC\NUCLEO_CONSOLIDADO\DUPLICADOS\conda-build-24.9.0-py312haa95532_0.json","11665"
"C:\IOTEC\MINERADORA_BRUTA\conda-build-24.9.0-py312haa95532_0.json","11665"
"C:\IOTEC\NUCLEO_CONSOLIDADO\LABORATORIO\conda-build-24.9.0-py312haa95532_0.json","11665"
"C:\IOTEC\NUCLEO_CONSOLIDADO\LABORATORIO\icu-73.1-h6c2663c_0.json","11642"
"C:\IOTEC\MINERADORA_BRUTA\icu-73.1-h6c2663c_0.json","11642"
"C:\IOTEC\NUCLEO_CONSOLIDADO\DUPLICADOS\icu-73.1-h6c2663c_0.json","11642"
"C:\IOTEC\MINERADORA_BRUTA\reparado_evolucao_automatica_log.json","11411"
"C:\IOTEC\NUCLEO_CONSOLIDADO\LABORATORIO\evolucao_automatica_log.json","11411"
"C:\IOTEC\NUCLEO_CONSOLIDADO\DUPLICADOS\reparado_evolucao_automatica_log.json","11411"
"C:\IOTEC\MINERADORA_BRUTA\evolucao_automatica_log.json","11411"
"C:\IOTEC\NUCLEO_CONSOLIDADO\DUPLICADOS\evolucao_automatica_log.json","11411"
"C:\IOTEC\MINERADORA_BRUTA\anaconda-client-1.12.3-py312haa95532_0.json","11292"
"C:\IOTEC\NUCLEO_CONSOLIDADO\DUPLICADOS\openssl-3.0.15-h827c3e9_0.json","11154"
"C:\IOTEC\MINERADORA_BRUTA\openssl-3.0.15-h827c3e9_0.json","11154"
"C:\IOTEC\NUCLEO_CONSOLIDADO\LABORATORIO\openssl-3.0.15-h827c3e9_0.json","11154"
"C:\IOTEC\MINERADORA_BRUTA\pyasn1-0.4.8-pyhd3eb1b0_0.json","11075"
"C:\IOTEC\NUCLEO_CONSOLIDADO\DUPLICADOS\pyasn1-0.4.8-pyhd3eb1b0_0.json","11075"
"C:\IOTEC\NUCLEO_CONSOLIDADO\LABORATORIO\pyasn1-0.4.8-pyhd3eb1b0_0.json","11075"
"C:\IOTEC\MINERADORA_BRUTA\snowballstemmer-2.2.0-pyhd3eb1b0_0.json","11019"
"C:\IOTEC\NUCLEO_CONSOLIDADO\DUPLICADOS\snowballstemmer-2.2.0-pyhd3eb1b0_0.json","11019"
"C:\IOTEC\NUCLEO_CONSOLIDADO\LABORATORIO\snowballstemmer-2.2.0-pyhd3eb1b0_0.json","11019"
"C:\IOTEC\NUCLEO_CONSOLIDADO\DUPLICADOS\markdown-it-py-2.2.0-py312haa95532_1.json","10976"
"C:\IOTEC\MINERADORA_BRUTA\markdown-it-py-2.2.0-py312haa95532_1.json","10976"
"C:\IOTEC\NUCLEO_CONSOLIDADO\LABORATORIO\markdown-it-py-2.2.0-py312haa95532_1.json","10976"
"C:\IOTEC\vite-project\node_modules\.package-lock.json","10887"
"C:\IOTEC\MINERADORA_BRUTA\h5py-3.11.0-py312h59a1360_0.json","10475"
"C:\IOTEC\NUCLEO_CONSOLIDADO\LABORATORIO\h5py-3.11.0-py312h59a1360_0.json","10475"
"C:\IOTEC\NUCLEO_CONSOLIDADO\DUPLICADOS\h5py-3.11.0-py312h59a1360_0.json","10475"
"C:\IOTEC\NUCLEO_CONSOLIDADO\DUPLICADOS\pytest-7.4.4-py312haa95532_0.json","10415"
"C:\IOTEC\NUCLEO_CONSOLIDADO\LABORATORIO\pytest-7.4.4-py312haa95532_0.json","10415"
"C:\IOTEC\MINERADORA_BRUTA\pytest-7.4.4-py312haa95532_0.json","10415"
"C:\IOTEC\NUCLEO_CONSOLIDADO\LABORATORIO\seaborn.json","10374"
"C:\IOTEC\NUCLEO_CONSOLIDADO\DUPLICADOS\seaborn.json","10374"
"C:\IOTEC\MINERADORA_BRUTA\seaborn.json","10374"
"C:\IOTEC\NUCLEO_CONSOLIDADO\LABORATORIO\protobuf-4.25.3-py312h958608f_0.json","10365"
"C:\IOTEC\MINERADORA_BRUTA\protobuf-4.25.3-py312h958608f_0.json","10365"
"C:\IOTEC\NUCLEO_CONSOLIDADO\DUPLICADOS\protobuf-4.25.3-py312h958608f_0.json","10365"
"C:\IOTEC\NUCLEO_CONSOLIDADO\LABORATORIO\conda-repo-cli-1.0.114-py312haa95532_0.json","10225"
"C:\IOTEC\MINERADORA_BRUTA\conda-repo-cli-1.0.114-py312haa95532_0.json","10225"
"C:\IOTEC\NUCLEO_CONSOLIDADO\DUPLICADOS\conda-repo-cli-1.0.114-py312haa95532_0.json","10225"
"C:\IOTEC\NUCLEO_CONSOLIDADO\LABORATORIO\rich-13.7.1-py312haa95532_0.json","10049"
"C:\IOTEC\NUCLEO_CONSOLIDADO\DUPLICADOS\rich-13.7.1-py312haa95532_0.json","10049"
"C:\IOTEC\MINERADORA_BRUTA\rich-13.7.1-py312haa95532_0.json","10049"
"C:\IOTEC\MINERADORA_BRUTA\libthrift-0.15.0-h4364b78_2.json","9957"
"C:\IOTEC\IOTEC_REVENUE_SCENARIO_REPORT.json","9799"
"C:\IOTEC\IOTEC_ENGINE_FORENSICS_REPORT.json","9784"
"C:\IOTEC\MINERADORA_BRUTA\ipywidgets-7.8.1-py312haa95532_0.json","9753"
"C:\IOTEC\NUCLEO_CONSOLIDADO\LABORATORIO\ipywidgets-7.8.1-py312haa95532_0.json","9753"
"C:\IOTEC\NUCLEO_CONSOLIDADO\DUPLICADOS\ipywidgets-7.8.1-py312haa95532_0.json","9753"
"C:\IOTEC\NUCLEO_CONSOLIDADO\DUPLICADOS\precheck_permissoes_dependencias.json","9737"
"C:\IOTEC\NUCLEO_CONSOLIDADO\LABORATORIO\precheck_permissoes_dependencias.json","9737"
"C:\IOTEC\MINERADORA_BRUTA\precheck_permissoes_dependencias.json","9737"
"C:\IOTEC\IOTEC_ENDPOINT_DISCOVERY_REPORT.json","9602"
"C:\IOTEC\NUCLEO_CONSOLIDADO\LABORATORIO\jupyter-lsp-2.2.0-py312haa95532_0.json","9584"
"C:\IOTEC\NUCLEO_CONSOLIDADO\DUPLICADOS\jupyter-lsp-2.2.0-py312haa95532_0.json","9584"
"C:\IOTEC\MINERADORA_BRUTA\jupyter-lsp-2.2.0-py312haa95532_0.json","9584"
"C:\IOTEC\NUCLEO_CONSOLIDADO\DUPLICADOS\relatorio.json","9422"
"C:\IOTEC\NUCLEO_CONSOLIDADO\LABORATORIO\relatorio.json","9422"
"C:\IOTEC\MINERADORA_BRUTA\relatorio.json","9422"
"C:\IOTEC\DB\BACKUP\BACKUP_20260626_093726.json","9408"
"C:\IOTEC\DB\BACKUP\BACKUP_20260626_093744.json","9408"
"C:\IOTEC\DB\IOTEC_DATABASE.json","9408"
"C:\IOTEC\MINERADORA_BRUTA\hdf5-1.12.1-h51c971a_3.json","9354"
"C:\IOTEC\NUCLEO_CONSOLIDADO\LABORATORIO\hdf5-1.12.1-h51c971a_3.json","9354"
"C:\IOTEC\NUCLEO_CONSOLIDADO\DUPLICADOS\hdf5-1.12.1-h51c971a_3.json","9354"
"C:\IOTEC\MINERADORA_BRUTA\werkzeug-3.0.3-py312haa95532_0.json","9314"
"C:\IOTEC\NUCLEO_CONSOLIDADO\LABORATORIO\werkzeug-3.0.3-py312haa95532_0.json","9314"
"C:\IOTEC\NUCLEO_CONSOLIDADO\DUPLICADOS\werkzeug-3.0.3-py312haa95532_0.json","9314"
"C:\IOTEC\NUCLEO_CONSOLIDADO\LABORATORIO\JDS_BLUEPRINT.json","9305"
"C:\IOTEC\MINERADORA_BRUTA\JDS_BLUEPRINT.json","9305"
"C:\IOTEC\NUCLEO_CONSOLIDADO\DUPLICADOS\JDS_BLUEPRINT.json","9305"
"C:\IOTEC\IOTEC_PRODUCT_MARKET_MATRIX.json","9229"
"C:\IOTEC\NUCLEO_CONSOLIDADO\DUPLICADOS\zope.interface-5.4.0-py312h2bbff1b_0.json","9178"
"C:\IOTEC\MINERADORA_BRUTA\zope.interface-5.4.0-py312h2bbff1b_0.json","9178"
"C:\IOTEC\NUCLEO_CONSOLIDADO\LABORATORIO\zope.interface-5.4.0-py312h2bbff1b_0.json","9178"
"C:\IOTEC\NUCLEO_CONSOLIDADO\LABORATORIO\relatorio_nucleo_hibrido.json","9141"
"C:\IOTEC\MINERADORA_BRUTA\relatorio_nucleo_hibrido.json","9141"
"C:\IOTEC\MINERADORA_BRUTA\reparado_relatorio_nucleo_hibrido.json","9141"
"C:\IOTEC\NUCLEO_CONSOLIDADO\DUPLICADOS\reparado_relatorio_nucleo_hibrido.json","9141"
"C:\IOTEC\NUCLEO_CONSOLIDADO\DUPLICADOS\relatorio_nucleo_hibrido.json","9141"
"C:\IOTEC\MINERADORA_BRUTA\produto_transicao_judiciario.json","9023"
"C:\IOTEC\NUCLEO_CONSOLIDADO\DUPLICADOS\produto_transicao_judiciario.json","9023"
"C:\IOTEC\NUCLEO_CONSOLIDADO\LABORATORIO\produto_transicao_judiciario.json","9023"
"C:\IOTEC\MINERADORA_BRUTA\hvplot-0.11.0-py312haa95532_0.json","8945"
"C:\IOTEC\NUCLEO_CONSOLIDADO\LABORATORIO\hvplot-0.11.0-py312haa95532_0.json","8945"
"C:\IOTEC\NUCLEO_CONSOLIDADO\DUPLICADOS\hvplot-0.11.0-py312haa95532_0.json","8945"
"C:\IOTEC\MINERADORA_BRUTA\ranking_apps_20260331_185951.json","8914"
"C:\IOTEC\NUCLEO_CONSOLIDADO\DUPLICADOS\ranking_apps_20260331_185951.json","8914"
"C:\IOTEC\NUCLEO_CONSOLIDADO\LABORATORIO\ranking_apps_20260331_185951.json","8914"
"C:\IOTEC\NUCLEO_CONSOLIDADO\LABORATORIO\greenlet-3.0.1-py312hd77b12b_0.json","8891"
"C:\IOTEC\NUCLEO_CONSOLIDADO\DUPLICADOS\greenlet-3.0.1-py312hd77b12b_0.json","8891"
"C:\IOTEC\MINERADORA_BRUTA\greenlet-3.0.1-py312hd77b12b_0.json","8891"
"C:\IOTEC\NUCLEO_CONSOLIDADO\LABORATORIO\xlwings-0.32.1-py312haa95532_0.json","8694"
"C:\IOTEC\NUCLEO_CONSOLIDADO\DUPLICADOS\xlwings-0.32.1-py312haa95532_0.json","8694"
"C:\IOTEC\MINERADORA_BRUTA\xlwings-0.32.1-py312haa95532_0.json","8694"
"C:\IOTEC\MINERADORA_BRUTA\py310-test-image-mpl334-cov.json","8596"
"C:\IOTEC\NUCLEO_CONSOLIDADO\DUPLICADOS\py310-test-image-mpl334-cov.json","8596"
"C:\IOTEC\NUCLEO_CONSOLIDADO\DUPLICADOS\py310-test-image-mpldev-cov.json","8596"
"C:\IOTEC\MINERADORA_BRUTA\py310-test-image-mpldev-cov.json","8596"
"C:\IOTEC\NUCLEO_CONSOLIDADO\LABORATORIO\py310-test-image-mpldev-cov.json","8596"
"C:\IOTEC\NUCLEO_CONSOLIDADO\LABORATORIO\py310-test-image-mpl334-cov.json","8596"
"C:\IOTEC\NUCLEO_CONSOLIDADO\LABORATORIO\imagecodecs-2023.1.23-py312hd5bf116_1.json","8573"
"C:\IOTEC\MINERADORA_BRUTA\imagecodecs-2023.1.23-py312hd5bf116_1.json","8573"
"C:\IOTEC\NUCLEO_CONSOLIDADO\DUPLICADOS\imagecodecs-2023.1.23-py312hd5bf116_1.json","8573"
"C:\IOTEC\NUCLEO_CONSOLIDADO\LABORATORIO\aiohttp-3.10.5-py312h827c3e9_0.json","8451"
"C:\IOTEC\MINERADORA_BRUTA\aiohttp-3.10.5-py312h827c3e9_0.json","8451"
"C:\IOTEC\NUCLEO_CONSOLIDADO\DUPLICADOS\aiohttp-3.10.5-py312h827c3e9_0.json","8451"
"C:\IOTEC\MINERADORA_BRUTA\lxml-5.2.1-py312h395c83e_1.json","8434"
"C:\IOTEC\NUCLEO_CONSOLIDADO\DUPLICADOS\lxml-5.2.1-py312h395c83e_1.json","8434"
"C:\IOTEC\NUCLEO_CONSOLIDADO\LABORATORIO\lxml-5.2.1-py312h395c83e_1.json","8434"
"C:\IOTEC\NUCLEO_CONSOLIDADO\DUPLICADOS\orchestrate_autoinvest_20251112T063343Z.json","8412"
"C:\IOTEC\MINERADORA_BRUTA\orchestrate_autoinvest_20251112T063343Z.json","8412"
"C:\IOTEC\NUCLEO_CONSOLIDADO\LABORATORIO\orchestrate_autoinvest_20251112T063343Z.json","8412"
"C:\IOTEC\NUCLEO_CONSOLIDADO\LABORATORIO\imageio-2.33.1-py312haa95532_0.json","8361"
"C:\IOTEC\MINERADORA_BRUTA\imageio-2.33.1-py312haa95532_0.json","8361"
"C:\IOTEC\NUCLEO_CONSOLIDADO\DUPLICADOS\imageio-2.33.1-py312haa95532_0.json","8361"
"C:\IOTEC\IOTEC_MISSIONS.json","8336"
"C:\IOTEC\NUCLEO_CONSOLIDADO\DUPLICADOS\intake-2.0.7-py312haa95532_0.json","8320"
"C:\IOTEC\MINERADORA_BRUTA\intake-2.0.7-py312haa95532_0.json","8320"
"C:\IOTEC\NUCLEO_CONSOLIDADO\LABORATORIO\intake-2.0.7-py312haa95532_0.json","8320"
"C:\IOTEC\NUCLEO_CONSOLIDADO\DUPLICADOS\seaborn-0.13.2-py312haa95532_0.json","8268"
"C:\IOTEC\MINERADORA_BRUTA\seaborn-0.13.2-py312haa95532_0.json","8268"
"C:\IOTEC\NUCLEO_CONSOLIDADO\LABORATORIO\seaborn-0.13.2-py312haa95532_0.json","8268"
"C:\IOTEC\database\iotec.db","8192"
"C:\IOTEC\NUCLEO_CONSOLIDADO\LABORATORIO\dask-expr-1.1.13-py312haa95532_0.json","8145"
"C:\IOTEC\MINERADORA_BRUTA\dask-expr-1.1.13-py312haa95532_0.json","8145"
"C:\IOTEC\NUCLEO_CONSOLIDADO\DUPLICADOS\dask-expr-1.1.13-py312haa95532_0.json","8145"
"C:\IOTEC\NUCLEO_CONSOLIDADO\LABORATORIO\ipykernel-6.28.0-py312haa95532_0.json","8144"
"C:\IOTEC\MINERADORA_BRUTA\ipykernel-6.28.0-py312haa95532_0.json","8144"
"C:\IOTEC\NUCLEO_CONSOLIDADO\DUPLICADOS\ipykernel-6.28.0-py312haa95532_0.json","8144"
"C:\IOTEC\MINERADORA_BRUTA\pywavelets-1.7.0-py312h827c3e9_0.json","8124"
"C:\IOTEC\NUCLEO_CONSOLIDADO\DUPLICADOS\pywavelets-1.7.0-py312h827c3e9_0.json","8124"
"C:\IOTEC\NUCLEO_CONSOLIDADO\LABORATORIO\pywavelets-1.7.0-py312h827c3e9_0.json","8124"
"C:\IOTEC\NUCLEO_CONSOLIDADO\LABORATORIO\simple_white.json","8114"
"C:\IOTEC\MINERADORA_BRUTA\simple_white.json","8114"
"C:\IOTEC\NUCLEO_CONSOLIDADO\DUPLICADOS\simple_white.json","8114"
"C:\IOTEC\MINERADORA_BRUTA\fsspec-2024.6.1-py312haa95532_0.json","8076"
"C:\IOTEC\NUCLEO_CONSOLIDADO\LABORATORIO\fsspec-2024.6.1-py312haa95532_0.json","8076"
"C:\IOTEC\NUCLEO_CONSOLIDADO\DUPLICADOS\fsspec-2024.6.1-py312haa95532_0.json","8076"
"C:\IOTEC\NUCLEO_CONSOLIDADO\DUPLICADOS\orchestrate_autoinvest_20251112T062935Z.json","8007"
"C:\IOTEC\MINERADORA_BRUTA\orchestrate_autoinvest_20251112T062935Z.json","8007"
"C:\IOTEC\NUCLEO_CONSOLIDADO\LABORATORIO\orchestrate_autoinvest_20251112T062935Z.json","8007"
"C:\IOTEC\NUCLEO_CONSOLIDADO\LABORATORIO\archspec-0.2.3-pyhd3eb1b0_0.json","7949"
"C:\IOTEC\MINERADORA_BRUTA\archspec-0.2.3-pyhd3eb1b0_0.json","7949"
"C:\IOTEC\NUCLEO_CONSOLIDADO\DUPLICADOS\archspec-0.2.3-pyhd3eb1b0_0.json","7949"
"C:\IOTEC\MINERADORA_BRUTA\core_map.json","7945"
"C:\IOTEC\NUCLEO_CONSOLIDADO\DUPLICADOS\core_map.json","7945"
"C:\IOTEC\NUCLEO_CONSOLIDADO\LABORATORIO\core_map.json","7945"
"C:\IOTEC\MINERADORA_BRUTA\convergence_summary.json","7919"
"C:\IOTEC\NUCLEO_CONSOLIDADO\DUPLICADOS\convergence_summary.json","7919"
"C:\IOTEC\NUCLEO_CONSOLIDADO\LABORATORIO\convergence_summary.json","7919"
"C:\IOTEC\NUCLEO_CONSOLIDADO\DUPLICADOS\yaml-cpp-0.8.0-hd77b12b_1.json","7914"
"C:\IOTEC\MINERADORA_BRUTA\yaml-cpp-0.8.0-hd77b12b_1.json","7914"
"C:\IOTEC\NUCLEO_CONSOLIDADO\LABORATORIO\yaml-cpp-0.8.0-hd77b12b_1.json","7914"
"C:\IOTEC\MINERADORA_BRUTA\navigator-updater-0.5.1-py312haa95532_0.json","7880"
"C:\IOTEC\NUCLEO_CONSOLIDADO\LABORATORIO\navigator-updater-0.5.1-py312haa95532_0.json","7880"
"C:\IOTEC\NUCLEO_CONSOLIDADO\DUPLICADOS\navigator-updater-0.5.1-py312haa95532_0.json","7880"
"C:\IOTEC\MINERADORA_BRUTA\spyder-kernels-2.5.0-py312haa95532_0.json","7818"
"C:\IOTEC\NUCLEO_CONSOLIDADO\LABORATORIO\spyder-kernels-2.5.0-py312haa95532_0.json","7818"
"C:\IOTEC\NUCLEO_CONSOLIDADO\DUPLICADOS\spyder-kernels-2.5.0-py312haa95532_0.json","7818"
"C:\IOTEC\NUCLEO_CONSOLIDADO\DUPLICADOS\gitdb-4.0.7-pyhd3eb1b0_0.json","7740"
"C:\IOTEC\MINERADORA_BRUTA\gitdb-4.0.7-pyhd3eb1b0_0.json","7740"
"C:\IOTEC\NUCLEO_CONSOLIDADO\LABORATORIO\gitdb-4.0.7-pyhd3eb1b0_0.json","7740"
"C:\IOTEC\NUCLEO_CONSOLIDADO\LABORATORIO\qtconsole-5.5.1-py312haa95532_0.json","7729"
"C:\IOTEC\MINERADORA_BRUTA\qtconsole-5.5.1-py312haa95532_0.json","7729"
"C:\IOTEC\NUCLEO_CONSOLIDADO\DUPLICADOS\qtconsole-5.5.1-py312haa95532_0.json","7729"
"C:\IOTEC\IOTEC_REALITY_EXECUTION_ENGINE.json","7699"
"C:\IOTEC\IOTEC_QUALIFIED_LEADS.json","7696"
"C:\IOTEC\IOTEC_ENTITY_DATABASE.json","7560"
"C:\IOTEC\IOTEC_REAL_COMPANIES.json","7479"
"C:\IOTEC\IOTEC_GOAL_EXECUTION_REPORT.json","7434"
"C:\IOTEC\IOTEC_COMPANY_MASTER.json","7375"
"C:\IOTEC\NUCLEO_CONSOLIDADO\DUPLICADOS\jupyter_client-8.6.0-py312haa95532_0.json","7350"
"C:\IOTEC\MINERADORA_BRUTA\jupyter_client-8.6.0-py312haa95532_0.json","7350"
"C:\IOTEC\NUCLEO_CONSOLIDADO\LABORATORIO\jupyter_client-8.6.0-py312haa95532_0.json","7350"
"C:\IOTEC\IOTEC_MASTER_TOPOLOGY.json","7301"
"C:\IOTEC\NUCLEO_CONSOLIDADO\DUPLICADOS\python-lsp-server-1.10.0-py312haa95532_0.json","7294"
"C:\IOTEC\MINERADORA_BRUTA\python-lsp-server-1.10.0-py312haa95532_0.json","7294"
"C:\IOTEC\NUCLEO_CONSOLIDADO\BACKEND\python-lsp-server-1.10.0-py312haa95532_0.json","7294"
"C:\IOTEC\black-diamond\node_modules\eslint\package.json","7274"
"C:\IOTEC\NUCLEO_CONSOLIDADO\DUPLICADOS\parso-0.8.3-pyhd3eb1b0_0.json","7259"
"C:\IOTEC\NUCLEO_CONSOLIDADO\LABORATORIO\parso-0.8.3-pyhd3eb1b0_0.json","7259"
"C:\IOTEC\MINERADORA_BRUTA\parso-0.8.3-pyhd3eb1b0_0.json","7259"
"C:\IOTEC\NUCLEO_CONSOLIDADO\LABORATORIO\nbformat-5.10.4-py312haa95532_0.json","7191"
"C:\IOTEC\NUCLEO_CONSOLIDADO\DUPLICADOS\nbformat-5.10.4-py312haa95532_0.json","7191"
"C:\IOTEC\MINERADORA_BRUTA\nbformat-5.10.4-py312haa95532_0.json","7191"
"C:\IOTEC\NUCLEO_CONSOLIDADO\DUPLICADOS\dill-0.3.8-py312haa95532_0.json","7111"
"C:\IOTEC\NUCLEO_CONSOLIDADO\LABORATORIO\dill-0.3.8-py312haa95532_0.json","7111"
"C:\IOTEC\MINERADORA_BRUTA\dill-0.3.8-py312haa95532_0.json","7111"
"C:\IOTEC\NUCLEO_CONSOLIDADO\LABORATORIO\chardet-4.0.0-py312haa95532_1003.json","7038"
"C:\IOTEC\MINERADORA_BRUTA\chardet-4.0.0-py312haa95532_1003.json","7038"
"C:\IOTEC\NUCLEO_CONSOLIDADO\DUPLICADOS\chardet-4.0.0-py312haa95532_1003.json","7038"
"C:\IOTEC\NUCLEO_CONSOLIDADO\LABORATORIO\black-24.8.0-py312haa95532_0.json","6972"
"C:\IOTEC\MINERADORA_BRUTA\black-24.8.0-py312haa95532_0.json","6972"
"C:\IOTEC\NUCLEO_CONSOLIDADO\DUPLICADOS\black-24.8.0-py312haa95532_0.json","6972"
"C:\IOTEC\NUCLEO_CONSOLIDADO\LABORATORIO\beautifulsoup4-4.12.3-py312haa95532_0.json","6940"
"C:\IOTEC\MINERADORA_BRUTA\beautifulsoup4-4.12.3-py312haa95532_0.json","6940"
"C:\IOTEC\NUCLEO_CONSOLIDADO\DUPLICADOS\beautifulsoup4-4.12.3-py312haa95532_0.json","6940"
"C:\IOTEC\MINERADORA_BRUTA\SNAP-23062339DF.json","6920"
"C:\IOTEC\NUCLEO_CONSOLIDADO\LABORATORIO\SNAP-23062339DF.json","6920"
"C:\IOTEC\NUCLEO_CONSOLIDADO\DUPLICADOS\SNAP-23062339DF.json","6920"
"C:\IOTEC\MINERADORA_BRUTA\isort-5.13.2-py312haa95532_0.json","6906"
"C:\IOTEC\NUCLEO_CONSOLIDADO\LABORATORIO\isort-5.13.2-py312haa95532_0.json","6906"
"C:\IOTEC\NUCLEO_CONSOLIDADO\DUPLICADOS\isort-5.13.2-py312haa95532_0.json","6906"
"C:\IOTEC\MINERADORA_BRUTA\plotly_dark.json","6898"
"C:\IOTEC\NUCLEO_CONSOLIDADO\DUPLICADOS\plotly_dark.json","6898"
"C:\IOTEC\NUCLEO_CONSOLIDADO\LABORATORIO\plotly_dark.json","6898"
"C:\IOTEC\NUCLEO_CONSOLIDADO\LABORATORIO\requests-toolbelt-1.0.0-py312haa95532_0.json","6802"
"C:\IOTEC\MINERADORA_BRUTA\requests-toolbelt-1.0.0-py312haa95532_0.json","6802"
"C:\IOTEC\NUCLEO_CONSOLIDADO\DUPLICADOS\requests-toolbelt-1.0.0-py312haa95532_0.json","6802"
"C:\IOTEC\MINERADORA_BRUTA\last_session.json","6784"
"C:\IOTEC\NUCLEO_CONSOLIDADO\LABORATORIO\last_session.json","6784"
"C:\IOTEC\NUCLEO_CONSOLIDADO\DUPLICADOS\resolution_output.json","6784"
"C:\IOTEC\NUCLEO_CONSOLIDADO\DUPLICADOS\last_session.json","6784"
"C:\IOTEC\MINERADORA_BRUTA\resolution_output.json","6784"
"C:\IOTEC\NUCLEO_CONSOLIDADO\DUPLICADOS\llvmlite-0.43.0-py312hf2fb9eb_0.json","6678"
"C:\IOTEC\MINERADORA_BRUTA\llvmlite-0.43.0-py312hf2fb9eb_0.json","6678"
"C:\IOTEC\NUCLEO_CONSOLIDADO\LABORATORIO\llvmlite-0.43.0-py312hf2fb9eb_0.json","6678"
"C:\IOTEC\NUCLEO_CONSOLIDADO\DUPLICADOS\plotly_white.json","6667"
"C:\IOTEC\MINERADORA_BRUTA\plotly_white.json","6667"
"C:\IOTEC\NUCLEO_CONSOLIDADO\LABORATORIO\plotly_white.json","6667"
"C:\IOTEC\NUCLEO_CONSOLIDADO\LABORATORIO\jsonschema-4.23.0-py312haa95532_0.json","6652"
"C:\IOTEC\MINERADORA_BRUTA\jsonschema-4.23.0-py312haa95532_0.json","6652"
"C:\IOTEC\NUCLEO_CONSOLIDADO\DUPLICADOS\jsonschema-4.23.0-py312haa95532_0.json","6652"
"C:\IOTEC\IOTEC_CRM_DATABASE.json","6629"
"C:\IOTEC\NUCLEO_CONSOLIDADO\DUPLICADOS\plotly.json","6621"
"C:\IOTEC\NUCLEO_CONSOLIDADO\LABORATORIO\plotly.json","6621"
"C:\IOTEC\MINERADORA_BRUTA\plotly.json","6621"
"C:\IOTEC\MINERADORA_BRUTA\libarchive-3.7.4-h9243413_0.json","6608"
"C:\IOTEC\NUCLEO_CONSOLIDADO\DUPLICADOS\resultado_ecossistema_20260401_114812.json","6503"
"C:\IOTEC\NUCLEO_CONSOLIDADO\LABORATORIO\resultado_ecossistema_20260401_090732.json","6503"
"C:\IOTEC\MINERADORA_BRUTA\resultado_ecossistema_20260401_090732.json","6503"
"C:\IOTEC\NUCLEO_CONSOLIDADO\DUPLICADOS\resultado_ecossistema_20260401_090732.json","6503"
"C:\IOTEC\MINERADORA_BRUTA\resultado_ecossistema_20260401_114812.json","6503"
"C:\IOTEC\NUCLEO_CONSOLIDADO\LABORATORIO\resultado_ecossistema_20260401_114812.json","6503"
"C:\IOTEC\MINERADORA_BRUTA\resultado_ecossistema_20260401_120454.json","6496"
"C:\IOTEC\NUCLEO_CONSOLIDADO\DUPLICADOS\resultado_ecossistema_20260401_120454.json","6496"
"C:\IOTEC\NUCLEO_CONSOLIDADO\LABORATORIO\resultado_ecossistema_20260401_120454.json","6496"
"C:\IOTEC\IOTEC_COMPANY_DATABASE.json","6454"
"C:\IOTEC\NUCLEO_CONSOLIDADO\LABORATORIO\resultado_ecossistema_20260401_142401.json","6442"
"C:\IOTEC\MINERADORA_BRUTA\pywin32-ctypes-0.2.2-py312haa95532_0.json","6442"
"C:\IOTEC\NUCLEO_CONSOLIDADO\LABORATORIO\pywin32-ctypes-0.2.2-py312haa95532_0.json","6442"
"C:\IOTEC\NUCLEO_CONSOLIDADO\DUPLICADOS\pywin32-ctypes-0.2.2-py312haa95532_0.json","6442"
"C:\IOTEC\NUCLEO_CONSOLIDADO\DUPLICADOS\resultado_ecossistema_20260401_142401.json","6442"
"C:\IOTEC\MINERADORA_BRUTA\resultado_ecossistema_20260401_142401.json","6442"
"C:\IOTEC\MINERADORA_BRUTA\pydeck-0.8.0-py312haa95532_2.json","6436"
"C:\IOTEC\NUCLEO_CONSOLIDADO\LABORATORIO\pydeck-0.8.0-py312haa95532_2.json","6436"
"C:\IOTEC\NUCLEO_CONSOLIDADO\DUPLICADOS\pydeck-0.8.0-py312haa95532_2.json","6436"
"C:\IOTEC\MINERADORA_BRUTA\urllib3-2.2.3-py312haa95532_0.json","6395"
"C:\IOTEC\MINERADORA_BRUTA\mdit-py-plugins-0.3.0-py312haa95532_0.json","6364"
"C:\IOTEC\NUCLEO_CONSOLIDADO\DUPLICADOS\mdit-py-plugins-0.3.0-py312haa95532_0.json","6364"
"C:\IOTEC\NUCLEO_CONSOLIDADO\LABORATORIO\mdit-py-plugins-0.3.0-py312haa95532_0.json","6364"
"C:\IOTEC\IOTEC_VERIFIED_COMPANIES.json","6363"
"C:\IOTEC\MINERADORA_BRUTA\ipython_genutils-0.2.0-pyhd3eb1b0_1.json","6317"
"C:\IOTEC\NUCLEO_CONSOLIDADO\DUPLICADOS\ipython_genutils-0.2.0-pyhd3eb1b0_1.json","6317"
"C:\IOTEC\NUCLEO_CONSOLIDADO\LABORATORIO\ipython_genutils-0.2.0-pyhd3eb1b0_1.json","6317"
"C:\IOTEC\NUCLEO_CONSOLIDADO\LABORATORIO\anyio-4.2.0-py312haa95532_0.json","6277"
"C:\IOTEC\MINERADORA_BRUTA\anyio-4.2.0-py312haa95532_0.json","6277"
"C:\IOTEC\NUCLEO_CONSOLIDADO\DUPLICADOS\anyio-4.2.0-py312haa95532_0.json","6277"
"C:\IOTEC\NUCLEO_CONSOLIDADO\DUPLICADOS\ggplot2.json","6271"
"C:\IOTEC\MINERADORA_BRUTA\ggplot2.json","6271"
"C:\IOTEC\NUCLEO_CONSOLIDADO\LABORATORIO\ggplot2.json","6271"
"C:\IOTEC\MINERADORA_BRUTA\libmamba-1.5.8-h99b1521_3.json","6255"
"C:\IOTEC\IOTEC_WORKFORCE_QUEUE.json","6248"
"C:\IOTEC\NUCLEO_CONSOLIDADO\BACKEND\jupyterlab_server-2.27.3-py312haa95532_0.json","6225"
"C:\IOTEC\NUCLEO_CONSOLIDADO\DUPLICADOS\jupyterlab_server-2.27.3-py312haa95532_0.json","6225"
"C:\IOTEC\MINERADORA_BRUTA\jupyterlab_server-2.27.3-py312haa95532_0.json","6225"
"C:\IOTEC\NUCLEO_CONSOLIDADO\DUPLICADOS\vs2015_runtime-14.40.33807-h98bb1dd_1.json","6216"
"C:\IOTEC\NUCLEO_CONSOLIDADO\LABORATORIO\vs2015_runtime-14.40.33807-h98bb1dd_1.json","6216"
"C:\IOTEC\MINERADORA_BRUTA\vs2015_runtime-14.40.33807-h98bb1dd_1.json","6216"
"C:\IOTEC\NUCLEO_CONSOLIDADO\LABORATORIO\raiox_20260401_194924.json","6192"
"C:\IOTEC\MINERADORA_BRUTA\raiox_20260401_194924.json","6192"
"C:\IOTEC\NUCLEO_CONSOLIDADO\DUPLICADOS\raiox_20260401_194924.json","6192"
"C:\IOTEC\IOTEC_SALES_EXPERIENCE_CORE.json","6180"
"C:\IOTEC\IOTEC_OPENSTREETMAP_RESULTS.json","6159"
"C:\IOTEC\NUCLEO_CONSOLIDADO\LABORATORIO\jupyterlab_widgets-1.0.0-pyhd3eb1b0_1.json","6121"
"C:\IOTEC\MINERADORA_BRUTA\jupyterlab_widgets-1.0.0-pyhd3eb1b0_1.json","6121"
"C:\IOTEC\NUCLEO_CONSOLIDADO\DUPLICADOS\jupyterlab_widgets-1.0.0-pyhd3eb1b0_1.json","6121"
"C:\IOTEC\black-diamond\node_modules\@types\react\package.json","6109"
"C:\IOTEC\NUCLEO_CONSOLIDADO\DUPLICADOS\resolution_history.json","6105"
"C:\IOTEC\MINERADORA_BRUTA\resolution_history.json","6105"
"C:\IOTEC\NUCLEO_CONSOLIDADO\LABORATORIO\resolution_history.json","6105"
"C:\IOTEC\NUCLEO_CONSOLIDADO\DUPLICADOS\markdown-3.4.1-py312haa95532_0.json","6084"
"C:\IOTEC\MINERADORA_BRUTA\markdown-3.4.1-py312haa95532_0.json","6084"
"C:\IOTEC\NUCLEO_CONSOLIDADO\LABORATORIO\markdown-3.4.1-py312haa95532_0.json","6084"
"C:\IOTEC\NUCLEO_CONSOLIDADO\LABORATORIO\reportagem_integrada_projac_2026-03-29_19-46-44.json","6074"
"C:\IOTEC\MINERADORA_BRUTA\reportagem_integrada_projac_2026-03-29_19-46-44.json","6074"
"C:\IOTEC\NUCLEO_CONSOLIDADO\DUPLICADOS\reportagem_integrada_projac_2026-03-29_19-46-44.json","6074"
"C:\IOTEC\NUCLEO_CONSOLIDADO\LABORATORIO\cytoolz-0.12.2-py312h2bbff1b_0.json","6026"
"C:\IOTEC\MINERADORA_BRUTA\cytoolz-0.12.2-py312h2bbff1b_0.json","6026"
"C:\IOTEC\NUCLEO_CONSOLIDADO\DUPLICADOS\cytoolz-0.12.2-py312h2bbff1b_0.json","6026"
"C:\IOTEC\NUCLEO_CONSOLIDADO\LABORATORIO\pycparser-2.21-pyhd3eb1b0_0.json","6025"
"C:\IOTEC\MINERADORA_BRUTA\pycparser-2.21-pyhd3eb1b0_0.json","6025"
"C:\IOTEC\NUCLEO_CONSOLIDADO\DUPLICADOS\pycparser-2.21-pyhd3eb1b0_0.json","6025"
"C:\IOTEC\NUCLEO_CONSOLIDADO\DUPLICADOS\relatorio_publicidade.json","6016"
"C:\IOTEC\MINERADORA_BRUTA\relatorio_publicidade.json","6016"
"C:\IOTEC\NUCLEO_CONSOLIDADO\LABORATORIO\relatorio_publicidade.json","6016"
"C:\IOTEC\IOTEC_SALES_LANGUAGE.json","5976"
"C:\IOTEC\reports\platform_graph.json","5966"
"C:\IOTEC\MINERADORA_BRUTA\sim_summary_1761819858.json","5952"
"C:\IOTEC\NUCLEO_CONSOLIDADO\DUPLICADOS\sim_summary_1761819858.json","5952"
"C:\IOTEC\NUCLEO_CONSOLIDADO\LABORATORIO\sim_summary_1761819858.json","5952"
"C:\IOTEC\NUCLEO_CONSOLIDADO\DUPLICADOS\VITRINE_PRODUTOS.json","5928"
"C:\IOTEC\NUCLEO_CONSOLIDADO\LABORATORIO\VITRINE_PRODUTOS.json","5928"
"C:\IOTEC\MINERADORA_BRUTA\VITRINE_PRODUTOS.json","5928"
"C:\IOTEC\NUCLEO_CONSOLIDADO\DUPLICADOS\gitpython-3.1.43-py312haa95532_0.json","5924"
"C:\IOTEC\MINERADORA_BRUTA\gitpython-3.1.43-py312haa95532_0.json","5924"
"C:\IOTEC\NUCLEO_CONSOLIDADO\LABORATORIO\gitpython-3.1.43-py312haa95532_0.json","5924"
"C:\IOTEC\NUCLEO_CONSOLIDADO\LABORATORIO\classificacao_aurora.json","5888"
"C:\IOTEC\NUCLEO_CONSOLIDADO\DUPLICADOS\classificacao_aurora.json","5888"
"C:\IOTEC\MINERADORA_BRUTA\classificacao_aurora.json","5888"
"C:\IOTEC\MINERADORA_BRUTA\altair-5.0.1-py312haa95532_0.json","5878"
"C:\IOTEC\NUCLEO_CONSOLIDADO\LABORATORIO\altair-5.0.1-py312haa95532_0.json","5878"
"C:\IOTEC\NUCLEO_CONSOLIDADO\DUPLICADOS\altair-5.0.1-py312haa95532_0.json","5878"
"C:\IOTEC\NUCLEO_CONSOLIDADO\LABORATORIO\ultimo_relatorio_recomendacao.json","5858"
"C:\IOTEC\MINERADORA_BRUTA\ultimo_relatorio_recomendacao.json","5858"
"C:\IOTEC\NUCLEO_CONSOLIDADO\DUPLICADOS\ultimo_relatorio_recomendacao.json","5858"
"C:\IOTEC\MINERADORA_BRUTA\bottleneck-1.3.7-py312he558020_0.json","5849"
"C:\IOTEC\NUCLEO_CONSOLIDADO\LABORATORIO\bottleneck-1.3.7-py312he558020_0.json","5849"
"C:\IOTEC\NUCLEO_CONSOLIDADO\DUPLICADOS\bottleneck-1.3.7-py312he558020_0.json","5849"
"C:\IOTEC\MINERADORA_BRUTA\flake8-7.0.0-py312haa95532_0.json","5844"
"C:\IOTEC\NUCLEO_CONSOLIDADO\DUPLICADOS\flake8-7.0.0-py312haa95532_0.json","5844"
"C:\IOTEC\NUCLEO_CONSOLIDADO\LABORATORIO\flake8-7.0.0-py312haa95532_0.json","5844"
"C:\IOTEC\state\seal_registry.json","5806"
"C:\IOTEC\NUCLEO_CONSOLIDADO\LABORATORIO\seal_registry.json","5806"
"C:\IOTEC\NUCLEO_CONSOLIDADO\DUPLICADOS\aioitertools-0.7.1-pyhd3eb1b0_0.json","5786"
"C:\IOTEC\MINERADORA_BRUTA\aioitertools-0.7.1-pyhd3eb1b0_0.json","5786"
"C:\IOTEC\NUCLEO_CONSOLIDADO\LABORATORIO\aioitertools-0.7.1-pyhd3eb1b0_0.json","5786"
"C:\IOTEC\NUCLEO_CONSOLIDADO\DUPLICADOS\aiobotocore-2.12.3-py312haa95532_0.json","5728"
"C:\IOTEC\NUCLEO_CONSOLIDADO\LABORATORIO\aiobotocore-2.12.3-py312haa95532_0.json","5728"
"C:\IOTEC\MINERADORA_BRUTA\aiobotocore-2.12.3-py312haa95532_0.json","5728"
"C:\IOTEC\MINERADORA_BRUTA\regulus_vip_state.json","5688"
"C:\IOTEC\NUCLEO_CONSOLIDADO\LABORATORIO\regulus_vip_state.json","5688"
"C:\IOTEC\NUCLEO_CONSOLIDADO\DUPLICADOS\regulus_vip_state.json","5688"
"C:\IOTEC\black-diamond\node_modules\rolldown\package.json","5685"
"C:\IOTEC\vite-project\node_modules\rolldown\package.json","5685"
"C:\IOTEC\NUCLEO_CONSOLIDADO\LABORATORIO\httpcore-1.0.2-py312haa95532_0.json","5610"
"C:\IOTEC\MINERADORA_BRUTA\httpcore-1.0.2-py312haa95532_0.json","5610"
"C:\IOTEC\NUCLEO_CONSOLIDADO\DUPLICADOS\httpcore-1.0.2-py312haa95532_0.json","5610"
"C:\IOTEC\NUCLEO_CONSOLIDADO\LABORATORIO\aws-c-common-0.8.5-h2bbff1b_0.json","5588"
"C:\IOTEC\MINERADORA_BRUTA\aws-c-common-0.8.5-h2bbff1b_0.json","5588"
"C:\IOTEC\NUCLEO_CONSOLIDADO\DUPLICADOS\aws-c-common-0.8.5-h2bbff1b_0.json","5588"
"C:\IOTEC\NUCLEO_CONSOLIDADO\DUPLICADOS\pynacl-1.5.0-py312h8cc25b3_0.json","5497"
"C:\IOTEC\NUCLEO_CONSOLIDADO\LABORATORIO\textdistance-4.2.1-pyhd3eb1b0_0.json","5497"
"C:\IOTEC\MINERADORA_BRUTA\pynacl-1.5.0-py312h8cc25b3_0.json","5497"
"C:\IOTEC\MINERADORA_BRUTA\textdistance-4.2.1-pyhd3eb1b0_0.json","5497"
"C:\IOTEC\NUCLEO_CONSOLIDADO\DUPLICADOS\textdistance-4.2.1-pyhd3eb1b0_0.json","5497"
"C:\IOTEC\NUCLEO_CONSOLIDADO\LABORATORIO\pynacl-1.5.0-py312h8cc25b3_0.json","5497"
"C:\IOTEC\NUCLEO_CONSOLIDADO\DUPLICADOS\menuinst-2.1.2-py312h5da7b33_0.json","5486"
"C:\IOTEC\NUCLEO_CONSOLIDADO\LABORATORIO\menuinst-2.1.2-py312h5da7b33_0.json","5486"
"C:\IOTEC\MINERADORA_BRUTA\menuinst-2.1.2-py312h5da7b33_0.json","5486"
"C:\IOTEC\NUCLEO_CONSOLIDADO\LABORATORIO\ruamel.yaml-0.18.6-py312h827c3e9_0.json","5469"
"C:\IOTEC\MINERADORA_BRUTA\ruamel.yaml-0.18.6-py312h827c3e9_0.json","5469"
"C:\IOTEC\NUCLEO_CONSOLIDADO\DUPLICADOS\ruamel.yaml-0.18.6-py312h827c3e9_0.json","5469"
"C:\IOTEC\NUCLEO_CONSOLIDADO\LABORATORIO\prometheus_client-0.14.1-py312haa95532_0.json","5443"
"C:\IOTEC\NUCLEO_CONSOLIDADO\DUPLICADOS\prometheus_client-0.14.1-py312haa95532_0.json","5443"
"C:\IOTEC\MINERADORA_BRUTA\prometheus_client-0.14.1-py312haa95532_0.json","5443"
"C:\IOTEC\NUCLEO_CONSOLIDADO\DUPLICADOS\keyring-24.3.1-py312haa95532_0.json","5429"
"C:\IOTEC\MINERADORA_BRUTA\keyring-24.3.1-py312haa95532_0.json","5429"
"C:\IOTEC\NUCLEO_CONSOLIDADO\LABORATORIO\keyring-24.3.1-py312haa95532_0.json","5429"
"C:\IOTEC\NUCLEO_CONSOLIDADO\DUPLICADOS\reparado_audit_report.json","5422"
"C:\IOTEC\NUCLEO_CONSOLIDADO\LABORATORIO\reparado_audit_report.json","5422"
"C:\IOTEC\MINERADORA_BRUTA\reparado_audit_report.json","5422"
"C:\IOTEC\NUCLEO_CONSOLIDADO\LABORATORIO\charset-normalizer-3.3.2-pyhd3eb1b0_0.json","5408"
"C:\IOTEC\NUCLEO_CONSOLIDADO\DUPLICADOS\charset-normalizer-3.3.2-pyhd3eb1b0_0.json","5408"
"C:\IOTEC\MINERADORA_BRUTA\charset-normalizer-3.3.2-pyhd3eb1b0_0.json","5408"
"C:\IOTEC\MINERADORA_BRUTA\libevent-2.1.12-h56d1f94_1.json","5404"
"C:\IOTEC\NUCLEO_CONSOLIDADO\DUPLICADOS\tqdm-4.66.5-py312hfc267ef_0.json","5372"
"C:\IOTEC\NUCLEO_CONSOLIDADO\LABORATORIO\tqdm-4.66.5-py312hfc267ef_0.json","5372"
"C:\IOTEC\MINERADORA_BRUTA\tqdm-4.66.5-py312hfc267ef_0.json","5372"
"C:\IOTEC\IOTEC_CAPABILITY_POWER_REPORT.json","5356"
"C:\IOTEC\NUCLEO_CONSOLIDADO\LABORATORIO\catalogo_backup_2026-03-24_08-27-11.json","5331"
"C:\IOTEC\NUCLEO_CONSOLIDADO\DUPLICADOS\catalogo_backup_2026-03-24_08-27-11.json","5331"
"C:\IOTEC\MINERADORA_BRUTA\catalogo_backup_2026-03-24_08-27-11.json","5331"
"C:\IOTEC\NUCLEO_CONSOLIDADO\LABORATORIO\pexpect-4.8.0-pyhd3eb1b0_3.json","5327"
"C:\IOTEC\NUCLEO_CONSOLIDADO\DUPLICADOS\pexpect-4.8.0-pyhd3eb1b0_3.json","5327"
"C:\IOTEC\MINERADORA_BRUTA\pexpect-4.8.0-pyhd3eb1b0_3.json","5327"
"C:\IOTEC\MINERADORA_BRUTA\hyperlink-21.0.0-pyhd3eb1b0_0.json","5307"
"C:\IOTEC\NUCLEO_CONSOLIDADO\DUPLICADOS\hyperlink-21.0.0-pyhd3eb1b0_0.json","5307"
"C:\IOTEC\NUCLEO_CONSOLIDADO\LABORATORIO\hyperlink-21.0.0-pyhd3eb1b0_0.json","5307"
"C:\IOTEC\NUCLEO_CONSOLIDADO\DUPLICADOS\c-ares-1.19.1-h2bbff1b_0.json","5268"
"C:\IOTEC\MINERADORA_BRUTA\c-ares-1.19.1-h2bbff1b_0.json","5268"
"C:\IOTEC\NUCLEO_CONSOLIDADO\LABORATORIO\c-ares-1.19.1-h2bbff1b_0.json","5268"
"C:\IOTEC\MINERADORA_BRUTA\toolz-0.12.0-py312haa95532_0.json","5263"
"C:\IOTEC\NUCLEO_CONSOLIDADO\LABORATORIO\toolz-0.12.0-py312haa95532_0.json","5263"
"C:\IOTEC\NUCLEO_CONSOLIDADO\DUPLICADOS\toolz-0.12.0-py312haa95532_0.json","5263"
"C:\IOTEC\MINERADORA_BRUTA\watchdog-4.0.1-py312haa95532_0.json","5260"
"C:\IOTEC\NUCLEO_CONSOLIDADO\LABORATORIO\watchdog-4.0.1-py312haa95532_0.json","5260"
"C:\IOTEC\NUCLEO_CONSOLIDADO\DUPLICADOS\watchdog-4.0.1-py312haa95532_0.json","5260"
"C:\IOTEC\MINERADORA_BRUTA\ruamel_yaml-0.17.21-py312h2bbff1b_0.json","5220"
"C:\IOTEC\NUCLEO_CONSOLIDADO\DUPLICADOS\ruamel_yaml-0.17.21-py312h2bbff1b_0.json","5220"
"C:\IOTEC\NUCLEO_CONSOLIDADO\LABORATORIO\ruamel_yaml-0.17.21-py312h2bbff1b_0.json","5220"
"C:\IOTEC\NUCLEO_CONSOLIDADO\DUPLICADOS\wheel-0.44.0-py312haa95532_0.json","5196"
"C:\IOTEC\MINERADORA_BRUTA\wheel-0.44.0-py312haa95532_0.json","5196"
"C:\IOTEC\NUCLEO_CONSOLIDADO\LABORATORIO\wheel-0.44.0-py312haa95532_0.json","5196"
"C:\IOTEC\MINERADORA_BRUTA\psutil-5.9.0-py312h2bbff1b_0.json","5176"
"C:\IOTEC\NUCLEO_CONSOLIDADO\DUPLICADOS\psutil-5.9.0-py312h2bbff1b_0.json","5176"
"C:\IOTEC\NUCLEO_CONSOLIDADO\LABORATORIO\psutil-5.9.0-py312h2bbff1b_0.json","5176"
"C:\IOTEC\NUCLEO_CONSOLIDADO\LABORATORIO\catalogo_produtos.json","5169"
"C:\IOTEC\MINERADORA_BRUTA\catalogo_produtos.json","5169"
"C:\IOTEC\MINERADORA_BRUTA\events.json","5154"
"C:\IOTEC\NUCLEO_CONSOLIDADO\LABORATORIO\events.json","5154"
"C:\IOTEC\NUCLEO_CONSOLIDADO\DUPLICADOS\events.json","5154"
"C:\IOTEC\NUCLEO_CONSOLIDADO\LABORATORIO\nbclient-0.8.0-py312haa95532_0.json","5147"
"C:\IOTEC\NUCLEO_CONSOLIDADO\DUPLICADOS\nbclient-0.8.0-py312haa95532_0.json","5147"
"C:\IOTEC\MINERADORA_BRUTA\nbclient-0.8.0-py312haa95532_0.json","5147"
"C:\IOTEC\MINERADORA_BRUTA\produto.json","5123"
"C:\IOTEC\NUCLEO_CONSOLIDADO\LABORATORIO\produto.json","5123"
"C:\IOTEC\NUCLEO_CONSOLIDADO\DUPLICADOS\produto.json","5123"
"C:\IOTEC\NUCLEO_CONSOLIDADO\DUPLICADOS\boltons-23.0.0-py312haa95532_0.json","5121"
"C:\IOTEC\MINERADORA_BRUTA\boltons-23.0.0-py312haa95532_0.json","5121"
"C:\IOTEC\NUCLEO_CONSOLIDADO\LABORATORIO\boltons-23.0.0-py312haa95532_0.json","5121"
"C:\IOTEC\NUCLEO_CONSOLIDADO\LABORATORIO\catalogo_backup_2026-03-24_08-33-46.json","5104"
"C:\IOTEC\MINERADORA_BRUTA\catalogo_backup_2026-03-24_08-33-46.json","5104"
"C:\IOTEC\NUCLEO_CONSOLIDADO\DUPLICADOS\catalogo_backup_2026-03-24_08-33-46.json","5104"
"C:\IOTEC\NUCLEO_CONSOLIDADO\DUPLICADOS\patsy-0.5.6-py312haa95532_0.json","5067"
"C:\IOTEC\NUCLEO_CONSOLIDADO\LABORATORIO\patsy-0.5.6-py312haa95532_0.json","5067"
"C:\IOTEC\MINERADORA_BRUTA\patsy-0.5.6-py312haa95532_0.json","5067"
"C:\IOTEC\MINERADORA_BRUTA\libsodium-1.0.18-h62dcd97_0.json","5059"
"C:\IOTEC\NUCLEO_CONSOLIDADO\DUPLICADOS\audit_report.json","5042"
"C:\IOTEC\MINERADORA_BRUTA\audit_report.json","5042"
"C:\IOTEC\NUCLEO_CONSOLIDADO\LABORATORIO\audit_report.json","5042"
"C:\IOTEC\IOTEC_EXECUTION_QUEUE.json","5040"
"C:\IOTEC\MINERADORA_BRUTA\automat-20.2.0-py_0.json","5040"
"C:\IOTEC\NUCLEO_CONSOLIDADO\DUPLICADOS\automat-20.2.0-py_0.json","5040"
"C:\IOTEC\NUCLEO_CONSOLIDADO\LABORATORIO\automat-20.2.0-py_0.json","5040"
"C:\IOTEC\black-diamond\node_modules\vite\package.json","5005"
"C:\IOTEC\vite-project\node_modules\vite\package.json","5005"
"C:\IOTEC\MINERADORA_BRUTA\conda-libmamba-solver-24.9.0-pyhd3eb1b0_0.json","4935"
"C:\IOTEC\MINERADORA_BRUTA\libwebp-base-1.3.2-h2bbff1b_0.json","4905"
"C:\IOTEC\NUCLEO_CONSOLIDADO\LABORATORIO\zfp-1.0.0-hd77b12b_0.json","4904"
"C:\IOTEC\MINERADORA_BRUTA\zfp-1.0.0-hd77b12b_0.json","4904"
"C:\IOTEC\NUCLEO_CONSOLIDADO\DUPLICADOS\zfp-1.0.0-hd77b12b_0.json","4904"
"C:\IOTEC\MINERADORA_BRUTA\precheck_nucleo.json","4886"
"C:\IOTEC\NUCLEO_CONSOLIDADO\DUPLICADOS\precheck_nucleo.json","4886"
"C:\IOTEC\NUCLEO_CONSOLIDADO\LABORATORIO\precheck_nucleo.json","4886"
"C:\IOTEC\black-diamond\node_modules\ajv\lib\refs\json-schema-draft-07.json","4879"
"C:\IOTEC\NUCLEO_CONSOLIDADO\DUPLICADOS\filtered_inputs_snapshot.json","4861"
"C:\IOTEC\NUCLEO_CONSOLIDADO\LABORATORIO\filtered_inputs_snapshot.json","4861"
"C:\IOTEC\MINERADORA_BRUTA\filtered_inputs_snapshot.json","4861"
"C:\IOTEC\MINERADORA_BRUTA\metaschema.json","4819"
"C:\IOTEC\NUCLEO_CONSOLIDADO\DUPLICADOS\metaschema.json","4819"
"C:\IOTEC\NUCLEO_CONSOLIDADO\LABORATORIO\metaschema.json","4819"
"C:\IOTEC\MINERADORA_BRUTA\websocket-client-1.8.0-py312haa95532_0.json","4809"
"C:\IOTEC\NUCLEO_CONSOLIDADO\LABORATORIO\websocket-client-1.8.0-py312haa95532_0.json","4809"
"C:\IOTEC\NUCLEO_CONSOLIDADO\DUPLICADOS\websocket-client-1.8.0-py312haa95532_0.json","4809"
"C:\IOTEC\MINERADORA_BRUTA\traitlets-5.14.3-py312haa95532_0.json","4786"
"C:\IOTEC\NUCLEO_CONSOLIDADO\DUPLICADOS\traitlets-5.14.3-py312haa95532_0.json","4786"
"C:\IOTEC\NUCLEO_CONSOLIDADO\LABORATORIO\traitlets-5.14.3-py312haa95532_0.json","4786"
"C:\IOTEC\black-diamond\node_modules\jiti\package.json","4784"
"C:\IOTEC\node_modules\jiti\package.json","4784"
"C:\IOTEC\MINERADORA_BRUTA\problems.json","4741"
"C:\IOTEC\NUCLEO_CONSOLIDADO\LABORATORIO\problems.json","4741"
"C:\IOTEC\NUCLEO_CONSOLIDADO\DUPLICADOS\problems.json","4741"
"C:\IOTEC\black-diamond\node_modules\@babel\compat-data\data\plugin-bugfixes.json","4733"
"C:\IOTEC\node_modules\framer-motion\package.json","4716"
"C:\IOTEC\NUCLEO_CONSOLIDADO\LABORATORIO\pkginfo-1.10.0-py312haa95532_0.json","4704"
"C:\IOTEC\MINERADORA_BRUTA\pkginfo-1.10.0-py312haa95532_0.json","4704"
"C:\IOTEC\NUCLEO_CONSOLIDADO\DUPLICADOS\pkginfo-1.10.0-py312haa95532_0.json","4704"
"C:\IOTEC\NUCLEO_CONSOLIDADO\LABORATORIO\httpx-0.27.0-py312haa95532_0.json","4696"
"C:\IOTEC\MINERADORA_BRUTA\httpx-0.27.0-py312haa95532_0.json","4696"
"C:\IOTEC\NUCLEO_CONSOLIDADO\DUPLICADOS\httpx-0.27.0-py312haa95532_0.json","4696"
"C:\IOTEC\NUCLEO_CONSOLIDADO\DUPLICADOS\dossie_regulus_13df95cb-5209-4ed0-bc6d-2c80722405d3.json","4671"
"C:\IOTEC\MINERADORA_BRUTA\dossie_regulus_0faefe88-1179-4eee-bccc-6f1c9061e726.json","4671"
"C:\IOTEC\NUCLEO_CONSOLIDADO\LABORATORIO\dossie_regulus_0faefe88-1179-4eee-bccc-6f1c9061e726.json","4671"
"C:\IOTEC\NUCLEO_CONSOLIDADO\LABORATORIO\dossie_regulus_2af89b91-02d9-4a3e-9d6f-1c76b9b59aa2.json","4671"
"C:\IOTEC\NUCLEO_CONSOLIDADO\LABORATORIO\dossie_regulus_13df95cb-5209-4ed0-bc6d-2c80722405d3.json","4671"
"C:\IOTEC\MINERADORA_BRUTA\dossie_regulus_2af89b91-02d9-4a3e-9d6f-1c76b9b59aa2.json","4671"
"C:\IOTEC\NUCLEO_CONSOLIDADO\DUPLICADOS\dossie_regulus_2af89b91-02d9-4a3e-9d6f-1c76b9b59aa2.json","4671"
"C:\IOTEC\NUCLEO_CONSOLIDADO\DUPLICADOS\dossie_regulus_0faefe88-1179-4eee-bccc-6f1c9061e726.json","4671"
"C:\IOTEC\MINERADORA_BRUTA\dossie_regulus_13df95cb-5209-4ed0-bc6d-2c80722405d3.json","4671"
"C:\IOTEC\NUCLEO_CONSOLIDADO\DUPLICADOS\zict-3.0.0-py312haa95532_0.json","4621"
"C:\IOTEC\NUCLEO_CONSOLIDADO\LABORATORIO\zict-3.0.0-py312haa95532_0.json","4621"
"C:\IOTEC\MINERADORA_BRUTA\zict-3.0.0-py312haa95532_0.json","4621"
"C:\IOTEC\IOTEC_EXECUTION_CORE.json","4585"
"C:\IOTEC\NUCLEO_CONSOLIDADO\DUPLICADOS\flask-3.0.3-py312haa95532_0.json","4540"
"C:\IOTEC\MINERADORA_BRUTA\flask-3.0.3-py312haa95532_0.json","4540"
"C:\IOTEC\NUCLEO_CONSOLIDADO\LABORATORIO\flask-3.0.3-py312haa95532_0.json","4540"
"C:\IOTEC\MINERADORA_BRUTA\pyqtwebengine-5.15.10-py312hd77b12b_0.json","4536"
"C:\IOTEC\NUCLEO_CONSOLIDADO\DUPLICADOS\pyqtwebengine-5.15.10-py312hd77b12b_0.json","4536"
"C:\IOTEC\NUCLEO_CONSOLIDADO\LABORATORIO\pyqtwebengine-5.15.10-py312hd77b12b_0.json","4536"
"C:\IOTEC\NUCLEO_CONSOLIDADO\DUPLICADOS\core_output.json","4486"
"C:\IOTEC\MINERADORA_BRUTA\core_output.json","4486"
"C:\IOTEC\NUCLEO_CONSOLIDADO\LABORATORIO\core_output.json","4486"
"C:\IOTEC\node_modules\react-router\package.json","4476"
"C:\IOTEC\NUCLEO_CONSOLIDADO\LABORATORIO\contourpy-1.2.0-py312h59b6b97_0.json","4473"
"C:\IOTEC\NUCLEO_CONSOLIDADO\DUPLICADOS\contourpy-1.2.0-py312h59b6b97_0.json","4473"
"C:\IOTEC\MINERADORA_BRUTA\contourpy-1.2.0-py312h59b6b97_0.json","4473"
"C:\IOTEC\NUCLEO_CONSOLIDADO\LABORATORIO\catalogo_backup_2026-03-24_09-09-32.json","4472"
"C:\IOTEC\MINERADORA_BRUTA\catalogo_backup_2026-03-27_14-49-42.json","4472"
"C:\IOTEC\NUCLEO_CONSOLIDADO\DUPLICADOS\catalogo_backup_2026-03-24_09-09-32.json","4472"
"C:\IOTEC\MINERADORA_BRUTA\catalogo_backup_2026-03-24_10-15-56.json","4472"
"C:\IOTEC\MINERADORA_BRUTA\catalogo_backup_2026-03-24_09-09-32.json","4472"
"C:\IOTEC\NUCLEO_CONSOLIDADO\LABORATORIO\catalogo_backup_2026-03-24_10-15-56.json","4472"
"C:\IOTEC\NUCLEO_CONSOLIDADO\DUPLICADOS\catalogo_backup_2026-03-24_10-15-56.json","4472"
"C:\IOTEC\NUCLEO_CONSOLIDADO\DUPLICADOS\catalogo_backup_2026-03-27_14-49-42.json","4472"
"C:\IOTEC\NUCLEO_CONSOLIDADO\DUPLICADOS\catalogo_produtos.json","4472"
"C:\IOTEC\NUCLEO_CONSOLIDADO\LABORATORIO\catalogo_backup_2026-03-27_14-49-42.json","4472"
"C:\IOTEC\NUCLEO_CONSOLIDADO\LABORATORIO\defusedxml-0.7.1-pyhd3eb1b0_0.json","4471"
"C:\IOTEC\MINERADORA_BRUTA\defusedxml-0.7.1-pyhd3eb1b0_0.json","4471"
"C:\IOTEC\MINERADORA_BRUTA\jinja2-3.1.4-py312haa95532_0.json","4471"
"C:\IOTEC\NUCLEO_CONSOLIDADO\LABORATORIO\jinja2-3.1.4-py312haa95532_0.json","4471"
"C:\IOTEC\NUCLEO_CONSOLIDADO\DUPLICADOS\defusedxml-0.7.1-pyhd3eb1b0_0.json","4471"
"C:\IOTEC\NUCLEO_CONSOLIDADO\DUPLICADOS\jinja2-3.1.4-py312haa95532_0.json","4471"
"C:\IOTEC\MINERADORA_BRUTA\pyflakes-3.2.0-py312haa95532_0.json","4454"
"C:\IOTEC\NUCLEO_CONSOLIDADO\LABORATORIO\pyflakes-3.2.0-py312haa95532_0.json","4454"
"C:\IOTEC\NUCLEO_CONSOLIDADO\DUPLICADOS\pyflakes-3.2.0-py312haa95532_0.json","4454"
"C:\IOTEC\black-diamond\node_modules\ajv\lib\refs\json-schema-draft-06.json","4445"
"C:\IOTEC\IOTEC_OPPORTUNITY_DATABASE.json","4431"
"C:\IOTEC\MINERADORA_BRUTA\freetype-2.12.1-ha860e81_0.json","4427"
"C:\IOTEC\NUCLEO_CONSOLIDADO\LABORATORIO\freetype-2.12.1-ha860e81_0.json","4427"
"C:\IOTEC\NUCLEO_CONSOLIDADO\DUPLICADOS\freetype-2.12.1-ha860e81_0.json","4427"
"C:\IOTEC\NUCLEO_CONSOLIDADO\DUPLICADOS\numpydoc-1.7.0-py312haa95532_0.json","4425"
"C:\IOTEC\NUCLEO_CONSOLIDADO\LABORATORIO\numpydoc-1.7.0-py312haa95532_0.json","4425"
"C:\IOTEC\MINERADORA_BRUTA\numpydoc-1.7.0-py312haa95532_0.json","4425"
"C:\IOTEC\black-diamond\node_modules\ajv\lib\refs\json-schema-draft-04.json","4357"
"C:\IOTEC\NUCLEO_CONSOLIDADO\DUPLICADOS\qtawesome-1.3.1-py312haa95532_0.json","4324"
"C:\IOTEC\MINERADORA_BRUTA\qtawesome-1.3.1-py312haa95532_0.json","4324"
"C:\IOTEC\NUCLEO_CONSOLIDADO\LABORATORIO\qtawesome-1.3.1-py312haa95532_0.json","4324"
"C:\IOTEC\NUCLEO_CONSOLIDADO\DUPLICADOS\cookiecutter-2.6.0-py312haa95532_0.json","4305"
"C:\IOTEC\NUCLEO_CONSOLIDADO\LABORATORIO\cookiecutter-2.6.0-py312haa95532_0.json","4305"
"C:\IOTEC\MINERADORA_BRUTA\cookiecutter-2.6.0-py312haa95532_0.json","4305"
"C:\IOTEC\MINERADORA_BRUTA\usuarios_db.json","4281"
"C:\IOTEC\NUCLEO_CONSOLIDADO\LABORATORIO\usuarios_db.json","4281"
"C:\IOTEC\NUCLEO_CONSOLIDADO\DUPLICADOS\usuarios_db.json","4281"
"C:\IOTEC\NUCLEO_CONSOLIDADO\DUPLICADOS\metadados_produto.json","4272"
"C:\IOTEC\MINERADORA_BRUTA\metadados_produto.json","4272"
"C:\IOTEC\NUCLEO_CONSOLIDADO\LABORATORIO\metadados_produto.json","4272"
"C:\IOTEC\MINERADORA_BRUTA\libsolv-0.7.24-h23ce68f_1.json","4258"
"C:\IOTEC\MINERADORA_BRUTA\anaconda-cloud-auth-0.5.1-py312haa95532_0.json","4253"
"C:\IOTEC\MINERADORA_BRUTA\São Paulo_products.json","4219"
"C:\IOTEC\NUCLEO_CONSOLIDADO\DUPLICADOS\São Paulo_products.json","4219"
"C:\IOTEC\NUCLEO_CONSOLIDADO\LABORATORIO\São Paulo_products.json","4219"
"C:\IOTEC\NUCLEO_CONSOLIDADO\LABORATORIO\h11-0.14.0-py312haa95532_0.json","4210"
"C:\IOTEC\NUCLEO_CONSOLIDADO\DUPLICADOS\h11-0.14.0-py312haa95532_0.json","4210"
"C:\IOTEC\MINERADORA_BRUTA\h11-0.14.0-py312haa95532_0.json","4210"
"C:\IOTEC\MINERADORA_BRUTA\iotec_master_state.json","4205"
"C:\IOTEC\NUCLEO_CONSOLIDADO\DUPLICADOS\iotec_master_state.json","4205"
"C:\IOTEC\NUCLEO_CONSOLIDADO\LABORATORIO\iotec_master_state.json","4205"
"C:\IOTEC\NUCLEO_CONSOLIDADO\DUPLICADOS\jsonschema-specifications-2023.7.1-py312haa95532_0.json","4179"
"C:\IOTEC\NUCLEO_CONSOLIDADO\LABORATORIO\jsonschema-specifications-2023.7.1-py312haa95532_0.json","4179"
"C:\IOTEC\MINERADORA_BRUTA\jsonschema-specifications-2023.7.1-py312haa95532_0.json","4179"
"C:\IOTEC\MINERADORA_BRUTA\python-dateutil-2.9.0post0-py312haa95532_2.json","4149"
"C:\IOTEC\NUCLEO_CONSOLIDADO\DUPLICADOS\python-dateutil-2.9.0post0-py312haa95532_2.json","4149"
"C:\IOTEC\NUCLEO_CONSOLIDADO\LABORATORIO\python-dateutil-2.9.0post0-py312haa95532_2.json","4149"
"C:\IOTEC\MINERADORA_BRUTA\libxml2-2.13.1-h24da03e_2.json","4145"
"C:\IOTEC\LOTS\LOTS.json","4134"
"C:\IOTEC\MINERADORA_BRUTA\attrs-23.1.0-py312haa95532_0.json","4129"
"C:\IOTEC\NUCLEO_CONSOLIDADO\LABORATORIO\attrs-23.1.0-py312haa95532_0.json","4129"
"C:\IOTEC\NUCLEO_CONSOLIDADO\DUPLICADOS\attrs-23.1.0-py312haa95532_0.json","4129"
"C:\IOTEC\NUCLEO_CONSOLIDADO\LABORATORIO\smmap-4.0.0-pyhd3eb1b0_0.json","4111"
"C:\IOTEC\NUCLEO_CONSOLIDADO\DUPLICADOS\smmap-4.0.0-pyhd3eb1b0_0.json","4111"
"C:\IOTEC\MINERADORA_BRUTA\smmap-4.0.0-pyhd3eb1b0_0.json","4111"
"C:\IOTEC\NUCLEO_CONSOLIDADO\DUPLICADOS\New York_products.json","4100"
"C:\IOTEC\MINERADORA_BRUTA\New York_products.json","4100"
"C:\IOTEC\NUCLEO_CONSOLIDADO\LABORATORIO\New York_products.json","4100"
"C:\IOTEC\MINERADORA_BRUTA\Tokyo_products.json","4058"
"C:\IOTEC\NUCLEO_CONSOLIDADO\DUPLICADOS\Tokyo_products.json","4058"
"C:\IOTEC\NUCLEO_CONSOLIDADO\LABORATORIO\Tokyo_products.json","4058"
"C:\IOTEC\NUCLEO_CONSOLIDADO\DUPLICADOS\financeiro_empresa.json","4010"
"C:\IOTEC\MINERADORA_BRUTA\financeiro_empresa.json","4010"
"C:\IOTEC\NUCLEO_CONSOLIDADO\FINANCEIRO\financeiro_empresa.json","4010"
"C:\IOTEC\NUCLEO_CONSOLIDADO\LABORATORIO\mistune-2.0.4-py312haa95532_0.json","4009"
"C:\IOTEC\NUCLEO_CONSOLIDADO\DUPLICADOS\mistune-2.0.4-py312haa95532_0.json","4009"
"C:\IOTEC\MINERADORA_BRUTA\mistune-2.0.4-py312haa95532_0.json","4009"
"C:\IOTEC\NUCLEO_CONSOLIDADO\DUPLICADOS\conda-index-0.5.0-py312haa95532_0.json","3994"
"C:\IOTEC\MINERADORA_BRUTA\conda-index-0.5.0-py312haa95532_0.json","3994"
"C:\IOTEC\NUCLEO_CONSOLIDADO\LABORATORIO\conda-index-0.5.0-py312haa95532_0.json","3994"
"C:\IOTEC\NUCLEO_CONSOLIDADO\LABORATORIO\analise_trilha_20260401_163227.json","3987"
"C:\IOTEC\MINERADORA_BRUTA\analise_trilha_20260401_163227.json","3987"
"C:\IOTEC\NUCLEO_CONSOLIDADO\DUPLICADOS\analise_trilha_20260401_163227.json","3987"
"C:\IOTEC\NUCLEO_CONSOLIDADO\LABORATORIO\cffi-1.17.1-py312h827c3e9_0.json","3969"
"C:\IOTEC\NUCLEO_CONSOLIDADO\DUPLICADOS\cffi-1.17.1-py312h827c3e9_0.json","3969"
"C:\IOTEC\MINERADORA_BRUTA\cffi-1.17.1-py312h827c3e9_0.json","3969"
"C:\IOTEC\NUCLEO_CONSOLIDADO\LABORATORIO\argon2-cffi-21.3.0-pyhd3eb1b0_0.json","3958"
"C:\IOTEC\MINERADORA_BRUTA\argon2-cffi-21.3.0-pyhd3eb1b0_0.json","3958"
"C:\IOTEC\NUCLEO_CONSOLIDADO\DUPLICADOS\argon2-cffi-21.3.0-pyhd3eb1b0_0.json","3958"
"C:\IOTEC\NUCLEO_CONSOLIDADO\LABORATORIO\internal_fusion_engine_db.json","3953"
"C:\IOTEC\NUCLEO_CONSOLIDADO\DUPLICADOS\internal_fusion_engine_db.json","3953"
"C:\IOTEC\MINERADORA_BRUTA\internal_fusion_engine_db.json","3953"
"C:\IOTEC\NUCLEO_CONSOLIDADO\LABORATORIO\diff-match-patch-20200713-pyhd3eb1b0_0.json","3939"
"C:\IOTEC\MINERADORA_BRUTA\diff-match-patch-20200713-pyhd3eb1b0_0.json","3939"
"C:\IOTEC\NUCLEO_CONSOLIDADO\DUPLICADOS\diff-match-patch-20200713-pyhd3eb1b0_0.json","3939"
"C:\IOTEC\IOTEC_REALISTIC_GOAL_REPORT.json","3918"
"C:\IOTEC\NUCLEO_CONSOLIDADO\DUPLICADOS\requests-2.32.3-py312haa95532_0.json","3879"
"C:\IOTEC\NUCLEO_CONSOLIDADO\LABORATORIO\requests-2.32.3-py312haa95532_0.json","3879"
"C:\IOTEC\MINERADORA_BRUTA\requests-2.32.3-py312haa95532_0.json","3879"
"C:\IOTEC\NUCLEO_CONSOLIDADO\DUPLICADOS\pyviz_comms-3.0.2-py312haa95532_0.json","3875"
"C:\IOTEC\NUCLEO_CONSOLIDADO\LABORATORIO\pyviz_comms-3.0.2-py312haa95532_0.json","3875"
"C:\IOTEC\MINERADORA_BRUTA\pyviz_comms-3.0.2-py312haa95532_0.json","3875"
"C:\IOTEC\black-diamond\node_modules\lightningcss\package.json","3835"
"C:\IOTEC\node_modules\lightningcss\package.json","3835"
"C:\IOTEC\vite-project\node_modules\lightningcss\package.json","3835"
"C:\IOTEC\black-diamond\node_modules\fast-json-stable-stringify\benchmark\test.json","3828"
"C:\IOTEC\black-diamond\node_modules\zod\package.json","3796"
"C:\IOTEC\NUCLEO_CONSOLIDADO\LABORATORIO\smart_open-5.2.1-py312haa95532_0.json","3781"
"C:\IOTEC\NUCLEO_CONSOLIDADO\DUPLICADOS\smart_open-5.2.1-py312haa95532_0.json","3781"
"C:\IOTEC\MINERADORA_BRUTA\smart_open-5.2.1-py312haa95532_0.json","3781"
"C:\IOTEC\NUCLEO_CONSOLIDADO\LABORATORIO\jupyter_console-6.6.3-py312haa95532_1.json","3780"
"C:\IOTEC\NUCLEO_CONSOLIDADO\DUPLICADOS\jupyter_console-6.6.3-py312haa95532_1.json","3780"
"C:\IOTEC\MINERADORA_BRUTA\jupyter_console-6.6.3-py312haa95532_1.json","3780"
"C:\IOTEC\node_modules\leaflet\package.json","3779"
"C:\IOTEC\NUCLEO_CONSOLIDADO\LABORATORIO\nucleo_estado.json","3729"
"C:\IOTEC\core\state\nucleo_estado.json","3729"
"C:\IOTEC\NUCLEO_CONSOLIDADO\DUPLICADOS\nucleo_estado.json","3729"
"C:\IOTEC\integrity_report_20260526_123836.json","3726"
"C:\IOTEC\MINERADORA_BRUTA\python-libarchive-c-5.1-pyhd3eb1b0_0.json","3722"
"C:\IOTEC\integrity_report_20260526_224208.json","3705"
"C:\IOTEC\MINERADORA_BRUTA\conda-package-handling-2.3.0-py312haa95532_0.json","3669"
"C:\IOTEC\NUCLEO_CONSOLIDADO\LABORATORIO\conda-package-handling-2.3.0-py312haa95532_0.json","3669"
"C:\IOTEC\NUCLEO_CONSOLIDADO\DUPLICADOS\conda-package-handling-2.3.0-py312haa95532_0.json","3669"
"C:\IOTEC\IOTEC_COMMERCIAL_VIABILITY_REPORT.json","3666"
"C:\IOTEC\MINERADORA_BRUTA\json5-0.9.6-pyhd3eb1b0_0.json","3661"
"C:\IOTEC\NUCLEO_CONSOLIDADO\LABORATORIO\json5-0.9.6-pyhd3eb1b0_0.json","3661"
"C:\IOTEC\NUCLEO_CONSOLIDADO\DUPLICADOS\json5-0.9.6-pyhd3eb1b0_0.json","3661"
"C:\IOTEC\NUCLEO_CONSOLIDADO\LABORATORIO\pyyaml-6.0.1-py312h2bbff1b_0.json","3660"
"C:\IOTEC\MINERADORA_BRUTA\pyyaml-6.0.1-py312h2bbff1b_0.json","3660"
"C:\IOTEC\NUCLEO_CONSOLIDADO\DUPLICADOS\pyyaml-6.0.1-py312h2bbff1b_0.json","3660"
"C:\IOTEC\reports\dependencies.json","3657"
"C:\IOTEC\MINERADORA_BRUTA\libxslt-1.1.41-h0739af5_0.json","3573"
"C:\IOTEC\NUCLEO_CONSOLIDADO\DUPLICADOS\nucleo_estado_20260414_172457.json","3538"
"C:\IOTEC\NUCLEO_CONSOLIDADO\LABORATORIO\nucleo_estado_20260414_172457.json","3538"
"C:\IOTEC\core\backups\nucleo_estado_20260414_172457.json","3538"
"C:\IOTEC\MINERADORA_BRUTA\pytoolconfig-1.2.6-py312haa95532_0.json","3537"
"C:\IOTEC\NUCLEO_CONSOLIDADO\DUPLICADOS\pytoolconfig-1.2.6-py312haa95532_0.json","3537"
"C:\IOTEC\NUCLEO_CONSOLIDADO\LABORATORIO\pytoolconfig-1.2.6-py312haa95532_0.json","3537"
"C:\IOTEC\NUCLEO_CONSOLIDADO\LABORATORIO\jupyter_events-0.10.0-py312haa95532_0.json","3530"
"C:\IOTEC\MINERADORA_BRUTA\jupyter_events-0.10.0-py312haa95532_0.json","3530"
"C:\IOTEC\NUCLEO_CONSOLIDADO\DUPLICADOS\jupyter_events-0.10.0-py312haa95532_0.json","3530"
"C:\IOTEC\vite-project\node_modules\typescript\package.json","3527"
"C:\IOTEC\NUCLEO_CONSOLIDADO\LABORATORIO\service_identity-18.1.0-pyhd3eb1b0_1.json","3507"
"C:\IOTEC\MINERADORA_BRUTA\service_identity-18.1.0-pyhd3eb1b0_1.json","3507"
"C:\IOTEC\NUCLEO_CONSOLIDADO\DUPLICADOS\service_identity-18.1.0-pyhd3eb1b0_1.json","3507"
"C:\IOTEC\NUCLEO_CONSOLIDADO\LABORATORIO\send2trash-1.8.2-py312haa95532_0.json","3505"
"C:\IOTEC\MINERADORA_BRUTA\send2trash-1.8.2-py312haa95532_0.json","3505"
"C:\IOTEC\NUCLEO_CONSOLIDADO\DUPLICADOS\send2trash-1.8.2-py312haa95532_0.json","3505"
"C:\IOTEC\NUCLEO_CONSOLIDADO\LABORATORIO\aws-crt-cpp-0.18.16-hd77b12b_0.json","3495"
"C:\IOTEC\MINERADORA_BRUTA\aws-crt-cpp-0.18.16-hd77b12b_0.json","3495"
"C:\IOTEC\NUCLEO_CONSOLIDADO\DUPLICADOS\aws-crt-cpp-0.18.16-hd77b12b_0.json","3495"
"C:\IOTEC\NUCLEO_CONSOLIDADO\LABORATORIO\mkl_fft-1.3.10-py312h827c3e9_0.json","3486"
"C:\IOTEC\MINERADORA_BRUTA\mkl_fft-1.3.10-py312h827c3e9_0.json","3486"
"C:\IOTEC\NUCLEO_CONSOLIDADO\DUPLICADOS\mkl_fft-1.3.10-py312h827c3e9_0.json","3486"
"C:\IOTEC\NUCLEO_CONSOLIDADO\DUPLICADOS\referencing-0.30.2-py312haa95532_0.json","3478"
"C:\IOTEC\NUCLEO_CONSOLIDADO\LABORATORIO\referencing-0.30.2-py312haa95532_0.json","3478"
"C:\IOTEC\MINERADORA_BRUTA\referencing-0.30.2-py312haa95532_0.json","3478"
"C:\IOTEC\IOTEC_ACROPOLE_CITY.json","3462"
"C:\IOTEC\MINERADORA_BRUTA\uc-micro-py-1.0.1-py312haa95532_0.json","3457"
"C:\IOTEC\NUCLEO_CONSOLIDADO\LABORATORIO\uc-micro-py-1.0.1-py312haa95532_0.json","3457"
"C:\IOTEC\NUCLEO_CONSOLIDADO\DUPLICADOS\uc-micro-py-1.0.1-py312haa95532_0.json","3457"
"C:\IOTEC\MINERADORA_BRUTA\incremental-22.10.0-pyhd3eb1b0_0.json","3446"
"C:\IOTEC\NUCLEO_CONSOLIDADO\LABORATORIO\incremental-22.10.0-pyhd3eb1b0_0.json","3446"
"C:\IOTEC\NUCLEO_CONSOLIDADO\DUPLICADOS\incremental-22.10.0-pyhd3eb1b0_0.json","3446"
"C:\IOTEC\IOTEC_EVENTS.json","3423"
"C:\IOTEC\NUCLEO_CONSOLIDADO\DUPLICADOS\conda-token-0.5.0-pyhd3eb1b0_0.json","3417"
"C:\IOTEC\NUCLEO_CONSOLIDADO\LABORATORIO\conda-token-0.5.0-pyhd3eb1b0_0.json","3417"
"C:\IOTEC\MINERADORA_BRUTA\conda-token-0.5.0-pyhd3eb1b0_0.json","3417"
"C:\IOTEC\NUCLEO_CONSOLIDADO\DUPLICADOS\click-8.1.7-py312haa95532_0.json","3412"
"C:\IOTEC\NUCLEO_CONSOLIDADO\LABORATORIO\click-8.1.7-py312haa95532_0.json","3412"
"C:\IOTEC\MINERADORA_BRUTA\click-8.1.7-py312haa95532_0.json","3412"
"C:\IOTEC\MINERADORA_BRUTA\packaging-24.1-py312haa95532_0.json","3408"
"C:\IOTEC\NUCLEO_CONSOLIDADO\LABORATORIO\packaging-24.1-py312haa95532_0.json","3408"
"C:\IOTEC\NUCLEO_CONSOLIDADO\DUPLICADOS\packaging-24.1-py312haa95532_0.json","3408"
"C:\IOTEC\MINERADORA_BRUTA\python-lsp-jsonrpc-1.1.2-pyhd3eb1b0_0.json","3403"
"C:\IOTEC\NUCLEO_CONSOLIDADO\LABORATORIO\python-lsp-jsonrpc-1.1.2-pyhd3eb1b0_0.json","3403"
"C:\IOTEC\NUCLEO_CONSOLIDADO\DUPLICADOS\python-lsp-jsonrpc-1.1.2-pyhd3eb1b0_0.json","3403"
"C:\IOTEC\MINERADORA_BRUTA\conda-content-trust-0.2.0-py312haa95532_1.json","3399"
"C:\IOTEC\NUCLEO_CONSOLIDADO\LABORATORIO\conda-content-trust-0.2.0-py312haa95532_1.json","3399"
"C:\IOTEC\NUCLEO_CONSOLIDADO\DUPLICADOS\conda-content-trust-0.2.0-py312haa95532_1.json","3399"
"C:\IOTEC\black-diamond\node_modules\@types\react-dom\package.json","3383"
"C:\IOTEC\NUCLEO_CONSOLIDADO\LABORATORIO\nucleo_estado_20260414_164316.json","3347"
"C:\IOTEC\core\backups\nucleo_estado_20260414_164316.json","3347"
"C:\IOTEC\NUCLEO_CONSOLIDADO\DUPLICADOS\nucleo_estado_20260414_164316.json","3347"
"C:\IOTEC\NUCLEO_CONSOLIDADO\DUPLICADOS\notebook-shim-0.2.3-py312haa95532_0.json","3315"
"C:\IOTEC\NUCLEO_CONSOLIDADO\LABORATORIO\notebook-shim-0.2.3-py312haa95532_0.json","3315"
"C:\IOTEC\MINERADORA_BRUTA\notebook-shim-0.2.3-py312haa95532_0.json","3315"
"C:\IOTEC\NUCLEO_CONSOLIDADO\DUPLICADOS\RELATORIO_ESCOLHA_PORTAL_V3_FIX.json","3295"
"C:\IOTEC\NUCLEO_CONSOLIDADO\LABORATORIO\RELATORIO_ESCOLHA_PORTAL_V3_FIX.json","3295"
"C:\IOTEC\MINERADORA_BRUTA\RELATORIO_ESCOLHA_PORTAL_V3_FIX.json","3295"
"C:\IOTEC\MINERADORA_BRUTA\libpng-1.6.39-h8cc25b3_0.json","3270"
"C:\IOTEC\NUCLEO_CONSOLIDADO\DUPLICADOS\jupyter_core-5.7.2-py312haa95532_0.json","3258"
"C:\IOTEC\NUCLEO_CONSOLIDADO\LABORATORIO\jupyter_core-5.7.2-py312haa95532_0.json","3258"
"C:\IOTEC\MINERADORA_BRUTA\jupyter_core-5.7.2-py312haa95532_0.json","3258"
"C:\IOTEC\IOTEC_MOTOR_ACTIVATION_REPORT.json","3227"
"C:\IOTEC\NUCLEO_CONSOLIDADO\LABORATORIO\operations_engine_db.json","3221"
"C:\IOTEC\NUCLEO_CONSOLIDADO\DUPLICADOS\operations_engine_db.json","3221"
"C:\IOTEC\MINERADORA_BRUTA\operations_engine_db.json","3221"
"C:\IOTEC\IOTEC_CONNECTOR_ROUTING.json","3213"
"C:\IOTEC\MINERADORA_BRUTA\importlib-metadata-7.0.1-py312haa95532_0.json","3209"
"C:\IOTEC\NUCLEO_CONSOLIDADO\DUPLICADOS\colorama-0.4.6-py312haa95532_0.json","3198"
"C:\IOTEC\NUCLEO_CONSOLIDADO\LABORATORIO\colorama-0.4.6-py312haa95532_0.json","3198"
"C:\IOTEC\MINERADORA_BRUTA\colorama-0.4.6-py312haa95532_0.json","3198"
"C:\IOTEC\NUCLEO_CONSOLIDADO\DUPLICADOS\asttokens-2.0.5-pyhd3eb1b0_0.json","3190"
"C:\IOTEC\NUCLEO_CONSOLIDADO\LABORATORIO\asttokens-2.0.5-pyhd3eb1b0_0.json","3190"
"C:\IOTEC\MINERADORA_BRUTA\asttokens-2.0.5-pyhd3eb1b0_0.json","3190"
"C:\IOTEC\REAL_SYSTEM\node_modules\es-errors\tsconfig.json","3170"
"C:\IOTEC\NUCLEO_CONSOLIDADO\DUPLICADOS\gemini_log.json","3163"
"C:\IOTEC\NUCLEO_CONSOLIDADO\LABORATORIO\gemini_log.json","3163"
"C:\IOTEC\MINERADORA_BRUTA\gemini_log.json","3163"
"C:\IOTEC\MINERADORA_BRUTA\tifffile-2023.4.12-py312haa95532_0.json","3158"
"C:\IOTEC\NUCLEO_CONSOLIDADO\LABORATORIO\tifffile-2023.4.12-py312haa95532_0.json","3158"
"C:\IOTEC\NUCLEO_CONSOLIDADO\DUPLICADOS\tifffile-2023.4.12-py312haa95532_0.json","3158"
"C:\IOTEC\core\backups\nucleo_estado_20260409_162115.json","3156"
"C:\IOTEC\NUCLEO_CONSOLIDADO\DUPLICADOS\nucleo_estado_20260409_162115.json","3156"
"C:\IOTEC\NUCLEO_CONSOLIDADO\LABORATORIO\nucleo_estado_20260409_162115.json","3156"
"C:\IOTEC\black-diamond\node_modules\electron-to-chromium\versions.json","3155"
"C:\IOTEC\node_modules\electron-to-chromium\versions.json","3155"
"C:\IOTEC\REAL_SYSTEM\node_modules\qs\package.json","3151"
"C:\IOTEC\black-diamond\node_modules\ajv\package.json","3142"
"C:\IOTEC\NUCLEO_CONSOLIDADO\DUPLICADOS\partd-1.4.1-py312haa95532_0.json","3134"
"C:\IOTEC\NUCLEO_CONSOLIDADO\LABORATORIO\partd-1.4.1-py312haa95532_0.json","3134"
"C:\IOTEC\MINERADORA_BRUTA\partd-1.4.1-py312haa95532_0.json","3134"
"C:\IOTEC\NUCLEO_CONSOLIDADO\DUPLICADOS\cpuid_schema.json","3129"
"C:\IOTEC\NUCLEO_CONSOLIDADO\LABORATORIO\cpuid_schema.json","3129"
"C:\IOTEC\MINERADORA_BRUTA\cpuid_schema.json","3129"
"C:\IOTEC\NUCLEO_CONSOLIDADO\LABORATORIO\ledger.json","3122"
"C:\IOTEC\MINERADORA_BRUTA\python-fastjsonschema-2.16.2-py312haa95532_0.json","3122"
"C:\IOTEC\NUCLEO_CONSOLIDADO\DUPLICADOS\python-fastjsonschema-2.16.2-py312haa95532_0.json","3122"
"C:\IOTEC\NUCLEO_CONSOLIDADO\LABORATORIO\python-fastjsonschema-2.16.2-py312haa95532_0.json","3122"
"C:\IOTEC\MINERADORA_BRUTA\ledger.json","3122"
"C:\IOTEC\NUCLEO_CONSOLIDADO\DUPLICADOS\ledger.json","3122"
"C:\IOTEC\node_modules\node-releases\data\release-schedule\release-schedule.json","3108"
"C:\IOTEC\black-diamond\node_modules\node-releases\data\release-schedule\release-schedule.json","3108"
"C:\IOTEC\NUCLEO_CONSOLIDADO\DUPLICADOS\c-blosc2-2.12.0-h2f4ed9d_0.json","3101"
"C:\IOTEC\MINERADORA_BRUTA\c-blosc2-2.12.0-h2f4ed9d_0.json","3101"
"C:\IOTEC\NUCLEO_CONSOLIDADO\LABORATORIO\c-blosc2-2.12.0-h2f4ed9d_0.json","3101"
"C:\IOTEC\node_modules\enhanced-resolve\package.json","3090"
"C:\IOTEC\black-diamond\node_modules\enhanced-resolve\package.json","3090"
"C:\IOTEC\MINERADORA_BRUTA\jupyter_server_terminals-0.4.4-py312haa95532_1.json","3071"
"C:\IOTEC\NUCLEO_CONSOLIDADO\DUPLICADOS\jupyter_server_terminals-0.4.4-py312haa95532_1.json","3071"
"C:\IOTEC\NUCLEO_CONSOLIDADO\BACKEND\jupyter_server_terminals-0.4.4-py312haa95532_1.json","3071"
"C:\IOTEC\IOTEC_SCIENTIFIC_WORKFORCE.json","3067"
"C:\IOTEC\black-diamond\node_modules\@eslint-community\eslint-utils\package.json","3064"
"C:\IOTEC\black-diamond\node_modules\react-dom\package.json","3063"
"C:\IOTEC\node_modules\react-dom\package.json","3063"
"C:\IOTEC\NUCLEO_CONSOLIDADO\DUPLICADOS\conda-pack-0.7.1-py312haa95532_0.json","3052"
"C:\IOTEC\MINERADORA_BRUTA\conda-pack-0.7.1-py312haa95532_0.json","3052"
"C:\IOTEC\NUCLEO_CONSOLIDADO\LABORATORIO\conda-pack-0.7.1-py312haa95532_0.json","3052"
"C:\IOTEC\NUCLEO_CONSOLIDADO\LABORATORIO\jmespath-1.0.1-py312haa95532_0.json","3040"
"C:\IOTEC\NUCLEO_CONSOLIDADO\DUPLICADOS\jmespath-1.0.1-py312haa95532_0.json","3040"
"C:\IOTEC\MINERADORA_BRUTA\jmespath-1.0.1-py312haa95532_0.json","3040"
"C:\IOTEC\IOTEC_PROPOSAL_DATABASE.json","3031"
"C:\IOTEC\NUCLEO_CONSOLIDADO\LABORATORIO\qstylizer-0.2.2-py312haa95532_0.json","3017"
"C:\IOTEC\NUCLEO_CONSOLIDADO\DUPLICADOS\qstylizer-0.2.2-py312haa95532_0.json","3017"
"C:\IOTEC\MINERADORA_BRUTA\qstylizer-0.2.2-py312haa95532_0.json","3017"
"C:\IOTEC\NUCLEO_CONSOLIDADO\DUPLICADOS\tomlkit-0.11.1-py312haa95532_0.json","3013"
"C:\IOTEC\NUCLEO_CONSOLIDADO\LABORATORIO\tomlkit-0.11.1-py312haa95532_0.json","3013"
"C:\IOTEC\MINERADORA_BRUTA\tomlkit-0.11.1-py312haa95532_0.json","3013"
"C:\IOTEC\NUCLEO_CONSOLIDADO\LABORATORIO\python-slugify-5.0.2-pyhd3eb1b0_0.json","3008"
"C:\IOTEC\NUCLEO_CONSOLIDADO\DUPLICADOS\python-slugify-5.0.2-pyhd3eb1b0_0.json","3008"
"C:\IOTEC\MINERADORA_BRUTA\python-slugify-5.0.2-pyhd3eb1b0_0.json","3008"
"C:\IOTEC\NUCLEO_CONSOLIDADO\DUPLICADOS\pydocstyle-6.3.0-py312haa95532_0.json","2986"
"C:\IOTEC\MINERADORA_BRUTA\pydocstyle-6.3.0-py312haa95532_0.json","2986"
"C:\IOTEC\NUCLEO_CONSOLIDADO\LABORATORIO\pydocstyle-6.3.0-py312haa95532_0.json","2986"
"C:\IOTEC\MINERADORA_BRUTA\stack_data-0.2.0-pyhd3eb1b0_0.json","2977"
"C:\IOTEC\NUCLEO_CONSOLIDADO\DUPLICADOS\stack_data-0.2.0-pyhd3eb1b0_0.json","2977"
"C:\IOTEC\NUCLEO_CONSOLIDADO\LABORATORIO\stack_data-0.2.0-pyhd3eb1b0_0.json","2977"
"C:\IOTEC\REAL_SYSTEM\node_modules\has-symbols\package.json","2974"
"C:\IOTEC\NUCLEO_CONSOLIDADO\DUPLICADOS\conda-package-streaming-0.10.0-py312haa95532_0.json","2974"
"C:\IOTEC\MINERADORA_BRUTA\conda-package-streaming-0.10.0-py312haa95532_0.json","2974"
"C:\IOTEC\NUCLEO_CONSOLIDADO\LABORATORIO\conda-package-streaming-0.10.0-py312haa95532_0.json","2974"
"C:\IOTEC\NUCLEO_CONSOLIDADO\DUPLICADOS\regulus_report_20251108_063052.json","2971"
"C:\IOTEC\MINERADORA_BRUTA\regulus_report_20251108_063052.json","2971"
"C:\IOTEC\NUCLEO_CONSOLIDADO\LABORATORIO\regulus_report_20251108_063052.json","2971"
"C:\IOTEC\NUCLEO_CONSOLIDADO\LABORATORIO\IO_Booster_Truck_ata.json","2970"
"C:\IOTEC\NUCLEO_CONSOLIDADO\DUPLICADOS\IO_Booster_Truck_ata.json","2970"
"C:\IOTEC\MINERADORA_BRUTA\IO_Booster_Truck_ata.json","2970"
"C:\IOTEC\NUCLEO_CONSOLIDADO\DUPLICADOS\iotec_shell_registry.json","2967"
"C:\IOTEC\NUCLEO_CONSOLIDADO\LABORATORIO\iotec_shell_registry.json","2967"
"C:\IOTEC\MINERADORA_BRUTA\iotec_shell_registry.json","2967"
"C:\IOTEC\black-diamond\node_modules\globals\package.json","2966"
"C:\IOTEC\PAYMENTS\PAYPAL\SANEAMENTO\AUDITORIA_FLUXO_PAYPAL.json","2966"
"C:\IOTEC\NUCLEO_CONSOLIDADO\FINANCEIRO\AUDITORIA_FLUXO_PAYPAL.json","2966"
"C:\IOTEC\MINERADORA_BRUTA\pyjwt-2.8.0-py312haa95532_0.json","2965"
"C:\IOTEC\NUCLEO_CONSOLIDADO\LABORATORIO\nucleo_estado_20260407_101930.json","2965"
"C:\IOTEC\NUCLEO_CONSOLIDADO\LABORATORIO\pyjwt-2.8.0-py312haa95532_0.json","2965"
"C:\IOTEC\NUCLEO_CONSOLIDADO\DUPLICADOS\pyjwt-2.8.0-py312haa95532_0.json","2965"
"C:\IOTEC\core\backups\nucleo_estado_20260407_101930.json","2965"
"C:\IOTEC\NUCLEO_CONSOLIDADO\DUPLICADOS\nucleo_estado_20260407_101930.json","2965"
"C:\IOTEC\NUCLEO_CONSOLIDADO\DUPLICADOS\pure_eval-0.2.2-pyhd3eb1b0_0.json","2961"
"C:\IOTEC\NUCLEO_CONSOLIDADO\LABORATORIO\pure_eval-0.2.2-pyhd3eb1b0_0.json","2961"
"C:\IOTEC\MINERADORA_BRUTA\pure_eval-0.2.2-pyhd3eb1b0_0.json","2961"
"C:\IOTEC\NUCLEO_CONSOLIDADO\LABORATORIO\microarchitectures_schema.json","2955"
"C:\IOTEC\NUCLEO_CONSOLIDADO\DUPLICADOS\microarchitectures_schema.json","2955"
"C:\IOTEC\MINERADORA_BRUTA\microarchitectures_schema.json","2955"
"C:\IOTEC\MINERADORA_BRUTA\catalogo_portal.json","2952"
"C:\IOTEC\NUCLEO_CONSOLIDADO\DUPLICADOS\catalogo_portal.json","2952"
"C:\IOTEC\NUCLEO_CONSOLIDADO\LABORATORIO\catalogo_portal.json","2952"
"C:\IOTEC\NUCLEO_CONSOLIDADO\LABORATORIO\wcwidth-0.2.5-pyhd3eb1b0_0.json","2935"
"C:\IOTEC\NUCLEO_CONSOLIDADO\DUPLICADOS\wcwidth-0.2.5-pyhd3eb1b0_0.json","2935"
"C:\IOTEC\MINERADORA_BRUTA\wcwidth-0.2.5-pyhd3eb1b0_0.json","2935"
"C:\IOTEC\IOTEC_PIPELINE_DATABASE.json","2925"
"C:\IOTEC\reports\plugin_loader.json","2922"
"C:\IOTEC\NUCLEO_CONSOLIDADO\DUPLICADOS\tldextract-5.1.2-py312haa95532_0.json","2920"
"C:\IOTEC\NUCLEO_CONSOLIDADO\LABORATORIO\tldextract-5.1.2-py312haa95532_0.json","2920"
"C:\IOTEC\MINERADORA_BRUTA\tldextract-5.1.2-py312haa95532_0.json","2920"
"C:\IOTEC\NUCLEO_CONSOLIDADO\LABORATORIO\jupyterlab-variableinspector-3.1.0-py312haa95532_0.json","2907"
"C:\IOTEC\MINERADORA_BRUTA\jupyterlab-variableinspector-3.1.0-py312haa95532_0.json","2907"
"C:\IOTEC\NUCLEO_CONSOLIDADO\DUPLICADOS\jupyterlab-variableinspector-3.1.0-py312haa95532_0.json","2907"
"C:\IOTEC\NUCLEO_CONSOLIDADO\DUPLICADOS\tenacity-8.2.3-py312haa95532_0.json","2904"
"C:\IOTEC\NUCLEO_CONSOLIDADO\LABORATORIO\tenacity-8.2.3-py312haa95532_0.json","2904"
"C:\IOTEC\MINERADORA_BRUTA\tenacity-8.2.3-py312haa95532_0.json","2904"
"C:\IOTEC\IOTEC_CAPABILITY_ROUTING.json","2902"
"C:\IOTEC\NUCLEO_CONSOLIDADO\DUPLICADOS\pyparsing-3.1.2-py312haa95532_0.json","2895"
"C:\IOTEC\MINERADORA_BRUTA\pyparsing-3.1.2-py312haa95532_0.json","2895"
"C:\IOTEC\NUCLEO_CONSOLIDADO\LABORATORIO\pyparsing-3.1.2-py312haa95532_0.json","2895"
"C:\IOTEC\IOTEC_TRAFFIC_LOG.json","2873"
"C:\IOTEC\NUCLEO_CONSOLIDADO\LABORATORIO\sortedcontainers-2.4.0-pyhd3eb1b0_0.json","2868"
"C:\IOTEC\NUCLEO_CONSOLIDADO\DUPLICADOS\sortedcontainers-2.4.0-pyhd3eb1b0_0.json","2868"
"C:\IOTEC\MINERADORA_BRUTA\sortedcontainers-2.4.0-pyhd3eb1b0_0.json","2868"
"C:\IOTEC\MINERADORA_BRUTA\product_manifest.json","2864"
"C:\IOTEC\NUCLEO_CONSOLIDADO\LABORATORIO\param-2.1.1-py312haa95532_0.json","2864"
"C:\IOTEC\NUCLEO_CONSOLIDADO\DUPLICADOS\param-2.1.1-py312haa95532_0.json","2864"
"C:\IOTEC\MINERADORA_BRUTA\param-2.1.1-py312haa95532_0.json","2864"
"C:\IOTEC\NUCLEO_CONSOLIDADO\LABORATORIO\product_manifest.json","2864"
"C:\IOTEC\NUCLEO_CONSOLIDADO\DUPLICADOS\product_manifest.json","2864"
"C:\IOTEC\MINERADORA_BRUTA\libspatialindex-1.9.3-h6c2663c_0.json","2863"
"C:\IOTEC\NUCLEO_CONSOLIDADO\DUPLICADOS\numexpr-2.8.7-py312h96b7d27_0.json","2853"
"C:\IOTEC\MINERADORA_BRUTA\numexpr-2.8.7-py312h96b7d27_0.json","2853"
"C:\IOTEC\NUCLEO_CONSOLIDADO\LABORATORIO\numexpr-2.8.7-py312h96b7d27_0.json","2853"
"C:\IOTEC\MINERADORA_BRUTA\pywinpty-2.0.10-py312h5da7b33_0.json","2842"
"C:\IOTEC\NUCLEO_CONSOLIDADO\DUPLICADOS\pywinpty-2.0.10-py312h5da7b33_0.json","2842"
"C:\IOTEC\NUCLEO_CONSOLIDADO\LABORATORIO\pywinpty-2.0.10-py312h5da7b33_0.json","2842"
"C:\IOTEC\REAL_SYSTEM\node_modules\object-inspect\package.json","2841"
"C:\IOTEC\node_modules\baseline-browser-mapping\package.json","2833"
"C:\IOTEC\black-diamond\node_modules\baseline-browser-mapping\package.json","2833"
"C:\IOTEC\MINERADORA_BRUTA\xyzservices-2022.9.0-py312haa95532_1.json","2831"
"C:\IOTEC\NUCLEO_CONSOLIDADO\LABORATORIO\xyzservices-2022.9.0-py312haa95532_1.json","2831"
"C:\IOTEC\NUCLEO_CONSOLIDADO\DUPLICADOS\xyzservices-2022.9.0-py312haa95532_1.json","2831"
"C:\IOTEC\MINERADORA_BRUTA\intervaltree-3.1.0-pyhd3eb1b0_0.json","2830"
"C:\IOTEC\NUCLEO_CONSOLIDADO\DUPLICADOS\intervaltree-3.1.0-pyhd3eb1b0_0.json","2830"
"C:\IOTEC\NUCLEO_CONSOLIDADO\LABORATORIO\intervaltree-3.1.0-pyhd3eb1b0_0.json","2830"
"C:\IOTEC\NUCLEO_CONSOLIDADO\LABORATORIO\20260418_095437_completed_visual.json","2826"
"C:\IOTEC\NUCLEO_CONSOLIDADO\LABORATORIO\20260418_102542_completed_visual.json","2826"
"C:\IOTEC\state\snapshots\20260418_102542_completed_visual.json","2826"
"C:\IOTEC\state\snapshots\20260418_095437_completed_visual.json","2826"
"C:\IOTEC\REAL_SYSTEM\node_modules\express\package.json","2821"
"C:\IOTEC\IOTEC_CAPABILITY_CLUSTERS.json","2818"
"C:\IOTEC\NUCLEO_CONSOLIDADO\LABORATORIO\lazy-object-proxy-1.10.0-py312h2bbff1b_0.json","2809"
"C:\IOTEC\MINERADORA_BRUTA\lazy-object-proxy-1.10.0-py312h2bbff1b_0.json","2809"
"C:\IOTEC\NUCLEO_CONSOLIDADO\DUPLICADOS\lazy-object-proxy-1.10.0-py312h2bbff1b_0.json","2809"
"C:\IOTEC\MINERADORA_BRUTA\jaraco.classes-3.2.1-pyhd3eb1b0_0.json","2807"
"C:\IOTEC\NUCLEO_CONSOLIDADO\DUPLICADOS\jaraco.classes-3.2.1-pyhd3eb1b0_0.json","2807"
"C:\IOTEC\NUCLEO_CONSOLIDADO\LABORATORIO\jaraco.classes-3.2.1-pyhd3eb1b0_0.json","2807"
"C:\IOTEC\MINERADORA_BRUTA\anaconda-anon-usage-0.4.4-py312hfc23b7f_100.json","2786"
"C:\IOTEC\black-diamond\node_modules\@eslint-community\regexpp\package.json","2783"
"C:\IOTEC\IOTEC_FORMULARIO_OFICIAL.json","2777"
"C:\IOTEC\core\backups\nucleo_estado_20260407_101342.json","2774"
"C:\IOTEC\NUCLEO_CONSOLIDADO\LABORATORIO\nucleo_estado_20260407_101342.json","2774"
"C:\IOTEC\NUCLEO_CONSOLIDADO\DUPLICADOS\nucleo_estado_20260407_101342.json","2774"
"C:\IOTEC\NUCLEO_CONSOLIDADO\LABORATORIO\python-dotenv-0.21.0-py312haa95532_0.json","2771"
"C:\IOTEC\NUCLEO_CONSOLIDADO\DUPLICADOS\python-dotenv-0.21.0-py312haa95532_0.json","2771"
"C:\IOTEC\MINERADORA_BRUTA\python-dotenv-0.21.0-py312haa95532_0.json","2771"
"C:\IOTEC\NUCLEO_CONSOLIDADO\DUPLICADOS\vim-01-beginner.tutor__dup2.json","2766"
"C:\IOTEC\NUCLEO_CONSOLIDADO\LABORATORIO\vim-01-beginner.tutor__dup2.json","2766"
"C:\IOTEC\MINERADORA_BRUTA\vim-01-beginner.tutor__dup2.json","2766"
"C:\IOTEC\NUCLEO_CONSOLIDADO\LABORATORIO\sqlite-3.45.3-h2bbff1b_0.json","2760"
"C:\IOTEC\NUCLEO_CONSOLIDADO\DUPLICADOS\sqlite-3.45.3-h2bbff1b_0.json","2760"
"C:\IOTEC\MINERADORA_BRUTA\sqlite-3.45.3-h2bbff1b_0.json","2760"
"C:\IOTEC\MINERADORA_BRUTA\toml-0.10.2-pyhd3eb1b0_0.json","2748"
"C:\IOTEC\NUCLEO_CONSOLIDADO\LABORATORIO\toml-0.10.2-pyhd3eb1b0_0.json","2748"
"C:\IOTEC\NUCLEO_CONSOLIDADO\DUPLICADOS\toml-0.10.2-pyhd3eb1b0_0.json","2748"
"C:\IOTEC\black-diamond\node_modules\@babel\core\package.json","2744"
"C:\IOTEC\MINERADORA_BRUTA\astropy-iers-data-0.2024.9.2.0.33.23-py312haa95532_0.json","2743"
"C:\IOTEC\NUCLEO_CONSOLIDADO\DUPLICADOS\astropy-iers-data-0.2024.9.2.0.33.23-py312haa95532_0.json","2743"
"C:\IOTEC\NUCLEO_CONSOLIDADO\LABORATORIO\astropy-iers-data-0.2024.9.2.0.33.23-py312haa95532_0.json","2743"
"C:\IOTEC\MINERADORA_BRUTA\yarl-1.11.0-py312h827c3e9_0.json","2727"
"C:\IOTEC\NUCLEO_CONSOLIDADO\DUPLICADOS\yarl-1.11.0-py312h827c3e9_0.json","2727"
"C:\IOTEC\NUCLEO_CONSOLIDADO\LABORATORIO\yarl-1.11.0-py312h827c3e9_0.json","2727"
"C:\IOTEC\MINERADORA_BRUTA\arrow-1.2.3-py312haa95532_1.json","2717"
"C:\IOTEC\NUCLEO_CONSOLIDADO\DUPLICADOS\arrow-1.2.3-py312haa95532_1.json","2717"
"C:\IOTEC\NUCLEO_CONSOLIDADO\LABORATORIO\arrow-1.2.3-py312haa95532_1.json","2717"
"C:\IOTEC\NUCLEO_CONSOLIDADO\LABORATORIO\catalogo_cursos.json","2715"
"C:\IOTEC\MINERADORA_BRUTA\catalogo_cursos.json","2715"
"C:\IOTEC\NUCLEO_CONSOLIDADO\DUPLICADOS\catalogo_cursos.json","2715"
"C:\IOTEC\NUCLEO_CONSOLIDADO\LABORATORIO\mkl_random-1.2.7-py312h0158946_0.json","2707"
"C:\IOTEC\MINERADORA_BRUTA\mkl_random-1.2.7-py312h0158946_0.json","2707"
"C:\IOTEC\NUCLEO_CONSOLIDADO\DUPLICADOS\mkl_random-1.2.7-py312h0158946_0.json","2707"
"C:\IOTEC\black-diamond\node_modules\zod-validation-error\package.json","2706"
"C:\IOTEC\NUCLEO_CONSOLIDADO\LABORATORIO\reportagem_auditoria_v3_2026-03-29_22-20-36.json","2699"
"C:\IOTEC\MINERADORA_BRUTA\reportagem_auditoria_v3_2026-03-29_22-20-36.json","2699"
"C:\IOTEC\NUCLEO_CONSOLIDADO\DUPLICADOS\reportagem_auditoria_v3_2026-03-29_22-20-36.json","2699"
"C:\IOTEC\core\relatorios\modelo_relatorio_falhas.json","2697"
"C:\IOTEC\NUCLEO_CONSOLIDADO\DUPLICADOS\modelo_relatorio_falhas.json","2697"
"C:\IOTEC\NUCLEO_CONSOLIDADO\LABORATORIO\modelo_relatorio_falhas.json","2697"
"C:\IOTEC\vite-project\node_modules\fdir\package.json","2694"
"C:\IOTEC\black-diamond\node_modules\fdir\package.json","2694"
"C:\IOTEC\NUCLEO_CONSOLIDADO\LABORATORIO\survival_engine_db.json","2685"
"C:\IOTEC\NUCLEO_CONSOLIDADO\DUPLICADOS\survival_engine_db.json","2685"
"C:\IOTEC\MINERADORA_BRUTA\survival_engine_db.json","2685"
"C:\IOTEC\REAL_SYSTEM\node_modules\math-intrinsics\package.json","2670"
"C:\IOTEC\NUCLEO_CONSOLIDADO\DUPLICADOS\pyerfa-2.0.1.4-py312h4b0e54e_0.json","2655"
"C:\IOTEC\NUCLEO_CONSOLIDADO\LABORATORIO\pyct-0.5.0-py312haa95532_0.json","2655"
"C:\IOTEC\NUCLEO_CONSOLIDADO\DUPLICADOS\pyct-0.5.0-py312haa95532_0.json","2655"
"C:\IOTEC\MINERADORA_BRUTA\pyerfa-2.0.1.4-py312h4b0e54e_0.json","2655"
"C:\IOTEC\NUCLEO_CONSOLIDADO\LABORATORIO\pyerfa-2.0.1.4-py312h4b0e54e_0.json","2655"
"C:\IOTEC\MINERADORA_BRUTA\pyct-0.5.0-py312haa95532_0.json","2655"
"C:\IOTEC\NUCLEO_CONSOLIDADO\DUPLICADOS\terminado-0.17.1-py312haa95532_0.json","2647"
"C:\IOTEC\MINERADORA_BRUTA\terminado-0.17.1-py312haa95532_0.json","2647"
"C:\IOTEC\NUCLEO_CONSOLIDADO\LABORATORIO\terminado-0.17.1-py312haa95532_0.json","2647"
"C:\IOTEC\reports\module_status.json","2646"
"C:\IOTEC\NUCLEO_CONSOLIDADO\LABORATORIO\manifesto.json","2638"
"C:\IOTEC\MINERADORA_BRUTA\manifesto.json","2638"
"C:\IOTEC\MINERADORA_BRUTA\tblib-1.7.0-pyhd3eb1b0_0.json","2638"
"C:\IOTEC\NUCLEO_CONSOLIDADO\DUPLICADOS\manifesto.json","2638"
"C:\IOTEC\NUCLEO_CONSOLIDADO\DUPLICADOS\platformdirs-3.10.0-py312haa95532_0.json","2633"
"C:\IOTEC\MINERADORA_BRUTA\platformdirs-3.10.0-py312haa95532_0.json","2633"
"C:\IOTEC\NUCLEO_CONSOLIDADO\LABORATORIO\platformdirs-3.10.0-py312haa95532_0.json","2633"
"C:\IOTEC\NUCLEO_CONSOLIDADO\DUPLICADOS\itsdangerous-2.2.0-py312haa95532_0.json","2631"
"C:\IOTEC\NUCLEO_CONSOLIDADO\LABORATORIO\itsdangerous-2.2.0-py312haa95532_0.json","2631"
"C:\IOTEC\MINERADORA_BRUTA\itsdangerous-2.2.0-py312haa95532_0.json","2631"
"C:\IOTEC\NUCLEO_CONSOLIDADO\LABORATORIO\pathspec-0.10.3-py312haa95532_0.json","2629"
"C:\IOTEC\MINERADORA_BRUTA\pathspec-0.10.3-py312haa95532_0.json","2629"
"C:\IOTEC\NUCLEO_CONSOLIDADO\DUPLICADOS\pathspec-0.10.3-py312haa95532_0.json","2629"
"C:\IOTEC\MINERADORA_BRUTA\ptyprocess-0.7.0-pyhd3eb1b0_2.json","2609"
"C:\IOTEC\NUCLEO_CONSOLIDADO\DUPLICADOS\ptyprocess-0.7.0-pyhd3eb1b0_2.json","2609"
"C:\IOTEC\NUCLEO_CONSOLIDADO\LABORATORIO\ptyprocess-0.7.0-pyhd3eb1b0_2.json","2609"
"C:\IOTEC\NUCLEO_CONSOLIDADO\DUPLICADOS\jupyterlab_pygments-0.1.2-py_0.json","2608"
"C:\IOTEC\NUCLEO_CONSOLIDADO\LABORATORIO\jupyterlab_pygments-0.1.2-py_0.json","2608"
"C:\IOTEC\MINERADORA_BRUTA\jupyterlab_pygments-0.1.2-py_0.json","2608"
"C:\IOTEC\MINERADORA_BRUTA\queuelib-1.6.2-py312haa95532_0.json","2600"
"C:\IOTEC\core\backups\nucleo_estado_20260407_070231.json","2583"
"C:\IOTEC\NUCLEO_CONSOLIDADO\LABORATORIO\nucleo_estado_20260407_070231.json","2583"
"C:\IOTEC\NUCLEO_CONSOLIDADO\DUPLICADOS\nucleo_estado_20260407_070231.json","2583"
"C:\IOTEC\MINERADORA_BRUTA\lazy_loader-0.4-py312haa95532_0.json","2582"
"C:\IOTEC\NUCLEO_CONSOLIDADO\DUPLICADOS\lazy_loader-0.4-py312haa95532_0.json","2582"
"C:\IOTEC\NUCLEO_CONSOLIDADO\LABORATORIO\lazy_loader-0.4-py312haa95532_0.json","2582"
"C:\IOTEC\REAL_SYSTEM\node_modules\get-intrinsic\package.json","2576"
"C:\IOTEC\black-diamond\node_modules\ajv\lib\refs\json-schema-secure.json","2572"
"C:\IOTEC\IOTEC_SCIENTIFIC_OPERATIONS.json","2557"
"C:\IOTEC\IOTEC_GLOBAL_FINANCIAL_CORE.json","2554"
"C:\IOTEC\MINERADORA_BRUTA\w3lib-2.1.2-py312haa95532_0.json","2554"
"C:\IOTEC\black-diamond\node_modules\source-map-js\package.json","2548"
"C:\IOTEC\vite-project\node_modules\source-map-js\package.json","2548"
"C:\IOTEC\node_modules\source-map-js\package.json","2548"
"C:\IOTEC\NUCLEO_CONSOLIDADO\DUPLICADOS\sphinxcontrib-jsmath-1.0.1-pyhd3eb1b0_0.json","2546"
"C:\IOTEC\NUCLEO_CONSOLIDADO\LABORATORIO\sphinxcontrib-jsmath-1.0.1-pyhd3eb1b0_0.json","2546"
"C:\IOTEC\MINERADORA_BRUTA\sphinxcontrib-jsmath-1.0.1-pyhd3eb1b0_0.json","2546"
"C:\IOTEC\black-diamond\node_modules\eslint\conf\rule-type-list.json","2537"
"C:\IOTEC\NUCLEO_CONSOLIDADO\DUPLICADOS\actions.json","2533"
"C:\IOTEC\MINERADORA_BRUTA\actions.json","2533"
"C:\IOTEC\NUCLEO_CONSOLIDADO\LABORATORIO\actions.json","2533"
"C:\IOTEC\MINERADORA_BRUTA\binaryornot-0.4.4-pyhd3eb1b0_1.json","2524"
"C:\IOTEC\NUCLEO_CONSOLIDADO\LABORATORIO\binaryornot-0.4.4-pyhd3eb1b0_1.json","2524"
"C:\IOTEC\NUCLEO_CONSOLIDADO\DUPLICADOS\binaryornot-0.4.4-pyhd3eb1b0_1.json","2524"
"C:\IOTEC\MINERADORA_BRUTA\filelock-3.13.1-py312haa95532_0.json","2513"
"C:\IOTEC\NUCLEO_CONSOLIDADO\DUPLICADOS\filelock-3.13.1-py312haa95532_0.json","2513"
"C:\IOTEC\NUCLEO_CONSOLIDADO\LABORATORIO\filelock-3.13.1-py312haa95532_0.json","2513"
"C:\IOTEC\MINERADORA_BRUTA\libdeflate-1.17-h2bbff1b_1.json","2508"
"C:\IOTEC\REAL_SYSTEM\node_modules\call-bound\package.json","2507"
"C:\IOTEC\NUCLEO_CONSOLIDADO\LABORATORIO\TORI_OBSIDIANO_logs.json","2505"
"C:\IOTEC\NUCLEO_CONSOLIDADO\DUPLICADOS\TORI_OBSIDIANO_logs.json","2505"
"C:\IOTEC\MINERADORA_BRUTA\TORI_OBSIDIANO_logs.json","2505"
"C:\IOTEC\NUCLEO_CONSOLIDADO\DUPLICADOS\semver-3.0.2-py312haa95532_0.json","2502"
"C:\IOTEC\MINERADORA_BRUTA\semver-3.0.2-py312haa95532_0.json","2502"
"C:\IOTEC\NUCLEO_CONSOLIDADO\LABORATORIO\semver-3.0.2-py312haa95532_0.json","2502"
"C:\IOTEC\node_modules\postcss\package.json","2497"
"C:\IOTEC\vite-project\node_modules\postcss\package.json","2497"
"C:\IOTEC\IOTEC_REALTY_CORE.json","2497"
"C:\IOTEC\black-diamond\node_modules\postcss\package.json","2497"
"C:\IOTEC\NUCLEO_CONSOLIDADO\DUPLICADOS\registry_history.json","2496"
"C:\IOTEC\MINERADORA_BRUTA\registry_history.json","2496"
"C:\IOTEC\NUCLEO_CONSOLIDADO\LABORATORIO\registry_history.json","2496"
"C:\IOTEC\node_modules\tailwindcss\package.json","2494"
"C:\IOTEC\black-diamond\node_modules\tailwindcss\package.json","2493"
"C:\IOTEC\MINERADORA_BRUTA\pyls-spyder-0.4.0-pyhd3eb1b0_0.json","2485"
"C:\IOTEC\NUCLEO_CONSOLIDADO\DUPLICADOS\pyls-spyder-0.4.0-pyhd3eb1b0_0.json","2485"
"C:\IOTEC\NUCLEO_CONSOLIDADO\LABORATORIO\pyls-spyder-0.4.0-pyhd3eb1b0_0.json","2485"
"C:\IOTEC\NUCLEO_CONSOLIDADO\LABORATORIO\pyopenssl-24.2.1-py312haa95532_0.json","2483"
"C:\IOTEC\MINERADORA_BRUTA\pyopenssl-24.2.1-py312haa95532_0.json","2483"
"C:\IOTEC\NUCLEO_CONSOLIDADO\DUPLICADOS\pyopenssl-24.2.1-py312haa95532_0.json","2483"
"C:\IOTEC\NUCLEO_CONSOLIDADO\DUPLICADOS\tinycss2-1.2.1-py312haa95532_0.json","2480"
"C:\IOTEC\NUCLEO_CONSOLIDADO\FRONTEND\tinycss2-1.2.1-py312haa95532_0.json","2480"
"C:\IOTEC\MINERADORA_BRUTA\tinycss2-1.2.1-py312haa95532_0.json","2480"
"C:\IOTEC\REAL_SYSTEM\node_modules\call-bind-apply-helpers\package.json","2480"
"C:\IOTEC\NUCLEO_CONSOLIDADO\LABORATORIO\dossie_aurora_2026-03-30_15-29-19.json","2477"
"C:\IOTEC\MINERADORA_BRUTA\dossie_aurora_2026-03-31_09-12-14.json","2477"
"C:\IOTEC\MINERADORA_BRUTA\dossie_aurora_2026-03-30_15-29-19.json","2477"
"C:\IOTEC\NUCLEO_CONSOLIDADO\DUPLICADOS\dossie_aurora_2026-03-31_09-12-14.json","2477"
"C:\IOTEC\NUCLEO_CONSOLIDADO\LABORATORIO\dossie_aurora_2026-03-31_09-12-14.json","2477"
"C:\IOTEC\NUCLEO_CONSOLIDADO\DUPLICADOS\dossie_aurora_2026-03-30_15-29-19.json","2477"
"C:\IOTEC\NUCLEO_CONSOLIDADO\DUPLICADOS\frozendict-2.4.2-py312haa95532_0.json","2465"
"C:\IOTEC\MINERADORA_BRUTA\frozendict-2.4.2-py312haa95532_0.json","2465"
"C:\IOTEC\NUCLEO_CONSOLIDADO\LABORATORIO\frozendict-2.4.2-py312haa95532_0.json","2465"
"C:\IOTEC\NUCLEO_CONSOLIDADO\LABORATORIO\multipledispatch-0.6.0-py312haa95532_0.json","2463"
"C:\IOTEC\MINERADORA_BRUTA\multipledispatch-0.6.0-py312haa95532_0.json","2463"
"C:\IOTEC\NUCLEO_CONSOLIDADO\DUPLICADOS\multipledispatch-0.6.0-py312haa95532_0.json","2463"
"C:\IOTEC\NUCLEO_CONSOLIDADO\DUPLICADOS\multidict-6.0.4-py312h2bbff1b_0.json","2459"
"C:\IOTEC\MINERADORA_BRUTA\multidict-6.0.4-py312h2bbff1b_0.json","2459"
"C:\IOTEC\NUCLEO_CONSOLIDADO\LABORATORIO\multidict-6.0.4-py312h2bbff1b_0.json","2459"
"C:\IOTEC\NUCLEO_CONSOLIDADO\DUPLICADOS\itemadapter-0.3.0-pyhd3eb1b0_0.json","2449"
"C:\IOTEC\MINERADORA_BRUTA\itemadapter-0.3.0-pyhd3eb1b0_0.json","2449"
"C:\IOTEC\NUCLEO_CONSOLIDADO\DUPLICADOS\krb5-1.20.1-h5b6d351_0.json","2449"
"C:\IOTEC\NUCLEO_CONSOLIDADO\LABORATORIO\krb5-1.20.1-h5b6d351_0.json","2449"
"C:\IOTEC\NUCLEO_CONSOLIDADO\LABORATORIO\itemadapter-0.3.0-pyhd3eb1b0_0.json","2449"
"C:\IOTEC\MINERADORA_BRUTA\krb5-1.20.1-h5b6d351_0.json","2449"
"C:\IOTEC\REAL_SYSTEM\node_modules\side-channel-weakmap\package.json","2447"
"C:\IOTEC\black-diamond\node_modules\flatted\package.json","2444"
"C:\IOTEC\node_modules\lucide-react\package.json","2437"
"C:\IOTEC\IOTEC_GLOBAL_MARKET_MAP.json","2422"
"C:\IOTEC\MINERADORA_BRUTA\resumo_nucleo.json","2411"
"C:\IOTEC\NUCLEO_CONSOLIDADO\DUPLICADOS\resumo_nucleo.json","2411"
"C:\IOTEC\NUCLEO_CONSOLIDADO\LABORATORIO\resumo_nucleo.json","2411"
"C:\IOTEC\black-diamond\node_modules\@eslint-community\eslint-utils\node_modules\eslint-visitor-keys\package.json","2410"
"C:\IOTEC\NUCLEO_CONSOLIDADO\LABORATORIO\executing-0.8.3-pyhd3eb1b0_0.json","2408"
"C:\IOTEC\NUCLEO_CONSOLIDADO\DUPLICADOS\soupsieve-2.5-py312haa95532_0.json","2408"
"C:\IOTEC\MINERADORA_BRUTA\executing-0.8.3-pyhd3eb1b0_0.json","2408"
"C:\IOTEC\MINERADORA_BRUTA\soupsieve-2.5-py312haa95532_0.json","2408"
"C:\IOTEC\NUCLEO_CONSOLIDADO\DUPLICADOS\executing-0.8.3-pyhd3eb1b0_0.json","2408"
"C:\IOTEC\NUCLEO_CONSOLIDADO\LABORATORIO\soupsieve-2.5-py312haa95532_0.json","2408"
"C:\IOTEC\MINERADORA_BRUTA\libmambapy-1.5.8-py312h77c03ed_3.json","2405"
"C:\IOTEC\NUCLEO_CONSOLIDADO\LABORATORIO\pydispatcher-2.0.5-py312haa95532_3.json","2400"
"C:\IOTEC\MINERADORA_BRUTA\pydispatcher-2.0.5-py312haa95532_3.json","2400"
"C:\IOTEC\NUCLEO_CONSOLIDADO\DUPLICADOS\pydispatcher-2.0.5-py312haa95532_3.json","2400"
"C:\IOTEC\IOTEC_ACROPOLE_GLOBAL.json","2395"
"C:\IOTEC\NUCLEO_CONSOLIDADO\LABORATORIO\2.4.1.json","2391"
"C:\IOTEC\MINERADORA_BRUTA\2.4.3.json","2391"
"C:\IOTEC\NUCLEO_CONSOLIDADO\DUPLICADOS\2.4.2.json","2391"
"C:\IOTEC\MINERADORA_BRUTA\2.4.2.json","2391"
"C:\IOTEC\NUCLEO_CONSOLIDADO\DUPLICADOS\2.4.1.json","2391"
"C:\IOTEC\MINERADORA_BRUTA\2.4.1.json","2391"
"C:\IOTEC\NUCLEO_CONSOLIDADO\DUPLICADOS\2.4.0.json","2391"
"C:\IOTEC\NUCLEO_CONSOLIDADO\LABORATORIO\2.4.0.json","2391"
"C:\IOTEC\NUCLEO_CONSOLIDADO\LABORATORIO\2.4.3.json","2391"
"C:\IOTEC\MINERADORA_BRUTA\2.4.0.json","2391"
"C:\IOTEC\NUCLEO_CONSOLIDADO\LABORATORIO\2.4.2.json","2391"
"C:\IOTEC\NUCLEO_CONSOLIDADO\DUPLICADOS\2.4.3.json","2391"
"C:\IOTEC\NUCLEO_CONSOLIDADO\LABORATORIO\widgetsnbextension-3.6.6-py312haa95532_0.json","2390"
"C:\IOTEC\NUCLEO_CONSOLIDADO\DUPLICADOS\widgetsnbextension-3.6.6-py312haa95532_0.json","2390"
"C:\IOTEC\MINERADORA_BRUTA\widgetsnbextension-3.6.6-py312haa95532_0.json","2390"
"C:\IOTEC\NUCLEO_CONSOLIDADO\DUPLICADOS\overrides-7.4.0-py312haa95532_0.json","2385"
"C:\IOTEC\MINERADORA_BRUTA\overrides-7.4.0-py312haa95532_0.json","2385"
"C:\IOTEC\NUCLEO_CONSOLIDADO\LABORATORIO\overrides-7.4.0-py312haa95532_0.json","2385"
"C:\IOTEC\reports\plugins.json","2378"
"C:\IOTEC\MINERADORA_BRUTA\sniffio-1.3.0-py312haa95532_0.json","2373"
"C:\IOTEC\NUCLEO_CONSOLIDADO\DUPLICADOS\sniffio-1.3.0-py312haa95532_0.json","2373"
"C:\IOTEC\MINERADORA_BRUTA\mkl-2023.1.0-h6b88ed4_46358.json","2373"
"C:\IOTEC\NUCLEO_CONSOLIDADO\DUPLICADOS\mkl-2023.1.0-h6b88ed4_46358.json","2373"
"C:\IOTEC\NUCLEO_CONSOLIDADO\LABORATORIO\mkl-2023.1.0-h6b88ed4_46358.json","2373"
"C:\IOTEC\NUCLEO_CONSOLIDADO\LABORATORIO\sniffio-1.3.0-py312haa95532_0.json","2373"
"C:\IOTEC\MINERADORA_BRUTA\idna-3.7-py312haa95532_0.json","2371"
"C:\IOTEC\NUCLEO_CONSOLIDADO\LABORATORIO\idna-3.7-py312haa95532_0.json","2371"
"C:\IOTEC\NUCLEO_CONSOLIDADO\DUPLICADOS\idna-3.7-py312haa95532_0.json","2371"
"C:\IOTEC\MINERADORA_BRUTA\reparado_TORI_OBSIDIANO_logs.json","2365"
"C:\IOTEC\NUCLEO_CONSOLIDADO\DUPLICADOS\reparado_TORI_OBSIDIANO_logs.json","2365"
"C:\IOTEC\NUCLEO_CONSOLIDADO\LABORATORIO\reparado_TORI_OBSIDIANO_logs.json","2365"
"C:\IOTEC\REAL_SYSTEM\node_modules\side-channel\package.json","2361"
"C:\IOTEC\NUCLEO_CONSOLIDADO\DUPLICADOS\reproc-cpp-14.2.4-hd77b12b_2.json","2359"
"C:\IOTEC\MINERADORA_BRUTA\reproc-cpp-14.2.4-hd77b12b_2.json","2359"
"C:\IOTEC\NUCLEO_CONSOLIDADO\LABORATORIO\reproc-cpp-14.2.4-hd77b12b_2.json","2359"
"C:\IOTEC\MINERADORA_BRUTA\pluggy-1.0.0-py312haa95532_1.json","2356"
"C:\IOTEC\NUCLEO_CONSOLIDADO\LABORATORIO\pluggy-1.0.0-py312haa95532_1.json","2356"
"C:\IOTEC\NUCLEO_CONSOLIDADO\DUPLICADOS\pluggy-1.0.0-py312haa95532_1.json","2356"
"C:\IOTEC\NUCLEO_CONSOLIDADO\DUPLICADOS\aws-c-io-0.13.10-h2bbff1b_0.json","2351"
"C:\IOTEC\NUCLEO_CONSOLIDADO\LABORATORIO\aws-c-io-0.13.10-h2bbff1b_0.json","2351"
"C:\IOTEC\MINERADORA_BRUTA\aws-c-io-0.13.10-h2bbff1b_0.json","2351"
"C:\IOTEC\NUCLEO_CONSOLIDADO\DUPLICADOS\vim-01-beginner.tutor.json","2345"
"C:\IOTEC\MINERADORA_BRUTA\vim-01-beginner.tutor__dup3.json","2345"
"C:\IOTEC\NUCLEO_CONSOLIDADO\DUPLICADOS\vim-01-beginner.tutor__dup3.json","2345"
"C:\IOTEC\NUCLEO_CONSOLIDADO\LABORATORIO\vim-01-beginner.tutor__dup3.json","2345"
"C:\IOTEC\REAL_SYSTEM\node_modules\side-channel-map\package.json","2336"
"C:\IOTEC\MINERADORA_BRUTA\truststore-0.8.0-py312haa95532_0.json","2336"
"C:\IOTEC\NUCLEO_CONSOLIDADO\DUPLICADOS\truststore-0.8.0-py312haa95532_0.json","2336"
"C:\IOTEC\NUCLEO_CONSOLIDADO\LABORATORIO\truststore-0.8.0-py312haa95532_0.json","2336"
"C:\IOTEC\IOTEC_COMMERCIAL_OPERATION_REPORT.json","2330"
"C:\IOTEC\NUCLEO_CONSOLIDADO\DUPLICADOS\s3fs-2024.6.1-py312haa95532_0.json","2327"
"C:\IOTEC\NUCLEO_CONSOLIDADO\LABORATORIO\s3fs-2024.6.1-py312haa95532_0.json","2327"
"C:\IOTEC\MINERADORA_BRUTA\s3fs-2024.6.1-py312haa95532_0.json","2327"
"C:\IOTEC\NUCLEO_CONSOLIDADO\LABORATORIO\jsonpointer-2.1-pyhd3eb1b0_0.json","2325"
"C:\IOTEC\NUCLEO_CONSOLIDADO\DUPLICADOS\jsonpointer-2.1-pyhd3eb1b0_0.json","2325"
"C:\IOTEC\MINERADORA_BRUTA\jsonpointer-2.1-pyhd3eb1b0_0.json","2325"
"C:\IOTEC\MINERADORA_BRUTA\anaconda-catalogs-0.2.0-py312haa95532_1.json","2325"
"C:\IOTEC\IOTEC_PRODUCT_CATALOG_REPORT.json","2319"
"C:\IOTEC\core\backups\nucleo_estado_20260407_030343.json","2318"
"C:\IOTEC\NUCLEO_CONSOLIDADO\DUPLICADOS\nucleo_estado_20260407_030343.json","2318"
"C:\IOTEC\NUCLEO_CONSOLIDADO\LABORATORIO\nucleo_estado_20260407_030343.json","2318"
"C:\IOTEC\node_modules\@jridgewell\remapping\package.json","2307"
"C:\IOTEC\black-diamond\node_modules\@jridgewell\remapping\package.json","2307"
"C:\IOTEC\NUCLEO_CONSOLIDADO\DUPLICADOS\m2-msys2-runtime-2.5.0.17080.65c939c-3.json","2305"
"C:\IOTEC\NUCLEO_CONSOLIDADO\LABORATORIO\m2-msys2-runtime-2.5.0.17080.65c939c-3.json","2305"
"C:\IOTEC\MINERADORA_BRUTA\m2-msys2-runtime-2.5.0.17080.65c939c-3.json","2305"
"C:\IOTEC\NUCLEO_CONSOLIDADO\LABORATORIO\constantly-23.10.4-py312haa95532_0.json","2302"
"C:\IOTEC\MINERADORA_BRUTA\constantly-23.10.4-py312haa95532_0.json","2302"
"C:\IOTEC\NUCLEO_CONSOLIDADO\DUPLICADOS\constantly-23.10.4-py312haa95532_0.json","2302"
"C:\IOTEC\NUCLEO_CONSOLIDADO\LABORATORIO\webencodings-0.5.1-py312haa95532_2.json","2297"
"C:\IOTEC\NUCLEO_CONSOLIDADO\DUPLICADOS\webencodings-0.5.1-py312haa95532_2.json","2297"
"C:\IOTEC\MINERADORA_BRUTA\webencodings-0.5.1-py312haa95532_2.json","2297"
"C:\IOTEC\MINERADORA_BRUTA\Blindagem_Regulus_20251214_153923.json","2292"
"C:\IOTEC\NUCLEO_CONSOLIDADO\DUPLICADOS\Blindagem_Regulus_20251214_153923.json","2292"
"C:\IOTEC\NUCLEO_CONSOLIDADO\LABORATORIO\Blindagem_Regulus_20251214_153923.json","2292"
"C:\IOTEC\MINERADORA_BRUTA\parsel-1.8.1-py312haa95532_0.json","2286"
"C:\IOTEC\NUCLEO_CONSOLIDADO\LABORATORIO\parsel-1.8.1-py312haa95532_0.json","2286"
"C:\IOTEC\NUCLEO_CONSOLIDADO\DUPLICADOS\parsel-1.8.1-py312haa95532_0.json","2286"
"C:\IOTEC\vite-project\node_modules\nanoid\package.json","2283"
"C:\IOTEC\node_modules\nanoid\package.json","2283"
"C:\IOTEC\black-diamond\node_modules\nanoid\package.json","2283"
"C:\IOTEC\MINERADORA_BRUTA\alabaster-0.7.16-py312haa95532_0.json","2281"
"C:\IOTEC\NUCLEO_CONSOLIDADO\DUPLICADOS\alabaster-0.7.16-py312haa95532_0.json","2281"
"C:\IOTEC\NUCLEO_CONSOLIDADO\LABORATORIO\alabaster-0.7.16-py312haa95532_0.json","2281"
"C:\IOTEC\MINERADORA_BRUTA\msgpack-python-1.0.3-py312h59b6b97_0.json","2280"
"C:\IOTEC\NUCLEO_CONSOLIDADO\LABORATORIO\msgpack-python-1.0.3-py312h59b6b97_0.json","2280"
"C:\IOTEC\NUCLEO_CONSOLIDADO\DUPLICADOS\msgpack-python-1.0.3-py312h59b6b97_0.json","2280"
"C:\IOTEC\NUCLEO_CONSOLIDADO\LABORATORIO\whatthepatch-1.0.2-py312haa95532_0.json","2278"
"C:\IOTEC\MINERADORA_BRUTA\whatthepatch-1.0.2-py312haa95532_0.json","2278"
"C:\IOTEC\NUCLEO_CONSOLIDADO\DUPLICADOS\whatthepatch-1.0.2-py312haa95532_0.json","2278"
"C:\IOTEC\MINERADORA_BRUTA\wrapt-1.14.1-py312h2bbff1b_0.json","2271"
"C:\IOTEC\NUCLEO_CONSOLIDADO\DUPLICADOS\wrapt-1.14.1-py312h2bbff1b_0.json","2271"
"C:\IOTEC\MINERADORA_BRUTA\complexo_map_placas.json","2271"
"C:\IOTEC\NUCLEO_CONSOLIDADO\LABORATORIO\complexo_map_placas.json","2271"
"C:\IOTEC\NUCLEO_CONSOLIDADO\LABORATORIO\wrapt-1.14.1-py312h2bbff1b_0.json","2271"
"C:\IOTEC\NUCLEO_CONSOLIDADO\DUPLICADOS\complexo_map_placas.json","2271"
"C:\IOTEC\NUCLEO_CONSOLIDADO\LABORATORIO\fmt-9.1.0-h6d14046_1.json","2270"
"C:\IOTEC\MINERADORA_BRUTA\fmt-9.1.0-h6d14046_1.json","2270"
"C:\IOTEC\NUCLEO_CONSOLIDADO\DUPLICADOS\fmt-9.1.0-h6d14046_1.json","2270"
"C:\IOTEC\MINERADORA_BRUTA\lz4-4.3.2-py312h2bbff1b_0.json","2267"
"C:\IOTEC\NUCLEO_CONSOLIDADO\LABORATORIO\lz4-4.3.2-py312h2bbff1b_0.json","2267"
"C:\IOTEC\NUCLEO_CONSOLIDADO\DUPLICADOS\lz4-4.3.2-py312h2bbff1b_0.json","2267"
"C:\IOTEC\REAL_SYSTEM\node_modules\function-bind\package.json","2262"
"C:\IOTEC\REAL_SYSTEM\node_modules\hasown\package.json","2258"
"C:\IOTEC\REAL_SYSTEM\node_modules\side-channel-list\package.json","2258"
"C:\IOTEC\IOTEC_STRATEGIC_DIRECTIVE.json","2256"
"C:\IOTEC\NUCLEO_CONSOLIDADO\DUPLICADOS\zstandard-0.23.0-py312h4fc1ca9_0.json","2253"
"C:\IOTEC\NUCLEO_CONSOLIDADO\LABORATORIO\zstandard-0.23.0-py312h4fc1ca9_0.json","2253"
"C:\IOTEC\MINERADORA_BRUTA\zstandard-0.23.0-py312h4fc1ca9_0.json","2253"
"C:\IOTEC\black-diamond\node_modules\@jridgewell\trace-mapping\package.json","2252"
"C:\IOTEC\node_modules\@jridgewell\trace-mapping\package.json","2252"
"C:\IOTEC\MINERADORA_BRUTA\python-lmdb-1.4.1-py312hd77b12b_0.json","2251"
"C:\IOTEC\NUCLEO_CONSOLIDADO\DUPLICADOS\python-lmdb-1.4.1-py312hd77b12b_0.json","2251"
"C:\IOTEC\NUCLEO_CONSOLIDADO\LABORATORIO\python-lmdb-1.4.1-py312hd77b12b_0.json","2251"
"C:\IOTEC\REAL_SYSTEM\node_modules\es-object-atoms\package.json","2249"
"C:\IOTEC\MINERADORA_BRUTA\package-info.json","2245"
"C:\IOTEC\NUCLEO_CONSOLIDADO\DUPLICADOS\package-info.json","2245"
"C:\IOTEC\NUCLEO_CONSOLIDADO\LABORATORIO\package-info.json","2245"
"C:\IOTEC\NUCLEO_CONSOLIDADO\DUPLICADOS\complexo_autonomo.json","2244"
"C:\IOTEC\NUCLEO_CONSOLIDADO\LABORATORIO\complexo_autonomo.json","2244"
"C:\IOTEC\MINERADORA_BRUTA\complexo_autonomo.json","2244"
"C:\IOTEC\MINERADORA_BRUTA\itemloaders-1.1.0-py312haa95532_0.json","2236"
"C:\IOTEC\NUCLEO_CONSOLIDADO\LABORATORIO\itemloaders-1.1.0-py312haa95532_0.json","2236"
"C:\IOTEC\NUCLEO_CONSOLIDADO\DUPLICADOS\itemloaders-1.1.0-py312haa95532_0.json","2236"
"C:\IOTEC\NUCLEO_CONSOLIDADO\LABORATORIO\argon2-cffi-bindings-21.2.0-py312h2bbff1b_0.json","2231"
"C:\IOTEC\MINERADORA_BRUTA\argon2-cffi-bindings-21.2.0-py312h2bbff1b_0.json","2231"
"C:\IOTEC\NUCLEO_CONSOLIDADO\DUPLICADOS\argon2-cffi-bindings-21.2.0-py312h2bbff1b_0.json","2231"
"C:\IOTEC\black-diamond\node_modules\@tailwindcss\oxide\package.json","2221"
"C:\IOTEC\node_modules\@tailwindcss\oxide\package.json","2221"
"C:\IOTEC\REAL_SYSTEM\node_modules\iconv-lite\encodings\tables\gb18030-ranges.json","2216"
"C:\IOTEC\NUCLEO_CONSOLIDADO\DUPLICADOS\aiohappyeyeballs-2.4.0-py312haa95532_0.json","2216"
"C:\IOTEC\NUCLEO_CONSOLIDADO\DUPLICADOS\more-itertools-10.3.0-py312haa95532_0.json","2216"
"C:\IOTEC\MINERADORA_BRUTA\more-itertools-10.3.0-py312haa95532_0.json","2216"
"C:\IOTEC\MINERADORA_BRUTA\aiohappyeyeballs-2.4.0-py312haa95532_0.json","2216"
"C:\IOTEC\NUCLEO_CONSOLIDADO\LABORATORIO\more-itertools-10.3.0-py312haa95532_0.json","2216"
"C:\IOTEC\NUCLEO_CONSOLIDADO\LABORATORIO\aiohappyeyeballs-2.4.0-py312haa95532_0.json","2216"
"C:\IOTEC\NUCLEO_CONSOLIDADO\LABORATORIO\rtree-1.0.1-py312h2eaa2aa_0.json","2214"
"C:\IOTEC\MINERADORA_BRUTA\rtree-1.0.1-py312h2eaa2aa_0.json","2214"
"C:\IOTEC\NUCLEO_CONSOLIDADO\DUPLICADOS\rtree-1.0.1-py312h2eaa2aa_0.json","2214"
"C:\IOTEC\MINERADORA_BRUTA\zstd-1.5.6-h8880b57_0.json","2207"
"C:\IOTEC\NUCLEO_CONSOLIDADO\DUPLICADOS\zstd-1.5.6-h8880b57_0.json","2207"
"C:\IOTEC\NUCLEO_CONSOLIDADO\LABORATORIO\zstd-1.5.6-h8880b57_0.json","2207"
"C:\IOTEC\MINERADORA_BRUTA\zeromq-4.3.5-hd77b12b_0.json","2206"
"C:\IOTEC\NUCLEO_CONSOLIDADO\LABORATORIO\zeromq-4.3.5-hd77b12b_0.json","2206"
"C:\IOTEC\NUCLEO_CONSOLIDADO\DUPLICADOS\zeromq-4.3.5-hd77b12b_0.json","2206"
"C:\IOTEC\NUCLEO_CONSOLIDADO\LABORATORIO\regex-2024.9.11-py312h827c3e9_0.json","2203"
"C:\IOTEC\MINERADORA_BRUTA\regex-2024.9.11-py312h827c3e9_0.json","2203"
"C:\IOTEC\NUCLEO_CONSOLIDADO\DUPLICADOS\regex-2024.9.11-py312h827c3e9_0.json","2203"
"C:\IOTEC\MINERADORA_BRUTA\_anaconda_depends-2024.10-py312_mkl_0.json","2202"
"C:\IOTEC\black-diamond\node_modules\@jridgewell\gen-mapping\package.json","2201"
"C:\IOTEC\NUCLEO_CONSOLIDADO\LABORATORIO\three-merge-0.1.1-pyhd3eb1b0_0.json","2201"
"C:\IOTEC\MINERADORA_BRUTA\three-merge-0.1.1-pyhd3eb1b0_0.json","2201"
"C:\IOTEC\node_modules\@jridgewell\gen-mapping\package.json","2201"
"C:\IOTEC\NUCLEO_CONSOLIDADO\DUPLICADOS\three-merge-0.1.1-pyhd3eb1b0_0.json","2201"
"C:\IOTEC\IOTEC_OPENING_REPORT.json","2198"
"C:\IOTEC\IOTEC_CONNECTOR_CATALOG.json","2197"
"C:\IOTEC\MINERADORA_BRUTA\openjpeg-2.5.2-hae555c5_0.json","2195"
"C:\IOTEC\NUCLEO_CONSOLIDADO\LABORATORIO\openjpeg-2.5.2-hae555c5_0.json","2195"
"C:\IOTEC\NUCLEO_CONSOLIDADO\DUPLICADOS\openjpeg-2.5.2-hae555c5_0.json","2195"
"C:\IOTEC\NUCLEO_CONSOLIDADO\LABORATORIO\autopep8-2.0.4-pyhd3eb1b0_0.json","2193"
"C:\IOTEC\NUCLEO_CONSOLIDADO\DUPLICADOS\autopep8-2.0.4-pyhd3eb1b0_0.json","2193"
"C:\IOTEC\MINERADORA_BRUTA\autopep8-2.0.4-pyhd3eb1b0_0.json","2193"
"C:\IOTEC\NUCLEO_CONSOLIDADO\LABORATORIO\reparado_complexo_map_placas.json","2191"
"C:\IOTEC\NUCLEO_CONSOLIDADO\DUPLICADOS\reparado_complexo_map_placas.json","2191"
"C:\IOTEC\MINERADORA_BRUTA\reparado_complexo_map_placas.json","2191"
"C:\IOTEC\IOTEC_CONTACT_ENRICHMENT_DATABASE.json","2189"
"C:\IOTEC\NUCLEO_CONSOLIDADO\LABORATORIO\pydantic-core-2.20.1-py312hefb1915_0.json","2187"
"C:\IOTEC\MINERADORA_BRUTA\pydantic-core-2.20.1-py312hefb1915_0.json","2187"
"C:\IOTEC\NUCLEO_CONSOLIDADO\DUPLICADOS\pydantic-core-2.20.1-py312hefb1915_0.json","2187"
"C:\IOTEC\MINERADORA_BRUTA\markupsafe-2.1.3-py312h2bbff1b_0.json","2186"
"C:\IOTEC\NUCLEO_CONSOLIDADO\LABORATORIO\markupsafe-2.1.3-py312h2bbff1b_0.json","2186"
"C:\IOTEC\NUCLEO_CONSOLIDADO\DUPLICADOS\markupsafe-2.1.3-py312h2bbff1b_0.json","2186"
"C:\IOTEC\NUCLEO_CONSOLIDADO\LABORATORIO\mdurl-0.1.0-py312haa95532_0.json","2183"
"C:\IOTEC\NUCLEO_CONSOLIDADO\DUPLICADOS\mdurl-0.1.0-py312haa95532_0.json","2183"
"C:\IOTEC\MINERADORA_BRUTA\mdurl-0.1.0-py312haa95532_0.json","2183"
"C:\IOTEC\NUCLEO_CONSOLIDADO\LABORATORIO\reparado_complexo_autonomo.json","2176"
"C:\IOTEC\REAL_SYSTEM\node_modules\get-proto\package.json","2176"
"C:\IOTEC\MINERADORA_BRUTA\reparado_complexo_autonomo.json","2176"
"C:\IOTEC\NUCLEO_CONSOLIDADO\DUPLICADOS\reparado_complexo_autonomo.json","2176"
"C:\IOTEC\IOTEC_PORTFOLIO_COMPOSITION_REPORT.json","2175"
"C:\IOTEC\MINERADORA_BRUTA\matplotlib-inline-0.1.6-py312haa95532_0.json","2175"
"C:\IOTEC\REAL_SYSTEM\node_modules\es-errors\package.json","2174"
"C:\IOTEC\black-diamond\node_modules\uri-js\package.json","2172"
"C:\IOTEC\NUCLEO_CONSOLIDADO\DUPLICADOS\linkify-it-py-2.0.0-py312haa95532_0.json","2170"
"C:\IOTEC\IOTEC_SITE_DATABASE.json","2170"
"C:\IOTEC\NUCLEO_CONSOLIDADO\LABORATORIO\linkify-it-py-2.0.0-py312haa95532_0.json","2170"
"C:\IOTEC\MINERADORA_BRUTA\linkify-it-py-2.0.0-py312haa95532_0.json","2170"
"C:\IOTEC\NUCLEO_CONSOLIDADO\DUPLICADOS\glog-0.5.0-hd77b12b_1.json","2166"
"C:\IOTEC\MINERADORA_BRUTA\glog-0.5.0-hd77b12b_1.json","2166"
"C:\IOTEC\NUCLEO_CONSOLIDADO\LABORATORIO\glog-0.5.0-hd77b12b_1.json","2166"
"C:\IOTEC\black-diamond\node_modules\@jridgewell\sourcemap-codec\package.json","2150"
"C:\IOTEC\node_modules\@jridgewell\sourcemap-codec\package.json","2150"
"C:\IOTEC\MINERADORA_BRUTA\contexto_estrategico.json","2148"
"C:\IOTEC\NUCLEO_CONSOLIDADO\LABORATORIO\contexto_estrategico.json","2148"
"C:\IOTEC\NUCLEO_CONSOLIDADO\DUPLICADOS\contexto_estrategico.json","2148"
"C:\IOTEC\MINERADORA_BRUTA\projecoes_20251130_180545.json","2144"
"C:\IOTEC\NUCLEO_CONSOLIDADO\DUPLICADOS\projecoes_20251130_180545.json","2144"
"C:\IOTEC\NUCLEO_CONSOLIDADO\LABORATORIO\projecoes_20251130_180545.json","2144"
"C:\IOTEC\REAL_SYSTEM\node_modules\es-define-property\package.json","2129"
"C:\IOTEC\NUCLEO_CONSOLIDADO\DUPLICADOS\docstring-to-markdown-0.11-py312haa95532_0.json","2127"
"C:\IOTEC\NUCLEO_CONSOLIDADO\LABORATORIO\docstring-to-markdown-0.11-py312haa95532_0.json","2127"
"C:\IOTEC\MINERADORA_BRUTA\docstring-to-markdown-0.11-py312haa95532_0.json","2127"
"C:\IOTEC\MINERADORA_BRUTA\aws-c-http-0.6.25-h2bbff1b_0.json","2122"
"C:\IOTEC\NUCLEO_CONSOLIDADO\LABORATORIO\aws-c-http-0.6.25-h2bbff1b_0.json","2122"
"C:\IOTEC\NUCLEO_CONSOLIDADO\DUPLICADOS\aws-c-http-0.6.25-h2bbff1b_0.json","2122"
"C:\IOTEC\NUCLEO_CONSOLIDADO\DUPLICADOS\orc-2.0.1-hd8d391b_0.json","2121"
"C:\IOTEC\NUCLEO_CONSOLIDADO\LABORATORIO\orc-2.0.1-hd8d391b_0.json","2121"
"C:\IOTEC\MINERADORA_BRUTA\orc-2.0.1-hd8d391b_0.json","2121"
"C:\IOTEC\NUCLEO_CONSOLIDADO\LABORATORIO\charls-2.2.0-h6c2663c_0.json","2114"
"C:\IOTEC\black-diamond\node_modules\@vitejs\plugin-react\package.json","2114"
"C:\IOTEC\MINERADORA_BRUTA\charls-2.2.0-h6c2663c_0.json","2114"
"C:\IOTEC\NUCLEO_CONSOLIDADO\DUPLICADOS\charls-2.2.0-h6c2663c_0.json","2114"
"C:\IOTEC\REAL_SYSTEM\node_modules\dunder-proto\package.json","2108"
"C:\IOTEC\MINERADORA_BRUTA\libzopfli-1.0.3-ha925a31_0.json","2104"
"C:\IOTEC\NUCLEO_CONSOLIDADO\LABORATORIO\py-cpuinfo-9.0.0-py312haa95532_0.json","2103"
"C:\IOTEC\MINERADORA_BRUTA\cfitsio-3.470-h2bbff1b_7.json","2103"
"C:\IOTEC\NUCLEO_CONSOLIDADO\DUPLICADOS\cfitsio-3.470-h2bbff1b_7.json","2103"
"C:\IOTEC\NUCLEO_CONSOLIDADO\DUPLICADOS\py-cpuinfo-9.0.0-py312haa95532_0.json","2103"
"C:\IOTEC\NUCLEO_CONSOLIDADO\LABORATORIO\cfitsio-3.470-h2bbff1b_7.json","2103"
"C:\IOTEC\MINERADORA_BRUTA\py-cpuinfo-9.0.0-py312haa95532_0.json","2103"
"C:\IOTEC\NUCLEO_CONSOLIDADO\LABORATORIO\python-lsp-black-2.0.0-py312haa95532_0.json","2094"
"C:\IOTEC\MINERADORA_BRUTA\python-lsp-black-2.0.0-py312haa95532_0.json","2094"
"C:\IOTEC\NUCLEO_CONSOLIDADO\DUPLICADOS\python-lsp-black-2.0.0-py312haa95532_0.json","2094"
"C:\IOTEC\MINERADORA_BRUTA\lzo-2.10-he774522_2.json","2093"
"C:\IOTEC\NUCLEO_CONSOLIDADO\DUPLICADOS\lzo-2.10-he774522_2.json","2093"
"C:\IOTEC\NUCLEO_CONSOLIDADO\LABORATORIO\lzo-2.10-he774522_2.json","2093"
"C:\IOTEC\NUCLEO_CONSOLIDADO\LABORATORIO\blinker-1.6.2-py312haa95532_0.json","2088"
"C:\IOTEC\MINERADORA_BRUTA\blinker-1.6.2-py312haa95532_0.json","2088"
"C:\IOTEC\NUCLEO_CONSOLIDADO\DUPLICADOS\blinker-1.6.2-py312haa95532_0.json","2088"
"C:\IOTEC\MINERADORA_BRUTA\python-json-logger-2.0.7-py312haa95532_0.json","2081"
"C:\IOTEC\MINERADORA_BRUTA\xz-5.4.6-h8cc25b3_1.json","2081"
"C:\IOTEC\NUCLEO_CONSOLIDADO\LABORATORIO\xz-5.4.6-h8cc25b3_1.json","2081"
"C:\IOTEC\NUCLEO_CONSOLIDADO\DUPLICADOS\xz-5.4.6-h8cc25b3_1.json","2081"
"C:\IOTEC\NUCLEO_CONSOLIDADO\LABORATORIO\python-json-logger-2.0.7-py312haa95532_0.json","2081"
"C:\IOTEC\NUCLEO_CONSOLIDADO\DUPLICADOS\python-json-logger-2.0.7-py312haa95532_0.json","2081"
"C:\IOTEC\MINERADORA_BRUTA\colorcet-3.1.0-py312haa95532_0.json","2080"
"C:\IOTEC\NUCLEO_CONSOLIDADO\DUPLICADOS\colorcet-3.1.0-py312haa95532_0.json","2080"
"C:\IOTEC\NUCLEO_CONSOLIDADO\LABORATORIO\colorcet-3.1.0-py312haa95532_0.json","2080"
"C:\IOTEC\MINERADORA_BRUTA\aom-3.6.0-hd77b12b_0.json","2079"
"C:\IOTEC\NUCLEO_CONSOLIDADO\DUPLICADOS\aom-3.6.0-hd77b12b_0.json","2079"
"C:\IOTEC\NUCLEO_CONSOLIDADO\LABORATORIO\aom-3.6.0-hd77b12b_0.json","2079"
"C:\IOTEC\MINERADORA_BRUTA\distro-1.9.0-py312haa95532_0.json","2077"
"C:\IOTEC\NUCLEO_CONSOLIDADO\DUPLICADOS\distro-1.9.0-py312haa95532_0.json","2077"
"C:\IOTEC\NUCLEO_CONSOLIDADO\LABORATORIO\distro-1.9.0-py312haa95532_0.json","2077"
"C:\IOTEC\NUCLEO_CONSOLIDADO\DUPLICADOS\sampledata.json","2075"
"C:\IOTEC\MINERADORA_BRUTA\cssselect-1.2.0-py312haa95532_0.json","2075"
"C:\IOTEC\NUCLEO_CONSOLIDADO\FRONTEND\cssselect-1.2.0-py312haa95532_0.json","2075"
"C:\IOTEC\NUCLEO_CONSOLIDADO\LABORATORIO\sampledata.json","2075"
"C:\IOTEC\NUCLEO_CONSOLIDADO\DUPLICADOS\cssselect-1.2.0-py312haa95532_0.json","2075"
"C:\IOTEC\MINERADORA_BRUTA\sampledata.json","2075"
"C:\IOTEC\MINERADORA_BRUTA\certifi-2024.8.30-py312haa95532_0.json","2074"
"C:\IOTEC\NUCLEO_CONSOLIDADO\LABORATORIO\certifi-2024.8.30-py312haa95532_0.json","2074"
"C:\IOTEC\NUCLEO_CONSOLIDADO\DUPLICADOS\certifi-2024.8.30-py312haa95532_0.json","2074"
"C:\IOTEC\NUCLEO_CONSOLIDADO\LABORATORIO\ply-3.11-py312haa95532_1.json","2073"
"C:\IOTEC\NUCLEO_CONSOLIDADO\DUPLICADOS\ply-3.11-py312haa95532_1.json","2073"
"C:\IOTEC\MINERADORA_BRUTA\ply-3.11-py312haa95532_1.json","2073"
"C:\IOTEC\black-diamond\node_modules\ignore\package.json","2072"
"C:\IOTEC\REAL_SYSTEM\node_modules\gopd\package.json","2070"
"C:\IOTEC\IOTEC_COMMERCIAL_ASSIMILATION_DIRECTIVE.json","2065"
"C:\IOTEC\black-diamond\node_modules\@jridgewell\resolve-uri\package.json","2063"
"C:\IOTEC\node_modules\@jridgewell\resolve-uri\package.json","2063"
"C:\IOTEC\NUCLEO_CONSOLIDADO\DUPLICADOS\nucleus_config.json","2060"
"C:\IOTEC\CONFIG\nucleus_config.json","2060"
"C:\IOTEC\NUCLEO_CONSOLIDADO\LABORATORIO\nucleus_config.json","2060"
"C:\IOTEC\NUCLEO_CONSOLIDADO\DUPLICADOS\aws-c-event-stream-0.2.15-hd77b12b_0.json","2044"
"C:\IOTEC\NUCLEO_CONSOLIDADO\LABORATORIO\aws-c-event-stream-0.2.15-hd77b12b_0.json","2044"
"C:\IOTEC\MINERADORA_BRUTA\aws-c-event-stream-0.2.15-hd77b12b_0.json","2044"
"C:\IOTEC\MINERADORA_BRUTA\frozenlist-1.4.0-py312h2bbff1b_0.json","2042"
"C:\IOTEC\NUCLEO_CONSOLIDADO\LABORATORIO\frozenlist-1.4.0-py312h2bbff1b_0.json","2042"
"C:\IOTEC\NUCLEO_CONSOLIDADO\DUPLICADOS\frozenlist-1.4.0-py312h2bbff1b_0.json","2042"
"C:\IOTEC\NUCLEO_CONSOLIDADO\DUPLICADOS\menuinst.default.json","2031"
"C:\IOTEC\NUCLEO_CONSOLIDADO\LABORATORIO\menuinst.default.json","2031"
"C:\IOTEC\MINERADORA_BRUTA\menuinst.default.json","2031"
"C:\IOTEC\black-diamond\node_modules\esquery\package.json","2030"
"C:\IOTEC\reports\module_registry.json","2029"
"C:\IOTEC\NUCLEO_CONSOLIDADO\LABORATORIO\reproc-14.2.4-hd77b12b_2.json","2027"
"C:\IOTEC\NUCLEO_CONSOLIDADO\DUPLICADOS\reproc-14.2.4-hd77b12b_2.json","2027"
"C:\IOTEC\MINERADORA_BRUTA\reproc-14.2.4-hd77b12b_2.json","2027"
"C:\IOTEC\IOTEC_ACTIVE_ACQUISITION_REPORT.json","2027"
"C:\IOTEC\NUCLEO_CONSOLIDADO\DUPLICADOS\aiosignal-1.2.0-pyhd3eb1b0_0.json","2023"
"C:\IOTEC\NUCLEO_CONSOLIDADO\LABORATORIO\aiosignal-1.2.0-pyhd3eb1b0_0.json","2023"
"C:\IOTEC\MINERADORA_BRUTA\aiosignal-1.2.0-pyhd3eb1b0_0.json","2023"
"C:\IOTEC\NUCLEO_CONSOLIDADO\LABORATORIO\bolt_balanco_comercial_20260401_220347.json","2022"
"C:\IOTEC\MINERADORA_BRUTA\bolt_balanco_comercial_20260401_220347.json","2022"
"C:\IOTEC\NUCLEO_CONSOLIDADO\DUPLICADOS\bolt_balanco_comercial_20260401_220347.json","2022"
"C:\IOTEC\IOTEC_CONTACT_DISCOVERY_DATABASE.json","2020"
"C:\IOTEC\NUCLEO_CONSOLIDADO\DUPLICADOS\painel_mestre_2026-03-29_13-58-54.json","2014"
"C:\IOTEC\NUCLEO_CONSOLIDADO\LABORATORIO\painel_mestre_2026-03-29_13-58-54.json","2014"
"C:\IOTEC\MINERADORA_BRUTA\painel_mestre_2026-03-29_13-58-54.json","2014"
"C:\IOTEC\black-diamond\node_modules\espree\package.json","2012"
"C:\IOTEC\NUCLEO_CONSOLIDADO\DUPLICADOS\bcrypt-3.2.0-py312h2bbff1b_1.json","2008"
"C:\IOTEC\NUCLEO_CONSOLIDADO\LABORATORIO\bcrypt-3.2.0-py312h2bbff1b_1.json","2008"
"C:\IOTEC\MINERADORA_BRUTA\bcrypt-3.2.0-py312h2bbff1b_1.json","2008"
"C:\IOTEC\MINERADORA_BRUTA\text-unidecode-1.3-pyhd3eb1b0_0.json","2006"
"C:\IOTEC\NUCLEO_CONSOLIDADO\LABORATORIO\text-unidecode-1.3-pyhd3eb1b0_0.json","2006"
"C:\IOTEC\NUCLEO_CONSOLIDADO\DUPLICADOS\text-unidecode-1.3-pyhd3eb1b0_0.json","2006"
"C:\IOTEC\black-diamond\node_modules\@eslint\config-array\package.json","2005"
"C:\IOTEC\IOTEC_CENTRAL_OPERACIONAL.json","2002"
"C:\IOTEC\NUCLEO_CONSOLIDADO\DUPLICADOS\IOTEC_CENTRAL_OPERACIONAL.json","2002"
"C:\IOTEC\NUCLEO_CONSOLIDADO\LABORATORIO\IOTEC_CENTRAL_OPERACIONAL.json","2002"
"C:\IOTEC\MINERADORA_BRUTA\pycurl-7.45.3-py312h3f729d1_0.json","1992"
"C:\IOTEC\MINERADORA_BRUTA\jpeg-9e-h827c3e9_3.json","1992"
"C:\IOTEC\NUCLEO_CONSOLIDADO\LABORATORIO\jpeg-9e-h827c3e9_3.json","1992"
"C:\IOTEC\NUCLEO_CONSOLIDADO\DUPLICADOS\jpeg-9e-h827c3e9_3.json","1992"
"C:\IOTEC\NUCLEO_CONSOLIDADO\LABORATORIO\pycurl-7.45.3-py312h3f729d1_0.json","1992"
"C:\IOTEC\NUCLEO_CONSOLIDADO\DUPLICADOS\pycurl-7.45.3-py312h3f729d1_0.json","1992"
"C:\IOTEC\NUCLEO_CONSOLIDADO\DUPLICADOS\iniconfig-1.1.1-pyhd3eb1b0_0.json","1989"
"C:\IOTEC\MINERADORA_BRUTA\iniconfig-1.1.1-pyhd3eb1b0_0.json","1989"
"C:\IOTEC\NUCLEO_CONSOLIDADO\LABORATORIO\iniconfig-1.1.1-pyhd3eb1b0_0.json","1989"
"C:\IOTEC\black-diamond\node_modules\csstype\package.json","1985"
"C:\IOTEC\MINERADORA_BRUTA\kiwisolver-1.4.4-py312hd77b12b_0.json","1983"
"C:\IOTEC\NUCLEO_CONSOLIDADO\DUPLICADOS\kiwisolver-1.4.4-py312hd77b12b_0.json","1983"
"C:\IOTEC\reports\module_errors.json","1983"
"C:\IOTEC\NUCLEO_CONSOLIDADO\LABORATORIO\kiwisolver-1.4.4-py312hd77b12b_0.json","1983"
"C:\IOTEC\black-diamond\node_modules\eslint-plugin-react-hooks\package.json","1981"
"C:\IOTEC\MINERADORA_BRUTA\2.1.1.json","1981"
"C:\IOTEC\MINERADORA_BRUTA\2.0.1.json","1981"
"C:\IOTEC\NUCLEO_CONSOLIDADO\DUPLICADOS\2.1.0.json","1981"
"C:\IOTEC\NUCLEO_CONSOLIDADO\LABORATORIO\2.0.1.json","1981"
"C:\IOTEC\MINERADORA_BRUTA\2.0.2.json","1981"
"C:\IOTEC\NUCLEO_CONSOLIDADO\LABORATORIO\2.0.0.json","1981"
"C:\IOTEC\MINERADORA_BRUTA\2.1.0.json","1981"
"C:\IOTEC\NUCLEO_CONSOLIDADO\LABORATORIO\2.0.2.json","1981"
"C:\IOTEC\NUCLEO_CONSOLIDADO\DUPLICADOS\2.0.0.json","1981"
"C:\IOTEC\NUCLEO_CONSOLIDADO\LABORATORIO\2.1.0.json","1981"
"C:\IOTEC\NUCLEO_CONSOLIDADO\DUPLICADOS\2.0.1.json","1981"
"C:\IOTEC\NUCLEO_CONSOLIDADO\LABORATORIO\2.1.1.json","1981"
"C:\IOTEC\NUCLEO_CONSOLIDADO\DUPLICADOS\2.0.2.json","1981"
"C:\IOTEC\NUCLEO_CONSOLIDADO\DUPLICADOS\2.1.1.json","1981"
"C:\IOTEC\MINERADORA_BRUTA\2.0.0.json","1981"
"C:\IOTEC\MINERADORA_BRUTA\aws-c-auth-0.6.19-h2bbff1b_0.json","1980"
"C:\IOTEC\NUCLEO_CONSOLIDADO\LABORATORIO\aws-c-auth-0.6.19-h2bbff1b_0.json","1980"
"C:\IOTEC\NUCLEO_CONSOLIDADO\DUPLICADOS\aws-c-auth-0.6.19-h2bbff1b_0.json","1980"
"C:\IOTEC\NUCLEO_CONSOLIDADO\LABORATORIO\cloudpickle-3.0.0-py312haa95532_0.json","1979"
"C:\IOTEC\NUCLEO_CONSOLIDADO\DUPLICADOS\cloudpickle-3.0.0-py312haa95532_0.json","1979"
"C:\IOTEC\MINERADORA_BRUTA\cloudpickle-3.0.0-py312haa95532_0.json","1979"
"C:\IOTEC\IOTEC_STRATEGIC_VALUE_REPORT.json","1979"
"C:\IOTEC\NUCLEO_CONSOLIDADO\DUPLICADOS\cachetools-5.3.3-py312haa95532_0.json","1978"
"C:\IOTEC\NUCLEO_CONSOLIDADO\LABORATORIO\cachetools-5.3.3-py312haa95532_0.json","1978"
"C:\IOTEC\MINERADORA_BRUTA\cachetools-5.3.3-py312haa95532_0.json","1978"
"C:\IOTEC\NUCLEO_CONSOLIDADO\DUPLICADOS\requests-file-1.5.1-pyhd3eb1b0_0.json","1974"
"C:\IOTEC\MINERADORA_BRUTA\requests-file-1.5.1-pyhd3eb1b0_0.json","1974"
"C:\IOTEC\NUCLEO_CONSOLIDADO\LABORATORIO\requests-file-1.5.1-pyhd3eb1b0_0.json","1974"
"C:\IOTEC\NUCLEO_CONSOLIDADO\LABORATORIO\pandocfilters-1.5.0-pyhd3eb1b0_0.json","1970"
"C:\IOTEC\MINERADORA_BRUTA\pandocfilters-1.5.0-pyhd3eb1b0_0.json","1970"
"C:\IOTEC\NUCLEO_CONSOLIDADO\DUPLICADOS\pandocfilters-1.5.0-pyhd3eb1b0_0.json","1970"
"C:\IOTEC\NUCLEO_CONSOLIDADO\DUPLICADOS\jellyfish-1.0.1-py312h36a85e1_0.json","1966"
"C:\IOTEC\MINERADORA_BRUTA\jellyfish-1.0.1-py312h36a85e1_0.json","1966"
"C:\IOTEC\NUCLEO_CONSOLIDADO\LABORATORIO\jellyfish-1.0.1-py312h36a85e1_0.json","1966"
"C:\IOTEC\MINERADORA_BRUTA\tomli-2.0.1-py312haa95532_1.json","1963"
"C:\IOTEC\NUCLEO_CONSOLIDADO\LABORATORIO\tomli-2.0.1-py312haa95532_1.json","1963"
"C:\IOTEC\NUCLEO_CONSOLIDADO\DUPLICADOS\tomli-2.0.1-py312haa95532_1.json","1963"
"C:\IOTEC\NUCLEO_CONSOLIDADO\LABORATORIO\tabulate-0.9.0-py312haa95532_0.json","1962"
"C:\IOTEC\MINERADORA_BRUTA\tabulate-0.9.0-py312haa95532_0.json","1962"
"C:\IOTEC\NUCLEO_CONSOLIDADO\DUPLICADOS\tabulate-0.9.0-py312haa95532_0.json","1962"
"C:\IOTEC\node_modules\tapable\package.json","1961"
"C:\IOTEC\black-diamond\node_modules\tapable\package.json","1961"
"C:\IOTEC\MINERADORA_BRUTA\annotated-types-0.6.0-py312haa95532_0.json","1960"
"C:\IOTEC\NUCLEO_CONSOLIDADO\LABORATORIO\annotated-types-0.6.0-py312haa95532_0.json","1960"
"C:\IOTEC\NUCLEO_CONSOLIDADO\DUPLICADOS\annotated-types-0.6.0-py312haa95532_0.json","1960"
"C:\IOTEC\NUCLEO_CONSOLIDADO\LABORATORIO\decorator-5.1.1-pyhd3eb1b0_0.json","1944"
"C:\IOTEC\MINERADORA_BRUTA\decorator-5.1.1-pyhd3eb1b0_0.json","1944"
"C:\IOTEC\NUCLEO_CONSOLIDADO\DUPLICADOS\decorator-5.1.1-pyhd3eb1b0_0.json","1944"
"C:\IOTEC\MINERADORA_BRUTA\giflib-5.2.1-h8cc25b3_3.json","1940"
"C:\IOTEC\MINERADORA_BRUTA\libavif-0.11.1-h2bbff1b_0.json","1939"
"C:\IOTEC\NUCLEO_CONSOLIDADO\LABORATORIO\rfc3339-validator-0.1.4-py312haa95532_0.json","1934"
"C:\IOTEC\MINERADORA_BRUTA\rfc3339-validator-0.1.4-py312haa95532_0.json","1934"
"C:\IOTEC\NUCLEO_CONSOLIDADO\DUPLICADOS\rfc3339-validator-0.1.4-py312haa95532_0.json","1934"
"C:\IOTEC\MINERADORA_BRUTA\pickleshare-0.7.5-pyhd3eb1b0_1003.json","1929"
"C:\IOTEC\NUCLEO_CONSOLIDADO\DUPLICADOS\pickleshare-0.7.5-pyhd3eb1b0_1003.json","1929"
"C:\IOTEC\NUCLEO_CONSOLIDADO\LABORATORIO\pickleshare-0.7.5-pyhd3eb1b0_1003.json","1929"
"C:\IOTEC\NUCLEO_CONSOLIDADO\LABORATORIO\rfc3986-validator-0.1.1-py312haa95532_0.json","1923"
"C:\IOTEC\MINERADORA_BRUTA\rfc3986-validator-0.1.1-py312haa95532_0.json","1923"
"C:\IOTEC\NUCLEO_CONSOLIDADO\DUPLICADOS\rfc3986-validator-0.1.1-py312haa95532_0.json","1923"
"C:\IOTEC\MINERADORA_BRUTA\jsonpatch-1.33-py312haa95532_1.json","1920"
"C:\IOTEC\NUCLEO_CONSOLIDADO\DUPLICADOS\jsonpatch-1.33-py312haa95532_1.json","1920"
"C:\IOTEC\NUCLEO_CONSOLIDADO\LABORATORIO\jsonpatch-1.33-py312haa95532_1.json","1920"
"C:\IOTEC\black-diamond\node_modules\@humanwhocodes\retry\package.json","1917"
"C:\IOTEC\black-diamond\node_modules\json5\package.json","1916"
"C:\IOTEC\NUCLEO_CONSOLIDADO\DUPLICADOS\heapdict-1.0.1-pyhd3eb1b0_0.json","1914"
"C:\IOTEC\MINERADORA_BRUTA\heapdict-1.0.1-pyhd3eb1b0_0.json","1914"
"C:\IOTEC\NUCLEO_CONSOLIDADO\LABORATORIO\heapdict-1.0.1-pyhd3eb1b0_0.json","1914"
"C:\IOTEC\NUCLEO_CONSOLIDADO\DUPLICADOS\twisted-iocpsupport-1.0.2-py312h2bbff1b_0.json","1912"
"C:\IOTEC\MINERADORA_BRUTA\twisted-iocpsupport-1.0.2-py312h2bbff1b_0.json","1912"
"C:\IOTEC\NUCLEO_CONSOLIDADO\LABORATORIO\twisted-iocpsupport-1.0.2-py312h2bbff1b_0.json","1912"
"C:\IOTEC\NUCLEO_CONSOLIDADO\LABORATORIO\pyqt5-sip-12.13.0-py312h2bbff1b_0.json","1911"
"C:\IOTEC\MINERADORA_BRUTA\pyqt5-sip-12.13.0-py312h2bbff1b_0.json","1911"
"C:\IOTEC\NUCLEO_CONSOLIDADO\DUPLICADOS\pyqt5-sip-12.13.0-py312h2bbff1b_0.json","1911"
"C:\IOTEC\NUCLEO_CONSOLIDADO\LABORATORIO\pycodestyle-2.11.1-py312haa95532_0.json","1905"
"C:\IOTEC\NUCLEO_CONSOLIDADO\DUPLICADOS\pycodestyle-2.11.1-py312haa95532_0.json","1905"
"C:\IOTEC\MINERADORA_BRUTA\pycodestyle-2.11.1-py312haa95532_0.json","1905"
"C:\IOTEC\IOTEC_EXECUTION_CAPACITY_REPORT.json","1897"
"C:\IOTEC\NUCLEO_CONSOLIDADO\LABORATORIO\dav1d-1.2.1-h2bbff1b_0.json","1897"
"C:\IOTEC\MINERADORA_BRUTA\dav1d-1.2.1-h2bbff1b_0.json","1897"
"C:\IOTEC\NUCLEO_CONSOLIDADO\DUPLICADOS\dav1d-1.2.1-h2bbff1b_0.json","1897"
"C:\IOTEC\NUCLEO_CONSOLIDADO\DUPLICADOS\estrategia_de_mercado.json","1896"
"C:\IOTEC\vite-project\node_modules\picomatch\package.json","1896"
"C:\IOTEC\MINERADORA_BRUTA\estrategia_de_mercado.json","1896"
"C:\IOTEC\NUCLEO_CONSOLIDADO\LABORATORIO\estrategia_de_mercado.json","1896"
"C:\IOTEC\black-diamond\node_modules\picomatch\package.json","1896"
"C:\IOTEC\black-diamond\node_modules\@eslint\plugin-kit\package.json","1893"
"C:\IOTEC\NUCLEO_CONSOLIDADO\LABORATORIO\intel-openmp-2023.1.0-h59b6b97_46320.json","1882"
"C:\IOTEC\MINERADORA_BRUTA\mccabe-0.7.0-pyhd3eb1b0_0.json","1882"
"C:\IOTEC\NUCLEO_CONSOLIDADO\DUPLICADOS\mccabe-0.7.0-pyhd3eb1b0_0.json","1882"
"C:\IOTEC\NUCLEO_CONSOLIDADO\LABORATORIO\mccabe-0.7.0-pyhd3eb1b0_0.json","1882"
"C:\IOTEC\MINERADORA_BRUTA\intel-openmp-2023.1.0-h59b6b97_46320.json","1882"
"C:\IOTEC\NUCLEO_CONSOLIDADO\DUPLICADOS\intel-openmp-2023.1.0-h59b6b97_46320.json","1882"
"C:\IOTEC\IOTEC_CAPABILITY_GRAPH.json","1881"
"C:\IOTEC\MINERADORA_BRUTA\zipp-3.17.0-py312haa95532_0.json","1881"
"C:\IOTEC\NUCLEO_CONSOLIDADO\LABORATORIO\zipp-3.17.0-py312haa95532_0.json","1881"
"C:\IOTEC\NUCLEO_CONSOLIDADO\DUPLICADOS\zipp-3.17.0-py312haa95532_0.json","1881"
"C:\IOTEC\NUCLEO_CONSOLIDADO\DUPLICADOS\pycosat-0.6.6-py312h2bbff1b_1.json","1875"
"C:\IOTEC\NUCLEO_CONSOLIDADO\LABORATORIO\pycosat-0.6.6-py312h2bbff1b_1.json","1875"
"C:\IOTEC\MINERADORA_BRUTA\pycosat-0.6.6-py312h2bbff1b_1.json","1875"
"C:\IOTEC\NUCLEO_CONSOLIDADO\DUPLICADOS\rpds-py-0.10.6-py312h062c2fa_0.json","1867"
"C:\IOTEC\NUCLEO_CONSOLIDADO\LABORATORIO\rpds-py-0.10.6-py312h062c2fa_0.json","1867"
"C:\IOTEC\MINERADORA_BRUTA\rpds-py-0.10.6-py312h062c2fa_0.json","1867"
"C:\IOTEC\MINERADORA_BRUTA\imagesize-1.4.1-py312haa95532_0.json","1860"
"C:\IOTEC\NUCLEO_CONSOLIDADO\LABORATORIO\imagesize-1.4.1-py312haa95532_0.json","1860"
"C:\IOTEC\NUCLEO_CONSOLIDADO\DUPLICADOS\imagesize-1.4.1-py312haa95532_0.json","1860"
"C:\IOTEC\MINERADORA_BRUTA\ruamel.yaml.clib-0.2.8-py312h827c3e9_0.json","1849"
"C:\IOTEC\MINERADORA_BRUTA\complexo_db.json","1845"
"C:\IOTEC\NUCLEO_CONSOLIDADO\DUPLICADOS\complexo_db.json","1845"
"C:\IOTEC\MINERADORA_BRUTA\reparado_complexo_db.json","1845"
"C:\IOTEC\NUCLEO_CONSOLIDADO\DUPLICADOS\reparado_complexo_db.json","1845"
"C:\IOTEC\NUCLEO_CONSOLIDADO\LABORATORIO\complexo_db.json","1845"
"C:\IOTEC\NUCLEO_CONSOLIDADO\DUPLICADOS\aws-c-cal-0.5.20-h2bbff1b_0.json","1841"
"C:\IOTEC\MINERADORA_BRUTA\aws-c-cal-0.5.20-h2bbff1b_0.json","1841"
"C:\IOTEC\MINERADORA_BRUTA\cycler-0.11.0-pyhd3eb1b0_0.json","1841"
"C:\IOTEC\NUCLEO_CONSOLIDADO\LABORATORIO\cycler-0.11.0-pyhd3eb1b0_0.json","1841"
"C:\IOTEC\NUCLEO_CONSOLIDADO\LABORATORIO\aws-c-cal-0.5.20-h2bbff1b_0.json","1841"
"C:\IOTEC\NUCLEO_CONSOLIDADO\DUPLICADOS\cycler-0.11.0-pyhd3eb1b0_0.json","1841"
"C:\IOTEC\black-diamond\node_modules\magic-string\package.json","1840"
"C:\IOTEC\node_modules\magic-string\package.json","1840"
"C:\IOTEC\MINERADORA_BRUTA\brotli-python-1.0.9-py312hd77b12b_8.json","1838"
"C:\IOTEC\NUCLEO_CONSOLIDADO\LABORATORIO\brotli-python-1.0.9-py312hd77b12b_8.json","1838"
"C:\IOTEC\NUCLEO_CONSOLIDADO\DUPLICADOS\brotli-python-1.0.9-py312hd77b12b_8.json","1838"
"C:\IOTEC\MINERADORA_BRUTA\blosc-1.21.3-h6c2663c_0.json","1837"
"C:\IOTEC\NUCLEO_CONSOLIDADO\DUPLICADOS\blosc-1.21.3-h6c2663c_0.json","1837"
"C:\IOTEC\NUCLEO_CONSOLIDADO\LABORATORIO\blosc-1.21.3-h6c2663c_0.json","1837"
"C:\IOTEC\MINERADORA_BRUTA\vim-01-beginner.tutor__dup1.json","1831"
"C:\IOTEC\NUCLEO_CONSOLIDADO\LABORATORIO\vim-01-beginner.tutor__dup1.json","1831"
"C:\IOTEC\NUCLEO_CONSOLIDADO\DUPLICADOS\vim-01-beginner.tutor__dup1.json","1831"
"C:\IOTEC\MINERADORA_BRUTA\zlib-1.2.13-h8cc25b3_1.json","1828"
"C:\IOTEC\NUCLEO_CONSOLIDADO\DUPLICADOS\et_xmlfile-1.1.0-py312haa95532_1.json","1823"
"C:\IOTEC\MINERADORA_BRUTA\et_xmlfile-1.1.0-py312haa95532_1.json","1823"
"C:\IOTEC\NUCLEO_CONSOLIDADO\LABORATORIO\et_xmlfile-1.1.0-py312haa95532_1.json","1823"
"C:\IOTEC\MINERADORA_BRUTA\aws-c-sdkutils-0.1.6-h2bbff1b_0.json","1820"
"C:\IOTEC\vite-project\node_modules\tinyglobby\package.json","1820"
"C:\IOTEC\NUCLEO_CONSOLIDADO\DUPLICADOS\aws-c-sdkutils-0.1.6-h2bbff1b_0.json","1820"
"C:\IOTEC\IOTEC_ENGINEERING_QUEUE.json","1820"
"C:\IOTEC\NUCLEO_CONSOLIDADO\LABORATORIO\aws-c-sdkutils-0.1.6-h2bbff1b_0.json","1820"
"C:\IOTEC\MINERADORA_BRUTA\mypy_extensions-1.0.0-py312haa95532_0.json","1819"
"C:\IOTEC\NUCLEO_CONSOLIDADO\LABORATORIO\mypy_extensions-1.0.0-py312haa95532_0.json","1819"
"C:\IOTEC\NUCLEO_CONSOLIDADO\DUPLICADOS\mypy_extensions-1.0.0-py312haa95532_0.json","1819"
"C:\IOTEC\MINERADORA_BRUTA\pysocks-1.7.1-py312haa95532_0.json","1816"
"C:\IOTEC\NUCLEO_CONSOLIDADO\DUPLICADOS\pysocks-1.7.1-py312haa95532_0.json","1816"
"C:\IOTEC\NUCLEO_CONSOLIDADO\LABORATORIO\pysocks-1.7.1-py312haa95532_0.json","1816"
"C:\IOTEC\black-diamond\node_modules\@eslint\config-helpers\package.json","1814"
"C:\IOTEC\NUCLEO_CONSOLIDADO\DUPLICADOS\unicodedata2-15.1.0-py312h2bbff1b_0.json","1811"
"C:\IOTEC\MINERADORA_BRUTA\unicodedata2-15.1.0-py312h2bbff1b_0.json","1811"
"C:\IOTEC\NUCLEO_CONSOLIDADO\LABORATORIO\unicodedata2-15.1.0-py312h2bbff1b_0.json","1811"
"C:\IOTEC\NUCLEO_CONSOLIDADO\LABORATORIO\protego-0.1.16-py_0.json","1811"
"C:\IOTEC\NUCLEO_CONSOLIDADO\DUPLICADOS\protego-0.1.16-py_0.json","1811"
"C:\IOTEC\MINERADORA_BRUTA\protego-0.1.16-py_0.json","1811"
"C:\IOTEC\black-diamond\node_modules\minimatch\package.json","1810"
"C:\IOTEC\IOTEC_REVENUE_FLOW_REPORT.json","1803"
"C:\IOTEC\NUCLEO_CONSOLIDADO\DUPLICADOS\typing_extensions-4.11.0-py312haa95532_0.json","1798"
"C:\IOTEC\NUCLEO_CONSOLIDADO\LABORATORIO\typing_extensions-4.11.0-py312haa95532_0.json","1798"
"C:\IOTEC\MINERADORA_BRUTA\typing_extensions-4.11.0-py312haa95532_0.json","1798"
"C:\IOTEC\NUCLEO_CONSOLIDADO\LABORATORIO\inflection-0.5.1-py312haa95532_1.json","1797"
"C:\IOTEC\NUCLEO_CONSOLIDADO\DUPLICADOS\inflection-0.5.1-py312haa95532_1.json","1797"
"C:\IOTEC\MINERADORA_BRUTA\inflection-0.5.1-py312haa95532_1.json","1797"
"C:\IOTEC\NUCLEO_CONSOLIDADO\LABORATORIO\win_inet_pton-1.1.0-py312haa95532_0.json","1795"
"C:\IOTEC\NUCLEO_CONSOLIDADO\DUPLICADOS\win_inet_pton-1.1.0-py312haa95532_0.json","1795"
"C:\IOTEC\MINERADORA_BRUTA\win_inet_pton-1.1.0-py312haa95532_0.json","1795"
"C:\IOTEC\IOTEC_STRATEGY_EXECUTION.json","1792"
"C:\IOTEC\REAL_SYSTEM\node_modules\statuses\codes.json","1789"
"C:\IOTEC\NUCLEO_CONSOLIDADO\FINANCEIRO\HISTORICO_CORRECOES_PAYPAL.json","1788"
"C:\IOTEC\PAYMENTS\PAYPAL\SANEAMENTO\HISTORICO_CORRECOES_PAYPAL.json","1788"
"C:\IOTEC\NUCLEO_CONSOLIDADO\LABORATORIO\vim-01-beginner.tutor.json","1783"
"C:\IOTEC\MINERADORA_BRUTA\vim-01-beginner.tutor.json","1783"
"C:\IOTEC\MINERADORA_BRUTA\async-lru-2.0.4-py312haa95532_0.json","1779"
"C:\IOTEC\MINERADORA_BRUTA\comm-0.2.1-py312haa95532_0.json","1779"
"C:\IOTEC\NUCLEO_CONSOLIDADO\LABORATORIO\async-lru-2.0.4-py312haa95532_0.json","1779"
"C:\IOTEC\NUCLEO_CONSOLIDADO\DUPLICADOS\async-lru-2.0.4-py312haa95532_0.json","1779"
"C:\IOTEC\NUCLEO_CONSOLIDADO\LABORATORIO\comm-0.2.1-py312haa95532_0.json","1779"
"C:\IOTEC\NUCLEO_CONSOLIDADO\DUPLICADOS\comm-0.2.1-py312haa95532_0.json","1779"
"C:\IOTEC\MINERADORA_BRUTA\nest-asyncio-1.6.0-py312haa95532_0.json","1777"
"C:\IOTEC\NUCLEO_CONSOLIDADO\LABORATORIO\nest-asyncio-1.6.0-py312haa95532_0.json","1777"
"C:\IOTEC\NUCLEO_CONSOLIDADO\DUPLICADOS\nest-asyncio-1.6.0-py312haa95532_0.json","1777"
"C:\IOTEC\NUCLEO_CONSOLIDADO\LABORATORIO\mkl-service-2.4.0-py312h2bbff1b_1.json","1774"
"C:\IOTEC\MINERADORA_BRUTA\mkl-service-2.4.0-py312h2bbff1b_1.json","1774"
"C:\IOTEC\NUCLEO_CONSOLIDADO\DUPLICADOS\mkl-service-2.4.0-py312h2bbff1b_1.json","1774"
"C:\IOTEC\MINERADORA_BRUTA\six-1.16.0-pyhd3eb1b0_1.json","1772"
"C:\IOTEC\NUCLEO_CONSOLIDADO\DUPLICADOS\six-1.16.0-pyhd3eb1b0_1.json","1772"
"C:\IOTEC\NUCLEO_CONSOLIDADO\LABORATORIO\six-1.16.0-pyhd3eb1b0_1.json","1772"
"C:\IOTEC\NUCLEO_CONSOLIDADO\DUPLICADOS\aws-c-mqtt-0.7.13-h2bbff1b_0.json","1765"
"C:\IOTEC\NUCLEO_CONSOLIDADO\LABORATORIO\aws-c-mqtt-0.7.13-h2bbff1b_0.json","1765"
"C:\IOTEC\MINERADORA_BRUTA\aws-c-mqtt-0.7.13-h2bbff1b_0.json","1765"
"C:\IOTEC\NUCLEO_CONSOLIDADO\LABORATORIO\gflags-2.2.2-hd77b12b_1.json","1764"
"C:\IOTEC\MINERADORA_BRUTA\gflags-2.2.2-hd77b12b_1.json","1764"
"C:\IOTEC\NUCLEO_CONSOLIDADO\DUPLICADOS\gflags-2.2.2-hd77b12b_1.json","1764"
"C:\IOTEC\black-diamond\node_modules\tinyglobby\package.json","1761"
"C:\IOTEC\NUCLEO_CONSOLIDADO\DUPLICADOS\atomicwrites-1.4.0-py_0.json","1756"
"C:\IOTEC\NUCLEO_CONSOLIDADO\LABORATORIO\atomicwrites-1.4.0-py_0.json","1756"
"C:\IOTEC\MINERADORA_BRUTA\atomicwrites-1.4.0-py_0.json","1756"
"C:\IOTEC\node_modules\fraction.js\package.json","1756"
"C:\IOTEC\black-diamond\node_modules\fraction.js\package.json","1756"
"C:\IOTEC\MINERADORA_BRUTA\libcurl-8.9.1-h0416ee5_0.json","1755"
"C:\IOTEC\black-diamond\node_modules\@eslint\object-schema\package.json","1751"
"C:\IOTEC\MINERADORA_BRUTA\libbrotlienc-1.0.9-h2bbff1b_8.json","1749"
"C:\IOTEC\black-diamond\node_modules\is-glob\package.json","1748"
"C:\IOTEC\MINERADORA_BRUTA\libbrotlidec-1.0.9-h2bbff1b_8.json","1748"
"C:\IOTEC\MINERADORA_BRUTA\aws-c-s3-0.1.51-h2bbff1b_0.json","1747"
"C:\IOTEC\NUCLEO_CONSOLIDADO\LABORATORIO\aws-c-s3-0.1.51-h2bbff1b_0.json","1747"
"C:\IOTEC\NUCLEO_CONSOLIDADO\DUPLICADOS\aws-c-s3-0.1.51-h2bbff1b_0.json","1747"
"C:\IOTEC\node_modules\react-leaflet\package.json","1747"
"C:\IOTEC\MINERADORA_BRUTA\libbrotlicommon-1.0.9-h2bbff1b_8.json","1741"
"C:\IOTEC\NUCLEO_CONSOLIDADO\DUPLICADOS\economic_knowledge.json","1739"
"C:\IOTEC\MINERADORA_BRUTA\economic_knowledge.json","1739"
"C:\IOTEC\NUCLEO_CONSOLIDADO\LABORATORIO\economic_knowledge.json","1739"
"C:\IOTEC\NUCLEO_CONSOLIDADO\LABORATORIO\pyodbc-5.1.0-py312h5da7b33_0.json","1734"
"C:\IOTEC\MINERADORA_BRUTA\pyodbc-5.1.0-py312h5da7b33_0.json","1734"
"C:\IOTEC\NUCLEO_CONSOLIDADO\DUPLICADOS\pyodbc-5.1.0-py312h5da7b33_0.json","1734"
"C:\IOTEC\node_modules\react-router-dom\package.json","1728"
"C:\IOTEC\NUCLEO_CONSOLIDADO\DUPLICADOS\report_regulus.json","1727"
"C:\IOTEC\NUCLEO_CONSOLIDADO\LABORATORIO\report_regulus.json","1727"
"C:\IOTEC\MINERADORA_BRUTA\report_regulus.json","1727"
"C:\IOTEC\MINERADORA_BRUTA\threadpoolctl-3.5.0-py312hfc267ef_0.json","1725"
"C:\IOTEC\NUCLEO_CONSOLIDADO\DUPLICADOS\threadpoolctl-3.5.0-py312hfc267ef_0.json","1725"
"C:\IOTEC\NUCLEO_CONSOLIDADO\LABORATORIO\threadpoolctl-3.5.0-py312hfc267ef_0.json","1725"
"C:\IOTEC\black-diamond\node_modules\word-wrap\package.json","1724"
"C:\IOTEC\MINERADORA_BRUTA\zlib-ng-2.0.7-h2bbff1b_0.json","1723"
"C:\IOTEC\NUCLEO_CONSOLIDADO\DUPLICADOS\ca-certificates-2025.2.25-haa95532_0.json","1721"
"C:\IOTEC\MINERADORA_BRUTA\ca-certificates-2025.2.25-haa95532_0.json","1721"
"C:\IOTEC\NUCLEO_CONSOLIDADO\LABORATORIO\ca-certificates-2025.2.25-haa95532_0.json","1721"
"C:\IOTEC\NUCLEO_CONSOLIDADO\LABORATORIO\jupyter-1.0.0-py312haa95532_9.json","1720"
"C:\IOTEC\NUCLEO_CONSOLIDADO\DUPLICADOS\jupyter-1.0.0-py312haa95532_9.json","1720"
"C:\IOTEC\MINERADORA_BRUTA\jupyter-1.0.0-py312haa95532_9.json","1720"
"C:\IOTEC\NUCLEO_CONSOLIDADO\LABORATORIO\aws-c-compression-0.2.16-h2bbff1b_0.json","1719"
"C:\IOTEC\MINERADORA_BRUTA\aws-c-compression-0.2.16-h2bbff1b_0.json","1719"
"C:\IOTEC\NUCLEO_CONSOLIDADO\DUPLICADOS\aws-c-compression-0.2.16-h2bbff1b_0.json","1719"
"C:\IOTEC\NUCLEO_CONSOLIDADO\DUPLICADOS\expat-2.6.3-h5da7b33_0.json","1708"
"C:\IOTEC\MINERADORA_BRUTA\expat-2.6.3-h5da7b33_0.json","1708"
"C:\IOTEC\NUCLEO_CONSOLIDADO\LABORATORIO\expat-2.6.3-h5da7b33_0.json","1708"
"C:\IOTEC\MINERADORA_BRUTA\ujson-5.10.0-py312h5da7b33_0.json","1705"
"C:\IOTEC\NUCLEO_CONSOLIDADO\LABORATORIO\ujson-5.10.0-py312h5da7b33_0.json","1705"
"C:\IOTEC\NUCLEO_CONSOLIDADO\DUPLICADOS\ujson-5.10.0-py312h5da7b33_0.json","1705"
"C:\IOTEC\NUCLEO_CONSOLIDADO\DUPLICADOS\locket-1.0.0-py312haa95532_0.json","1693"
"C:\IOTEC\MINERADORA_BRUTA\locket-1.0.0-py312haa95532_0.json","1693"
"C:\IOTEC\NUCLEO_CONSOLIDADO\LABORATORIO\locket-1.0.0-py312haa95532_0.json","1693"
"C:\IOTEC\MINERADORA_BRUTA\pkce-1.0.3-py312haa95532_0.json","1688"
"C:\IOTEC\MINERADORA_BRUTA\pylint-venv-3.0.3-py312haa95532_0.json","1688"
"C:\IOTEC\NUCLEO_CONSOLIDADO\DUPLICADOS\pkce-1.0.3-py312haa95532_0.json","1688"
"C:\IOTEC\NUCLEO_CONSOLIDADO\LABORATORIO\pkce-1.0.3-py312haa95532_0.json","1688"
"C:\IOTEC\black-diamond\node_modules\eslint-scope\package.json","1682"
"C:\IOTEC\IOTEC_ENGINE_INTEGRATION_REPORT.json","1679"
"C:\IOTEC\MINERADORA_BRUTA\jq-1.6-haa95532_1.json","1676"
"C:\IOTEC\NUCLEO_CONSOLIDADO\DUPLICADOS\jq-1.6-haa95532_1.json","1676"
"C:\IOTEC\NUCLEO_CONSOLIDADO\LABORATORIO\jq-1.6-haa95532_1.json","1676"
"C:\IOTEC\black-diamond\node_modules\@napi-rs\wasm-runtime\package.json","1673"
"C:\IOTEC\NUCLEO_CONSOLIDADO\LABORATORIO\servicos_registrados.json","1668"
"C:\IOTEC\NUCLEO_CONSOLIDADO\DUPLICADOS\servicos_registrados.json","1668"
"C:\IOTEC\MINERADORA_BRUTA\servicos_registrados.json","1668"
"C:\IOTEC\IOTEC_OPPORTUNITY_INTERCEPTOR_REPORT.json","1667"
"C:\IOTEC\IOTEC_MARKET_DATABASE.json","1657"
"C:\IOTEC\black-diamond\node_modules\cross-spawn\package.json","1655"
"C:\IOTEC\MINERADORA_BRUTA\report_execucao_2026-03-30_15-04-13.json","1651"
"C:\IOTEC\NUCLEO_CONSOLIDADO\LABORATORIO\report_execucao_2026-03-30_15-04-13.json","1651"
"C:\IOTEC\NUCLEO_CONSOLIDADO\DUPLICADOS\report_execucao_2026-03-30_15-04-13.json","1651"
"C:\IOTEC\NUCLEO_CONSOLIDADO\LABORATORIO\snappy-1.2.1-hcdb6601_0.json","1642"
"C:\IOTEC\NUCLEO_CONSOLIDADO\DUPLICADOS\snappy-1.2.1-hcdb6601_0.json","1642"
"C:\IOTEC\MINERADORA_BRUTA\snappy-1.2.1-hcdb6601_0.json","1642"
"C:\IOTEC\NUCLEO_CONSOLIDADO\LABORATORIO\brands.json","1637"
"C:\IOTEC\NUCLEO_CONSOLIDADO\DUPLICADOS\brands.json","1637"
"C:\IOTEC\MINERADORA_BRUTA\brands.json","1637"
"C:\IOTEC\NUCLEO_CONSOLIDADO\DUPLICADOS\appdirs-1.4.4-pyhd3eb1b0_0.json","1629"
"C:\IOTEC\NUCLEO_CONSOLIDADO\LABORATORIO\appdirs-1.4.4-pyhd3eb1b0_0.json","1629"
"C:\IOTEC\MINERADORA_BRUTA\appdirs-1.4.4-pyhd3eb1b0_0.json","1629"
"C:\IOTEC\REAL_SYSTEM\node_modules\mime-db\package.json","1624"
"C:\IOTEC\black-diamond\node_modules\eslint-visitor-keys\package.json","1621"
"C:\IOTEC\IOTEC_CONTACT_DATABASE.json","1608"
"C:\IOTEC\node_modules\@react-leaflet\core\package.json","1607"
"C:\IOTEC\IOTEC_CORPORATE_MEMORY.json","1600"
"C:\IOTEC\NUCLEO_CONSOLIDADO\LABORATORIO\aws-checksums-0.1.13-h2bbff1b_0.json","1598"
"C:\IOTEC\MINERADORA_BRUTA\aws-checksums-0.1.13-h2bbff1b_0.json","1598"
"C:\IOTEC\NUCLEO_CONSOLIDADO\DUPLICADOS\aws-checksums-0.1.13-h2bbff1b_0.json","1598"
"C:\IOTEC\NUCLEO_CONSOLIDADO\LABORATORIO\DUPLICADOS_POR_HASH.json","1597"
"C:\IOTEC\MINERADORA_BRUTA\DUPLICADOS_POR_HASH.json","1597"
"C:\IOTEC\NUCLEO_CONSOLIDADO\DUPLICADOS\DUPLICADOS_POR_HASH.json","1597"
"C:\IOTEC\IOTEC_SOURCE_GOVERNANCE_REPORT.json","1597"
"C:\IOTEC\black-diamond\node_modules\balanced-match\package.json","1596"
"C:\IOTEC\black-diamond\node_modules\flat-cache\package.json","1593"
"C:\IOTEC\MINERADORA_BRUTA\2.2.0.json","1592"
"C:\IOTEC\NUCLEO_CONSOLIDADO\DUPLICADOS\2.2.0.json","1592"
"C:\IOTEC\NUCLEO_CONSOLIDADO\DUPLICADOS\relatorio_aurora.json","1592"
"C:\IOTEC\NUCLEO_CONSOLIDADO\LABORATORIO\2.2.0.json","1592"
"C:\IOTEC\MINERADORA_BRUTA\relatorio_aurora.json","1592"
"C:\IOTEC\NUCLEO_CONSOLIDADO\LABORATORIO\relatorio_aurora.json","1592"
"C:\IOTEC\NUCLEO_CONSOLIDADO\DUPLICADOS\2.3.3.json","1591"
"C:\IOTEC\NUCLEO_CONSOLIDADO\LABORATORIO\2.3.0.json","1591"
"C:\IOTEC\NUCLEO_CONSOLIDADO\DUPLICADOS\2.3.1.json","1591"
"C:\IOTEC\MINERADORA_BRUTA\2.3.3.json","1591"
"C:\IOTEC\NUCLEO_CONSOLIDADO\DUPLICADOS\2.3.2.json","1591"
"C:\IOTEC\NUCLEO_CONSOLIDADO\LABORATORIO\2.3.1.json","1591"
"C:\IOTEC\MINERADORA_BRUTA\2.2.1.json","1591"
"C:\IOTEC\NUCLEO_CONSOLIDADO\LABORATORIO\2.3.3.json","1591"
"C:\IOTEC\NUCLEO_CONSOLIDADO\DUPLICADOS\2.2.1.json","1591"
"C:\IOTEC\NUCLEO_CONSOLIDADO\DUPLICADOS\2.3.0.json","1591"
"C:\IOTEC\NUCLEO_CONSOLIDADO\LABORATORIO\2.2.1.json","1591"
"C:\IOTEC\MINERADORA_BRUTA\2.3.1.json","1591"
"C:\IOTEC\MINERADORA_BRUTA\2.3.0.json","1591"
"C:\IOTEC\NUCLEO_CONSOLIDADO\LABORATORIO\2.3.2.json","1591"
"C:\IOTEC\MINERADORA_BRUTA\2.3.2.json","1591"
"C:\IOTEC\NUCLEO_CONSOLIDADO\LABORATORIO\2.2.2.json","1588"
"C:\IOTEC\NUCLEO_CONSOLIDADO\DUPLICADOS\memoria_executiva_20260402_162937.json","1588"
"C:\IOTEC\NUCLEO_CONSOLIDADO\DUPLICADOS\2.2.2.json","1588"
"C:\IOTEC\MINERADORA_BRUTA\memoria_executiva_20260402_162937.json","1588"
"C:\IOTEC\MINERADORA_BRUTA\2.2.2.json","1588"
"C:\IOTEC\NUCLEO_CONSOLIDADO\LABORATORIO\memoria_executiva_20260402_162937.json","1588"
"C:\IOTEC\NUCLEO_CONSOLIDADO\LABORATORIO\CATALOGO_SNAPSHOT_20260324_212902.json","1575"
"C:\IOTEC\MINERADORA_BRUTA\CATALOGO_SNAPSHOT_20260324_212902.json","1575"
"C:\IOTEC\NUCLEO_CONSOLIDADO\DUPLICADOS\CATALOGO_SNAPSHOT_20260324_212902.json","1575"
"C:\IOTEC\REAL_SYSTEM\node_modules\send\package.json","1575"
"C:\IOTEC\ecosystem_report.json","1564"
"C:\IOTEC\black-diamond\node_modules\brace-expansion\package.json","1559"
"C:\IOTEC\CONFIG\iotec_config.json","1551"
"C:\IOTEC\NUCLEO_CONSOLIDADO\LABORATORIO\iotec_config.json","1551"
"C:\IOTEC\NUCLEO_CONSOLIDADO\DUPLICADOS\iotec_config.json","1551"
"C:\IOTEC\NUCLEO_CONSOLIDADO\DUPLICADOS\relatorio_auditoria_regulus.json","1549"
"C:\IOTEC\black-diamond\node_modules\file-entry-cache\package.json","1549"
"C:\IOTEC\MINERADORA_BRUTA\reparado_relatorio_auditoria_regulus.json","1549"
"C:\IOTEC\NUCLEO_CONSOLIDADO\DUPLICADOS\reparado_relatorio_auditoria_regulus.json","1549"
"C:\IOTEC\NUCLEO_CONSOLIDADO\LABORATORIO\relatorio_auditoria_regulus.json","1549"
"C:\IOTEC\MINERADORA_BRUTA\relatorio_auditoria_regulus.json","1549"
"C:\IOTEC\MINERADORA_BRUTA\Relatorio_Credito_Regulus_20251214_152950.json","1547"
"C:\IOTEC\NUCLEO_CONSOLIDADO\DUPLICADOS\Relatorio_Credito_Regulus_20251214_152950.json","1547"
"C:\IOTEC\NUCLEO_CONSOLIDADO\LABORATORIO\Relatorio_Credito_Regulus_20251214_152950.json","1547"
"C:\IOTEC\MINERADORA_BRUTA\re2-2022.04.01-hd77b12b_0.json","1534"
"C:\IOTEC\NUCLEO_CONSOLIDADO\DUPLICADOS\re2-2022.04.01-hd77b12b_0.json","1534"
"C:\IOTEC\NUCLEO_CONSOLIDADO\LABORATORIO\re2-2022.04.01-hd77b12b_0.json","1534"
"C:\IOTEC\black-diamond\node_modules\@tybys\wasm-util\package.json","1527"
"C:\IOTEC\MINERADORA_BRUTA\modelo_probabilidade_comercial.json","1525"
"C:\IOTEC\NUCLEO_CONSOLIDADO\DUPLICADOS\modelo_probabilidade_comercial.json","1525"
"C:\IOTEC\NUCLEO_CONSOLIDADO\LABORATORIO\modelo_probabilidade_comercial.json","1525"
"C:\IOTEC\state\snapshots\20260418_095437_completed_integration.json","1520"
"C:\IOTEC\state\snapshots\20260418_102542_completed_integration.json","1520"
"C:\IOTEC\NUCLEO_CONSOLIDADO\LABORATORIO\20260418_095437_completed_integration.json","1520"
"C:\IOTEC\NUCLEO_CONSOLIDADO\LABORATORIO\20260418_102542_completed_integration.json","1520"
"C:\IOTEC\MINERADORA_BRUTA\icc_rt-2022.1.0-h6049295_2.json","1516"
"C:\IOTEC\NUCLEO_CONSOLIDADO\LABORATORIO\icc_rt-2022.1.0-h6049295_2.json","1516"
"C:\IOTEC\NUCLEO_CONSOLIDADO\DUPLICADOS\icc_rt-2022.1.0-h6049295_2.json","1516"
"C:\IOTEC\NUCLEO_CONSOLIDADO\DUPLICADOS\relatorio_problema_tecnico.json","1514"
"C:\IOTEC\MINERADORA_BRUTA\relatorio_problema_tecnico.json","1514"
"C:\IOTEC\NUCLEO_CONSOLIDADO\LABORATORIO\relatorio_problema_tecnico.json","1514"
"C:\IOTEC\IOTEC_CAPABILITY_RADAR.json","1504"
"C:\IOTEC\IOTEC_OPERATION_GRID.json","1504"
"C:\IOTEC\NUCLEO_CONSOLIDADO\DUPLICADOS\critical_map.json","1497"
"C:\IOTEC\NUCLEO_CONSOLIDADO\LABORATORIO\critical_map.json","1497"
"C:\IOTEC\MINERADORA_BRUTA\critical_map.json","1497"
"C:\IOTEC\black-diamond\node_modules\fast-deep-equal\package.json","1496"
"C:\IOTEC\MINERADORA_BRUTA\libffi-3.4.4-hd77b12b_1.json","1494"
"C:\IOTEC\black-diamond\node_modules\@humanwhocodes\module-importer\package.json","1490"
"C:\IOTEC\black-diamond\node_modules\debug\package.json","1479"
"C:\IOTEC\NUCLEO_CONSOLIDADO\DUPLICADOS\cliente_CTR_C71734179D_2026-03-29_13-27-59.json","1469"
"C:\IOTEC\NUCLEO_CONSOLIDADO\LABORATORIO\cliente_CTR_C71734179D_2026-03-29_13-27-59.json","1469"
"C:\IOTEC\MINERADORA_BRUTA\cliente_CTR_C71734179D_2026-03-29_13-27-59.json","1469"
"C:\IOTEC\MINERADORA_BRUTA\anaconda_powershell_prompt-1.1.0-haa95532_0.json","1467"
"C:\IOTEC\black-diamond\node_modules\escalade\package.json","1461"
"C:\IOTEC\REAL_SYSTEM\node_modules\body-parser\package.json","1461"
"C:\IOTEC\node_modules\escalade\package.json","1461"
"C:\IOTEC\NUCLEO_CONSOLIDADO\DUPLICADOS\bzip2-1.0.8-h2bbff1b_6.json","1458"
"C:\IOTEC\NUCLEO_CONSOLIDADO\LABORATORIO\bzip2-1.0.8-h2bbff1b_6.json","1458"
"C:\IOTEC\MINERADORA_BRUTA\bzip2-1.0.8-h2bbff1b_6.json","1458"
"C:\IOTEC\REAL_SYSTEM\node_modules\statuses\package.json","1440"
"C:\IOTEC\MINERADORA_BRUTA\doutrina_regulus.json","1438"
"C:\IOTEC\NUCLEO_CONSOLIDADO\DUPLICADOS\doutrina_regulus.json","1438"
"C:\IOTEC\NUCLEO_CONSOLIDADO\LABORATORIO\doutrina_regulus.json","1438"
"C:\IOTEC\MINERADORA_BRUTA\reparado_critical_map.json","1429"
"C:\IOTEC\NUCLEO_CONSOLIDADO\DUPLICADOS\reparado_critical_map.json","1429"
"C:\IOTEC\NUCLEO_CONSOLIDADO\LABORATORIO\reparado_critical_map.json","1429"
"C:\IOTEC\NUCLEO_CONSOLIDADO\DUPLICADOS\lcms2-2.12-h83e58a3_0.json","1428"
"C:\IOTEC\MINERADORA_BRUTA\lcms2-2.12-h83e58a3_0.json","1428"
"C:\IOTEC\NUCLEO_CONSOLIDADO\LABORATORIO\lcms2-2.12-h83e58a3_0.json","1428"
"C:\IOTEC\MINERADORA_BRUTA\m2w64-libwinpthread-git-5.0.0.4634.697f757-2.json","1412"
"C:\IOTEC\REAL_SYSTEM\node_modules\http-errors\package.json","1410"
"C:\IOTEC\IOTEC_NEURAL_MAP_SAFE_REPORT.json","1399"
"C:\IOTEC\MINERADORA_BRUTA\backup_produtos_2026-04-19_18-50-27.json","1396"
"C:\IOTEC\NUCLEO_CONSOLIDADO\DUPLICADOS\backup_produtos_2026-04-19_18-50-27.json","1396"
"C:\IOTEC\NUCLEO_CONSOLIDADO\LABORATORIO\backup_produtos_2026-04-19_18-50-27.json","1396"
"C:\IOTEC\NUCLEO_CONSOLIDADO\DUPLICADOS\produtos.json","1396"
"C:\IOTEC\MINERADORA_BRUTA\produtos.json","1396"
"C:\IOTEC\IOTEC_OFFER_VALUATION_REPORT.json","1386"
"C:\IOTEC\black-diamond\node_modules\@emnapi\wasi-threads\package.json","1383"
"C:\IOTEC\black-diamond\node_modules\@babel\parser\package.json","1382"
"C:\IOTEC\IOTEC_ACQUISITION_PLAN.json","1376"
"C:\IOTEC\NUCLEO_CONSOLIDADO\LABORATORIO\brotli-1.0.9-h2bbff1b_8.json","1372"
"C:\IOTEC\NUCLEO_CONSOLIDADO\DUPLICADOS\brotli-1.0.9-h2bbff1b_8.json","1372"
"C:\IOTEC\MINERADORA_BRUTA\brotli-1.0.9-h2bbff1b_8.json","1372"
"C:\IOTEC\MINERADORA_BRUTA\package.json","1367"
"C:\IOTEC\NUCLEO_CONSOLIDADO\DUPLICADOS\package.json","1367"
"C:\IOTEC\NUCLEO_CONSOLIDADO\LABORATORIO\package.json","1367"
"C:\IOTEC\black-diamond\node_modules\jsesc\package.json","1359"
"C:\IOTEC\REAL_SYSTEM\node_modules\fresh\package.json","1357"
"C:\IOTEC\MINERADORA_BRUTA\libiconv-1.16-h2bbff1b_3.json","1356"
"C:\IOTEC\NUCLEO_CONSOLIDADO\DUPLICADOS\dask-2024.8.2-py312haa95532_0.json","1355"
"C:\IOTEC\MINERADORA_BRUTA\dask-2024.8.2-py312haa95532_0.json","1355"
"C:\IOTEC\NUCLEO_CONSOLIDADO\LABORATORIO\dask-2024.8.2-py312haa95532_0.json","1355"
"C:\IOTEC\NUCLEO_CONSOLIDADO\LABORATORIO\yaml-0.2.5-he774522_0.json","1351"
"C:\IOTEC\MINERADORA_BRUTA\yaml-0.2.5-he774522_0.json","1351"
"C:\IOTEC\NUCLEO_CONSOLIDADO\DUPLICADOS\yaml-0.2.5-he774522_0.json","1351"
"C:\IOTEC\MINERADORA_BRUTA\complexo_interativo.json","1348"
"C:\IOTEC\NUCLEO_CONSOLIDADO\LABORATORIO\complexo_interativo.json","1348"
"C:\IOTEC\NUCLEO_CONSOLIDADO\DUPLICADOS\complexo_interativo.json","1348"
"C:\IOTEC\MINERADORA_BRUTA\anaconda_prompt-1.1.0-haa95532_0.json","1346"
"C:\IOTEC\NUCLEO_CONSOLIDADO\LABORATORIO\numpy-1.26.4-py312hfd52020_0.json","1345"
"C:\IOTEC\NUCLEO_CONSOLIDADO\DUPLICADOS\numpy-1.26.4-py312hfd52020_0.json","1345"
"C:\IOTEC\MINERADORA_BRUTA\numpy-1.26.4-py312hfd52020_0.json","1345"
"C:\IOTEC\node_modules\motion-dom\package.json","1340"
"C:\IOTEC\REAL_SYSTEM\node_modules\depd\package.json","1335"
"C:\IOTEC\MINERADORA_BRUTA\libclang-14.0.6-default_hb5a9fac_1.json","1321"
"C:\IOTEC\MINERADORA_BRUTA\libaec-1.0.4-h33f27b4_1.json","1319"
"C:\IOTEC\MINERADORA_BRUTA\product_recommendations.json","1308"
"C:\IOTEC\NUCLEO_CONSOLIDADO\DUPLICADOS\product_recommendations.json","1308"
"C:\IOTEC\NUCLEO_CONSOLIDADO\LABORATORIO\product_recommendations.json","1308"
"C:\IOTEC\REAL_SYSTEM\node_modules\etag\package.json","1306"
"C:\IOTEC\node_modules\postcss-value-parser\package.json","1302"
"C:\IOTEC\black-diamond\node_modules\postcss-value-parser\package.json","1302"
"C:\IOTEC\NUCLEO_CONSOLIDADO\DUPLICADOS\reparado_complexo_interativo.json","1300"
"C:\IOTEC\MINERADORA_BRUTA\reparado_complexo_interativo.json","1300"
"C:\IOTEC\NUCLEO_CONSOLIDADO\LABORATORIO\reparado_complexo_interativo.json","1300"
"C:\IOTEC\black-diamond\node_modules\keyv\package.json","1297"
"C:\IOTEC\black-diamond\node_modules\@tailwindcss\postcss\package.json","1296"
"C:\IOTEC\MINERADORA_BRUTA\libclang13-14.0.6-default_h8e68704_1.json","1296"
"C:\IOTEC\NUCLEO_CONSOLIDADO\DUPLICADOS\lz4-c-1.9.4-h2bbff1b_1.json","1294"
"C:\IOTEC\MINERADORA_BRUTA\lz4-c-1.9.4-h2bbff1b_1.json","1294"
"C:\IOTEC\NUCLEO_CONSOLIDADO\LABORATORIO\lz4-c-1.9.4-h2bbff1b_1.json","1294"
"C:\IOTEC\black-diamond\node_modules\@babel\compat-data\data\overlapping-plugins.json","1293"
"C:\IOTEC\REAL_SYSTEM\node_modules\raw-body\package.json","1292"
"C:\IOTEC\black-diamond\node_modules\@eslint\core\package.json","1288"
"C:\IOTEC\MINERADORA_BRUTA\politica_incorporacao_segura.json","1287"
"C:\IOTEC\NUCLEO_CONSOLIDADO\LABORATORIO\politica_incorporacao_segura.json","1287"
"C:\IOTEC\NUCLEO_CONSOLIDADO\DUPLICADOS\politica_incorporacao_segura.json","1287"
"C:\IOTEC\IOTEC_PORTFOLIO_RISK_REPORT.json","1286"
"C:\IOTEC\black-diamond\node_modules\@emnapi\core\package.json","1283"
"C:\IOTEC\vite-project\node_modules\detect-libc\package.json","1278"
"C:\IOTEC\REAL_SYSTEM\node_modules\finalhandler\package.json","1278"
"C:\IOTEC\black-diamond\node_modules\detect-libc\package.json","1278"
"C:\IOTEC\node_modules\detect-libc\package.json","1278"
"C:\IOTEC\X27_DATABASE.json","1277"
"C:\IOTEC\NUCLEO_CONSOLIDADO\DUPLICADOS\reparado_pacote_mecatronico.json","1276"
"C:\IOTEC\MINERADORA_BRUTA\reparado_pacote_mecatronico.json","1276"
"C:\IOTEC\NUCLEO_CONSOLIDADO\LABORATORIO\pacote_mecatronico.json","1276"
"C:\IOTEC\NUCLEO_CONSOLIDADO\DUPLICADOS\pacote_mecatronico.json","1276"
"C:\IOTEC\MINERADORA_BRUTA\pacote_mecatronico.json","1276"
"C:\IOTEC\MINERADORA_BRUTA\py-lief-0.12.3-py312hd77b12b_0.json","1266"
"C:\IOTEC\NUCLEO_CONSOLIDADO\DUPLICADOS\py-lief-0.12.3-py312hd77b12b_0.json","1266"
"C:\IOTEC\NUCLEO_CONSOLIDADO\LABORATORIO\py-lief-0.12.3-py312hd77b12b_0.json","1266"
"C:\IOTEC\REAL_SYSTEM\node_modules\setprototypeof\package.json","1264"
"C:\IOTEC\OFFICIAL_FUNNEL_VALIDATION_REPORT.json","1261"
"C:\IOTEC\NUCLEO_CONSOLIDADO\LABORATORIO\regulus_memory.json","1257"
"C:\IOTEC\MINERADORA_BRUTA\regulus_memory.json","1257"
"C:\IOTEC\NUCLEO_CONSOLIDADO\DUPLICADOS\regulus_memory.json","1257"
"C:\IOTEC\black-diamond\node_modules\fast-json-stable-stringify\package.json","1257"
"C:\IOTEC\NUCLEO_CONSOLIDADO\LABORATORIO\20260418_095437_completed_telemetry.json","1256"
"C:\IOTEC\state\snapshots\20260418_102542_completed_telemetry.json","1256"
"C:\IOTEC\state\snapshots\20260418_095437_completed_telemetry.json","1256"
"C:\IOTEC\NUCLEO_CONSOLIDADO\LABORATORIO\20260418_102542_completed_telemetry.json","1256"
"C:\IOTEC\black-diamond\node_modules\@humanfs\node\package.json","1254"
"C:\IOTEC\black-diamond\node_modules\@types\json-schema\package.json","1253"
"C:\IOTEC\MINERADORA_BRUTA\complexo_map.json","1250"
"C:\IOTEC\NUCLEO_CONSOLIDADO\DUPLICADOS\complexo_map.json","1250"
"C:\IOTEC\NUCLEO_CONSOLIDADO\LABORATORIO\complexo_map.json","1250"
"C:\IOTEC\node_modules\react\package.json","1248"
"C:\IOTEC\black-diamond\node_modules\react\package.json","1248"
"C:\IOTEC\node_modules\@tailwindcss\node\package.json","1247"
"C:\IOTEC\black-diamond\node_modules\@tailwindcss\node\package.json","1246"
"C:\IOTEC\NUCLEO_CONSOLIDADO\DUPLICADOS\auditoria_20251130_180545.json","1243"
"C:\IOTEC\MINERADORA_BRUTA\auditoria_20251130_180545.json","1243"
"C:\IOTEC\NUCLEO_CONSOLIDADO\DUPLICADOS\typing-extensions-4.11.0-py312haa95532_0.json","1243"
"C:\IOTEC\MINERADORA_BRUTA\relatorio_SICU.json","1243"
"C:\IOTEC\MINERADORA_BRUTA\typing-extensions-4.11.0-py312haa95532_0.json","1243"
"C:\IOTEC\NUCLEO_CONSOLIDADO\DUPLICADOS\relatorio_SICU.json","1243"
"C:\IOTEC\NUCLEO_CONSOLIDADO\LABORATORIO\typing-extensions-4.11.0-py312haa95532_0.json","1243"
"C:\IOTEC\NUCLEO_CONSOLIDADO\LABORATORIO\auditoria_20251130_180545.json","1243"
"C:\IOTEC\MINERADORA_BRUTA\brotli-bin-1.0.9-h2bbff1b_8.json","1242"
"C:\IOTEC\NUCLEO_CONSOLIDADO\DUPLICADOS\brotli-bin-1.0.9-h2bbff1b_8.json","1242"
"C:\IOTEC\NUCLEO_CONSOLIDADO\LABORATORIO\brotli-bin-1.0.9-h2bbff1b_8.json","1242"
"C:\IOTEC\MINERADORA_BRUTA\matplotlib-3.9.2-py312haa95532_0.json","1228"
"C:\IOTEC\REAL_SYSTEM\node_modules\iconv-lite\encodings\tables\gbk-added.json","1227"
"C:\IOTEC\REAL_SYSTEM\node_modules\iconv-lite\package.json","1227"
"C:\IOTEC\black-diamond\node_modules\punycode\package.json","1227"
"C:\IOTEC\NUCLEO_CONSOLIDADO\DUPLICADOS\utf8proc-2.6.1-h2bbff1b_1.json","1222"
"C:\IOTEC\NUCLEO_CONSOLIDADO\LABORATORIO\utf8proc-2.6.1-h2bbff1b_1.json","1222"
"C:\IOTEC\MINERADORA_BRUTA\utf8proc-2.6.1-h2bbff1b_1.json","1222"
"C:\IOTEC\black-diamond\node_modules\is-extglob\package.json","1220"
"C:\IOTEC\NUCLEO_CONSOLIDADO\LABORATORIO\tbb-2021.8.0-h59b6b97_0.json","1219"
"C:\IOTEC\MINERADORA_BRUTA\tbb-2021.8.0-h59b6b97_0.json","1219"
"C:\IOTEC\NUCLEO_CONSOLIDADO\DUPLICADOS\tbb-2021.8.0-h59b6b97_0.json","1219"
"C:\IOTEC\node_modules\tslib\package.json","1219"
"C:\IOTEC\black-diamond\node_modules\tslib\package.json","1219"
"C:\IOTEC\NUCLEO_CONSOLIDADO\DUPLICADOS\lerc-3.0-hd77b12b_0.json","1218"
"C:\IOTEC\MINERADORA_BRUTA\lerc-3.0-hd77b12b_0.json","1218"
"C:\IOTEC\NUCLEO_CONSOLIDADO\LABORATORIO\lerc-3.0-hd77b12b_0.json","1218"
"C:\IOTEC\REAL_SYSTEM\node_modules\vary\package.json","1215"
"C:\IOTEC\NUCLEO_CONSOLIDADO\DUPLICADOS\prompt_toolkit-3.0.43-hd3eb1b0_0.json","1214"
"C:\IOTEC\MINERADORA_BRUTA\prompt_toolkit-3.0.43-hd3eb1b0_0.json","1214"
"C:\IOTEC\NUCLEO_CONSOLIDADO\LABORATORIO\prompt_toolkit-3.0.43-hd3eb1b0_0.json","1214"
"C:\IOTEC\NUCLEO_CONSOLIDADO\DUPLICADOS\reparado_complexo_map.json","1206"
"C:\IOTEC\MINERADORA_BRUTA\reparado_complexo_map.json","1206"
"C:\IOTEC\MINERADORA_BRUTA\lei_geral_das_abas.json","1206"
"C:\IOTEC\NUCLEO_CONSOLIDADO\LABORATORIO\lei_geral_das_abas.json","1206"
"C:\IOTEC\NUCLEO_CONSOLIDADO\LABORATORIO\reparado_complexo_map.json","1206"
"C:\IOTEC\NUCLEO_CONSOLIDADO\DUPLICADOS\lei_geral_das_abas.json","1206"
"C:\IOTEC\REAL_SYSTEM\node_modules\content-disposition\package.json","1200"
"C:\IOTEC\MINERADORA_BRUTA\latest_result.json","1199"
"C:\IOTEC\NUCLEO_CONSOLIDADO\DUPLICADOS\latest_result.json","1199"
"C:\IOTEC\NUCLEO_CONSOLIDADO\LABORATORIO\latest_result.json","1199"
"C:\IOTEC\node_modules\@tailwindcss\postcss\package.json","1198"
"C:\IOTEC\NUCLEO_CONSOLIDADO\DUPLICADOS\ca-certificates-2024.9.24-haa95532_0.json","1193"
"C:\IOTEC\MINERADORA_BRUTA\ca-certificates-2024.9.24-haa95532_0.json","1193"
"C:\IOTEC\NUCLEO_CONSOLIDADO\LABORATORIO\ca-certificates-2024.9.24-haa95532_0.json","1193"
"C:\IOTEC\black-diamond\node_modules\@babel\compat-data\package.json","1192"
"C:\IOTEC\NUCLEO_CONSOLIDADO\LABORATORIO\plano_execucao_nucleo.json","1191"
"C:\IOTEC\NUCLEO_CONSOLIDADO\DUPLICADOS\plano_execucao_nucleo.json","1191"
"C:\IOTEC\MINERADORA_BRUTA\plano_execucao_nucleo.json","1191"
"C:\IOTEC\MINERADORA_BRUTA\zope-1.0-py312haa95532_1.json","1187"
"C:\IOTEC\MINERADORA_BRUTA\tutor.tutor.json","1187"
"C:\IOTEC\black-diamond\node_modules\@emnapi\runtime\package.json","1187"
"C:\IOTEC\NUCLEO_CONSOLIDADO\DUPLICADOS\zope-1.0-py312haa95532_1.json","1187"
"C:\IOTEC\NUCLEO_CONSOLIDADO\LABORATORIO\tutor.tutor.json","1187"
"C:\IOTEC\NUCLEO_CONSOLIDADO\LABORATORIO\zope-1.0-py312haa95532_1.json","1187"
"C:\IOTEC\NUCLEO_CONSOLIDADO\DUPLICADOS\tutor.tutor.json","1187"
"C:\IOTEC\REAL_SYSTEM\node_modules\range-parser\package.json","1184"
"C:\IOTEC\REAL_SYSTEM\node_modules\proxy-addr\package.json","1183"
"C:\IOTEC\IOTEC_CONSTITUTION.json","1182"
"C:\IOTEC\REAL_SYSTEM\node_modules\parseurl\package.json","1180"
"C:\IOTEC\NUCLEO_CONSOLIDADO\LABORATORIO\boost-cpp-1.82.0-h59b6b97_2.json","1176"
"C:\IOTEC\MINERADORA_BRUTA\boost-cpp-1.82.0-h59b6b97_2.json","1176"
"C:\IOTEC\NUCLEO_CONSOLIDADO\DUPLICADOS\boost-cpp-1.82.0-h59b6b97_2.json","1176"
"C:\IOTEC\MINERADORA_BRUTA\0.12.15.json","1165"
"C:\IOTEC\NUCLEO_CONSOLIDADO\LABORATORIO\0.12.10.json","1165"
"C:\IOTEC\NUCLEO_CONSOLIDADO\LABORATORIO\0.12.13.json","1165"
"C:\IOTEC\NUCLEO_CONSOLIDADO\LABORATORIO\0.12.15.json","1165"
"C:\IOTEC\MINERADORA_BRUTA\0.12.16.json","1165"
"C:\IOTEC\NUCLEO_CONSOLIDADO\LABORATORIO\0.12.14.json","1165"
"C:\IOTEC\MINERADORA_BRUTA\0.12.13.json","1165"
"C:\IOTEC\MINERADORA_BRUTA\0.12.11.json","1165"
"C:\IOTEC\NUCLEO_CONSOLIDADO\LABORATORIO\0.12.16.json","1165"
"C:\IOTEC\MINERADORA_BRUTA\0.12.12.json","1165"
"C:\IOTEC\MINERADORA_BRUTA\0.12.10.json","1165"
"C:\IOTEC\NUCLEO_CONSOLIDADO\LABORATORIO\0.12.12.json","1165"
"C:\IOTEC\MINERADORA_BRUTA\0.12.14.json","1165"
"C:\IOTEC\NUCLEO_CONSOLIDADO\LABORATORIO\0.12.11.json","1165"
"C:\IOTEC\NUCLEO_CONSOLIDADO\DUPLICADOS\0.12.16.json","1165"
"C:\IOTEC\NUCLEO_CONSOLIDADO\DUPLICADOS\0.12.14.json","1165"
"C:\IOTEC\NUCLEO_CONSOLIDADO\DUPLICADOS\0.12.12.json","1165"
"C:\IOTEC\NUCLEO_CONSOLIDADO\DUPLICADOS\0.12.10.json","1165"
"C:\IOTEC\NUCLEO_CONSOLIDADO\DUPLICADOS\0.12.15.json","1165"
"C:\IOTEC\NUCLEO_CONSOLIDADO\DUPLICADOS\0.12.11.json","1165"
"C:\IOTEC\NUCLEO_CONSOLIDADO\DUPLICADOS\0.12.13.json","1165"
"C:\IOTEC\black-diamond\node_modules\esrecurse\package.json","1165"
"C:\IOTEC\NUCLEO_CONSOLIDADO\DUPLICADOS\reparado_usuarios_db.json","1161"
"C:\IOTEC\NUCLEO_CONSOLIDADO\LABORATORIO\reparado_usuarios_db.json","1161"
"C:\IOTEC\MINERADORA_BRUTA\reparado_usuarios_db.json","1161"
"C:\IOTEC\NUCLEO_CONSOLIDADO\DUPLICADOS\curl-8.9.1-h3f729d1_0.json","1158"
"C:\IOTEC\NUCLEO_CONSOLIDADO\LABORATORIO\curl-8.9.1-h3f729d1_0.json","1158"
"C:\IOTEC\MINERADORA_BRUTA\curl-8.9.1-h3f729d1_0.json","1158"
"C:\IOTEC\REAL_SYSTEM\node_modules\accepts\package.json","1157"
"C:\IOTEC\NUCLEO_CONSOLIDADO\DUPLICADOS\3.1.1.json","1155"
"C:\IOTEC\MINERADORA_BRUTA\3.1.1.json","1155"
"C:\IOTEC\MINERADORA_BRUTA\3.1.0.json","1155"
"C:\IOTEC\NUCLEO_CONSOLIDADO\DUPLICADOS\3.1.0.json","1155"
"C:\IOTEC\NUCLEO_CONSOLIDADO\DUPLICADOS\3.0.0.json","1155"
"C:\IOTEC\NUCLEO_CONSOLIDADO\DUPLICADOS\3.0.1.json","1155"
"C:\IOTEC\MINERADORA_BRUTA\3.0.2.json","1155"
"C:\IOTEC\NUCLEO_CONSOLIDADO\LABORATORIO\3.0.1.json","1155"
"C:\IOTEC\NUCLEO_CONSOLIDADO\DUPLICADOS\3.0.2.json","1155"
"C:\IOTEC\MINERADORA_BRUTA\3.2.0.json","1155"
"C:\IOTEC\MINERADORA_BRUTA\3.7.2.json","1155"
"C:\IOTEC\MINERADORA_BRUTA\3.7.1.json","1155"
"C:\IOTEC\MINERADORA_BRUTA\3.7.0.json","1155"
"C:\IOTEC\MINERADORA_BRUTA\3.7.3.json","1155"
"C:\IOTEC\NUCLEO_CONSOLIDADO\LABORATORIO\3.6.0.json","1155"
"C:\IOTEC\NUCLEO_CONSOLIDADO\LABORATORIO\3.7.3.json","1155"
"C:\IOTEC\NUCLEO_CONSOLIDADO\LABORATORIO\3.7.2.json","1155"
"C:\IOTEC\MINERADORA_BRUTA\3.2.2.json","1155"
"C:\IOTEC\MINERADORA_BRUTA\3.2.1.json","1155"
"C:\IOTEC\NUCLEO_CONSOLIDADO\LABORATORIO\3.0.0.json","1155"
"C:\IOTEC\MINERADORA_BRUTA\3.3.0.json","1155"
"C:\IOTEC\MINERADORA_BRUTA\3.6.0.json","1155"
"C:\IOTEC\MINERADORA_BRUTA\3.5.0.json","1155"
"C:\IOTEC\MINERADORA_BRUTA\3.4.0.json","1155"
"C:\IOTEC\MINERADORA_BRUTA\3.0.1.json","1155"
"C:\IOTEC\NUCLEO_CONSOLIDADO\DUPLICADOS\3.7.2.json","1155"
"C:\IOTEC\NUCLEO_CONSOLIDADO\DUPLICADOS\3.7.3.json","1155"
"C:\IOTEC\MINERADORA_BRUTA\3.0.0.json","1155"
"C:\IOTEC\NUCLEO_CONSOLIDADO\DUPLICADOS\3.6.0.json","1155"
"C:\IOTEC\NUCLEO_CONSOLIDADO\DUPLICADOS\3.7.0.json","1155"
"C:\IOTEC\NUCLEO_CONSOLIDADO\DUPLICADOS\3.7.1.json","1155"
"C:\IOTEC\NUCLEO_CONSOLIDADO\LABORATORIO\3.2.0.json","1155"
"C:\IOTEC\NUCLEO_CONSOLIDADO\LABORATORIO\3.3.0.json","1155"
"C:\IOTEC\NUCLEO_CONSOLIDADO\LABORATORIO\3.2.2.json","1155"
"C:\IOTEC\NUCLEO_CONSOLIDADO\LABORATORIO\3.7.0.json","1155"
"C:\IOTEC\NUCLEO_CONSOLIDADO\LABORATORIO\3.2.1.json","1155"
"C:\IOTEC\NUCLEO_CONSOLIDADO\LABORATORIO\3.7.1.json","1155"
"C:\IOTEC\NUCLEO_CONSOLIDADO\LABORATORIO\3.4.0.json","1155"
"C:\IOTEC\NUCLEO_CONSOLIDADO\DUPLICADOS\3.2.2.json","1155"
"C:\IOTEC\NUCLEO_CONSOLIDADO\DUPLICADOS\3.3.0.json","1155"
"C:\IOTEC\NUCLEO_CONSOLIDADO\LABORATORIO\3.1.0.json","1155"
"C:\IOTEC\NUCLEO_CONSOLIDADO\DUPLICADOS\3.2.0.json","1155"
"C:\IOTEC\NUCLEO_CONSOLIDADO\DUPLICADOS\3.2.1.json","1155"
"C:\IOTEC\NUCLEO_CONSOLIDADO\LABORATORIO\3.0.2.json","1155"
"C:\IOTEC\NUCLEO_CONSOLIDADO\DUPLICADOS\3.4.0.json","1155"
"C:\IOTEC\NUCLEO_CONSOLIDADO\LABORATORIO\3.1.1.json","1155"
"C:\IOTEC\NUCLEO_CONSOLIDADO\DUPLICADOS\3.5.0.json","1155"
"C:\IOTEC\NUCLEO_CONSOLIDADO\LABORATORIO\3.5.0.json","1155"
"C:\IOTEC\MINERADORA_BRUTA\0.12.9.json","1153"
"C:\IOTEC\MINERADORA_BRUTA\0.12.8.json","1153"
"C:\IOTEC\MINERADORA_BRUTA\0.12.7.json","1153"
"C:\IOTEC\NUCLEO_CONSOLIDADO\DUPLICADOS\0.12.8.json","1153"
"C:\IOTEC\NUCLEO_CONSOLIDADO\LABORATORIO\0.13.0.json","1153"
"C:\IOTEC\MINERADORA_BRUTA\0.13.0.json","1153"
"C:\IOTEC\NUCLEO_CONSOLIDADO\DUPLICADOS\0.12.9.json","1153"
"C:\IOTEC\NUCLEO_CONSOLIDADO\DUPLICADOS\0.13.0.json","1153"
"C:\IOTEC\NUCLEO_CONSOLIDADO\LABORATORIO\0.12.7.json","1153"
"C:\IOTEC\NUCLEO_CONSOLIDADO\DUPLICADOS\0.12.7.json","1153"
"C:\IOTEC\NUCLEO_CONSOLIDADO\LABORATORIO\0.12.8.json","1153"
"C:\IOTEC\NUCLEO_CONSOLIDADO\LABORATORIO\0.12.9.json","1153"
"C:\IOTEC\REAL_SYSTEM\node_modules\forwarded\package.json","1150"
"C:\IOTEC\REAL_SYSTEM\node_modules\mime-types\package.json","1149"
"C:\IOTEC\NUCLEO_CONSOLIDADO\DUPLICADOS\mapa_produtos.json","1148"
"C:\IOTEC\MINERADORA_BRUTA\mapa_produtos.json","1148"
"C:\IOTEC\NUCLEO_CONSOLIDADO\LABORATORIO\mapa_produtos.json","1148"
"C:\IOTEC\MINERADORA_BRUTA\winpty-0.4.3-4.json","1147"
"C:\IOTEC\NUCLEO_CONSOLIDADO\DUPLICADOS\winpty-0.4.3-4.json","1147"
"C:\IOTEC\NUCLEO_CONSOLIDADO\LABORATORIO\winpty-0.4.3-4.json","1147"
"C:\IOTEC\node_modules\autoprefixer\package.json","1142"
"C:\IOTEC\REAL_SYSTEM\node_modules\toidentifier\package.json","1142"
"C:\IOTEC\black-diamond\node_modules\autoprefixer\package.json","1142"
"C:\IOTEC\REAL_SYSTEM\node_modules\serve-static\package.json","1142"
"C:\IOTEC\NUCLEO_CONSOLIDADO\DUPLICADOS\1.0.1.json","1141"
"C:\IOTEC\NUCLEO_CONSOLIDADO\DUPLICADOS\1.3.1.json","1141"
"C:\IOTEC\NUCLEO_CONSOLIDADO\DUPLICADOS\1.1.0.json","1141"
"C:\IOTEC\NUCLEO_CONSOLIDADO\DUPLICADOS\1.2.0.json","1141"
"C:\IOTEC\NUCLEO_CONSOLIDADO\DUPLICADOS\1.0.4.json","1141"
"C:\IOTEC\NUCLEO_CONSOLIDADO\DUPLICADOS\1.0.3.json","1141"
"C:\IOTEC\NUCLEO_CONSOLIDADO\DUPLICADOS\1.0.0.json","1141"
"C:\IOTEC\MINERADORA_BRUTA\1.0.2.json","1141"
"C:\IOTEC\NUCLEO_CONSOLIDADO\DUPLICADOS\1.3.0.json","1141"
"C:\IOTEC\NUCLEO_CONSOLIDADO\DUPLICADOS\1.0.2.json","1141"
"C:\IOTEC\MINERADORA_BRUTA\1.2.0.json","1141"
"C:\IOTEC\MINERADORA_BRUTA\1.1.0.json","1141"
"C:\IOTEC\MINERADORA_BRUTA\1.3.0.json","1141"
"C:\IOTEC\MINERADORA_BRUTA\1.3.2.json","1141"
"C:\IOTEC\MINERADORA_BRUTA\1.3.1.json","1141"
"C:\IOTEC\MINERADORA_BRUTA\1.0.4.json","1141"
"C:\IOTEC\NUCLEO_CONSOLIDADO\LABORATORIO\1.0.3.json","1141"
"C:\IOTEC\NUCLEO_CONSOLIDADO\LABORATORIO\1.0.4.json","1141"
"C:\IOTEC\MINERADORA_BRUTA\1.0.0.json","1141"
"C:\IOTEC\MINERADORA_BRUTA\1.0.3.json","1141"
"C:\IOTEC\MINERADORA_BRUTA\1.0.1.json","1141"
"C:\IOTEC\MINERADORA_BRUTA\1.3.4.json","1141"
"C:\IOTEC\NUCLEO_CONSOLIDADO\LABORATORIO\1.1.0.json","1141"
"C:\IOTEC\NUCLEO_CONSOLIDADO\LABORATORIO\1.2.0.json","1141"
"C:\IOTEC\NUCLEO_CONSOLIDADO\LABORATORIO\1.0.0.json","1141"
"C:\IOTEC\NUCLEO_CONSOLIDADO\LABORATORIO\1.0.2.json","1141"
"C:\IOTEC\NUCLEO_CONSOLIDADO\LABORATORIO\1.0.1.json","1141"
"C:\IOTEC\NUCLEO_CONSOLIDADO\LABORATORIO\1.3.0.json","1141"
"C:\IOTEC\NUCLEO_CONSOLIDADO\LABORATORIO\1.4.0.json","1141"
"C:\IOTEC\MINERADORA_BRUTA\1.4.0.json","1141"
"C:\IOTEC\NUCLEO_CONSOLIDADO\LABORATORIO\1.3.4.json","1141"
"C:\IOTEC\NUCLEO_CONSOLIDADO\LABORATORIO\1.3.1.json","1141"
"C:\IOTEC\NUCLEO_CONSOLIDADO\LABORATORIO\1.3.2.json","1141"
"C:\IOTEC\NUCLEO_CONSOLIDADO\DUPLICADOS\1.3.4.json","1141"
"C:\IOTEC\NUCLEO_CONSOLIDADO\DUPLICADOS\1.4.0.json","1141"
"C:\IOTEC\NUCLEO_CONSOLIDADO\DUPLICADOS\1.3.2.json","1141"
"C:\IOTEC\REAL_SYSTEM\node_modules\debug\package.json","1138"
"C:\IOTEC\REAL_SYSTEM\node_modules\type-is\package.json","1133"
"C:\IOTEC\IOTEC_ECONOMIC_REPORT.json","1132"
"C:\IOTEC\REAL_SYSTEM\node_modules\destroy\package.json","1128"
"C:\IOTEC\IOTEC_DATA_NEEDS_REPORT.json","1123"
"C:\IOTEC\MINERADORA_BRUTA\pybind11-abi-5-hd3eb1b0_0.json","1121"
"C:\IOTEC\NUCLEO_CONSOLIDADO\DUPLICADOS\pybind11-abi-5-hd3eb1b0_0.json","1121"
"C:\IOTEC\NUCLEO_CONSOLIDADO\LABORATORIO\pybind11-abi-5-hd3eb1b0_0.json","1121"
"C:\IOTEC\black-diamond\node_modules\browserslist\package.json","1112"
"C:\IOTEC\node_modules\browserslist\package.json","1112"
"C:\IOTEC\MINERADORA_BRUTA\m2-patch-2.7.5-2.json","1108"
"C:\IOTEC\NUCLEO_CONSOLIDADO\LABORATORIO\m2-patch-2.7.5-2.json","1108"
"C:\IOTEC\NUCLEO_CONSOLIDADO\DUPLICADOS\m2-patch-2.7.5-2.json","1108"
"C:\IOTEC\MINERADORA_BRUTA\financeiro_regulus_2026-03-29_11-42-17.json","1106"
"C:\IOTEC\NUCLEO_CONSOLIDADO\FINANCEIRO\financeiro_regulus_2026-03-29_11-42-17.json","1106"
"C:\IOTEC\NUCLEO_CONSOLIDADO\DUPLICADOS\financeiro_regulus_2026-03-29_11-42-17.json","1106"
"C:\IOTEC\NUCLEO_CONSOLIDADO\DUPLICADOS\RELATORIO_ENVIO_COBRANCAS.json","1100"
"C:\IOTEC\MINERADORA_BRUTA\RELATORIO_ENVIO_COBRANCAS.json","1100"
"C:\IOTEC\NUCLEO_CONSOLIDADO\LABORATORIO\RELATORIO_ENVIO_COBRANCAS.json","1100"
"C:\IOTEC\black-diamond\node_modules\@humanfs\core\package.json","1096"
"C:\IOTEC\NUCLEO_CONSOLIDADO\DUPLICADOS\Auditoria_Nucleo_20260216_225439.json","1095"
"C:\IOTEC\NUCLEO_CONSOLIDADO\LABORATORIO\Auditoria_Nucleo_20260216_225439.json","1095"
"C:\IOTEC\node_modules\cookie\package.json","1095"
"C:\IOTEC\MINERADORA_BRUTA\Auditoria_Nucleo_20260216_225439.json","1095"
"C:\IOTEC\IOTEC_NEURAL_MAP_CLEAN.json","1094"
"C:\IOTEC\black-diamond\node_modules\@babel\traverse\package.json","1092"
"C:\IOTEC\REAL_SYSTEM\node_modules\cookie\package.json","1092"
"C:\IOTEC\REAL_SYSTEM\node_modules\encodeurl\package.json","1092"
"C:\IOTEC\core\log.json","1087"
"C:\IOTEC\NUCLEO_CONSOLIDADO\DUPLICADOS\log.json","1087"
"C:\IOTEC\NUCLEO_CONSOLIDADO\LABORATORIO\log.json","1087"
"C:\IOTEC\MINERADORA_BRUTA\vc-14.40-h2eaa2aa_1.json","1086"
"C:\IOTEC\NUCLEO_CONSOLIDADO\DUPLICADOS\vc-14.40-h2eaa2aa_1.json","1086"
"C:\IOTEC\NUCLEO_CONSOLIDADO\LABORATORIO\vc-14.40-h2eaa2aa_1.json","1086"
"C:\IOTEC\NUCLEO_CONSOLIDADO\LABORATORIO\visual_output.json","1086"
"C:\IOTEC\state\visual\visual_output.json","1086"
"C:\IOTEC\black-diamond\node_modules\@babel\generator\package.json","1083"
"C:\IOTEC\IOTEC_EVOLUTION_PLAN.json","1080"
"C:\IOTEC\REAL_SYSTEM\node_modules\content-type\package.json","1075"
"C:\IOTEC\black-diamond\node_modules\electron-to-chromium\chromium-versions.json","1071"
"C:\IOTEC\node_modules\electron-to-chromium\chromium-versions.json","1071"
"C:\IOTEC\black-diamond\node_modules\.vite\deps\_metadata.json","1067"
"C:\IOTEC\black-diamond\node_modules\@babel\types\package.json","1065"
"C:\IOTEC\black-diamond\node_modules\acorn\package.json","1061"
"C:\IOTEC\IOTEC_REVENUE_PIPELINE.json","1057"
"C:\IOTEC\REAL_SYSTEM\node_modules\safe-buffer\package.json","1057"
"C:\IOTEC\REAL_SYSTEM\node_modules\on-finished\package.json","1057"
"C:\IOTEC\black-diamond\node_modules\glob-parent\package.json","1050"
"C:\IOTEC\MINERADORA_BRUTA\msys2-conda-epoch-20160418-1.json","1048"
"C:\IOTEC\NUCLEO_CONSOLIDADO\LABORATORIO\msys2-conda-epoch-20160418-1.json","1048"
"C:\IOTEC\NUCLEO_CONSOLIDADO\DUPLICADOS\msys2-conda-epoch-20160418-1.json","1048"
"C:\IOTEC\black-diamond\node_modules\prelude-ls\package.json","1047"
"C:\IOTEC\NUCLEO_CONSOLIDADO\LABORATORIO\painel_envios_2026-03-29_13-45-36.json","1045"
"C:\IOTEC\NUCLEO_CONSOLIDADO\DUPLICADOS\painel_envios_2026-03-29_13-45-42.json","1045"
"C:\IOTEC\NUCLEO_CONSOLIDADO\LABORATORIO\painel_envios_2026-03-29_13-45-42.json","1045"
"C:\IOTEC\MINERADORA_BRUTA\painel_envios_2026-03-29_13-45-36.json","1045"
"C:\IOTEC\MINERADORA_BRUTA\painel_envios_2026-03-29_13-45-42.json","1045"
"C:\IOTEC\NUCLEO_CONSOLIDADO\DUPLICADOS\painel_envios_2026-03-29_13-45-36.json","1045"
"C:\IOTEC\black-diamond\node_modules\which\package.json","1043"
"C:\IOTEC\black-diamond\node_modules\esutils\package.json","1042"
"C:\IOTEC\black-diamond\node_modules\@babel\helper-compilation-targets\package.json","1040"
"C:\IOTEC\black-diamond\node_modules\eslint\lib\cli-engine\formatters\formatters-meta.json","1039"
"C:\IOTEC\MISSION_0001.json","1033"
"C:\IOTEC\black-diamond\node_modules\graceful-fs\package.json","1031"
"C:\IOTEC\node_modules\graceful-fs\package.json","1031"
"C:\IOTEC\IOTEC_COMMERCIAL_EVIDENCE_DATABASE.json","1030"
"C:\IOTEC\IOTEC_OFFER_DISCOVERY_REPORT.json","1029"
"C:\IOTEC\REAL_SYSTEM\node_modules\merge-descriptors\package.json","1028"
"C:\IOTEC\MINERADORA_BRUTA\CTR-D9228C47CCAE.json","1025"
"C:\IOTEC\NUCLEO_CONSOLIDADO\LABORATORIO\CTR-D9228C47CCAE.json","1025"
"C:\IOTEC\NUCLEO_CONSOLIDADO\LABORATORIO\CTR-34B8ACB27CD3.json","1025"
"C:\IOTEC\NUCLEO_CONSOLIDADO\DUPLICADOS\CTR-34B8ACB27CD3.json","1025"
"C:\IOTEC\NUCLEO_CONSOLIDADO\DUPLICADOS\CTR-D9228C47CCAE.json","1025"
"C:\IOTEC\MINERADORA_BRUTA\CTR-34B8ACB27CD3.json","1025"
"C:\IOTEC\node_modules\electron-to-chromium\package.json","1021"
"C:\IOTEC\black-diamond\node_modules\electron-to-chromium\package.json","1021"
"C:\IOTEC\node_modules\set-cookie-parser\package.json","1021"
"C:\IOTEC\IOTEC_STRATEGIC_KNOWLEDGE_CENTER.json","1019"
"C:\IOTEC\MINERADORA_BRUTA\cobrancas.json","1015"
"C:\IOTEC\MINERADORA_BRUTA\vc-14.42-haa95532_5.json","1015"
"C:\IOTEC\NUCLEO_CONSOLIDADO\LABORATORIO\vc-14.42-haa95532_5.json","1015"
"C:\IOTEC\NUCLEO_CONSOLIDADO\LABORATORIO\cobrancas.json","1015"
"C:\IOTEC\NUCLEO_CONSOLIDADO\DUPLICADOS\vc-14.42-haa95532_5.json","1015"
"C:\IOTEC\NUCLEO_CONSOLIDADO\DUPLICADOS\cobrancas.json","1015"
"C:\IOTEC\IOTEC_HYDRO_FORECAST_REPORT.json","1010"
"C:\IOTEC\black-diamond\node_modules\estraverse\package.json","1009"
"C:\IOTEC\black-diamond\node_modules\json-schema-traverse\package.json","1008"
"C:\IOTEC\NUCLEO_CONSOLIDADO\DUPLICADOS\licitação_nucleo_log.json","1007"
"C:\IOTEC\MINERADORA_BRUTA\licitação_nucleo_log.json","1007"
"C:\IOTEC\NUCLEO_CONSOLIDADO\LABORATORIO\licitação_nucleo_log.json","1007"
"C:\IOTEC\black-diamond\node_modules\fast-levenshtein\package.json","998"
"C:\IOTEC\REAL_SYSTEM\node_modules\negotiator\package.json","993"
"C:\IOTEC\black-diamond\node_modules\natural-compare\package.json","992"
"C:\IOTEC\black-diamond\node_modules\json-stable-stringify-without-jsonify\package.json","991"
"C:\IOTEC\NUCLEO_CONSOLIDADO\LABORATORIO\catalogo_qr.json","989"
"C:\IOTEC\MINERADORA_BRUTA\catalogo_qr.json","989"
"C:\IOTEC\NUCLEO_CONSOLIDADO\DUPLICADOS\catalogo_qr.json","989"
"C:\IOTEC\black-diamond\node_modules\eslint\conf\replacements.json","987"
"C:\IOTEC\NUCLEO_CONSOLIDADO\LABORATORIO\regulus_estudo_estagiado.json","986"
"C:\IOTEC\NUCLEO_CONSOLIDADO\DUPLICADOS\regulus_estudo_estagiado.json","986"
"C:\IOTEC\NUCLEO_CONSOLIDADO\DUPLICADOS\reparado_regulus_estudo_estagiado.json","986"
"C:\IOTEC\MINERADORA_BRUTA\reparado_regulus_estudo_estagiado.json","986"
"C:\IOTEC\MINERADORA_BRUTA\regulus_estudo_estagiado.json","986"
"C:\IOTEC\black-diamond\node_modules\semver\package.json","981"
"C:\IOTEC\vite-project\node_modules\@rolldown\pluginutils\package.json","975"
"C:\IOTEC\black-diamond\node_modules\@rolldown\pluginutils\package.json","975"
"C:\IOTEC\NUCLEO_CONSOLIDADO\LABORATORIO\regulus_triad_log.json","974"
"C:\IOTEC\MINERADORA_BRUTA\regulus_triad_log.json","974"
"C:\IOTEC\NUCLEO_CONSOLIDADO\DUPLICADOS\regulus_triad_log.json","974"
"C:\IOTEC\NUCLEO_CONSOLIDADO\DUPLICADOS\distutils.schema.json","972"
"C:\IOTEC\MINERADORA_BRUTA\distutils.schema.json","972"
"C:\IOTEC\NUCLEO_CONSOLIDADO\LABORATORIO\distutils.schema.json","972"
"C:\IOTEC\MINERADORA_BRUTA\ficha.json","969"
"C:\IOTEC\NUCLEO_CONSOLIDADO\LABORATORIO\ficha.json","969"
"C:\IOTEC\NUCLEO_CONSOLIDADO\DUPLICADOS\ficha.json","969"
"C:\IOTEC\REGISTRY\global_tower.json","968"
"C:\IOTEC\SOURCE_CATALOG_STATUS.json","967"
"C:\IOTEC\NUCLEO_CONSOLIDADO\DUPLICADOS\0.12.2.json","967"
"C:\IOTEC\IOTEC_CORPORATE_PATRIMONY.json","967"
"C:\IOTEC\MINERADORA_BRUTA\0.12.2.json","967"
"C:\IOTEC\NUCLEO_CONSOLIDADO\LABORATORIO\0.12.2.json","967"
"C:\IOTEC\NUCLEO_CONSOLIDADO\LABORATORIO\IOTEC_RELATORIO_OPERACIONAL.json","966"
"C:\IOTEC\IOTEC_RELATORIO_OPERACIONAL.json","966"
"C:\IOTEC\NUCLEO_CONSOLIDADO\DUPLICADOS\IOTEC_RELATORIO_OPERACIONAL.json","966"
"C:\IOTEC\NUCLEO_CONSOLIDADO\LABORATORIO\RELATORIO_MENSALIDADES.json","959"
"C:\IOTEC\MINERADORA_BRUTA\gestao-de-crises-com-inteligencia-artificial.json","959"
"C:\IOTEC\NUCLEO_CONSOLIDADO\DUPLICADOS\RELATORIO_MENSALIDADES.json","959"
"C:\IOTEC\NUCLEO_CONSOLIDADO\LABORATORIO\gestao-de-crises-com-inteligencia-artificial.json","959"
"C:\IOTEC\REAL_SYSTEM\node_modules\bytes\package.json","959"
"C:\IOTEC\MINERADORA_BRUTA\RELATORIO_MENSALIDADES.json","959"
"C:\IOTEC\NUCLEO_CONSOLIDADO\DUPLICADOS\gestao-de-crises-com-inteligencia-artificial.json","959"
"C:\IOTEC\MINERADORA_BRUTA\blas-1.0-mkl.json","958"
"C:\IOTEC\NUCLEO_CONSOLIDADO\LABORATORIO\blas-1.0-mkl.json","958"
"C:\IOTEC\NUCLEO_CONSOLIDADO\DUPLICADOS\blas-1.0-mkl.json","958"
"C:\IOTEC\MINERADORA_BRUTA\transactions.json","957"
"C:\IOTEC\NUCLEO_CONSOLIDADO\LABORATORIO\transactions.json","957"
"C:\IOTEC\NUCLEO_CONSOLIDADO\DUPLICADOS\transactions.json","957"
"C:\IOTEC\NUCLEO_CONSOLIDADO\DUPLICADOS\0.12.5.json","955"
"C:\IOTEC\NUCLEO_CONSOLIDADO\DUPLICADOS\0.12.6.json","955"
"C:\IOTEC\NUCLEO_CONSOLIDADO\LABORATORIO\0.12.6.json","955"
"C:\IOTEC\MINERADORA_BRUTA\0.12.5.json","955"
"C:\IOTEC\MINERADORA_BRUTA\0.12.6.json","955"
"C:\IOTEC\NUCLEO_CONSOLIDADO\LABORATORIO\0.12.5.json","955"
"C:\IOTEC\NUCLEO_CONSOLIDADO\DUPLICADOS\logs_engine.json","953"
"C:\IOTEC\NUCLEO_CONSOLIDADO\LABORATORIO\logs_engine.json","953"
"C:\IOTEC\black-diamond\node_modules\deep-is\package.json","953"
"C:\IOTEC\MINERADORA_BRUTA\logs_engine.json","953"
"C:\IOTEC\REAL_SYSTEM\node_modules\methods\package.json","947"
"C:\IOTEC\black-diamond\node_modules\p-locate\package.json","942"
"C:\IOTEC\node_modules\motion-utils\package.json","939"
"C:\IOTEC\IOTEC_CAUSAL_MEMORY.json","935"
"C:\IOTEC\REAL_SYSTEM\node_modules\mime\package.json","933"
"C:\IOTEC\MINERADORA_BRUTA\PRC_20260331093616.json","931"
"C:\IOTEC\NUCLEO_CONSOLIDADO\LABORATORIO\PRC_20260331093616.json","931"
"C:\IOTEC\NUCLEO_CONSOLIDADO\DUPLICADOS\PRC_20260331093616.json","931"
"C:\IOTEC\DOMINANCE_ENGINE\LIVE_STATUS.json","929"
"C:\IOTEC\black-diamond\node_modules\p-limit\package.json","928"
"C:\IOTEC\REAL_SYSTEM\node_modules\cors\package.json","926"
"C:\IOTEC\NUCLEO_CONSOLIDADO\DUPLICADOS\iotec_registry.json","926"
"C:\IOTEC\iotec_registry.json","926"
"C:\IOTEC\NUCLEO_CONSOLIDADO\LABORATORIO\iotec_registry.json","926"
"C:\IOTEC\MINERADORA_BRUTA\RELATORIO_AGENTES_CONTRATUAIS.json","923"
"C:\IOTEC\NUCLEO_CONSOLIDADO\DUPLICADOS\RELATORIO_AGENTES_CONTRATUAIS.json","923"
"C:\IOTEC\NUCLEO_CONSOLIDADO\LABORATORIO\RELATORIO_AGENTES_CONTRATUAIS.json","923"
"C:\IOTEC\IOTEC_REAL_REVENUE_REPORT.json","922"
"C:\IOTEC\MINERADORA_BRUTA\painel_licenciamento_2026-03-29_13-07-19.json","921"
"C:\IOTEC\NUCLEO_CONSOLIDADO\LABORATORIO\painel_licenciamento_2026-03-29_13-07-14.json","921"
"C:\IOTEC\NUCLEO_CONSOLIDADO\DUPLICADOS\painel_licenciamento_2026-03-29_13-07-19.json","921"
"C:\IOTEC\MINERADORA_BRUTA\painel_licenciamento_2026-03-29_13-07-14.json","921"
"C:\IOTEC\NUCLEO_CONSOLIDADO\DUPLICADOS\painel_licenciamento_2026-03-29_13-07-14.json","921"
"C:\IOTEC\NUCLEO_CONSOLIDADO\LABORATORIO\painel_licenciamento_2026-03-29_13-07-19.json","921"
"C:\IOTEC\NUCLEO_CONSOLIDADO\DUPLICADOS\produto_transicao_judiciario.public.json","919"
"C:\IOTEC\MINERADORA_BRUTA\produto_transicao_judiciario.public.json","919"
"C:\IOTEC\NUCLEO_CONSOLIDADO\LABORATORIO\produto_transicao_judiciario.public.json","919"
"C:\IOTEC\black-diamond\node_modules\find-up\package.json","917"
"C:\IOTEC\node_modules\update-browserslist-db\package.json","916"
"C:\IOTEC\black-diamond\node_modules\update-browserslist-db\package.json","916"
"C:\IOTEC\AURORA_DATABASE.json","914"
"C:\IOTEC\NUCLEO_CONSOLIDADO\DUPLICADOS\diagnostico_report_full.json","913"
"C:\IOTEC\NUCLEO_CONSOLIDADO\DUPLICADOS\reparado_diagnostico_report_full.json","913"
"C:\IOTEC\NUCLEO_CONSOLIDADO\DUPLICADOS\seguranca-viaria-inteligente.json","913"
"C:\IOTEC\MINERADORA_BRUTA\reparado_diagnostico_report_full.json","913"
"C:\IOTEC\NUCLEO_CONSOLIDADO\LABORATORIO\diagnostico_report_full.json","913"
"C:\IOTEC\NUCLEO_CONSOLIDADO\LABORATORIO\seguranca-viaria-inteligente.json","913"
"C:\IOTEC\MINERADORA_BRUTA\diagnostico_report_full.json","913"
"C:\IOTEC\MINERADORA_BRUTA\seguranca-viaria-inteligente.json","913"
"C:\IOTEC\NUCLEO_CONSOLIDADO\LABORATORIO\pacote-executivo-snia-internacional.json","911"
"C:\IOTEC\MINERADORA_BRUTA\pacote-executivo-snia-internacional.json","911"
"C:\IOTEC\black-diamond\node_modules\@eslint\js\package.json","911"
"C:\IOTEC\NUCLEO_CONSOLIDADO\DUPLICADOS\pacote-executivo-snia-internacional.json","911"
"C:\IOTEC\MINERADORA_BRUTA\painel_nucleo_2026-03-29_10-20-57.json","910"
"C:\IOTEC\NUCLEO_CONSOLIDADO\LABORATORIO\painel_nucleo_2026-03-29_10-20-57.json","910"
"C:\IOTEC\NUCLEO_CONSOLIDADO\DUPLICADOS\painel_nucleo_2026-03-29_10-20-57.json","910"
"C:\IOTEC\black-diamond\node_modules\@babel\code-frame\package.json","907"
"C:\IOTEC\MINERADORA_BRUTA\assistencia-analitica-institucional.json","906"
"C:\IOTEC\NUCLEO_CONSOLIDADO\DUPLICADOS\assistencia-analitica-institucional.json","906"
"C:\IOTEC\black-diamond\node_modules\gensync\package.json","906"
"C:\IOTEC\NUCLEO_CONSOLIDADO\LABORATORIO\assistencia-analitica-institucional.json","906"
"C:\IOTEC\black-diamond\node_modules\levn\package.json","901"
"C:\IOTEC\IOTEC_STRATEGIC_MEMORY.json","894"
"C:\IOTEC\NUCLEO_CONSOLIDADO\DUPLICADOS\judicial_forecast_intelligence_entry.json","893"
"C:\IOTEC\MINERADORA_BRUTA\judicial_forecast_intelligence_entry.json","893"
"C:\IOTEC\NUCLEO_CONSOLIDADO\LABORATORIO\judicial_forecast_intelligence_entry.json","893"
"C:\IOTEC\FRONT_ROTATION\LIVE_BROADCAST_STATUS.json","892"
"C:\IOTEC\black-diamond\node_modules\optionator\package.json","889"
"C:\IOTEC\IOTEC_AUTONOMOUS_MEMORY.json","883"
"C:\IOTEC\DOMINANCE_ENGINE\HIERARCHY.json","882"
"C:\IOTEC\REAL_SYSTEM\node_modules\array-flatten\package.json","879"
"C:\IOTEC\black-diamond\node_modules\json-buffer\package.json","878"
"C:\IOTEC\black-diamond\node_modules\@humanfs\types\package.json","878"
"C:\IOTEC\event_log.json","877"
"C:\IOTEC\NUCLEO_CONSOLIDADO\LABORATORIO\20260418_102542_dispatch_integration.json","876"
"C:\IOTEC\state\snapshots\20260418_095437_dispatch_integration.json","876"
"C:\IOTEC\NUCLEO_CONSOLIDADO\LABORATORIO\20260418_095437_dispatch_integration.json","876"
"C:\IOTEC\state\snapshots\20260418_102542_dispatch_integration.json","876"
"C:\IOTEC\black-diamond\node_modules\@babel\helper-module-transforms\package.json","874"
"C:\IOTEC\IOTEC_EXTERNAL_SOURCE_GAP_REPORT.json","864"
"C:\IOTEC\MINERADORA_BRUTA\CATALOGO_SNAPSHOT_20260324_163304.json","863"
"C:\IOTEC\IOTEC_WAR_ROOM_DATABASE.json","863"
"C:\IOTEC\NUCLEO_CONSOLIDADO\LABORATORIO\CATALOGO_SNAPSHOT_20260324_163304.json","863"
"C:\IOTEC\NUCLEO_CONSOLIDADO\DUPLICADOS\CATALOGO_SNAPSHOT_20260324_163304.json","863"
"C:\IOTEC\NUCLEO_CONSOLIDADO\DUPLICADOS\reparado_dip_health_report.json","862"
"C:\IOTEC\NUCLEO_CONSOLIDADO\LABORATORIO\reparado_dip_health_report.json","862"
"C:\IOTEC\MINERADORA_BRUTA\reparado_dip_health_report.json","862"
"C:\IOTEC\NUCLEO_CONSOLIDADO\DUPLICADOS\RELATORIO_ESCOLHA_PORTAL.json","860"
"C:\IOTEC\MINERADORA_BRUTA\RELATORIO_ESCOLHA_PORTAL.json","860"
"C:\IOTEC\NUCLEO_CONSOLIDADO\LABORATORIO\RELATORIO_ESCOLHA_PORTAL.json","860"
"C:\IOTEC\REAL_SYSTEM\node_modules\ee-first\package.json","859"
"C:\IOTEC\REAL_SYSTEM\node_modules\utils-merge\package.json","857"
"C:\IOTEC\IOTEC_SOURCE_CATALOG.json","854"
"C:\IOTEC\IOTEC_EXECUTIVE_BOARD_MEMORY.json","847"
"C:\IOTEC\black-diamond\node_modules\type-check\package.json","847"
"C:\IOTEC\NUCLEO_CONSOLIDADO\DUPLICADOS\estrategia_de_precos.json","846"
"C:\IOTEC\MINERADORA_BRUTA\estrategia_de_precos.json","846"
"C:\IOTEC\OFFICIAL_FUNNEL.json","846"
"C:\IOTEC\NUCLEO_CONSOLIDADO\LABORATORIO\estrategia_de_precos.json","846"
"C:\IOTEC\NUCLEO_CONSOLIDADO\DUPLICADOS\snia-score-global-985.json","844"
"C:\IOTEC\NUCLEO_CONSOLIDADO\LABORATORIO\snia-score-global-985.json","844"
"C:\IOTEC\MINERADORA_BRUTA\snia-score-global-985.json","844"
"C:\IOTEC\IOTEC_GOAL_REQUIREMENTS_REPORT.json","840"
"C:\IOTEC\NUCLEO_CONSOLIDADO\LABORATORIO\RELATORIO_CORRECAO_FLUXO_REGULUS.json","835"
"C:\IOTEC\NUCLEO_CONSOLIDADO\DUPLICADOS\RELATORIO_CORRECAO_FLUXO_REGULUS.json","835"
"C:\IOTEC\MINERADORA_BRUTA\RELATORIO_CORRECAO_FLUXO_REGULUS.json","835"
"C:\IOTEC\NUCLEO_CONSOLIDADO\LABORATORIO\20260418_102542_completed_validation.json","830"
"C:\IOTEC\state\snapshots\20260418_102542_completed_validation.json","830"
"C:\IOTEC\NUCLEO_CONSOLIDADO\LABORATORIO\20260418_095437_completed_validation.json","830"
"C:\IOTEC\state\snapshots\20260418_095437_completed_validation.json","830"
"C:\IOTEC\black-diamond\node_modules\@types\estree\package.json","829"
"C:\IOTEC\NUCLEO_CONSOLIDADO\DUPLICADOS\diagnostico_report_advanced.json","829"
"C:\IOTEC\MINERADORA_BRUTA\reparado_diagnostico_report_advanced.json","829"
"C:\IOTEC\MINERADORA_BRUTA\diagnostico_report_advanced.json","829"
"C:\IOTEC\NUCLEO_CONSOLIDADO\DUPLICADOS\reparado_diagnostico_report_advanced.json","829"
"C:\IOTEC\NUCLEO_CONSOLIDADO\LABORATORIO\diagnostico_report_advanced.json","829"
"C:\IOTEC\IOTEC_REAL_OFFER_DISCOVERY_REPORT.json","825"
"C:\IOTEC\black-diamond\node_modules\@types\esrecurse\package.json","823"
"C:\IOTEC\REAL_SYSTEM\node_modules\safer-buffer\package.json","822"
"C:\IOTEC\NUCLEO_CONSOLIDADO\LABORATORIO\manifesto_produto.json","820"
"C:\IOTEC\black-diamond\node_modules\imurmurhash\package.json","818"
"C:\IOTEC\black-diamond\node_modules\@babel\helper-globals\package.json","814"
"C:\IOTEC\NUCLEO_CONSOLIDADO\DUPLICADOS\RELATORIO_ESCOLHA_PORTAL_V2.json","814"
"C:\IOTEC\NUCLEO_CONSOLIDADO\LABORATORIO\RELATORIO_ESCOLHA_PORTAL_V2.json","814"
"C:\IOTEC\MINERADORA_BRUTA\RELATORIO_ESCOLHA_PORTAL_V2.json","814"
"C:\IOTEC\state\snapshots\20260418_095437_dispatch_validation.json","814"
"C:\IOTEC\NUCLEO_CONSOLIDADO\LABORATORIO\20260418_095437_dispatch_validation.json","814"
"C:\IOTEC\state\snapshots\20260418_102542_dispatch_validation.json","814"
"C:\IOTEC\NUCLEO_CONSOLIDADO\LABORATORIO\20260418_102542_dispatch_validation.json","814"
"C:\IOTEC\black-diamond\node_modules\@babel\helpers\package.json","813"
"C:\IOTEC\NUCLEO_CONSOLIDADO\DUPLICADOS\modulos.json","812"
"C:\IOTEC\NUCLEO_CONSOLIDADO\LABORATORIO\modulos.json","812"
"C:\IOTEC\iotec_core\config\modulos.json","812"
"C:\IOTEC\black-diamond\node_modules\convert-source-map\package.json","804"
"C:\IOTEC\NUCLEO_CONSOLIDADO\DUPLICADOS\dip_health_report.json","802"
"C:\IOTEC\MINERADORA_BRUTA\dip_health_report.json","802"
"C:\IOTEC\NUCLEO_CONSOLIDADO\LABORATORIO\dip_health_report.json","802"
"C:\IOTEC\NUCLEO_CONSOLIDADO\LABORATORIO\RELATORIO_GERENCIAL_REGULUS_20251214_153923.json","797"
"C:\IOTEC\NUCLEO_CONSOLIDADO\DUPLICADOS\RELATORIO_GERENCIAL_REGULUS_20251214_153923.json","797"
"C:\IOTEC\MINERADORA_BRUTA\RELATORIO_GERENCIAL_REGULUS_20251214_153923.json","797"
"C:\IOTEC\IOTEC_CONNECTOR_STATUS.json","791"
"C:\IOTEC\black-diamond\node_modules\locate-path\package.json","786"
"C:\IOTEC\black-diamond\node_modules\isexe\package.json","786"
"C:\IOTEC\NUCLEO_CONSOLIDADO\LABORATORIO\envio_2026-03-29_13-34-50.json","783"
"C:\IOTEC\NUCLEO_CONSOLIDADO\DUPLICADOS\envio_2026-03-29_13-34-50.json","783"
"C:\IOTEC\NUCLEO_CONSOLIDADO\DUPLICADOS\log_ENV_EA981A970B.json","783"
"C:\IOTEC\MINERADORA_BRUTA\envio_2026-03-29_13-34-50.json","783"
"C:\IOTEC\MINERADORA_BRUTA\log_ENV_EA981A970B.json","783"
"C:\IOTEC\black-diamond\node_modules\@rolldown\binding-win32-x64-msvc\package.json","782"
"C:\IOTEC\vite-project\node_modules\@rolldown\binding-win32-x64-msvc\package.json","782"
"C:\IOTEC\MINERADORA_BRUTA\dados.json","777"
"C:\IOTEC\NUCLEO_CONSOLIDADO\LABORATORIO\dados.json","777"
"C:\IOTEC\NUCLEO_CONSOLIDADO\DUPLICADOS\dados.json","777"
"C:\IOTEC\black-diamond\node_modules\lru-cache\package.json","776"
"C:\IOTEC\NUCLEO_CONSOLIDADO\DUPLICADOS\0.11.1.json","775"
"C:\IOTEC\NUCLEO_CONSOLIDADO\DUPLICADOS\0.12.1.json","775"
"C:\IOTEC\NUCLEO_CONSOLIDADO\DUPLICADOS\0.11.0.json","775"
"C:\IOTEC\NUCLEO_CONSOLIDADO\LABORATORIO\0.12.0.json","775"
"C:\IOTEC\NUCLEO_CONSOLIDADO\DUPLICADOS\0.12.0.json","775"
"C:\IOTEC\NUCLEO_CONSOLIDADO\LABORATORIO\0.11.1.json","775"
"C:\IOTEC\MINERADORA_BRUTA\0.11.0.json","775"
"C:\IOTEC\MINERADORA_BRUTA\0.12.1.json","775"
"C:\IOTEC\MINERADORA_BRUTA\0.12.0.json","775"
"C:\IOTEC\NUCLEO_CONSOLIDADO\LABORATORIO\0.11.0.json","775"
"C:\IOTEC\MINERADORA_BRUTA\0.11.1.json","775"
"C:\IOTEC\NUCLEO_CONSOLIDADO\LABORATORIO\0.12.1.json","775"
"C:\IOTEC\black-diamond\node_modules\@babel\template\package.json","771"
"C:\IOTEC\REAL_SYSTEM\node_modules\unpipe\package.json","770"
"C:\IOTEC\NUCLEO_CONSOLIDADO\DUPLICADOS\config_1052.json","768"
"C:\IOTEC\NUCLEO_CONSOLIDADO\LABORATORIO\config_1052.json","768"
"C:\IOTEC\MINERADORA_BRUTA\config_1052.json","768"
"C:\IOTEC\IOTEC_REVENUE_READINESS_REPORT.json","765"
"C:\IOTEC\NUCLEO_CONSOLIDADO\LABORATORIO\0.12.3.json","765"
"C:\IOTEC\NUCLEO_CONSOLIDADO\LABORATORIO\0.12.4.json","765"
"C:\IOTEC\NUCLEO_CONSOLIDADO\DUPLICADOS\0.12.4.json","765"
"C:\IOTEC\DOMINANCE_ENGINE\DOMINANCE_MAP.json","765"
"C:\IOTEC\MINERADORA_BRUTA\0.12.3.json","765"
"C:\IOTEC\MINERADORA_BRUTA\0.12.4.json","765"
"C:\IOTEC\NUCLEO_CONSOLIDADO\DUPLICADOS\0.12.3.json","765"
"C:\IOTEC\REAL_SYSTEM\node_modules\object-assign\package.json","764"
"C:\IOTEC\MINERADORA_BRUTA\presentation.json","763"
"C:\IOTEC\NUCLEO_CONSOLIDADO\LABORATORIO\presentation.json","763"
"C:\IOTEC\NUCLEO_CONSOLIDADO\DUPLICADOS\presentation.json","763"
"C:\IOTEC\REAL_SYSTEM\node_modules\media-typer\package.json","759"
"C:\IOTEC\black-diamond\node_modules\@babel\helper-string-parser\package.json","758"
"C:\IOTEC\node_modules\@alloc\quick-lru\package.json","747"
"C:\IOTEC\black-diamond\node_modules\@alloc\quick-lru\package.json","747"
"C:\IOTEC\node_modules\caniuse-lite\package.json","742"
"C:\IOTEC\black-diamond\node_modules\caniuse-lite\package.json","742"
"C:\IOTEC\black-diamond\node_modules\@babel\helper-validator-identifier\package.json","738"
"C:\IOTEC\black-diamond\package.json","734"
"C:\IOTEC\MINERADORA_BRUTA\relatorio_raban.json","732"
"C:\IOTEC\REAL_SYSTEM\node_modules\send\node_modules\ms\package.json","732"
"C:\IOTEC\black-diamond\node_modules\ms\package.json","732"
"C:\IOTEC\NUCLEO_CONSOLIDADO\DUPLICADOS\relatorio_raban.json","732"
"C:\IOTEC\NUCLEO_CONSOLIDADO\LABORATORIO\relatorio_raban.json","732"
"C:\IOTEC\MINERADORA_BRUTA\legal_tasks.json","730"
"C:\IOTEC\NUCLEO_CONSOLIDADO\JURIDICO\legal_tasks.json","730"
"C:\IOTEC\NUCLEO_CONSOLIDADO\DUPLICADOS\legal_tasks.json","730"
"C:\IOTEC\black-diamond\node_modules\yocto-queue\package.json","725"
"C:\IOTEC\black-diamond\node_modules\@babel\helper-module-imports\package.json","722"
"C:\IOTEC\IOTEC_STORM_MEMORY.json","721"
"C:\IOTEC\node_modules\lightningcss-win32-x64-msvc\package.json","719"
"C:\IOTEC\black-diamond\node_modules\lightningcss-win32-x64-msvc\package.json","719"
"C:\IOTEC\REAL_SYSTEM\node_modules\ipaddr.js\package.json","719"
"C:\IOTEC\vite-project\node_modules\lightningcss-win32-x64-msvc\package.json","719"
"C:\IOTEC\black-diamond\node_modules\@babel\helper-globals\data\builtin-upper.json","718"
"C:\IOTEC\MINERADORA_BRUTA\contrato.json","709"
"C:\IOTEC\NUCLEO_CONSOLIDADO\DUPLICADOS\contrato.json","709"
"C:\IOTEC\NUCLEO_CONSOLIDADO\LABORATORIO\contrato.json","709"
"C:\IOTEC\NUCLEO_CONSOLIDADO\LABORATORIO\product_ideas.json","707"
"C:\IOTEC\NUCLEO_CONSOLIDADO\DUPLICADOS\product_ideas.json","707"
"C:\IOTEC\MINERADORA_BRUTA\product_ideas.json","707"
"C:\IOTEC\REAL_SYSTEM\node_modules\ms\package.json","704"
"C:\IOTEC\DOMINANCE_ENGINE\AGENTS.json","701"
"C:\IOTEC\IOTEC_CONVERSION_REPORT.json","701"
"C:\IOTEC\X27_LEARNING_REPORT.json","697"
"C:\IOTEC\NUCLEO_CONSOLIDADO\DUPLICADOS\encerramento_aba_ultra_state.json","695"
"C:\IOTEC\NUCLEO_CONSOLIDADO\LABORATORIO\encerramento_aba_ultra_state.json","695"
"C:\IOTEC\MINERADORA_BRUTA\encerramento_aba_ultra_state.json","695"
"C:\IOTEC\MINERADORA_BRUTA\mapeamento_pagamentos.json","692"
"C:\IOTEC\NUCLEO_CONSOLIDADO\DUPLICADOS\mapeamento_pagamentos.json","692"
"C:\IOTEC\NUCLEO_CONSOLIDADO\LABORATORIO\mapeamento_pagamentos.json","692"
"C:\IOTEC\state\snapshots\20260418_102542_dispatch_telemetry.json","690"
"C:\IOTEC\state\snapshots\20260418_095437_dispatch_telemetry.json","690"
"C:\IOTEC\NUCLEO_CONSOLIDADO\LABORATORIO\20260418_102542_dispatch_telemetry.json","690"
"C:\IOTEC\NUCLEO_CONSOLIDADO\LABORATORIO\20260418_095437_dispatch_telemetry.json","690"
"C:\IOTEC\black-diamond\node_modules\escape-string-regexp\package.json","686"
"C:\IOTEC\NUCLEO_CONSOLIDADO\DUPLICADOS\MAPA_COMERCIAL_OFICIAL.json","664"
"C:\IOTEC\MINERADORA_BRUTA\MAPA_COMERCIAL_OFICIAL.json","664"
"C:\IOTEC\NUCLEO_CONSOLIDADO\LABORATORIO\MAPA_COMERCIAL_OFICIAL.json","664"
"C:\IOTEC\NUCLEO_CONSOLIDADO\DUPLICADOS\relatorio_deep.json","662"
"C:\IOTEC\MINERADORA_BRUTA\relatorio_deep.json","662"
"C:\IOTEC\NUCLEO_CONSOLIDADO\LABORATORIO\relatorio_deep.json","662"
"C:\IOTEC\MINERADORA_BRUTA\reparado_relatorio_deep.json","662"
"C:\IOTEC\NUCLEO_CONSOLIDADO\DUPLICADOS\reparado_relatorio_deep.json","662"
"C:\IOTEC\MINERADORA_BRUTA\iotec_real_world_output.json","658"
"C:\IOTEC\NUCLEO_CONSOLIDADO\DUPLICADOS\iotec_real_world_output.json","658"
"C:\IOTEC\NUCLEO_CONSOLIDADO\LABORATORIO\iotec_real_world_output.json","658"
"C:\IOTEC\black-diamond\node_modules\yallist\package.json","652"
"C:\IOTEC\black-diamond\node_modules\path-key\package.json","650"
"C:\IOTEC\REGISTRY\lot_registry.json","649"
"C:\IOTEC\black-diamond\node_modules\js-tokens\package.json","649"
"C:\IOTEC\IOTEC_GROWTH_COMMAND_CENTER.json","643"
"C:\IOTEC\IOTEC_PORTFOLIO_GOAL_REPORT.json","640"
"C:\IOTEC\NUCLEO_CONSOLIDADO\DUPLICADOS\Licencas_CLIENTE DEMO_20251214_153219.json","637"
"C:\IOTEC\MINERADORA_BRUTA\Licencas_CLIENTE DEMO_20251214_153219.json","637"
"C:\IOTEC\NUCLEO_CONSOLIDADO\DUPLICADOS\Licencas_CLIENTE DEMO_20251214_180538.json","637"
"C:\IOTEC\NUCLEO_CONSOLIDADO\LABORATORIO\Licencas_CLIENTE DEMO_20251214_180538.json","637"
"C:\IOTEC\NUCLEO_CONSOLIDADO\LABORATORIO\Licencas_CLIENTE DEMO_20251214_153219.json","637"
"C:\IOTEC\MINERADORA_BRUTA\Licencas_CLIENTE DEMO_20251214_180538.json","637"
"C:\IOTEC\NUCLEO_CONSOLIDADO\DUPLICADOS\intercambio_global.json","633"
"C:\IOTEC\NUCLEO_CONSOLIDADO\LABORATORIO\intercambio_global.json","633"
"C:\IOTEC\MINERADORA_BRUTA\intercambio_global.json","633"
"C:\IOTEC\black-diamond\node_modules\@babel\helper-validator-option\package.json","631"
"C:\IOTEC\NUCLEO_CONSOLIDADO\LABORATORIO\tendencias_feed.json","626"
"C:\IOTEC\NUCLEO_CONSOLIDADO\DUPLICADOS\tendencias_feed.json","626"
"C:\IOTEC\NUCLEO_CONSOLIDADO\DUPLICADOS\tendencias.json","626"
"C:\IOTEC\frontend\tendencias_feed.json","626"
"C:\IOTEC\state\tendencias.json","626"
"C:\IOTEC\MINERADORA_BRUTA\LBL-803A80DF1AA4.json","623"
"C:\IOTEC\NUCLEO_CONSOLIDADO\LABORATORIO\LBL-66B841747C24.json","623"
"C:\IOTEC\NUCLEO_CONSOLIDADO\DUPLICADOS\LBL-66B841747C24.json","623"
"C:\IOTEC\NUCLEO_CONSOLIDADO\DUPLICADOS\LBL-803A80DF1AA4.json","623"
"C:\IOTEC\NUCLEO_CONSOLIDADO\LABORATORIO\LBL-803A80DF1AA4.json","623"
"C:\IOTEC\MINERADORA_BRUTA\LBL-66B841747C24.json","623"
"C:\IOTEC\MINERADORA_BRUTA\reparado_regulus_finance_BACKUP.json","622"
"C:\IOTEC\NUCLEO_CONSOLIDADO\DUPLICADOS\reparado_regulus_finance_BACKUP.json","622"
"C:\IOTEC\NUCLEO_CONSOLIDADO\DUPLICADOS\regulus_finance_BACKUP.json","622"
"C:\IOTEC\NUCLEO_CONSOLIDADO\FINANCEIRO\regulus_finance_BACKUP.json","622"
"C:\IOTEC\MINERADORA_BRUTA\regulus_finance_BACKUP.json","622"
"C:\IOTEC\NUCLEO_CONSOLIDADO\DUPLICADOS\PRD-6E5FC49D4D24.json","621"
"C:\IOTEC\MINERADORA_BRUTA\PRD-6E5FC49D4D24.json","621"
"C:\IOTEC\MINERADORA_BRUTA\PRD-387ACBFEF242.json","621"
"C:\IOTEC\NUCLEO_CONSOLIDADO\DUPLICADOS\PRD-387ACBFEF242.json","621"
"C:\IOTEC\NUCLEO_CONSOLIDADO\LABORATORIO\PRD-387ACBFEF242.json","621"
"C:\IOTEC\NUCLEO_CONSOLIDADO\LABORATORIO\PRD-6E5FC49D4D24.json","621"
"C:\IOTEC\black-diamond\node_modules\path-exists\package.json","607"
"C:\IOTEC\frontend\package.json","605"
"C:\IOTEC\IOTEC_STANDARD_DATA.json","601"
"C:\IOTEC\MANIFESTS\ExecutiveAI.json","600"
"C:\IOTEC\NUCLEO_CONSOLIDADO\DUPLICADOS\runtime_profile.json","598"
"C:\IOTEC\MINERADORA_BRUTA\runtime_profile.json","598"
"C:\IOTEC\NUCLEO_CONSOLIDADO\LABORATORIO\runtime_profile.json","598"
"C:\IOTEC\MINERADORA_BRUTA\estrutura.json","594"
"C:\IOTEC\NUCLEO_CONSOLIDADO\DUPLICADOS\estrutura.json","594"
"C:\IOTEC\NUCLEO_CONSOLIDADO\LABORATORIO\estrutura.json","594"
"C:\IOTEC\NUCLEO_CONSOLIDADO\DUPLICADOS\mensalidade_2026-03.json","587"
"C:\IOTEC\MINERADORA_BRUTA\mensalidade_2026-03.json","587"
"C:\IOTEC\NUCLEO_CONSOLIDADO\LABORATORIO\mensalidade_2026-03.json","587"
"C:\IOTEC\black-diamond\node_modules\eslint-plugin-react-refresh\package.json","585"
"C:\IOTEC\SOURCE_CATALOG.json","585"
"C:\IOTEC\MINERADORA_BRUTA\financeiro_empresa_BACKUP.json","582"
"C:\IOTEC\black-diamond\node_modules\shebang-regex\package.json","582"
"C:\IOTEC\NUCLEO_CONSOLIDADO\FINANCEIRO\financeiro_empresa_BACKUP.json","582"
"C:\IOTEC\NUCLEO_CONSOLIDADO\DUPLICADOS\financeiro_empresa_BACKUP.json","582"
"C:\IOTEC\MINERADORA_BRUTA\reparado_financeiro_empresa_BACKUP.json","582"
"C:\IOTEC\NUCLEO_CONSOLIDADO\DUPLICADOS\reparado_financeiro_empresa_BACKUP.json","582"
"C:\IOTEC\black-diamond\node_modules\acorn-jsx\package.json","581"
"C:\IOTEC\REAL_SYSTEM\node_modules\inherits\package.json","581"
"C:\IOTEC\black-diamond\node_modules\@oxc-project\types\package.json","577"
"C:\IOTEC\vite-project\node_modules\@oxc-project\types\package.json","577"
"C:\IOTEC\MINERADORA_BRUTA\agente_contratual.json","573"
"C:\IOTEC\NUCLEO_CONSOLIDADO\DUPLICADOS\agente_contratual.json","573"
"C:\IOTEC\NUCLEO_CONSOLIDADO\LABORATORIO\agente_contratual.json","573"
"C:\IOTEC\NUCLEO_CONSOLIDADO\LABORATORIO\envelope_technical.json","569"
"C:\IOTEC\NUCLEO_CONSOLIDADO\DUPLICADOS\envelope_technical.json","569"
"C:\IOTEC\MINERADORA_BRUTA\envelope_technical.json","569"
"C:\IOTEC\IOTEC_HYDRO_TRACE_REPORT.json","568"
"C:\IOTEC\black-diamond\node_modules\scheduler\package.json","564"
"C:\IOTEC\node_modules\scheduler\package.json","564"
"C:\IOTEC\black-diamond\node_modules\shebang-command\package.json","558"
"C:\IOTEC\IOTEC_HYDRO_PRESSURE_REPORT.json","557"
"C:\IOTEC\NUCLEO_CONSOLIDADO\BACKEND\server_log.json","555"
"C:\IOTEC\NUCLEO_CONSOLIDADO\DUPLICADOS\server_log.json","555"
"C:\IOTEC\MINERADORA_BRUTA\server_log.json","555"
"C:\IOTEC\REAL_SYSTEM\node_modules\path-to-regexp\package.json","554"
"C:\IOTEC\node_modules\picocolors\package.json","552"
"C:\IOTEC\black-diamond\node_modules\picocolors\package.json","552"
"C:\IOTEC\vite-project\node_modules\picocolors\package.json","552"
"C:\IOTEC\black-diamond\node_modules\ajv\lib\refs\data.json","551"
"C:\IOTEC\MINERADORA_BRUTA\countries.json","551"
"C:\IOTEC\NUCLEO_CONSOLIDADO\LABORATORIO\countries.json","551"
"C:\IOTEC\NUCLEO_CONSOLIDADO\DUPLICADOS\countries.json","551"
"C:\IOTEC\IOTEC_RUNTIME_STATE.json","550"
"C:\IOTEC\MINERADORA_BRUTA\MOD001.json","548"
"C:\IOTEC\NUCLEO_CONSOLIDADO\LABORATORIO\MOD001.json","548"
"C:\IOTEC\NUCLEO_CONSOLIDADO\DUPLICADOS\MOD001.json","548"
"C:\IOTEC\node_modules\@tailwindcss\oxide-win32-x64-msvc\package.json","528"
"C:\IOTEC\black-diamond\node_modules\@tailwindcss\oxide-win32-x64-msvc\package.json","528"
"C:\IOTEC\vite-project\tsconfig.json","522"
"C:\IOTEC\MINERADORA_BRUTA\INVENTARIO_QR.json","521"
"C:\IOTEC\NUCLEO_CONSOLIDADO\DUPLICADOS\INVENTARIO_QR.json","521"
"C:\IOTEC\NUCLEO_CONSOLIDADO\LABORATORIO\INVENTARIO_QR.json","521"
"C:\IOTEC\MINERADORA_BRUTA\event_log.json","520"
"C:\IOTEC\NUCLEO_CONSOLIDADO\LABORATORIO\event_log.json","520"
"C:\IOTEC\NUCLEO_CONSOLIDADO\DUPLICADOS\event_log.json","520"
"C:\IOTEC\black-diamond\node_modules\hermes-parser\package.json","517"
"C:\IOTEC\MANIFESTS\CommercialEngine.json","515"
"C:\IOTEC\node_modules\node-releases\package.json","513"
"C:\IOTEC\black-diamond\node_modules\node-releases\package.json","513"
"C:\IOTEC\state\integration\integration_output.json","512"
"C:\IOTEC\NUCLEO_CONSOLIDADO\LABORATORIO\integration_output.json","512"
"C:\IOTEC\MANIFESTS\MissionControl.json","512"
"C:\IOTEC\MANIFESTS\SecurityManager.json","512"
"C:\IOTEC\MANIFESTS\TelemetryEngine.json","511"
"C:\IOTEC\NUCLEO_CONSOLIDADO\LABORATORIO\20260418_102538_dispatch_miner.json","506"
"C:\IOTEC\state\snapshots\20260418_095427_dispatch_miner.json","506"
"C:\IOTEC\NUCLEO_CONSOLIDADO\LABORATORIO\20260418_095427_dispatch_miner.json","506"
"C:\IOTEC\state\snapshots\20260418_102538_dispatch_miner.json","506"
"C:\IOTEC\MINERADORA_BRUTA\reparado_relatorio_impedimentos.json","501"
"C:\IOTEC\MINERADORA_BRUTA\relatorio_impedimentos.json","501"
"C:\IOTEC\NUCLEO_CONSOLIDADO\LABORATORIO\relatorio_impedimentos.json","501"
"C:\IOTEC\NUCLEO_CONSOLIDADO\DUPLICADOS\relatorio_impedimentos.json","501"
"C:\IOTEC\NUCLEO_CONSOLIDADO\DUPLICADOS\reparado_relatorio_impedimentos.json","501"
"C:\IOTEC\IOTEC_MASTER_TOWER.json","495"
"C:\IOTEC\REAL_SYSTEM\node_modules\cookie-signature\package.json","491"
"C:\IOTEC\SOFTWARE_FACTORY\SPECIFICATIONS\COMMERCIAL_FLOW_ENGINE.json","489"
"C:\IOTEC\NUCLEO_CONSOLIDADO\DUPLICADOS\HISTORICO_CORRECOES_PAYPAL.json","487"
"C:\IOTEC\MINERADORA_BRUTA\HISTORICO_CORRECOES_PAYPAL.json","487"
"C:\IOTEC\NUCLEO_CONSOLIDADO\LABORATORIO\BLENDER_PONTE_OFICIAL.json","482"
"C:\IOTEC\IOTEC_OPPORTUNITY_RADAR.json","482"
"C:\IOTEC\NUCLEO_CONSOLIDADO\DUPLICADOS\BLENDER_PONTE_OFICIAL.json","482"
"C:\IOTEC\CONFIG\BLENDER_PONTE_OFICIAL.json","482"
"C:\IOTEC\NUCLEO_CONSOLIDADO\LABORATORIO\plugin.json","478"
"C:\IOTEC\MINERADORA_BRUTA\plugin.json","478"
"C:\IOTEC\NUCLEO_CONSOLIDADO\DUPLICADOS\plugin.json","478"
"C:\IOTEC\NUCLEO_CONSOLIDADO\DUPLICADOS\regulus_valuation_data.json","475"
"C:\IOTEC\NUCLEO_CONSOLIDADO\LABORATORIO\regulus_valuation_data.json","475"
"C:\IOTEC\MINERADORA_BRUTA\regulus_valuation_data.json","475"
"C:\IOTEC\MINERADORA_BRUTA\PAINEL_COLETA.json","471"
"C:\IOTEC\NUCLEO_CONSOLIDADO\DUPLICADOS\PAINEL_COLETA.json","471"
"C:\IOTEC\NUCLEO_CONSOLIDADO\LABORATORIO\PAINEL_COLETA.json","471"
"C:\IOTEC\SIGNAL_CORE\SIGNAL_STATUS.json","469"
"C:\IOTEC\NUCLEO_CONSOLIDADO\DUPLICADOS\relatorio_auditoria_valor_avancada.json","467"
"C:\IOTEC\NUCLEO_CONSOLIDADO\DUPLICADOS\reparado_relatorio_auditoria_valor_avancada.json","467"
"C:\IOTEC\MINERADORA_BRUTA\reparado_relatorio_auditoria_valor_avancada.json","467"
"C:\IOTEC\NUCLEO_CONSOLIDADO\FINANCEIRO\regulus_finance.json","467"
"C:\IOTEC\NUCLEO_CONSOLIDADO\LABORATORIO\relatorio_auditoria_valor_avancada.json","467"
"C:\IOTEC\NUCLEO_CONSOLIDADO\DUPLICADOS\regulus_finance.json","467"
"C:\IOTEC\MINERADORA_BRUTA\regulus_finance.json","467"
"C:\IOTEC\MINERADORA_BRUTA\relatorio_auditoria_valor_avancada.json","467"
"C:\IOTEC\NUCLEO_CONSOLIDADO\LABORATORIO\relatorio_1052.json","465"
"C:\IOTEC\NUCLEO_CONSOLIDADO\DUPLICADOS\Neo_System_Core.json","465"
"C:\IOTEC\MINERADORA_BRUTA\relatorio_1052.json","465"
"C:\IOTEC\MINERADORA_BRUTA\Neo_System_Core.json","465"
"C:\IOTEC\NUCLEO_CONSOLIDADO\FINANCEIRO\reparado_regulus_finance.json","465"
"C:\IOTEC\MINERADORA_BRUTA\reparado_regulus_finance.json","465"
"C:\IOTEC\NUCLEO_CONSOLIDADO\DUPLICADOS\reparado_regulus_finance.json","465"
"C:\IOTEC\NUCLEO_CONSOLIDADO\DUPLICADOS\relatorio_1052.json","465"
"C:\IOTEC\NUCLEO_CONSOLIDADO\LABORATORIO\Neo_System_Core.json","465"
"C:\IOTEC\MINERADORA_BRUTA\encerramento_sessao_state.json","447"
"C:\IOTEC\NUCLEO_CONSOLIDADO\LABORATORIO\encerramento_sessao_state.json","447"
"C:\IOTEC\NUCLEO_CONSOLIDADO\DUPLICADOS\encerramento_sessao_state.json","447"
"C:\IOTEC\MINERADORA_BRUTA\GerenteVirtual_Regulus_20251214_180528.json","446"
"C:\IOTEC\NUCLEO_CONSOLIDADO\DUPLICADOS\GerenteVirtual_Regulus_20251214_180528.json","446"
"C:\IOTEC\NUCLEO_CONSOLIDADO\DUPLICADOS\GerenteVirtual_Regulus_20251214_180202.json","446"
"C:\IOTEC\NUCLEO_CONSOLIDADO\LABORATORIO\GerenteVirtual_Regulus_20251214_180202.json","446"
"C:\IOTEC\MINERADORA_BRUTA\GerenteVirtual_Regulus_20251214_180202.json","446"
"C:\IOTEC\NUCLEO_CONSOLIDADO\LABORATORIO\GerenteVirtual_Regulus_20251214_180528.json","446"
"C:\IOTEC\NUCLEO_CONSOLIDADO\LABORATORIO\manifesto_1052.json","440"
"C:\IOTEC\node_modules\nanoid\.claude\settings.local.json","440"
"C:\IOTEC\IOTEC_OPERATION_STATUS.json","440"
"C:\IOTEC\black-diamond\node_modules\nanoid\.claude\settings.local.json","440"
"C:\IOTEC\vite-project\node_modules\nanoid\.claude\settings.local.json","440"
"C:\IOTEC\NUCLEO_CONSOLIDADO\DUPLICADOS\manifesto_1052.json","440"
"C:\IOTEC\MINERADORA_BRUTA\manifesto_1052.json","440"
"C:\IOTEC\NUCLEO_CONSOLIDADO\DUPLICADOS\documentary.json","439"
"C:\IOTEC\MINERADORA_BRUTA\documentary.json","439"
"C:\IOTEC\NUCLEO_CONSOLIDADO\LABORATORIO\documentary.json","439"
"C:\IOTEC\NUCLEO_CONSOLIDADO\LABORATORIO\suppliers.json","436"
"C:\IOTEC\MINERADORA_BRUTA\suppliers.json","436"
"C:\IOTEC\NUCLEO_CONSOLIDADO\DUPLICADOS\suppliers.json","436"
"C:\IOTEC\NUCLEO_CONSOLIDADO\DUPLICADOS\iotec_core.json","435"
"C:\IOTEC\MINERADORA_BRUTA\iotec_core.json","435"
"C:\IOTEC\NUCLEO_CONSOLIDADO\LABORATORIO\iotec_core.json","435"
"C:\IOTEC\REAL_SYSTEM\node_modules\escape-html\package.json","434"
"C:\IOTEC\NUCLEO_CONSOLIDADO\LABORATORIO\envelope_final.json","430"
"C:\IOTEC\NUCLEO_CONSOLIDADO\DUPLICADOS\compatibilidade_state.json","430"
"C:\IOTEC\NUCLEO_CONSOLIDADO\LABORATORIO\compatibilidade_state.json","430"
"C:\IOTEC\NUCLEO_CONSOLIDADO\DUPLICADOS\envelope_final.json","430"
"C:\IOTEC\MINERADORA_BRUTA\envelope_final.json","430"
"C:\IOTEC\MINERADORA_BRUTA\compatibilidade_state.json","430"
"C:\IOTEC\NUCLEO_CONSOLIDADO\LABORATORIO\Estrutura_Modulos.json","429"
"C:\IOTEC\NUCLEO_CONSOLIDADO\DUPLICADOS\Estrutura_Modulos.json","429"
"C:\IOTEC\MINERADORA_BRUTA\Estrutura_Modulos.json","429"
"C:\IOTEC\LOTS\GRID.json","427"
"C:\IOTEC\MINERADORA_BRUTA\iotec_learning_output.json","426"
"C:\IOTEC\NUCLEO_CONSOLIDADO\LABORATORIO\iotec_learning_output.json","426"
"C:\IOTEC\IOTEC_HYDROECONOMIC_REPORT.json","426"
"C:\IOTEC\NUCLEO_CONSOLIDADO\DUPLICADOS\iotec_learning_output.json","426"
"C:\IOTEC\IOTEC_PIPELINE_ARCHIVE.json","425"
"C:\IOTEC\NUCLEO_CONSOLIDADO\DUPLICADOS\sites.json","425"
"C:\IOTEC\MINERADORA_BRUTA\sites.json","425"
"C:\IOTEC\NUCLEO_CONSOLIDADO\LABORATORIO\sites.json","425"
"C:\IOTEC\MINERADORA_BRUTA\products.json","421"
"C:\IOTEC\NUCLEO_CONSOLIDADO\DUPLICADOS\products.json","421"
"C:\IOTEC\NUCLEO_CONSOLIDADO\LABORATORIO\products.json","421"
"C:\IOTEC\MINERADORA_BRUTA\sub_7f3071b822b89985_clean.json","416"
"C:\IOTEC\NUCLEO_CONSOLIDADO\DUPLICADOS\sub_7f3071b822b89985_clean.json","416"
"C:\IOTEC\NUCLEO_CONSOLIDADO\LABORATORIO\sub_7f3071b822b89985_clean.json","416"
"C:\IOTEC\NUCLEO_CONSOLIDADO\LABORATORIO\regulus_expansao.json","414"
"C:\IOTEC\MINERADORA_BRUTA\regulus_expansao.json","414"
"C:\IOTEC\NUCLEO_CONSOLIDADO\DUPLICADOS\regulus_expansao.json","414"
"C:\IOTEC\MINERADORA_BRUTA\reparado_regulus_expansao.json","414"
"C:\IOTEC\NUCLEO_CONSOLIDADO\DUPLICADOS\reparado_regulus_expansao.json","414"
"C:\IOTEC\PAYMENTS\PAYPAL\CONFIG\paypal_local_config.json","412"
"C:\IOTEC\NUCLEO_CONSOLIDADO\FINANCEIRO\paypal_local_config.json","412"
"C:\IOTEC\NUCLEO_CONSOLIDADO\DUPLICADOS\02_execution.json","406"
"C:\IOTEC\NUCLEO_CONSOLIDADO\LABORATORIO\02_execution.json","406"
"C:\IOTEC\MINERADORA_BRUTA\02_execution.json","406"
"C:\IOTEC\MINERADORA_BRUTA\painel_operacional.json","405"
"C:\IOTEC\NUCLEO_CONSOLIDADO\LABORATORIO\painel_operacional.json","405"
"C:\IOTEC\NUCLEO_CONSOLIDADO\DUPLICADOS\painel_operacional.json","405"
"C:\IOTEC\NUCLEO_CONSOLIDADO\DUPLICADOS\vim-02-beginner.tutor__dup1.json","396"
"C:\IOTEC\NUCLEO_CONSOLIDADO\LABORATORIO\vim-02-beginner.tutor__dup1.json","396"
"C:\IOTEC\MINERADORA_BRUTA\vim-02-beginner.tutor__dup1.json","396"
"C:\IOTEC\IOTEC_EXECUTIVE_COCKPIT.json","395"
"C:\IOTEC\NUCLEO_CONSOLIDADO\DUPLICADOS\coleta_pro.json","394"
"C:\IOTEC\NUCLEO_CONSOLIDADO\LABORATORIO\coleta_pro.json","394"
"C:\IOTEC\MINERADORA_BRUTA\coleta_pro.json","394"
"C:\IOTEC\MINERADORA_BRUTA\iotec_financial_output.json","393"
"C:\IOTEC\NUCLEO_CONSOLIDADO\DUPLICADOS\iotec_financial_output.json","393"
"C:\IOTEC\NUCLEO_CONSOLIDADO\LABORATORIO\iotec_financial_output.json","393"
"C:\IOTEC\produtos.json","392"
"C:\IOTEC\LOTS\TREND.json","392"
"C:\IOTEC\NUCLEO_CONSOLIDADO\LABORATORIO\produtos.json","392"
"C:\IOTEC\MINERADORA_BRUTA\reparado_doutrina_regulus.json","390"
"C:\IOTEC\NUCLEO_CONSOLIDADO\LABORATORIO\reparado_doutrina_regulus.json","390"
"C:\IOTEC\NUCLEO_CONSOLIDADO\DUPLICADOS\reparado_doutrina_regulus.json","390"
"C:\IOTEC\paypal_local_config.json","388"
"C:\IOTEC\EXTERNAL\integration_layer\mappings\erp_cliente_mapping.json","387"
"C:\IOTEC\NUCLEO_CONSOLIDADO\DUPLICADOS\erp_cliente_mapping.json","387"
"C:\IOTEC\NUCLEO_CONSOLIDADO\LABORATORIO\erp_cliente_mapping.json","387"
"C:\IOTEC\NUCLEO_CONSOLIDADO\LABORATORIO\regulus_sandbox_report.json","386"
"C:\IOTEC\NUCLEO_CONSOLIDADO\DUPLICADOS\vercel_setup.json","386"
"C:\IOTEC\NUCLEO_CONSOLIDADO\LABORATORIO\vercel_setup.json","386"
"C:\IOTEC\MINERADORA_BRUTA\vercel_setup.json","386"
"C:\IOTEC\MINERADORA_BRUTA\regulus_sandbox_report.json","386"
"C:\IOTEC\NUCLEO_CONSOLIDADO\DUPLICADOS\regulus_sandbox_report.json","386"
"C:\IOTEC\NUCLEO_CONSOLIDADO\LABORATORIO\integrity_map.json","384"
"C:\IOTEC\NUCLEO_CONSOLIDADO\DUPLICADOS\integrity_map.json","384"
"C:\IOTEC\MINERADORA_BRUTA\reparado_integrity_map.json","384"
"C:\IOTEC\MINERADORA_BRUTA\integrity_map.json","384"
"C:\IOTEC\NUCLEO_CONSOLIDADO\DUPLICADOS\reparado_integrity_map.json","384"
"C:\IOTEC\NUCLEO_CONSOLIDADO\LABORATORIO\telemetry_output.json","383"
"C:\IOTEC\state\telemetry\telemetry_output.json","383"
"C:\IOTEC\MINERADORA_BRUTA\github_setup.json","374"
"C:\IOTEC\NUCLEO_CONSOLIDADO\LABORATORIO\04_integrity.json","374"
"C:\IOTEC\NUCLEO_CONSOLIDADO\DUPLICADOS\04_integrity.json","374"
"C:\IOTEC\NUCLEO_CONSOLIDADO\LABORATORIO\github_setup.json","374"
"C:\IOTEC\MINERADORA_BRUTA\04_integrity.json","374"
"C:\IOTEC\NUCLEO_CONSOLIDADO\DUPLICADOS\github_setup.json","374"
"C:\IOTEC\NUCLEO_CONSOLIDADO\LABORATORIO\0.10.0.json","373"
"C:\IOTEC\MINERADORA_BRUTA\0.10.0.json","373"
"C:\IOTEC\NUCLEO_CONSOLIDADO\DUPLICADOS\0.10.0.json","373"
"C:\IOTEC\NUCLEO_CONSOLIDADO\LABORATORIO\report_2199990001_1765967441.json","372"
"C:\IOTEC\IOTEC_REVENUE_TRACKER_REPORT.json","372"
"C:\IOTEC\NUCLEO_CONSOLIDADO\DUPLICADOS\report_2199990001_1765967441.json","372"
"C:\IOTEC\MINERADORA_BRUTA\report_2199990001_1765967441.json","372"
"C:\IOTEC\MINERADORA_BRUTA\0.4.2.json","369"
"C:\IOTEC\NUCLEO_CONSOLIDADO\LABORATORIO\0.5.0.json","369"
"C:\IOTEC\MINERADORA_BRUTA\0.8.2.json","369"
"C:\IOTEC\MINERADORA_BRUTA\0.9.1.json","369"
"C:\IOTEC\MINERADORA_BRUTA\0.9.0.json","369"
"C:\IOTEC\NUCLEO_CONSOLIDADO\LABORATORIO\0.5.1.json","369"
"C:\IOTEC\MINERADORA_BRUTA\0.5.0.json","369"
"C:\IOTEC\NUCLEO_CONSOLIDADO\LABORATORIO\0.4.1.json","369"
"C:\IOTEC\MINERADORA_BRUTA\0.7.0.json","369"
"C:\IOTEC\MINERADORA_BRUTA\0.7.1.json","369"
"C:\IOTEC\MINERADORA_BRUTA\0.4.1.json","369"
"C:\IOTEC\MINERADORA_BRUTA\0.6.0.json","369"
"C:\IOTEC\MINERADORA_BRUTA\0.5.2.json","369"
"C:\IOTEC\NUCLEO_CONSOLIDADO\LABORATORIO\0.9.3.json","369"
"C:\IOTEC\MINERADORA_BRUTA\0.6.1.json","369"
"C:\IOTEC\NUCLEO_CONSOLIDADO\LABORATORIO\0.4.2.json","369"
"C:\IOTEC\MINERADORA_BRUTA\0.5.1.json","369"
"C:\IOTEC\MINERADORA_BRUTA\0.8.1.json","369"
"C:\IOTEC\NUCLEO_CONSOLIDADO\LABORATORIO\0.4.4.json","369"
"C:\IOTEC\NUCLEO_CONSOLIDADO\LABORATORIO\0.5.2.json","369"
"C:\IOTEC\MINERADORA_BRUTA\0.4.3.json","369"
"C:\IOTEC\MINERADORA_BRUTA\0.4.4.json","369"
"C:\IOTEC\MINERADORA_BRUTA\0.8.0.json","369"
"C:\IOTEC\NUCLEO_CONSOLIDADO\DUPLICADOS\0.7.0.json","369"
"C:\IOTEC\NUCLEO_CONSOLIDADO\DUPLICADOS\0.6.1.json","369"
"C:\IOTEC\NUCLEO_CONSOLIDADO\LABORATORIO\0.8.2.json","369"
"C:\IOTEC\NUCLEO_CONSOLIDADO\DUPLICADOS\0.7.1.json","369"
"C:\IOTEC\NUCLEO_CONSOLIDADO\LABORATORIO\0.9.0.json","369"
"C:\IOTEC\NUCLEO_CONSOLIDADO\DUPLICADOS\0.9.1.json","369"
"C:\IOTEC\NUCLEO_CONSOLIDADO\LABORATORIO\0.4.3.json","369"
"C:\IOTEC\NUCLEO_CONSOLIDADO\DUPLICADOS\0.6.0.json","369"
"C:\IOTEC\NUCLEO_CONSOLIDADO\DUPLICADOS\0.5.2.json","369"
"C:\IOTEC\NUCLEO_CONSOLIDADO\LABORATORIO\0.8.0.json","369"
"C:\IOTEC\NUCLEO_CONSOLIDADO\DUPLICADOS\0.8.2.json","369"
"C:\IOTEC\NUCLEO_CONSOLIDADO\DUPLICADOS\0.9.2.json","369"
"C:\IOTEC\NUCLEO_CONSOLIDADO\DUPLICADOS\0.9.0.json","369"
"C:\IOTEC\NUCLEO_CONSOLIDADO\LABORATORIO\0.7.1.json","369"
"C:\IOTEC\NUCLEO_CONSOLIDADO\DUPLICADOS\0.9.3.json","369"
"C:\IOTEC\NUCLEO_CONSOLIDADO\DUPLICADOS\0.8.0.json","369"
"C:\IOTEC\NUCLEO_CONSOLIDADO\LABORATORIO\0.8.1.json","369"
"C:\IOTEC\NUCLEO_CONSOLIDADO\DUPLICADOS\0.8.1.json","369"
"C:\IOTEC\NUCLEO_CONSOLIDADO\DUPLICADOS\0.5.1.json","369"
"C:\IOTEC\MINERADORA_BRUTA\0.9.3.json","369"
"C:\IOTEC\NUCLEO_CONSOLIDADO\DUPLICADOS\0.4.4.json","369"
"C:\IOTEC\NUCLEO_CONSOLIDADO\LABORATORIO\0.6.0.json","369"
"C:\IOTEC\NUCLEO_CONSOLIDADO\LABORATORIO\0.9.2.json","369"
"C:\IOTEC\NUCLEO_CONSOLIDADO\DUPLICADOS\0.4.3.json","369"
"C:\IOTEC\MINERADORA_BRUTA\0.9.2.json","369"
"C:\IOTEC\NUCLEO_CONSOLIDADO\DUPLICADOS\0.5.0.json","369"
"C:\IOTEC\NUCLEO_CONSOLIDADO\DUPLICADOS\0.4.2.json","369"
"C:\IOTEC\NUCLEO_CONSOLIDADO\DUPLICADOS\0.4.1.json","369"
"C:\IOTEC\NUCLEO_CONSOLIDADO\LABORATORIO\0.9.1.json","369"
"C:\IOTEC\NUCLEO_CONSOLIDADO\LABORATORIO\0.6.1.json","369"
"C:\IOTEC\NUCLEO_CONSOLIDADO\LABORATORIO\0.7.0.json","369"
"C:\IOTEC\NUCLEO_CONSOLIDADO\DUPLICADOS\PAY-75C92260E038.json","367"
"C:\IOTEC\NUCLEO_CONSOLIDADO\DUPLICADOS\PAY-C258E5A2ADB4.json","367"
"C:\IOTEC\MINERADORA_BRUTA\PAY-C258E5A2ADB4.json","367"
"C:\IOTEC\NUCLEO_CONSOLIDADO\LABORATORIO\PAY-C258E5A2ADB4.json","367"
"C:\IOTEC\NUCLEO_CONSOLIDADO\LABORATORIO\PAY-75C92260E038.json","367"
"C:\IOTEC\MINERADORA_BRUTA\PAY-75C92260E038.json","367"
"C:\IOTEC\NUCLEO_CONSOLIDADO\DUPLICADOS\nucleus_manifest.json","365"
"C:\IOTEC\MINERADORA_BRUTA\nucleus_manifest.json","365"
"C:\IOTEC\REAL_SYSTEM\node_modules\object-inspect\package-support.json","365"
"C:\IOTEC\NUCLEO_CONSOLIDADO\LABORATORIO\nucleus_manifest.json","365"
"C:\IOTEC\NUCLEO_CONSOLIDADO\DUPLICADOS\report_2198887777_1765967441.json","364"
"C:\IOTEC\NUCLEO_CONSOLIDADO\LABORATORIO\report_2198887777_1765967441.json","364"
"C:\IOTEC\MINERADORA_BRUTA\report_2198887777_1765967441.json","364"
"C:\IOTEC\NUCLEO_CONSOLIDADO\DUPLICADOS\status.json","361"
"C:\IOTEC\NUCLEO_CONSOLIDADO\LABORATORIO\0.4.0.json","361"
"C:\IOTEC\NUCLEO_CONSOLIDADO\DUPLICADOS\0.4.0.json","361"
"C:\IOTEC\MINERADORA_BRUTA\status.json","361"
"C:\IOTEC\MINERADORA_BRUTA\0.4.0.json","361"
"C:\IOTEC\NUCLEO_CONSOLIDADO\LABORATORIO\publicacao_catalogo.json","358"
"C:\IOTEC\NUCLEO_CONSOLIDADO\DUPLICADOS\publicacao_catalogo.json","358"
"C:\IOTEC\MINERADORA_BRUTA\publicacao_catalogo.json","358"
"C:\IOTEC\MINERADORA_BRUTA\reparado_boleto_config.json","351"
"C:\IOTEC\NUCLEO_CONSOLIDADO\DUPLICADOS\reparado_boleto_config.json","351"
"C:\IOTEC\NUCLEO_CONSOLIDADO\LABORATORIO\reparado_boleto_config.json","351"
"C:\IOTEC\MINERADORA_BRUTA\reparado_regulus_receita_gerada.json","343"
"C:\IOTEC\NUCLEO_CONSOLIDADO\LABORATORIO\regulus_receita_gerada.json","343"
"C:\IOTEC\NUCLEO_CONSOLIDADO\DUPLICADOS\regulus_receita_gerada.json","343"
"C:\IOTEC\MINERADORA_BRUTA\regulus_receita_gerada.json","343"
"C:\IOTEC\NUCLEO_CONSOLIDADO\DUPLICADOS\reparado_regulus_receita_gerada.json","343"
"C:\IOTEC\NUCLEO_CONSOLIDADO\DUPLICADOS\MAPA_NUCLEO.json","341"
"C:\IOTEC\NUCLEO_CONSOLIDADO\LABORATORIO\MAPA_NUCLEO.json","341"
"C:\IOTEC\SOFTWARE_FACTORY\PROJECTS\COMMERCIAL_FLOW_ENGINE_PROJECT.json","341"
"C:\IOTEC\MINERADORA_BRUTA\MAPA_NUCLEO.json","341"
"C:\IOTEC\black-diamond\node_modules\@tybys\wasm-util\dist\tsdoc-metadata.json","340"
"C:\IOTEC\NUCLEO_CONSOLIDADO\DUPLICADOS\03_valuation.json","338"
"C:\IOTEC\MINERADORA_BRUTA\03_valuation.json","338"
"C:\IOTEC\NUCLEO_CONSOLIDADO\LABORATORIO\03_valuation.json","338"
"C:\IOTEC\black-diamond\node_modules\hermes-estree\package.json","337"
"C:\IOTEC\NUCLEO_CONSOLIDADO\DUPLICADOS\auditoria_controladoria.json","334"
"C:\IOTEC\NUCLEO_CONSOLIDADO\LABORATORIO\reparado_package.json","334"
"C:\IOTEC\MINERADORA_BRUTA\regulus_sentinel_hashes.json","334"
"C:\IOTEC\MINERADORA_BRUTA\auditoria_controladoria.json","334"
"C:\IOTEC\MINERADORA_BRUTA\reparado_regulus_sentinel_hashes.json","334"
"C:\IOTEC\NUCLEO_CONSOLIDADO\DUPLICADOS\regulus_sentinel_hashes.json","334"
"C:\IOTEC\NUCLEO_CONSOLIDADO\LABORATORIO\regulus_sentinel_hashes.json","334"
"C:\IOTEC\MINERADORA_BRUTA\reparado_package.json","334"
"C:\IOTEC\NUCLEO_CONSOLIDADO\DUPLICADOS\reparado_package.json","334"
"C:\IOTEC\NUCLEO_CONSOLIDADO\DUPLICADOS\reparado_regulus_sentinel_hashes.json","334"
"C:\IOTEC\NUCLEO_CONSOLIDADO\LABORATORIO\auditoria_controladoria.json","334"
"C:\IOTEC\package.json","333"
"C:\IOTEC\IOTEC_GOAL_DEVIATION_REPORT.json","333"
"C:\IOTEC\MINERADORA_BRUTA\processado.json","332"
"C:\IOTEC\SIGNAL_CORE\SIGNAL_CHANNELS.json","332"
"C:\IOTEC\NUCLEO_CONSOLIDADO\DUPLICADOS\processado.json","332"
"C:\IOTEC\NUCLEO_CONSOLIDADO\LABORATORIO\processado.json","332"
"C:\IOTEC\MINERADORA_BRUTA\AUDITORIA_FLUXO_PAYPAL.json","330"
"C:\IOTEC\NUCLEO_CONSOLIDADO\DUPLICADOS\AUDITORIA_FLUXO_PAYPAL.json","330"
"C:\IOTEC\NUCLEO_CONSOLIDADO\LABORATORIO\pricing_models.json","323"
"C:\IOTEC\NUCLEO_CONSOLIDADO\DUPLICADOS\pricing_models.json","323"
"C:\IOTEC\MINERADORA_BRUTA\pricing_models.json","323"
"C:\IOTEC\state\integration\handoff\handoff_package.json","322"
"C:\IOTEC\NUCLEO_CONSOLIDADO\LABORATORIO\handoff_package.json","322"
"C:\IOTEC\NUCLEO_CONSOLIDADO\DUPLICADOS\CLI-169525A6BBEC.json","321"
"C:\IOTEC\MINERADORA_BRUTA\CLI-81ED36E00BCD.json","321"
"C:\IOTEC\NUCLEO_CONSOLIDADO\DUPLICADOS\CLI-81ED36E00BCD.json","321"
"C:\IOTEC\NUCLEO_CONSOLIDADO\LABORATORIO\CLI-81ED36E00BCD.json","321"
"C:\IOTEC\MINERADORA_BRUTA\CLI-169525A6BBEC.json","321"
"C:\IOTEC\NUCLEO_CONSOLIDADO\LABORATORIO\CLI-169525A6BBEC.json","321"
"C:\IOTEC\REAL_SYSTEM\node_modules\debug\component.json","321"
"C:\IOTEC\MINERADORA_BRUTA\vim-02-beginner.tutor__dup2.json","320"
"C:\IOTEC\NUCLEO_CONSOLIDADO\LABORATORIO\vim-02-beginner.tutor__dup2.json","320"
"C:\IOTEC\IOTEC_REVENUE_COCKPIT.json","320"
"C:\IOTEC\enterprise\revenue\revenue_dashboard.json","320"
"C:\IOTEC\NUCLEO_CONSOLIDADO\DUPLICADOS\vim-02-beginner.tutor.json","320"
"C:\IOTEC\NUCLEO_CONSOLIDADO\DUPLICADOS\vim-02-beginner.tutor__dup2.json","320"
"C:\IOTEC\state\queues\sample_dispatch_visual.json","319"
"C:\IOTEC\NUCLEO_CONSOLIDADO\DUPLICADOS\erp_cliente_contract.json","319"
"C:\IOTEC\EXTERNAL\integration_layer\contracts\erp_cliente_contract.json","319"
"C:\IOTEC\NUCLEO_CONSOLIDADO\LABORATORIO\sample_dispatch_visual.json","319"
"C:\IOTEC\NUCLEO_CONSOLIDADO\LABORATORIO\erp_cliente_contract.json","319"
"C:\IOTEC\MINERADORA_BRUTA\2199990001_1765967830.json","318"
"C:\IOTEC\NUCLEO_CONSOLIDADO\DUPLICADOS\2199990001_1765967830.json","318"
"C:\IOTEC\NUCLEO_CONSOLIDADO\LABORATORIO\2199990001_1765967830.json","318"
"C:\IOTEC\NUCLEO_CONSOLIDADO\LABORATORIO\insights.json","317"
"C:\IOTEC\NUCLEO_CONSOLIDADO\DUPLICADOS\reparado_relatorio_auditoria_valor.json","317"
"C:\IOTEC\NUCLEO_CONSOLIDADO\LABORATORIO\relatorio_auditoria_valor.json","317"
"C:\IOTEC\NUCLEO_CONSOLIDADO\DUPLICADOS\proposito_central.json","317"
"C:\IOTEC\NUCLEO_CONSOLIDADO\DUPLICADOS\relatorio_auditoria_valor.json","317"
"C:\IOTEC\NUCLEO_CONSOLIDADO\LABORATORIO\proposito_central.json","317"
"C:\IOTEC\NUCLEO_CONSOLIDADO\DUPLICADOS\insights.json","317"
"C:\IOTEC\MINERADORA_BRUTA\insights.json","317"
"C:\IOTEC\MINERADORA_BRUTA\proposito_central.json","317"
"C:\IOTEC\MINERADORA_BRUTA\reparado_relatorio_auditoria_valor.json","317"
"C:\IOTEC\MINERADORA_BRUTA\relatorio_auditoria_valor.json","317"
"C:\IOTEC\NUCLEO_CONSOLIDADO\LABORATORIO\vim-02-beginner.tutor.json","316"
"C:\IOTEC\MINERADORA_BRUTA\vim-02-beginner.tutor.json","316"
"C:\IOTEC\MINERADORA_BRUTA\2198887777_1765967830.json","316"
"C:\IOTEC\NUCLEO_CONSOLIDADO\DUPLICADOS\2198887777_1765967830.json","316"
"C:\IOTEC\NUCLEO_CONSOLIDADO\LABORATORIO\2198887777_1765967830.json","316"
"C:\IOTEC\black-diamond\node_modules\@babel\compat-data\data\native-modules.json","316"
"C:\IOTEC\X27_KNOWLEDGE_BASE.json","314"
"C:\IOTEC\NUCLEO_CONSOLIDADO\DUPLICADOS\catalogo_master.json","312"
"C:\IOTEC\MINERADORA_BRUTA\catalogo_master.json","312"
"C:\IOTEC\NUCLEO_CONSOLIDADO\LABORATORIO\catalogo_master.json","312"
"C:\IOTEC\NUCLEO_CONSOLIDADO\DUPLICADOS\boleto_config.json","311"
"C:\IOTEC\MINERADORA_BRUTA\boleto_config.json","311"
"C:\IOTEC\NUCLEO_CONSOLIDADO\LABORATORIO\boleto_config.json","311"
"C:\IOTEC\NUCLEO_CONSOLIDADO\LABORATORIO\monthly_report_2025_10.json","309"
"C:\IOTEC\NUCLEO_CONSOLIDADO\DUPLICADOS\monthly_report_2025_10.json","309"
"C:\IOTEC\MINERADORA_BRUTA\paypal_local_config.json","309"
"C:\IOTEC\MINERADORA_BRUTA\monthly_report_2025_10.json","309"
"C:\IOTEC\NUCLEO_CONSOLIDADO\DUPLICADOS\paypal_local_config.json","309"
"C:\IOTEC\IOTEC_UTILIZATION_REPORT.json","308"
"C:\IOTEC\IBEX_clients.json","302"
"C:\IOTEC\IOTEC_REVENUE_PROJECTION_REPORT.json","302"
"C:\IOTEC\MINERADORA_BRUTA\transacao_iotec_teste.json","302"
"C:\IOTEC\NUCLEO_CONSOLIDADO\DUPLICADOS\transacao_iotec_teste.json","302"
"C:\IOTEC\NUCLEO_CONSOLIDADO\LABORATORIO\transacao_iotec_teste.json","302"
"C:\IOTEC\LIVE_PROGRAMMING\LIVE_OPERATIONAL_STATUS.json","301"
"C:\IOTEC\IOTEC_TRACTION_REPORT.json","300"
"C:\IOTEC\DOMINANCE_ENGINE\BROADCAST_CONTROL.json","298"
"C:\IOTEC\NUCLEO_CONSOLIDADO\DUPLICADOS\relations.json","295"
"C:\IOTEC\MINERADORA_BRUTA\relations.json","295"
"C:\IOTEC\NUCLEO_CONSOLIDADO\LABORATORIO\relations.json","295"
"C:\IOTEC\NUCLEO_CONSOLIDADO\LABORATORIO\guardian_log.json","293"
"C:\IOTEC\MINERADORA_BRUTA\guardian_log.json","293"
"C:\IOTEC\NUCLEO_CONSOLIDADO\DUPLICADOS\guardian_log.json","293"
"C:\IOTEC\LIVE_FUNNEL_TRACE.json","293"
"C:\IOTEC\NUCLEO_CONSOLIDADO\LABORATORIO\meta.json","291"
"C:\IOTEC\MINERADORA_BRUTA\meta.json","291"
"C:\IOTEC\NUCLEO_CONSOLIDADO\DUPLICADOS\meta.json","291"
"C:\IOTEC\IOTEC_META_STATE.json","289"
"C:\IOTEC\LIVE_ROTATION\LIVE_VISUAL_STATUS.json","282"
"C:\IOTEC\MINERADORA_BRUTA\draco_actions_20251023T121730.json","277"
"C:\IOTEC\NUCLEO_CONSOLIDADO\DUPLICADOS\draco_actions_20251023T121730.json","277"
"C:\IOTEC\NUCLEO_CONSOLIDADO\LABORATORIO\draco_actions_20251023T121730.json","277"
"C:\IOTEC\vite-project\package.json","271"
"C:\IOTEC\black-diamond\node_modules\@humanfs\types\tsconfig.json","271"
"C:\IOTEC\MINERADORA_BRUTA\dna_nucleo.json","270"
"C:\IOTEC\NUCLEO_CONSOLIDADO\LABORATORIO\dna_nucleo.json","270"
"C:\IOTEC\NUCLEO_CONSOLIDADO\DUPLICADOS\dna_nucleo.json","270"
"C:\IOTEC\DOMINANCE_ENGINE\AUDIT.json","269"
"C:\IOTEC\NUCLEO_CONSOLIDADO\DUPLICADOS\plugins_registry.json","266"
"C:\IOTEC\MINERADORA_BRUTA\painel_nucleo_2026-03-29_09-44-08.json","266"
"C:\IOTEC\NUCLEO_CONSOLIDADO\LABORATORIO\plugins_registry.json","266"
"C:\IOTEC\NUCLEO_CONSOLIDADO\DUPLICADOS\painel_nucleo_2026-03-29_09-44-08.json","266"
"C:\IOTEC\MINERADORA_BRUTA\plugins_registry.json","266"
"C:\IOTEC\NUCLEO_CONSOLIDADO\LABORATORIO\painel_nucleo_2026-03-29_09-44-08.json","266"
"C:\IOTEC\NUCLEO_CONSOLIDADO\LABORATORIO\shell_identity.json","261"
"C:\IOTEC\MINERADORA_BRUTA\shell_identity.json","261"
"C:\IOTEC\NUCLEO_CONSOLIDADO\DUPLICADOS\shell_identity.json","261"
"C:\IOTEC\NUCLEO_CONSOLIDADO\LABORATORIO\interfaces.json","260"
"C:\IOTEC\NUCLEO_CONSOLIDADO\DUPLICADOS\interfaces.json","260"
"C:\IOTEC\MINERADORA_BRUTA\interfaces.json","260"
"C:\IOTEC\IOTEC_TOTAL_CAPABILITIES_REPORT.json","257"
"C:\IOTEC\NUCLEO_CONSOLIDADO\LABORATORIO\painel_executivo.json","252"
"C:\IOTEC\NUCLEO_CONSOLIDADO\DUPLICADOS\livro_caixa.json","252"
"C:\IOTEC\livro_caixa.json","252"
"C:\IOTEC\NUCLEO_CONSOLIDADO\LABORATORIO\livro_caixa.json","252"
"C:\IOTEC\NUCLEO_CONSOLIDADO\DUPLICADOS\painel_executivo.json","252"
"C:\IOTEC\MINERADORA_BRUTA\painel_executivo.json","252"
"C:\IOTEC\MINERADORA_BRUTA\config_financeiro.json","251"
"C:\IOTEC\NUCLEO_CONSOLIDADO\FINANCEIRO\config_financeiro.json","251"
"C:\IOTEC\NUCLEO_CONSOLIDADO\DUPLICADOS\config_financeiro.json","251"
"C:\IOTEC\IOTEC_DAILY_GROWTH_MISSION.json","249"
"C:\IOTEC\REAL_SYSTEM\package.json","249"
"C:\IOTEC\IOTEC_ECONOMIC_CALIBRATION.json","245"
"C:\IOTEC\IOTEC_HYDRO_LOSS_REPORT.json","243"
"C:\IOTEC\NUCLEO_CONSOLIDADO\LABORATORIO\eventos.json","242"
"C:\IOTEC\NUCLEO_CONSOLIDADO\DUPLICADOS\eventos.json","242"
"C:\IOTEC\MINERADORA_BRUTA\eventos.json","242"
"C:\IOTEC\NUCLEO_CONSOLIDADO\LABORATORIO\ordens.json","242"
"C:\IOTEC\core\ordens.json","242"
"C:\IOTEC\NUCLEO_CONSOLIDADO\DUPLICADOS\ordens.json","242"
"C:\IOTEC\NUCLEO_CONSOLIDADO\LABORATORIO\cic_config.json","241"
"C:\IOTEC\NUCLEO_CONSOLIDADO\DUPLICADOS\reparado_cic_config.json","241"
"C:\IOTEC\NUCLEO_CONSOLIDADO\DUPLICADOS\cic_config.json","241"
"C:\IOTEC\MINERADORA_BRUTA\cic_config.json","241"
"C:\IOTEC\MINERADORA_BRUTA\reparado_cic_config.json","241"
"C:\IOTEC\BROADCAST_GRID\VISUAL_AUDIT.json","238"
"C:\IOTEC\SIGNAL_CORE\OBSERVABILITY_MEDIA_AGENT.json","238"
"C:\IOTEC\NUCLEO_CONSOLIDADO\LABORATORIO\regulus_config.json","235"
"C:\IOTEC\MINERADORA_BRUTA\regulus_config.json","235"
"C:\IOTEC\SIGNAL_CORE\PRODUCT_SHOWCASE_AGENT.json","235"
"C:\IOTEC\SIGNAL_CORE\SIGNAL_ALIGNMENT_AGENT.json","235"
"C:\IOTEC\NUCLEO_CONSOLIDADO\DUPLICADOS\regulus_config.json","235"
"C:\IOTEC\SIGNAL_CORE\IMAGE_INTERFACE_AGENT.json","234"
"C:\IOTEC\SIGNAL_CORE\VIDEO_INTERFACE_AGENT.json","234"
"C:\IOTEC\FIRST_SALE_LOG.json","234"
"C:\IOTEC\vite-project\node_modules\nanoid\async\package.json","233"
"C:\IOTEC\black-diamond\node_modules\nanoid\async\package.json","233"
"C:\IOTEC\node_modules\nanoid\async\package.json","233"
"C:\IOTEC\SIGNAL_CORE\LIVE_ROTATION_AGENT.json","232"
"C:\IOTEC\SIGNAL_CORE\ADVERTISEMENT_AGENT.json","232"
"C:\IOTEC\SIGNAL_CORE\VISUAL_REPAIR_AGENT.json","232"
"C:\IOTEC\NUCLEO_CONSOLIDADO\DUPLICADOS\regulus_market_gold_config.json","231"
"C:\IOTEC\NUCLEO_CONSOLIDADO\LABORATORIO\regulus_market_gold_config.json","231"
"C:\IOTEC\MINERADORA_BRUTA\regulus_market_gold_config.json","231"
"C:\IOTEC\MINERADORA_BRUTA\API_X_Internacional_2025-10-28T09-31-21.150639.json","230"
"C:\IOTEC\MINERADORA_BRUTA\API_X_Internacional_2025-10-27T20-06-00.469267.json","230"
"C:\IOTEC\MINERADORA_BRUTA\API_X_Internacional_2025-10-28T10-24-57.491109.json","230"
"C:\IOTEC\NUCLEO_CONSOLIDADO\DUPLICADOS\API_X_Internacional_2025-10-27T20-06-00.469267.json","230"
"C:\IOTEC\SIGNAL_CORE\PROGRAMMING_AGENT.json","230"
"C:\IOTEC\NUCLEO_CONSOLIDADO\BACKEND\API_X_Internacional_2025-10-28T09-31-21.150639.json","230"
"C:\IOTEC\NUCLEO_CONSOLIDADO\BACKEND\API_X_Internacional_2025-10-28T10-24-57.491109.json","230"
"C:\IOTEC\NUCLEO_CONSOLIDADO\DUPLICADOS\API_X_Internacional_2025-10-28T10-24-57.491109.json","230"
"C:\IOTEC\NUCLEO_CONSOLIDADO\BACKEND\API_X_Internacional_2025-10-27T20-06-00.469267.json","230"
"C:\IOTEC\NUCLEO_CONSOLIDADO\DUPLICADOS\API_X_Internacional_2025-10-28T09-31-21.150639.json","230"
"C:\IOTEC\LOTS\GOVERNANCE.json","228"
"C:\IOTEC\IOTEC_OPERATION_CONTROL.json","227"
"C:\IOTEC\enterprise\revenue\real_revenue_dashboard.json","227"
"C:\IOTEC\MINERADORA_BRUTA\2198887777_1765968110.json","225"
"C:\IOTEC\MINERADORA_BRUTA\2199990001_1765968110.json","225"
"C:\IOTEC\NUCLEO_CONSOLIDADO\DUPLICADOS\2199990001_1765968110.json","225"
"C:\IOTEC\NUCLEO_CONSOLIDADO\LABORATORIO\2198887777_1765968110.json","225"
"C:\IOTEC\IOTEC_REAL_DATA.json","225"
"C:\IOTEC\NUCLEO_CONSOLIDADO\DUPLICADOS\2198887777_1765968110.json","225"
"C:\IOTEC\NUCLEO_CONSOLIDADO\LABORATORIO\2199990001_1765968110.json","225"
"C:\IOTEC\NUCLEO_CONSOLIDADO\LABORATORIO\hash_chain.json","223"
"C:\IOTEC\MINERADORA_BRUTA\hash_chain.json","223"
"C:\IOTEC\NUCLEO_CONSOLIDADO\DUPLICADOS\hash_chain.json","223"
"C:\IOTEC\MINERADORA_BRUTA\components.json","222"
"C:\IOTEC\NUCLEO_CONSOLIDADO\DUPLICADOS\components.json","222"
"C:\IOTEC\NUCLEO_CONSOLIDADO\LABORATORIO\components.json","222"
"C:\IOTEC\NUCLEO_CONSOLIDADO\LABORATORIO\memoria_clientes.json","221"
"C:\IOTEC\NUCLEO_CONSOLIDADO\DUPLICADOS\memoria_clientes.json","221"
"C:\IOTEC\memoria_clientes.json","221"
"C:\IOTEC\NUCLEO_CONSOLIDADO\LABORATORIO\checkpoint_migracao_20260407_030343.json","220"
"C:\IOTEC\core\backups\checkpoint_migracao_20260407_030343.json","220"
"C:\IOTEC\NUCLEO_CONSOLIDADO\DUPLICADOS\checkpoint_migracao_20260407_030343.json","220"
"C:\IOTEC\NUCLEO_CONSOLIDADO\DUPLICADOS\audit_log.json","218"
"C:\IOTEC\NUCLEO_CONSOLIDADO\LABORATORIO\IOTEC_TESTE_META.json","218"
"C:\IOTEC\NUCLEO_CONSOLIDADO\LABORATORIO\audit_log.json","218"
"C:\IOTEC\MINERADORA_BRUTA\audit_log.json","218"
"C:\IOTEC\NUCLEO_CONSOLIDADO\DUPLICADOS\IOTEC_TESTE_META.json","218"
"C:\IOTEC\MINERADORA_BRUTA\IOTEC_TESTE_META.json","218"
"C:\IOTEC\eventos.json","216"
"C:\IOTEC\NUCLEO_CONSOLIDADO\LABORATORIO\checkpoint_migracao_20260414_164316.json","215"
"C:\IOTEC\NUCLEO_CONSOLIDADO\LABORATORIO\checkpoint_migracao_20260414_172457.json","215"
"C:\IOTEC\NUCLEO_CONSOLIDADO\LABORATORIO\checkpoint_migracao_20260407_070231.json","215"
"C:\IOTEC\NUCLEO_CONSOLIDADO\LABORATORIO\checkpoint_migracao_20260407_101342.json","215"
"C:\IOTEC\NUCLEO_CONSOLIDADO\LABORATORIO\checkpoint_migracao.json","215"
"C:\IOTEC\NUCLEO_CONSOLIDADO\LABORATORIO\checkpoint_migracao_20260407_101930.json","215"
"C:\IOTEC\NUCLEO_CONSOLIDADO\LABORATORIO\checkpoint_migracao_20260409_162115.json","215"
"C:\IOTEC\core\checkpoints\checkpoint_migracao.json","215"
"C:\IOTEC\core\backups\checkpoint_migracao_20260407_070231.json","215"
"C:\IOTEC\NUCLEO_CONSOLIDADO\DUPLICADOS\checkpoint_migracao_20260407_101342.json","215"
"C:\IOTEC\NUCLEO_CONSOLIDADO\DUPLICADOS\checkpoint_migracao_20260407_070231.json","215"
"C:\IOTEC\core\backups\checkpoint_migracao_20260407_101342.json","215"
"C:\IOTEC\core\backups\checkpoint_migracao_20260414_164316.json","215"
"C:\IOTEC\core\backups\checkpoint_migracao_20260414_172457.json","215"
"C:\IOTEC\core\backups\checkpoint_migracao_20260407_101930.json","215"
"C:\IOTEC\core\backups\checkpoint_migracao_20260409_162115.json","215"
"C:\IOTEC\NUCLEO_CONSOLIDADO\DUPLICADOS\checkpoint_migracao_20260414_164316.json","215"
"C:\IOTEC\NUCLEO_CONSOLIDADO\DUPLICADOS\checkpoint_migracao_20260414_172457.json","215"
"C:\IOTEC\NUCLEO_CONSOLIDADO\DUPLICADOS\checkpoint_migracao.json","215"
"C:\IOTEC\NUCLEO_CONSOLIDADO\DUPLICADOS\checkpoint_migracao_20260407_101930.json","215"
"C:\IOTEC\NUCLEO_CONSOLIDADO\DUPLICADOS\checkpoint_migracao_20260409_162115.json","215"
"C:\IOTEC\NUCLEO_CONSOLIDADO\DUPLICADOS\4ab10179e578c4421552ab639aef64aa.json","214"
"C:\IOTEC\NUCLEO_CONSOLIDADO\LABORATORIO\4ab10179e578c4421552ab639aef64aa.json","214"
"C:\IOTEC\MINERADORA_BRUTA\4ab10179e578c4421552ab639aef64aa.json","214"
"C:\IOTEC\NUCLEO_CONSOLIDADO\LABORATORIO\estado.json","212"
"C:\IOTEC\NUCLEO_CONSOLIDADO\DUPLICADOS\STATUS_SANEAMENTO_PAYPAL.json","212"
"C:\IOTEC\iotec_traffic\estado.json","212"
"C:\IOTEC\MINERADORA_BRUTA\STATUS_SANEAMENTO_PAYPAL.json","212"
"C:\IOTEC\NUCLEO_CONSOLIDADO\DUPLICADOS\estado.json","212"
"C:\IOTEC\NUCLEO_CONSOLIDADO\FINANCEIRO\STATUS_SANEAMENTO_PAYPAL.json","211"
"C:\IOTEC\NUCLEO_CONSOLIDADO\DUPLICADOS\sub_7f3071b822b89985.token.json","211"
"C:\IOTEC\PAYMENTS\PAYPAL\SANEAMENTO\STATUS_SANEAMENTO_PAYPAL.json","211"
"C:\IOTEC\NUCLEO_CONSOLIDADO\LABORATORIO\sub_7f3071b822b89985.token.json","211"
"C:\IOTEC\MINERADORA_BRUTA\sub_7f3071b822b89985.token.json","211"
"C:\IOTEC\NUCLEO_CONSOLIDADO\DUPLICADOS\reparado_diagnostico_report.json","210"
"C:\IOTEC\MINERADORA_BRUTA\diagnostico_report.json","210"
"C:\IOTEC\MINERADORA_BRUTA\reparado_diagnostico_report.json","210"
"C:\IOTEC\NUCLEO_CONSOLIDADO\LABORATORIO\diagnostico_report.json","210"
"C:\IOTEC\NUCLEO_CONSOLIDADO\DUPLICADOS\diagnostico_report.json","210"
"C:\IOTEC\NUCLEO_CONSOLIDADO\DUPLICADOS\clientes.json","208"
"C:\IOTEC\MINERADORA_BRUTA\clientes.json","208"
"C:\IOTEC\MINERADORA_BRUTA\iotec_pricing_output.json","208"
"C:\IOTEC\NUCLEO_CONSOLIDADO\DUPLICADOS\iotec_pricing_output.json","208"
"C:\IOTEC\NUCLEO_CONSOLIDADO\LABORATORIO\clientes.json","208"
"C:\IOTEC\NUCLEO_CONSOLIDADO\LABORATORIO\iotec_pricing_output.json","208"
"C:\IOTEC\NUCLEO_CONSOLIDADO\DUPLICADOS\reparado_memoria_adaptativa.json","207"
"C:\IOTEC\MINERADORA_BRUTA\memoria_adaptativa.json","207"
"C:\IOTEC\NUCLEO_CONSOLIDADO\DUPLICADOS\memoria_adaptativa.json","207"
"C:\IOTEC\MINERADORA_BRUTA\reparado_memoria_adaptativa.json","207"
"C:\IOTEC\NUCLEO_CONSOLIDADO\LABORATORIO\memoria_adaptativa.json","207"
"C:\IOTEC\MINERADORA_BRUTA\voice_translation.json","206"
"C:\IOTEC\NUCLEO_CONSOLIDADO\LABORATORIO\voice_translation.json","206"
"C:\IOTEC\NUCLEO_CONSOLIDADO\DUPLICADOS\voice_translation.json","206"
"C:\IOTEC\MINERADORA_BRUTA\01_architecture.json","205"
"C:\IOTEC\NUCLEO_CONSOLIDADO\DUPLICADOS\01_architecture.json","205"
"C:\IOTEC\NUCLEO_CONSOLIDADO\LABORATORIO\01_architecture.json","205"
"C:\IOTEC\black-diamond\node_modules\@babel\helper-globals\data\builtin-lower.json","203"
"C:\IOTEC\MINERADORA_BRUTA\regulus_hub.json","200"
"C:\IOTEC\NUCLEO_CONSOLIDADO\DUPLICADOS\reparado_regulus_hub.json","200"
"C:\IOTEC\NUCLEO_CONSOLIDADO\DUPLICADOS\regulus_hub.json","200"
"C:\IOTEC\MINERADORA_BRUTA\reparado_regulus_hub.json","200"
"C:\IOTEC\NUCLEO_CONSOLIDADO\LABORATORIO\regulus_hub.json","200"
"C:\IOTEC\MINERADORA_BRUTA\reparado_diagnostico_credenciais.json","198"
"C:\IOTEC\NUCLEO_CONSOLIDADO\DUPLICADOS\diagnostico_credenciais.json","198"
"C:\IOTEC\NUCLEO_CONSOLIDADO\DUPLICADOS\reparado_diagnostico_credenciais.json","198"
"C:\IOTEC\NUCLEO_CONSOLIDADO\LABORATORIO\diagnostico_credenciais.json","198"
"C:\IOTEC\MINERADORA_BRUTA\diagnostico_credenciais.json","198"
"C:\IOTEC\state\results\validation_output.json","197"
"C:\IOTEC\NUCLEO_CONSOLIDADO\LABORATORIO\validation_output.json","197"
"C:\IOTEC\MINERADORA_BRUTA\install.json","195"
"C:\IOTEC\NUCLEO_CONSOLIDADO\DUPLICADOS\install.json","195"
"C:\IOTEC\NUCLEO_CONSOLIDADO\LABORATORIO\install.json","195"
"C:\IOTEC\MINERADORA_BRUTA\vercel.json","193"
"C:\IOTEC\NUCLEO_CONSOLIDADO\DUPLICADOS\vercel.json","193"
"C:\IOTEC\NUCLEO_CONSOLIDADO\LABORATORIO\vercel.json","193"
"C:\IOTEC\NUCLEO_CONSOLIDADO\DUPLICADOS\risk_map.json","191"
"C:\IOTEC\MINERADORA_BRUTA\risk_map.json","191"
"C:\IOTEC\NUCLEO_CONSOLIDADO\LABORATORIO\risk_map.json","191"
"C:\IOTEC\NUCLEO_CONSOLIDADO\LABORATORIO\backup_config.json","188"
"C:\IOTEC\NUCLEO_CONSOLIDADO\LABORATORIO\RELATORIO_INVENTARIO_INVENTARIO.json","188"
"C:\IOTEC\MINERADORA_BRUTA\RELATORIO_INVENTARIO_INVENTARIO.json","188"
"C:\IOTEC\NUCLEO_CONSOLIDADO\DUPLICADOS\backup_config.json","188"
"C:\IOTEC\MINERADORA_BRUTA\relatorio_mercado_1761819858.json","188"
"C:\IOTEC\NUCLEO_CONSOLIDADO\DUPLICADOS\relatorio_mercado_1761819858.json","188"
"C:\IOTEC\NUCLEO_CONSOLIDADO\LABORATORIO\relatorio_mercado_1761819858.json","188"
"C:\IOTEC\MINERADORA_BRUTA\backup_config.json","188"
"C:\IOTEC\NUCLEO_CONSOLIDADO\DUPLICADOS\RELATORIO_INVENTARIO_INVENTARIO.json","188"
"C:\IOTEC\NUCLEO_CONSOLIDADO\LABORATORIO\reparado_backup_config.json","183"
"C:\IOTEC\NUCLEO_CONSOLIDADO\DUPLICADOS\reparado_backup_config.json","183"
"C:\IOTEC\MINERADORA_BRUTA\reparado_backup_config.json","183"
"C:\IOTEC\NUCLEO_CONSOLIDADO\LABORATORIO\0.3.0.json","181"
"C:\IOTEC\NUCLEO_CONSOLIDADO\DUPLICADOS\0.3.0.json","181"
"C:\IOTEC\MINERADORA_BRUTA\0.3.0.json","181"
"C:\IOTEC\NUCLEO_CONSOLIDADO\FINANCEIRO\pagamentos.json","179"
"C:\IOTEC\interfaces.json","179"
"C:\IOTEC\IOTEC_REAL_REVENUE.json","178"
"C:\IOTEC\MINERADORA_BRUTA\designs.json","177"
"C:\IOTEC\NUCLEO_CONSOLIDADO\LABORATORIO\designs.json","177"
"C:\IOTEC\NUCLEO_CONSOLIDADO\DUPLICADOS\designs.json","177"
"C:\IOTEC\NUCLEO_CONSOLIDADO\LABORATORIO\INSTRUCAO_JUDICIAL_FORECAST_INTELLIGENCE.json","176"
"C:\IOTEC\MINERADORA_BRUTA\INSTRUCAO_JUDICIAL_FORECAST_INTELLIGENCE.json","176"
"C:\IOTEC\NUCLEO_CONSOLIDADO\DUPLICADOS\INSTRUCAO_JUDICIAL_FORECAST_INTELLIGENCE.json","176"
"C:\IOTEC\MINERADORA_BRUTA\reparado_server_log.json","170"
"C:\IOTEC\NUCLEO_CONSOLIDADO\BACKEND\reparado_server_log.json","170"
"C:\IOTEC\NUCLEO_CONSOLIDADO\DUPLICADOS\reparado_server_log.json","170"
"C:\IOTEC\NUCLEO_CONSOLIDADO\LABORATORIO\judicial_forecast_intelligence_state.json","166"
"C:\IOTEC\NUCLEO_CONSOLIDADO\DUPLICADOS\judicial_forecast_intelligence_state.json","166"
"C:\IOTEC\MINERADORA_BRUTA\judicial_forecast_intelligence_state.json","166"
"C:\IOTEC\DOMINANCE_ENGINE\ROUTING.json","164"
"C:\IOTEC\MINERADORA_BRUTA\estado_nucleo.json","162"
"C:\IOTEC\NUCLEO_CONSOLIDADO\DUPLICADOS\gridon.json","162"
"C:\IOTEC\NUCLEO_CONSOLIDADO\LABORATORIO\gridon.json","162"
"C:\IOTEC\MINERADORA_BRUTA\gridon.json","162"
"C:\IOTEC\NUCLEO_CONSOLIDADO\DUPLICADOS\estado_nucleo.json","162"
"C:\IOTEC\NUCLEO_CONSOLIDADO\LABORATORIO\estado_nucleo.json","162"
"C:\IOTEC\NUCLEO_CONSOLIDADO\LABORATORIO\gateway.json","161"
"C:\IOTEC\MINERADORA_BRUTA\gateway.json","161"
"C:\IOTEC\NUCLEO_CONSOLIDADO\DUPLICADOS\gateway.json","161"
"C:\IOTEC\MINERADORA_BRUTA\persistencia.json","161"
"C:\IOTEC\NUCLEO_CONSOLIDADO\LABORATORIO\persistencia.json","161"
"C:\IOTEC\NUCLEO_CONSOLIDADO\DUPLICADOS\persistencia.json","161"
"C:\IOTEC\NUCLEO_CONSOLIDADO\DUPLICADOS\indice_modulos.json","160"
"C:\IOTEC\NUCLEO_CONSOLIDADO\LABORATORIO\indice_modulos.json","160"
"C:\IOTEC\MINERADORA_BRUTA\indice_modulos.json","160"
"C:\IOTEC\NUCLEO_CONSOLIDADO\DUPLICADOS\deep_issues_report.json","158"
"C:\IOTEC\MINERADORA_BRUTA\deep_issues_report.json","158"
"C:\IOTEC\NUCLEO_CONSOLIDADO\LABORATORIO\deep_issues_report.json","158"
"C:\IOTEC\NUCLEO_CONSOLIDADO\LABORATORIO\CONSOLIDATED_1765968500.json","157"
"C:\IOTEC\NUCLEO_CONSOLIDADO\DUPLICADOS\CONSOLIDATED_1765968500.json","157"
"C:\IOTEC\MINERADORA_BRUTA\CONSOLIDATED_1765968500.json","157"
"C:\IOTEC\NUCLEO_CONSOLIDADO\DUPLICADOS\access.json","156"
"C:\IOTEC\NUCLEO_CONSOLIDADO\LABORATORIO\access.json","156"
"C:\IOTEC\MINERADORA_BRUTA\access.json","156"
"C:\IOTEC\NUCLEO_CONSOLIDADO\DUPLICADOS\conversa_log.json","151"
"C:\IOTEC\MINERADORA_BRUTA\conversa_log.json","151"
"C:\IOTEC\NUCLEO_CONSOLIDADO\DUPLICADOS\reparado_vercel.json","151"
"C:\IOTEC\NUCLEO_CONSOLIDADO\LABORATORIO\reparado_vercel.json","151"
"C:\IOTEC\NUCLEO_CONSOLIDADO\LABORATORIO\conversa_log.json","151"
"C:\IOTEC\MINERADORA_BRUTA\reparado_vercel.json","151"
"C:\IOTEC\node_modules\framer-motion\dom\mini\package.json","151"
"C:\IOTEC\MINERADORA_BRUTA\deep_map.json","150"
"C:\IOTEC\NUCLEO_CONSOLIDADO\DUPLICADOS\deep_map.json","150"
"C:\IOTEC\NUCLEO_CONSOLIDADO\LABORATORIO\deep_map.json","150"
"C:\IOTEC\NUCLEO_CONSOLIDADO\LABORATORIO\lead_20260402_173851.json","149"
"C:\IOTEC\MINERADORA_BRUTA\Simula_report.json","149"
"C:\IOTEC\NUCLEO_CONSOLIDADO\DUPLICADOS\lead_20260402_173851.json","149"
"C:\IOTEC\MINERADORA_BRUTA\lead_20260402_173851.json","149"
"C:\IOTEC\NUCLEO_CONSOLIDADO\DUPLICADOS\Simula_report.json","149"
"C:\IOTEC\NUCLEO_CONSOLIDADO\LABORATORIO\Simula_report.json","149"
"C:\IOTEC\NUCLEO_CONSOLIDADO\LABORATORIO\call_history.json","148"
"C:\IOTEC\NUCLEO_CONSOLIDADO\DUPLICADOS\call_history.json","148"
"C:\IOTEC\MINERADORA_BRUTA\call_history.json","148"
"C:\IOTEC\MINERADORA_BRUTA\xgridoff.json","147"
"C:\IOTEC\NUCLEO_CONSOLIDADO\LABORATORIO\xgridoff.json","147"
"C:\IOTEC\NUCLEO_CONSOLIDADO\DUPLICADOS\xgridoff.json","147"
"C:\IOTEC\vite-project\node_modules\.vite\deps\_metadata.json","146"
"C:\IOTEC\REAL_SYSTEM\node_modules\has-symbols\tsconfig.json","143"
"C:\IOTEC\node_modules\framer-motion\client\package.json","142"
"C:\IOTEC\DEPLOY_READY\CORE_RUNTIME\registry\status.json","141"
"C:\IOTEC\REAL_SYSTEM\node_modules\es-define-property\tsconfig.json","138"
"C:\IOTEC\REAL_SYSTEM\node_modules\call-bound\tsconfig.json","137"
"C:\IOTEC\REGISTRY\STATUS.json","136"
"C:\IOTEC\node_modules\framer-motion\mini\package.json","130"
"C:\IOTEC\MINERADORA_BRUTA\vendas.json","128"
"C:\IOTEC\NUCLEO_CONSOLIDADO\DUPLICADOS\vendas.json","128"
"C:\IOTEC\NUCLEO_CONSOLIDADO\LABORATORIO\vendas.json","128"
"C:\IOTEC\black-diamond\node_modules\zod\v4-mini\package.json","127"
"C:\IOTEC\black-diamond\node_modules\zod\v3\package.json","127"
"C:\IOTEC\black-diamond\node_modules\zod\v4\package.json","127"
"C:\IOTEC\black-diamond\node_modules\zod\v4\classic\package.json","127"
"C:\IOTEC\node_modules\framer-motion\dom\package.json","127"
"C:\IOTEC\black-diamond\node_modules\zod\locales\package.json","127"
"C:\IOTEC\black-diamond\node_modules\zod\mini\package.json","127"
"C:\IOTEC\black-diamond\node_modules\zod\v4\locales\package.json","127"
"C:\IOTEC\black-diamond\node_modules\zod\v4\core\package.json","127"
"C:\IOTEC\black-diamond\node_modules\zod\v4\mini\package.json","127"
"C:\IOTEC\NUCLEO_CONSOLIDADO\LABORATORIO\produto_meta.json","125"
"C:\IOTEC\NUCLEO_CONSOLIDADO\DUPLICADOS\produto_meta.json","125"
"C:\IOTEC\MINERADORA_BRUTA\produto_meta.json","125"
"C:\IOTEC\MINERADORA_BRUTA\daemon.json","124"
"C:\IOTEC\NUCLEO_CONSOLIDADO\DUPLICADOS\daemon.json","124"
"C:\IOTEC\NUCLEO_CONSOLIDADO\LABORATORIO\daemon.json","124"
"C:\IOTEC\NUCLEO_CONSOLIDADO\DUPLICADOS\repair_state_20260402_165830.json","123"
"C:\IOTEC\MINERADORA_BRUTA\dashboard_data.json","123"
"C:\IOTEC\NUCLEO_CONSOLIDADO\ANALYTICS\dashboard_data.json","123"
"C:\IOTEC\MINERADORA_BRUTA\repair_state_20260402_165830.json","123"
"C:\IOTEC\NUCLEO_CONSOLIDADO\DUPLICADOS\dashboard_data.json","123"
"C:\IOTEC\NUCLEO_CONSOLIDADO\LABORATORIO\repair_state_20260402_165830.json","123"
"C:\IOTEC\NUCLEO_CONSOLIDADO\DUPLICADOS\Mergulhadores_Reparadores_report.json","121"
"C:\IOTEC\node_modules\framer-motion\m\package.json","121"
"C:\IOTEC\MINERADORA_BRUTA\Mergulhadores_Reparadores_report.json","121"
"C:\IOTEC\NUCLEO_CONSOLIDADO\LABORATORIO\Mergulhadores_Reparadores_report.json","121"
"C:\IOTEC\REAL_SYSTEM\node_modules\get-proto\tsconfig.json","118"
"C:\IOTEC\NUCLEO_CONSOLIDADO\LABORATORIO\security.json","117"
"C:\IOTEC\NUCLEO_CONSOLIDADO\DUPLICADOS\security.json","117"
"C:\IOTEC\MINERADORA_BRUTA\security.json","117"
"C:\IOTEC\REAL_SYSTEM\node_modules\gopd\tsconfig.json","116"
"C:\IOTEC\REAL_SYSTEM\node_modules\side-channel-list\tsconfig.json","116"
"C:\IOTEC\REAL_SYSTEM\node_modules\dunder-proto\tsconfig.json","116"
"C:\IOTEC\REAL_SYSTEM\node_modules\side-channel-map\tsconfig.json","116"
"C:\IOTEC\REAL_SYSTEM\node_modules\side-channel-weakmap\tsconfig.json","116"
"C:\IOTEC\REAL_SYSTEM\node_modules\side-channel\tsconfig.json","116"
"C:\IOTEC\NUCLEO_CONSOLIDADO\DUPLICADOS\panel-client-jupyter.json","115"
"C:\IOTEC\REAL_SYSTEM\node_modules\call-bind-apply-helpers\tsconfig.json","115"
"C:\IOTEC\NUCLEO_CONSOLIDADO\LABORATORIO\panel-client-jupyter.json","115"
"C:\IOTEC\MINERADORA_BRUTA\panel-client-jupyter.json","115"
"C:\IOTEC\NUCLEO_CONSOLIDADO\DUPLICADOS\direct_url.json","115"
"C:\IOTEC\NUCLEO_CONSOLIDADO\LABORATORIO\direct_url.json","115"
"C:\IOTEC\MINERADORA_BRUTA\direct_url.json","115"
"C:\IOTEC\MINERADORA_BRUTA\reparado_config_regulus.json","114"
"C:\IOTEC\NUCLEO_CONSOLIDADO\DUPLICADOS\reparado_config_regulus.json","114"
"C:\IOTEC\NUCLEO_CONSOLIDADO\DUPLICADOS\config_regulus.json","114"
"C:\IOTEC\MINERADORA_BRUTA\config_regulus.json","114"
"C:\IOTEC\NUCLEO_CONSOLIDADO\LABORATORIO\config_regulus.json","114"
"C:\IOTEC\REAL_SYSTEM\node_modules\es-object-atoms\tsconfig.json","112"
"C:\IOTEC\MINERADORA_BRUTA\transfer_manifest.json","111"
"C:\IOTEC\NUCLEO_CONSOLIDADO\LABORATORIO\financial_report.json","111"
"C:\IOTEC\NUCLEO_CONSOLIDADO\DUPLICADOS\transfer_manifest.json","111"
"C:\IOTEC\NUCLEO_CONSOLIDADO\LABORATORIO\transfer_manifest.json","111"
"C:\IOTEC\reports\financial_report.json","111"
"C:\IOTEC\IOTEC_PROPOSALS_REPORT.json","110"
"C:\IOTEC\MINERADORA_BRUTA\notebook_shim.json","106"
"C:\IOTEC\NUCLEO_CONSOLIDADO\LABORATORIO\notebook_shim.json","106"
"C:\IOTEC\NUCLEO_CONSOLIDADO\DUPLICADOS\notebook_shim.json","106"
"C:\IOTEC\NUCLEO_CONSOLIDADO\LABORATORIO\links.json","102"
"C:\IOTEC\NUCLEO_CONSOLIDADO\LABORATORIO\status.json","102"
"C:\IOTEC\state\status.json","102"
"C:\IOTEC\NUCLEO_CONSOLIDADO\DUPLICADOS\links.json","102"
"C:\IOTEC\MINERADORA_BRUTA\links.json","102"
"C:\IOTEC\black-diamond\node_modules\@babel\traverse\tsconfig.overrides.json","101"
"C:\IOTEC\MINERADORA_BRUTA\jupyter_server_terminals.json","99"
"C:\IOTEC\vite-project\node_modules\nanoid\url-alphabet\package.json","99"
"C:\IOTEC\vite-project\node_modules\nanoid\non-secure\package.json","99"
"C:\IOTEC\black-diamond\node_modules\nanoid\non-secure\package.json","99"
"C:\IOTEC\black-diamond\node_modules\nanoid\url-alphabet\package.json","99"
"C:\IOTEC\NUCLEO_CONSOLIDADO\DUPLICADOS\jupyter_server_terminals.json","99"
"C:\IOTEC\NUCLEO_CONSOLIDADO\BACKEND\jupyter_server_terminals.json","99"
"C:\IOTEC\node_modules\nanoid\url-alphabet\package.json","99"
"C:\IOTEC\node_modules\nanoid\non-secure\package.json","99"
"C:\IOTEC\NUCLEO_CONSOLIDADO\LABORATORIO\painel_engenharia.json","98"
"C:\IOTEC\MINERADORA_BRUTA\painel_engenharia.json","98"
"C:\IOTEC\NUCLEO_CONSOLIDADO\FINANCEIRO\painel_financeiro.json","98"
"C:\IOTEC\NUCLEO_CONSOLIDADO\DUPLICADOS\painel_engenharia.json","98"
"C:\IOTEC\MINERADORA_BRUTA\painel_financeiro.json","98"
"C:\IOTEC\NUCLEO_CONSOLIDADO\DUPLICADOS\painel_financeiro.json","98"
"C:\IOTEC\NUCLEO_CONSOLIDADO\DUPLICADOS\painel_auditoria.json","97"
"C:\IOTEC\perf.json","97"
"C:\IOTEC\NUCLEO_CONSOLIDADO\LABORATORIO\painel_auditoria.json","97"
"C:\IOTEC\IOTEC_CONTRACT_REPORT.json","97"
"C:\IOTEC\NUCLEO_CONSOLIDADO\DUPLICADOS\perf.json","97"
"C:\IOTEC\MINERADORA_BRUTA\painel_auditoria.json","97"
"C:\IOTEC\NUCLEO_CONSOLIDADO\LABORATORIO\perf.json","97"
"C:\IOTEC\AURORA_RISK_REPORT.json","96"
"C:\IOTEC\NUCLEO_CONSOLIDADO\DUPLICADOS\identidade.json","94"
"C:\IOTEC\NUCLEO_CONSOLIDADO\LABORATORIO\identidade.json","94"
"C:\IOTEC\identidade.json","94"
"C:\IOTEC\NUCLEO_CONSOLIDADO\DUPLICADOS\reparado_regulus_config.json","90"
"C:\IOTEC\NUCLEO_CONSOLIDADO\LABORATORIO\reparado_regulus_config.json","90"
"C:\IOTEC\MINERADORA_BRUTA\reparado_regulus_config.json","90"
"C:\IOTEC\NUCLEO_CONSOLIDADO\LABORATORIO\ygridoff.json","89"
"C:\IOTEC\MINERADORA_BRUTA\ygridoff.json","89"
"C:\IOTEC\NUCLEO_CONSOLIDADO\DUPLICADOS\ygridoff.json","89"
"C:\IOTEC\NUCLEO_CONSOLIDADO\LABORATORIO\jupyter-lsp-notebook.json","88"
"C:\IOTEC\NUCLEO_CONSOLIDADO\DUPLICADOS\jupyter-lsp-notebook.json","88"
"C:\IOTEC\MINERADORA_BRUTA\jupyter-lsp-notebook.json","88"
"C:\IOTEC\black-diamond\node_modules\@babel\compat-data\data\corejs3-shipped-proposals.json","88"
"C:\IOTEC\NUCLEO_CONSOLIDADO\BACKEND\jupyter-lsp-jupyter-server.json","86"
"C:\IOTEC\REGISTRY\router_registry.json","86"
"C:\IOTEC\NUCLEO_CONSOLIDADO\DUPLICADOS\jupyter-lsp-jupyter-server.json","86"
"C:\IOTEC\MINERADORA_BRUTA\jupyter-lsp-jupyter-server.json","86"
"C:\IOTEC\MINERADORA_BRUTA\jupyterlab.json","85"
"C:\IOTEC\NUCLEO_CONSOLIDADO\LABORATORIO\jupyterlab.json","85"
"C:\IOTEC\NUCLEO_CONSOLIDADO\DUPLICADOS\patterns.json","85"
"C:\IOTEC\MINERADORA_BRUTA\patterns.json","85"
"C:\IOTEC\NUCLEO_CONSOLIDADO\LABORATORIO\patterns.json","85"
"C:\IOTEC\NUCLEO_CONSOLIDADO\DUPLICADOS\jupyterlab.json","85"
"C:\IOTEC\NUCLEO_CONSOLIDADO\LABORATORIO\last_state.json","84"
"C:\IOTEC\NUCLEO_CONSOLIDADO\DUPLICADOS\last_state.json","84"
"C:\IOTEC\MINERADORA_BRUTA\last_state.json","84"
"C:\IOTEC\CONFIG\config.json","84"
"C:\IOTEC\MINERADORA_BRUTA\notebook.json","83"
"C:\IOTEC\NUCLEO_CONSOLIDADO\LABORATORIO\notebook.json","83"
"C:\IOTEC\NUCLEO_CONSOLIDADO\DUPLICADOS\notebook.json","83"
"C:\IOTEC\NUCLEO_CONSOLIDADO\DUPLICADOS\dados_financeiros.json","82"
"C:\IOTEC\NUCLEO_CONSOLIDADO\DUPLICADOS\reparado_dados_financeiros.json","82"
"C:\IOTEC\NUCLEO_CONSOLIDADO\FINANCEIRO\dados_financeiros.json","82"
"C:\IOTEC\MINERADORA_BRUTA\dados_financeiros.json","82"
"C:\IOTEC\MINERADORA_BRUTA\reparado_dados_financeiros.json","82"
"C:\IOTEC\NUCLEO_CONSOLIDADO\DUPLICADOS\credenciais.json","81"
"C:\IOTEC\NUCLEO_CONSOLIDADO\LABORATORIO\credenciais.json","81"
"C:\IOTEC\core\EMAIL\credenciais.json","81"
"C:\IOTEC\NUCLEO_CONSOLIDADO\LABORATORIO\config.json","78"
"C:\IOTEC\VERSION.json","77"
"C:\IOTEC\TOWER\tower.json","75"
"C:\IOTEC\NUCLEO_CONSOLIDADO\LABORATORIO\regulus_data.json","74"
"C:\IOTEC\MINERADORA_BRUTA\regulus_data.json","74"
"C:\IOTEC\NUCLEO_CONSOLIDADO\DUPLICADOS\regulus_data.json","74"
"C:\IOTEC\REAL_SYSTEM\node_modules\hasown\tsconfig.json","73"
"C:\IOTEC\NUCLEO_CONSOLIDADO\DUPLICADOS\widgetsnbextension.json","72"
"C:\IOTEC\NUCLEO_CONSOLIDADO\LABORATORIO\currency_rates.json","72"
"C:\IOTEC\NUCLEO_CONSOLIDADO\DUPLICADOS\currency_rates.json","72"
"C:\IOTEC\NUCLEO_CONSOLIDADO\LABORATORIO\widgetsnbextension.json","72"
"C:\IOTEC\MINERADORA_BRUTA\currency_rates.json","72"
"C:\IOTEC\MINERADORA_BRUTA\widgetsnbextension.json","72"
"C:\IOTEC\NUCLEO_CONSOLIDADO\DUPLICADOS\jupyterlab-plotly.json","71"
"C:\IOTEC\NUCLEO_CONSOLIDADO\LABORATORIO\jupyterlab-plotly.json","71"
"C:\IOTEC\IOTEC_ACCOUNT_REGISTRY.json","71"
"C:\IOTEC\MINERADORA_BRUTA\jupyterlab-plotly.json","71"
"C:\IOTEC\NUCLEO_CONSOLIDADO\LABORATORIO\rate_limit.json","70"
"C:\IOTEC\MINERADORA_BRUTA\rate_limit.json","70"
"C:\IOTEC\NUCLEO_CONSOLIDADO\DUPLICADOS\rate_limit.json","70"
"C:\IOTEC\NUCLEO_CONSOLIDADO\LABORATORIO\pydeck.json","68"
"C:\IOTEC\MINERADORA_BRUTA\pydeck.json","68"
"C:\IOTEC\NUCLEO_CONSOLIDADO\DUPLICADOS\pydeck.json","68"
"C:\IOTEC\NUCLEO_CONSOLIDADO\DUPLICADOS\teste_voz.json","61"
"C:\IOTEC\MINERADORA_BRUTA\teste_voz.json","61"
"C:\IOTEC\NUCLEO_CONSOLIDADO\LABORATORIO\teste_voz.json","61"
"C:\IOTEC\NUCLEO_CONSOLIDADO\DUPLICADOS\vitals_analyzer.json","60"
"C:\IOTEC\MINERADORA_BRUTA\NÚCLEO_DE_AUDITORIA_AVANÇADO_VERSÃO_ULTRA_SUPER.json","60"
"C:\IOTEC\NUCLEO_CONSOLIDADO\DUPLICADOS\__init__.json","60"
"C:\IOTEC\MINERADORA_BRUTA\main.json","60"
"C:\IOTEC\MINERADORA_BRUTA\vitals_analyzer.json","60"
"C:\IOTEC\NUCLEO_CONSOLIDADO\DUPLICADOS\scanner_nucleo_iotec.json","60"
"C:\IOTEC\NUCLEO_CONSOLIDADO\DUPLICADOS\main.json","60"
"C:\IOTEC\MINERADORA_BRUTA\module_voice_supervisor.json","60"
"C:\IOTEC\NUCLEO_CONSOLIDADO\DUPLICADOS\iotec_strategic_core.json","60"
"C:\IOTEC\NUCLEO_CONSOLIDADO\DUPLICADOS\iotec_kernel_supercode.json","60"
"C:\IOTEC\MINERADORA_BRUTA\iotec_strategic_core.json","60"
"C:\IOTEC\NUCLEO_CONSOLIDADO\DUPLICADOS\full_spectrum.json","60"
"C:\IOTEC\MINERADORA_BRUTA\TRANSFORMATION_CORE_ENGINE.json","60"
"C:\IOTEC\NUCLEO_CONSOLIDADO\DUPLICADOS\BOOTSTRAP_PROFISSIONAL.json","60"
"C:\IOTEC\MINERADORA_BRUTA\NÚCLEO_DE_AUDITORIA__VERSÃO_FINAL_DEFINITIVA.json","60"
"C:\IOTEC\NUCLEO_CONSOLIDADO\DUPLICADOS\reparo_completo_automatico.json","60"
"C:\IOTEC\MINERADORA_BRUTA\ThreeBrainsEngine.json","60"
"C:\IOTEC\NUCLEO_CONSOLIDADO\DUPLICADOS\INSTITUTIONAL__ECOSYSTEM_CORE.json","60"
"C:\IOTEC\NUCLEO_CONSOLIDADO\DUPLICADOS\INSTITUTIONA_ECOSYSTEM_CORE.json","60"
"C:\IOTEC\MINERADORA_BRUTA\__init__.json","60"
"C:\IOTEC\MINERADORA_BRUTA\StrategicCore.json","60"
"C:\IOTEC\NUCLEO_CONSOLIDADO\DUPLICADOS\StrategicCore.json","60"
"C:\IOTEC\MINERADORA_BRUTA\iotec_kernel_supercode.json","60"
"C:\IOTEC\NUCLEO_CONSOLIDADO\DUPLICADOS\iotec_boot.json","60"
"C:\IOTEC\NUCLEO_CONSOLIDADO\DUPLICADOS\reparo_nucleo.json","60"
"C:\IOTEC\NUCLEO_CONSOLIDADO\DUPLICADOS\Auditoria_e_Sabatina_Inteligente.json","60"
"C:\IOTEC\MINERADORA_BRUTA\ARQUITETURA_CORPORATIVA_DEFINITIVA_IOTEC.json","60"
"C:\IOTEC\NUCLEO_CONSOLIDADO\DUPLICADOS\TRANSFORMATION_CORE_ENGINE.json","60"
"C:\IOTEC\NUCLEO_CONSOLIDADO\DUPLICADOS\AdaptacaoGerente.json","60"
"C:\IOTEC\NUCLEO_CONSOLIDADO\DUPLICADOS\sistema_de_inteligencia_interna.json","60"
"C:\IOTEC\MINERADORA_BRUTA\Incorporacoes_Nucleo_V2.json","60"
"C:\IOTEC\MINERADORA_BRUTA\reparo_completo_automatico.json","60"
"C:\IOTEC\NUCLEO_CONSOLIDADO\DUPLICADOS\Incorporacoes_Nucleo_alfa.json","60"
"C:\IOTEC\NUCLEO_CONSOLIDADO\DUPLICADOS\Incorporacoes_Nucleo.json","60"
"C:\IOTEC\MINERADORA_BRUTA\Incorporacoes_Nucleo_alfa.json","60"
"C:\IOTEC\NUCLEO_CONSOLIDADO\LABORATORIO\AdaptacaoGerente.json","60"
"C:\IOTEC\NUCLEO_CONSOLIDADO\DUPLICADOS\NÚCLEO_DE_AUDITORIA_AVANÇADO_VERSÃO_ULTRA_SUPER.json","60"
"C:\IOTEC\MINERADORA_BRUTA\Auditoria_e_Sabatina_Inteligente.json","60"
"C:\IOTEC\NUCLEO_CONSOLIDADO\DUPLICADOS\NUCLEO_MASTER_CONSOLE.json","60"
"C:\IOTEC\NUCLEO_CONSOLIDADO\DUPLICADOS\Incorporacoes_Nucleo_V2.json","60"
"C:\IOTEC\MINERADORA_BRUTA\Incorporacoes_Nucleo.json","60"
"C:\IOTEC\MINERADORA_BRUTA\sistema_de_inteligencia_interna.json","60"
"C:\IOTEC\MINERADORA_BRUTA\iotec_boot.json","60"
"C:\IOTEC\NUCLEO_CONSOLIDADO\DUPLICADOS\NÚCLEO_DE_AUDITORIA__VERSÃO_FINAL_DEFINITIVA.json","60"
"C:\IOTEC\MINERADORA_BRUTA\BOOTSTRAP_PROFISSIONAL.json","60"
"C:\IOTEC\MINERADORA_BRUTA\NUCLEO_MASTER_CONSOLE.json","60"
"C:\IOTEC\NUCLEO_CONSOLIDADO\DUPLICADOS\ARQUITETURA_CORPORATIVA_DEFINITIVA_IOTEC.json","60"
"C:\IOTEC\MINERADORA_BRUTA\AdaptacaoGerente.json","60"
"C:\IOTEC\NUCLEO_CONSOLIDADO\DUPLICADOS\ThreeBrainsEngine.json","60"
"C:\IOTEC\MINERADORA_BRUTA\scanner_nucleo_iotec.json","60"
"C:\IOTEC\MINERADORA_BRUTA\INSTITUTIONAL__ECOSYSTEM_CORE.json","60"
"C:\IOTEC\NUCLEO_CONSOLIDADO\DUPLICADOS\module_voice_supervisor.json","60"
"C:\IOTEC\MINERADORA_BRUTA\reparo_nucleo.json","60"
"C:\IOTEC\MINERADORA_BRUTA\full_spectrum.json","60"
"C:\IOTEC\MINERADORA_BRUTA\INSTITUTIONA_ECOSYSTEM_CORE.json","60"
"C:\IOTEC\NUCLEO_CONSOLIDADO\DUPLICADOS\Technical_Brain.json","59"
"C:\IOTEC\NUCLEO_CONSOLIDADO\DUPLICADOS\Commercial_Brain.json","59"
"C:\IOTEC\NUCLEO_CONSOLIDADO\DUPLICADOS\telemetry_receiver.json","59"
"C:\IOTEC\NUCLEO_CONSOLIDADO\DUPLICADOS\meta_console.json","59"
"C:\IOTEC\MINERADORA_BRUTA\audit_logger.json","59"
"C:\IOTEC\NUCLEO_CONSOLIDADO\DUPLICADOS\EvolutionBrain.json","59"
"C:\IOTEC\MINERADORA_BRUTA\auto_library_loader.json","59"
"C:\IOTEC\NUCLEO_CONSOLIDADO\DUPLICADOS\database.json","59"
"C:\IOTEC\NUCLEO_CONSOLIDADO\DUPLICADOS\emergency_trigger.json","59"
"C:\IOTEC\NUCLEO_CONSOLIDADO\DUPLICADOS\run.json","59"
"C:\IOTEC\MINERADORA_BRUTA\nucleo_auto.json","59"
"C:\IOTEC\NUCLEO_CONSOLIDADO\DUPLICADOS\rum.json","59"
"C:\IOTEC\NUCLEO_CONSOLIDADO\DUPLICADOS\ESQUELETO_PYTHON_DO_NÚCLEO_main.json","59"
"C:\IOTEC\MINERADORA_BRUTA\adaptive_gateway.json","59"
"C:\IOTEC\MINERADORA_BRUTA\nucleo_perfis_coringa.json","59"
"C:\IOTEC\NUCLEO_CONSOLIDADO\DUPLICADOS\config.json","59"
"C:\IOTEC\MINERADORA_BRUTA\bank_meeting_simulator.json","59"
"C:\IOTEC\MINERADORA_BRUTA\KNOWLEDGE_ENGINE.json","59"
"C:\IOTEC\MINERADORA_BRUTA\auditoria_forense_iotec.json","59"
"C:\IOTEC\MINERADORA_BRUTA\bom_generator.json","59"
"C:\IOTEC\NUCLEO_CONSOLIDADO\DUPLICADOS\event_bus.json","59"
"C:\IOTEC\MINERADORA_BRUTA\auditoria_total_iotec.json","59"
"C:\IOTEC\NUCLEO_CONSOLIDADO\DUPLICADOS\core_daemon.json","59"
"C:\IOTEC\NUCLEO_CONSOLIDADO\DUPLICADOS\KNOWLEDGE_ENGINE.json","59"
"C:\IOTEC\NUCLEO_CONSOLIDADO\DUPLICADOS\rfq_generator.json","59"
"C:\IOTEC\MINERADORA_BRUTA\nucleo.json","59"
"C:\IOTEC\MINERADORA_BRUTA\NUCLEO_3_BRAINS_ENGINE.json","59"
"C:\IOTEC\NUCLEO_CONSOLIDADO\DUPLICADOS\prevenção_integrada.json","59"
"C:\IOTEC\MINERADORA_BRUTA\meta_console.json","59"
"C:\IOTEC\NUCLEO_CONSOLIDADO\DUPLICADOS\prev_integrada_avancada.json","59"
"C:\IOTEC\MINERADORA_BRUTA\event_bus.json","59"
"C:\IOTEC\NUCLEO_CONSOLIDADO\DUPLICADOS\bank_meeting_simulator.json","59"
"C:\IOTEC\NUCLEO_CONSOLIDADO\DUPLICADOS\Plataforma_IO_Booster.json","59"
"C:\IOTEC\MINERADORA_BRUTA\prev_integrada_avancada.json","59"
"C:\IOTEC\MINERADORA_BRUTA\prevenção_integrada.json","59"
"C:\IOTEC\MINERADORA_BRUTA\Interface_Meta_Console.json","59"
"C:\IOTEC\MINERADORA_BRUTA\rfq_generator.json","59"
"C:\IOTEC\MINERADORA_BRUTA\config.json","59"
"C:\IOTEC\MINERADORA_BRUTA\IOBooster_Main.json","59"
"C:\IOTEC\MINERADORA_BRUTA\IOTEC_COMMERCIAL_INTELLIGENCE.json","59"
"C:\IOTEC\NUCLEO_CONSOLIDADO\DUPLICADOS\institucional_brian.json","59"
"C:\IOTEC\MINERADORA_BRUTA\database.json","59"
"C:\IOTEC\NUCLEO_CONSOLIDADO\LABORATORIO\adaptive_gateway.json","59"
"C:\IOTEC\NUCLEO_CONSOLIDADO\DUPLICADOS\raban_engine.json","59"
"C:\IOTEC\MINERADORA_BRUTA\EvolutionBrain.json","59"
"C:\IOTEC\MINERADORA_BRUTA\.json","59"
"C:\IOTEC\MINERADORA_BRUTA\rum.json","59"
"C:\IOTEC\MINERADORA_BRUTA\run.json","59"
"C:\IOTEC\NUCLEO_CONSOLIDADO\DUPLICADOS\nucleo_perfis_coringa.json","59"
"C:\IOTEC\NUCLEO_CONSOLIDADO\DUPLICADOS\auditoria_total_iotec.json","59"
"C:\IOTEC\NUCLEO_CONSOLIDADO\DUPLICADOS\nucleo.json","59"
"C:\IOTEC\NUCLEO_CONSOLIDADO\DUPLICADOS\audit_logger.json","59"
"C:\IOTEC\NUCLEO_CONSOLIDADO\DUPLICADOS\auditoria_forense_iotec.json","59"
"C:\IOTEC\MINERADORA_BRUTA\raban_engine.json","59"
"C:\IOTEC\MINERADORA_BRUTA\Fluxo_central_nucleo_central.json","59"
"C:\IOTEC\NUCLEO_CONSOLIDADO\DUPLICADOS\institutional_environment.json","59"
"C:\IOTEC\MINERADORA_BRUTA\institutional_environment.json","59"
"C:\IOTEC\NUCLEO_CONSOLIDADO\DUPLICADOS\nucleo_auto.json","59"
"C:\IOTEC\MINERADORA_BRUTA\institutional_gateway.json","59"
"C:\IOTEC\NUCLEO_CONSOLIDADO\DUPLICADOS\IOBooster_Main.json","59"
"C:\IOTEC\NUCLEO_CONSOLIDADO\DUPLICADOS\NUCLEO_3_BRAINS_ENGINE.json","59"
"C:\IOTEC\MINERADORA_BRUTA\core_daemon.json","59"
"C:\IOTEC\MINERADORA_BRUTA\emergency_trigger.json","59"
"C:\IOTEC\NUCLEO_CONSOLIDADO\DUPLICADOS\adaptive_gateway.json","59"
"C:\IOTEC\MINERADORA_BRUTA\institucional_brian.json","59"
"C:\IOTEC\NUCLEO_CONSOLIDADO\DUPLICADOS\IOTEC_COMMERCIAL_INTELLIGENCE.json","59"
"C:\IOTEC\NUCLEO_CONSOLIDADO\DUPLICADOS\report_generator.json","59"
"C:\IOTEC\NUCLEO_CONSOLIDADO\DUPLICADOS\IOTEC_META_CONSOLE.json","59"
"C:\IOTEC\MINERADORA_BRUTA\report_generator.json","59"
"C:\IOTEC\MINERADORA_BRUTA\Commercial_Brain.json","59"
"C:\IOTEC\NUCLEO_CONSOLIDADO\DUPLICADOS\institutional_gateway.json","59"
"C:\IOTEC\MINERADORA_BRUTA\IOTEC_META_CONSOLE.json","59"
"C:\IOTEC\NUCLEO_CONSOLIDADO\DUPLICADOS\bom_generator.json","59"
"C:\IOTEC\NUCLEO_CONSOLIDADO\DUPLICADOS\Fluxo_central_nucleo_central.json","59"
"C:\IOTEC\NUCLEO_CONSOLIDADO\DUPLICADOS\Interface_Meta_Console.json","59"
"C:\IOTEC\MINERADORA_BRUTA\telemetry_receiver.json","59"
"C:\IOTEC\MINERADORA_BRUTA\Plataforma_IO_Booster.json","59"
"C:\IOTEC\MINERADORA_BRUTA\Technical_Brain.json","59"
"C:\IOTEC\MINERADORA_BRUTA\ESQUELETO_PYTHON_DO_NÚCLEO_main.json","59"
"C:\IOTEC\NUCLEO_CONSOLIDADO\DUPLICADOS\backup-20251209-123635.json","54"
"C:\IOTEC\NUCLEO_CONSOLIDADO\DUPLICADOS\state.json","54"
"C:\IOTEC\MINERADORA_BRUTA\state.json","54"
"C:\IOTEC\MINERADORA_BRUTA\backup-20251209-123635.json","54"
"C:\IOTEC\NUCLEO_CONSOLIDADO\LABORATORIO\backup-20251209-123635.json","54"
"C:\IOTEC\NUCLEO_CONSOLIDADO\DUPLICADOS\dash.json","53"
"C:\IOTEC\MINERADORA_BRUTA\dash.json","53"
"C:\IOTEC\NUCLEO_CONSOLIDADO\LABORATORIO\dash.json","53"
"C:\IOTEC\NUCLEO_CONSOLIDADO\LABORATORIO\posts_20251022T135318.json","51"
"C:\IOTEC\NUCLEO_CONSOLIDADO\LABORATORIO\posts_20251022T132612.json","51"
"C:\IOTEC\NUCLEO_CONSOLIDADO\LABORATORIO\posts_20251022T143124.json","51"
"C:\IOTEC\NUCLEO_CONSOLIDADO\LABORATORIO\posts_20251022T191440.json","51"
"C:\IOTEC\NUCLEO_CONSOLIDADO\LABORATORIO\posts_20251022T132913.json","51"
"C:\IOTEC\NUCLEO_CONSOLIDADO\LABORATORIO\posts_20251022T133013.json","51"
"C:\IOTEC\NUCLEO_CONSOLIDADO\LABORATORIO\posts_20251022T132712.json","51"
"C:\IOTEC\NUCLEO_CONSOLIDADO\LABORATORIO\posts_20251022T132813.json","51"
"C:\IOTEC\NUCLEO_CONSOLIDADO\LABORATORIO\posts_20251022T132512.json","51"
"C:\IOTEC\NUCLEO_CONSOLIDADO\LABORATORIO\posts_20251022T142623.json","51"
"C:\IOTEC\NUCLEO_CONSOLIDADO\LABORATORIO\posts_20251022T142323.json","51"
"C:\IOTEC\NUCLEO_CONSOLIDADO\LABORATORIO\posts_20251022T142423.json","51"
"C:\IOTEC\NUCLEO_CONSOLIDADO\LABORATORIO\posts_20251022T142523.json","51"
"C:\IOTEC\NUCLEO_CONSOLIDADO\LABORATORIO\posts_20251022T142924.json","51"
"C:\IOTEC\NUCLEO_CONSOLIDADO\LABORATORIO\posts_20251022T143024.json","51"
"C:\IOTEC\NUCLEO_CONSOLIDADO\LABORATORIO\posts_20251022T142724.json","51"
"C:\IOTEC\NUCLEO_CONSOLIDADO\LABORATORIO\posts_20251022T142824.json","51"
"C:\IOTEC\NUCLEO_CONSOLIDADO\LABORATORIO\posts_20251022T140420.json","51"
"C:\IOTEC\NUCLEO_CONSOLIDADO\LABORATORIO\posts_20251022T140520.json","51"
"C:\IOTEC\NUCLEO_CONSOLIDADO\LABORATORIO\posts_20251022T140620.json","51"
"C:\IOTEC\NUCLEO_CONSOLIDADO\LABORATORIO\posts_20251022T140219.json","51"
"C:\IOTEC\NUCLEO_CONSOLIDADO\LABORATORIO\posts_20251022T134717.json","51"
"C:\IOTEC\NUCLEO_CONSOLIDADO\LABORATORIO\posts_20251022T140319.json","51"
"C:\IOTEC\NUCLEO_CONSOLIDADO\LABORATORIO\posts_20251022T140920.json","51"
"C:\IOTEC\NUCLEO_CONSOLIDADO\LABORATORIO\posts_20251022T141020.json","51"
"C:\IOTEC\NUCLEO_CONSOLIDADO\LABORATORIO\posts_20251022T134517.json","51"
"C:\IOTEC\NUCLEO_CONSOLIDADO\LABORATORIO\posts_20251022T140720.json","51"
"C:\IOTEC\NUCLEO_CONSOLIDADO\LABORATORIO\posts_20251022T134617.json","51"
"C:\IOTEC\NUCLEO_CONSOLIDADO\LABORATORIO\posts_20251022T140820.json","51"
"C:\IOTEC\NUCLEO_CONSOLIDADO\LABORATORIO\posts_20251022T140119.json","51"
"C:\IOTEC\NUCLEO_CONSOLIDADO\LABORATORIO\posts_20251022T135218.json","51"
"C:\IOTEC\NUCLEO_CONSOLIDADO\LABORATORIO\posts_20251022T135718.json","51"
"C:\IOTEC\NUCLEO_CONSOLIDADO\LABORATORIO\posts_20251022T135118.json","51"
"C:\IOTEC\NUCLEO_CONSOLIDADO\LABORATORIO\posts_20251022T135418.json","51"
"C:\IOTEC\NUCLEO_CONSOLIDADO\LABORATORIO\posts_20251022T135518.json","51"
"C:\IOTEC\NUCLEO_CONSOLIDADO\LABORATORIO\posts_20251022T135618.json","51"
"C:\IOTEC\NUCLEO_CONSOLIDADO\LABORATORIO\posts_20251022T135919.json","51"
"C:\IOTEC\NUCLEO_CONSOLIDADO\LABORATORIO\posts_20251022T140019.json","51"
"C:\IOTEC\NUCLEO_CONSOLIDADO\LABORATORIO\posts_20251022T134817.json","51"
"C:\IOTEC\NUCLEO_CONSOLIDADO\LABORATORIO\posts_20251022T135017.json","51"
"C:\IOTEC\NUCLEO_CONSOLIDADO\LABORATORIO\posts_20251022T134917.json","51"
"C:\IOTEC\NUCLEO_CONSOLIDADO\LABORATORIO\posts_20251022T135818.json","51"
"C:\IOTEC\NUCLEO_CONSOLIDADO\LABORATORIO\posts_20251022T134416.json","51"
"C:\IOTEC\NUCLEO_CONSOLIDADO\LABORATORIO\posts_20251022T142022.json","51"
"C:\IOTEC\NUCLEO_CONSOLIDADO\LABORATORIO\posts_20251022T133614.json","51"
"C:\IOTEC\NUCLEO_CONSOLIDADO\LABORATORIO\posts_20251022T142122.json","51"
"C:\IOTEC\NUCLEO_CONSOLIDADO\LABORATORIO\posts_20251022T141822.json","51"
"C:\IOTEC\NUCLEO_CONSOLIDADO\LABORATORIO\posts_20251022T141922.json","51"
"C:\IOTEC\NUCLEO_CONSOLIDADO\LABORATORIO\posts_20251022T133714.json","51"
"C:\IOTEC\NUCLEO_CONSOLIDADO\LABORATORIO\posts_20251022T133313.json","51"
"C:\IOTEC\NUCLEO_CONSOLIDADO\LABORATORIO\posts_20251022T133213.json","51"
"C:\IOTEC\NUCLEO_CONSOLIDADO\LABORATORIO\posts_20251022T133113.json","51"
"C:\IOTEC\NUCLEO_CONSOLIDADO\LABORATORIO\posts_20251022T133514.json","51"
"C:\IOTEC\NUCLEO_CONSOLIDADO\LABORATORIO\posts_20251022T133413.json","51"
"C:\IOTEC\NUCLEO_CONSOLIDADO\LABORATORIO\posts_20251022T142223.json","51"
"C:\IOTEC\NUCLEO_CONSOLIDADO\LABORATORIO\posts_20251022T133814.json","51"
"C:\IOTEC\NUCLEO_CONSOLIDADO\LABORATORIO\posts_20251022T141221.json","51"
"C:\IOTEC\NUCLEO_CONSOLIDADO\LABORATORIO\posts_20251022T141321.json","51"
"C:\IOTEC\NUCLEO_CONSOLIDADO\LABORATORIO\posts_20251022T134114.json","51"
"C:\IOTEC\NUCLEO_CONSOLIDADO\LABORATORIO\posts_20251022T134315.json","51"
"C:\IOTEC\NUCLEO_CONSOLIDADO\LABORATORIO\posts_20251022T134214.json","51"
"C:\IOTEC\NUCLEO_CONSOLIDADO\LABORATORIO\posts_20251022T141120.json","51"
"C:\IOTEC\NUCLEO_CONSOLIDADO\LABORATORIO\posts_20251022T134014.json","51"
"C:\IOTEC\NUCLEO_CONSOLIDADO\LABORATORIO\posts_20251022T141722.json","51"
"C:\IOTEC\NUCLEO_CONSOLIDADO\LABORATORIO\posts_20251022T133914.json","51"
"C:\IOTEC\NUCLEO_CONSOLIDADO\LABORATORIO\posts_20251022T141421.json","51"
"C:\IOTEC\NUCLEO_CONSOLIDADO\LABORATORIO\posts_20251022T141521.json","51"
"C:\IOTEC\NUCLEO_CONSOLIDADO\LABORATORIO\posts_20251022T141621.json","51"
"C:\IOTEC\NUCLEO_CONSOLIDADO\LABORATORIO\posts_20251022T194025.json","51"
"C:\IOTEC\NUCLEO_CONSOLIDADO\LABORATORIO\posts_20251022T193924.json","51"
"C:\IOTEC\NUCLEO_CONSOLIDADO\LABORATORIO\posts_20251022T193824.json","51"
"C:\IOTEC\NUCLEO_CONSOLIDADO\LABORATORIO\posts_20251022T194325.json","51"
"C:\IOTEC\NUCLEO_CONSOLIDADO\LABORATORIO\posts_20251022T194225.json","51"
"C:\IOTEC\NUCLEO_CONSOLIDADO\LABORATORIO\posts_20251022T194125.json","51"
"C:\IOTEC\NUCLEO_CONSOLIDADO\LABORATORIO\posts_20251022T193624.json","51"
"C:\IOTEC\NUCLEO_CONSOLIDADO\LABORATORIO\posts_20251022T193521.json","51"
"C:\IOTEC\NUCLEO_CONSOLIDADO\LABORATORIO\posts_20251022T193421.json","51"
"C:\IOTEC\NUCLEO_CONSOLIDADO\LABORATORIO\posts_20251022T211038.json","51"
"C:\IOTEC\NUCLEO_CONSOLIDADO\LABORATORIO\posts_20251022T211138.json","51"
"C:\IOTEC\NUCLEO_CONSOLIDADO\LABORATORIO\posts_20251022T193724.json","51"
"C:\IOTEC\NUCLEO_CONSOLIDADO\LABORATORIO\posts_20251022T210637.json","51"
"C:\IOTEC\NUCLEO_CONSOLIDADO\LABORATORIO\posts_20251022T194826.json","51"
"C:\IOTEC\NUCLEO_CONSOLIDADO\LABORATORIO\posts_20251022T194726.json","51"
"C:\IOTEC\NUCLEO_CONSOLIDADO\LABORATORIO\posts_20251022T210536.json","51"
"C:\IOTEC\NUCLEO_CONSOLIDADO\LABORATORIO\posts_20251022T195027.json","51"
"C:\IOTEC\NUCLEO_CONSOLIDADO\LABORATORIO\posts_20251022T194927.json","51"
"C:\IOTEC\NUCLEO_CONSOLIDADO\LABORATORIO\posts_20251022T194425.json","51"
"C:\IOTEC\NUCLEO_CONSOLIDADO\LABORATORIO\posts_20251022T210837.json","51"
"C:\IOTEC\NUCLEO_CONSOLIDADO\LABORATORIO\posts_20251022T210938.json","51"
"C:\IOTEC\NUCLEO_CONSOLIDADO\LABORATORIO\posts_20251022T194625.json","51"
"C:\IOTEC\NUCLEO_CONSOLIDADO\LABORATORIO\posts_20251022T194525.json","51"
"C:\IOTEC\NUCLEO_CONSOLIDADO\LABORATORIO\posts_20251022T210737.json","51"
"C:\IOTEC\NUCLEO_CONSOLIDADO\LABORATORIO\posts_20251022T191906.json","51"
"C:\IOTEC\NUCLEO_CONSOLIDADO\LABORATORIO\posts_20251022T191801.json","51"
"C:\IOTEC\NUCLEO_CONSOLIDADO\LABORATORIO\posts_20251022T211338.json","51"
"C:\IOTEC\NUCLEO_CONSOLIDADO\LABORATORIO\posts_20251022T192217.json","51"
"C:\IOTEC\NUCLEO_CONSOLIDADO\LABORATORIO\posts_20251022T192116.json","51"
"C:\IOTEC\NUCLEO_CONSOLIDADO\LABORATORIO\posts_20251022T192011.json","51"
"C:\IOTEC\NUCLEO_CONSOLIDADO\LABORATORIO\posts_20251022T211739.json","51"
"C:\IOTEC\NUCLEO_CONSOLIDADO\LABORATORIO\posts_20251022T211839.json","51"
"C:\IOTEC\NUCLEO_CONSOLIDADO\LABORATORIO\posts_20251022T211940.json","51"
"C:\IOTEC\NUCLEO_CONSOLIDADO\LABORATORIO\posts_20251022T211439.json","51"
"C:\IOTEC\NUCLEO_CONSOLIDADO\LABORATORIO\posts_20251022T211539.json","51"
"C:\IOTEC\NUCLEO_CONSOLIDADO\LABORATORIO\posts_20251022T211639.json","51"
"C:\IOTEC\NUCLEO_CONSOLIDADO\LABORATORIO\posts_20251022T211238.json","51"
"C:\IOTEC\NUCLEO_CONSOLIDADO\LABORATORIO\posts_20251022T193020.json","51"
"C:\IOTEC\NUCLEO_CONSOLIDADO\LABORATORIO\posts_20251022T192919.json","51"
"C:\IOTEC\NUCLEO_CONSOLIDADO\LABORATORIO\posts_20251022T193320.json","51"
"C:\IOTEC\NUCLEO_CONSOLIDADO\LABORATORIO\posts_20251022T193220.json","51"
"C:\IOTEC\NUCLEO_CONSOLIDADO\LABORATORIO\posts_20251022T193120.json","51"
"C:\IOTEC\NUCLEO_CONSOLIDADO\LABORATORIO\posts_20251022T192519.json","51"
"C:\IOTEC\NUCLEO_CONSOLIDADO\LABORATORIO\posts_20251022T192419.json","51"
"C:\IOTEC\NUCLEO_CONSOLIDADO\LABORATORIO\posts_20251022T192318.json","51"
"C:\IOTEC\NUCLEO_CONSOLIDADO\LABORATORIO\posts_20251022T192819.json","51"
"C:\IOTEC\NUCLEO_CONSOLIDADO\LABORATORIO\posts_20251022T192719.json","51"
"C:\IOTEC\NUCLEO_CONSOLIDADO\LABORATORIO\posts_20251022T192619.json","51"
"C:\IOTEC\NUCLEO_CONSOLIDADO\LABORATORIO\posts_20251022T204815.json","51"
"C:\IOTEC\NUCLEO_CONSOLIDADO\LABORATORIO\posts_20251022T201432.json","51"
"C:\IOTEC\NUCLEO_CONSOLIDADO\LABORATORIO\posts_20251022T201331.json","51"
"C:\IOTEC\NUCLEO_CONSOLIDADO\LABORATORIO\posts_20251022T204715.json","51"
"C:\IOTEC\NUCLEO_CONSOLIDADO\LABORATORIO\posts_20251022T203312.json","51"
"C:\IOTEC\NUCLEO_CONSOLIDADO\LABORATORIO\posts_20251022T201532.json","51"
"C:\IOTEC\NUCLEO_CONSOLIDADO\LABORATORIO\posts_20251022T201031.json","51"
"C:\IOTEC\NUCLEO_CONSOLIDADO\LABORATORIO\posts_20251022T200930.json","51"
"C:\IOTEC\NUCLEO_CONSOLIDADO\LABORATORIO\posts_20251022T200830.json","51"
"C:\IOTEC\NUCLEO_CONSOLIDADO\LABORATORIO\posts_20251022T201231.json","51"
"C:\IOTEC\NUCLEO_CONSOLIDADO\LABORATORIO\posts_20251022T204915.json","51"
"C:\IOTEC\NUCLEO_CONSOLIDADO\LABORATORIO\posts_20251022T201131.json","51"
"C:\IOTEC\NUCLEO_CONSOLIDADO\LABORATORIO\posts_20251022T203914.json","51"
"C:\IOTEC\NUCLEO_CONSOLIDADO\LABORATORIO\posts_20251022T203814.json","51"
"C:\IOTEC\NUCLEO_CONSOLIDADO\LABORATORIO\posts_20251022T203714.json","51"
"C:\IOTEC\NUCLEO_CONSOLIDADO\LABORATORIO\posts_20251022T204214.json","51"
"C:\IOTEC\NUCLEO_CONSOLIDADO\LABORATORIO\posts_20251022T204114.json","51"
"C:\IOTEC\NUCLEO_CONSOLIDADO\LABORATORIO\posts_20251022T204014.json","51"
"C:\IOTEC\NUCLEO_CONSOLIDADO\LABORATORIO\posts_20251022T204515.json","51"
"C:\IOTEC\NUCLEO_CONSOLIDADO\LABORATORIO\posts_20251022T203413.json","51"
"C:\IOTEC\NUCLEO_CONSOLIDADO\LABORATORIO\posts_20251022T204615.json","51"
"C:\IOTEC\NUCLEO_CONSOLIDADO\LABORATORIO\posts_20251022T203613.json","51"
"C:\IOTEC\NUCLEO_CONSOLIDADO\LABORATORIO\posts_20251022T204415.json","51"
"C:\IOTEC\NUCLEO_CONSOLIDADO\LABORATORIO\posts_20251022T203513.json","51"
"C:\IOTEC\NUCLEO_CONSOLIDADO\LABORATORIO\posts_20251022T210336.json","51"
"C:\IOTEC\NUCLEO_CONSOLIDADO\LABORATORIO\posts_20251022T210436.json","51"
"C:\IOTEC\NUCLEO_CONSOLIDADO\LABORATORIO\posts_20251022T195728.json","51"
"C:\IOTEC\NUCLEO_CONSOLIDADO\LABORATORIO\posts_20251022T210236.json","51"
"C:\IOTEC\NUCLEO_CONSOLIDADO\LABORATORIO\posts_20251022T195928.json","51"
"C:\IOTEC\NUCLEO_CONSOLIDADO\LABORATORIO\posts_20251022T195828.json","51"
"C:\IOTEC\NUCLEO_CONSOLIDADO\LABORATORIO\posts_20251022T195328.json","51"
"C:\IOTEC\NUCLEO_CONSOLIDADO\LABORATORIO\posts_20251022T195227.json","51"
"C:\IOTEC\NUCLEO_CONSOLIDADO\LABORATORIO\posts_20251022T195127.json","51"
"C:\IOTEC\NUCLEO_CONSOLIDADO\LABORATORIO\posts_20251022T195628.json","51"
"C:\IOTEC\NUCLEO_CONSOLIDADO\LABORATORIO\posts_20251022T195528.json","51"
"C:\IOTEC\NUCLEO_CONSOLIDADO\LABORATORIO\posts_20251022T195428.json","51"
"C:\IOTEC\NUCLEO_CONSOLIDADO\LABORATORIO\posts_20251022T200429.json","51"
"C:\IOTEC\NUCLEO_CONSOLIDADO\LABORATORIO\posts_20251022T200329.json","51"
"C:\IOTEC\NUCLEO_CONSOLIDADO\LABORATORIO\posts_20251022T200229.json","51"
"C:\IOTEC\NUCLEO_CONSOLIDADO\LABORATORIO\posts_20251022T200730.json","51"
"C:\IOTEC\NUCLEO_CONSOLIDADO\LABORATORIO\posts_20251022T200629.json","51"
"C:\IOTEC\NUCLEO_CONSOLIDADO\LABORATORIO\posts_20251022T200529.json","51"
"C:\IOTEC\NUCLEO_CONSOLIDADO\LABORATORIO\posts_20251022T205935.json","51"
"C:\IOTEC\NUCLEO_CONSOLIDADO\LABORATORIO\posts_20251022T210035.json","51"
"C:\IOTEC\NUCLEO_CONSOLIDADO\LABORATORIO\posts_20251022T210135.json","51"
"C:\IOTEC\NUCLEO_CONSOLIDADO\LABORATORIO\posts_20251022T200129.json","51"
"C:\IOTEC\NUCLEO_CONSOLIDADO\LABORATORIO\posts_20251022T205835.json","51"
"C:\IOTEC\NUCLEO_CONSOLIDADO\LABORATORIO\posts_20251022T200029.json","51"
"C:\IOTEC\NUCLEO_CONSOLIDADO\LABORATORIO\posts_20251022T152444.json","51"
"C:\IOTEC\NUCLEO_CONSOLIDADO\LABORATORIO\posts_20251022T152344.json","51"
"C:\IOTEC\NUCLEO_CONSOLIDADO\LABORATORIO\posts_20251022T152244.json","51"
"C:\IOTEC\NUCLEO_CONSOLIDADO\LABORATORIO\posts_20251022T152744.json","51"
"C:\IOTEC\NUCLEO_CONSOLIDADO\LABORATORIO\posts_20251022T152644.json","51"
"C:\IOTEC\NUCLEO_CONSOLIDADO\LABORATORIO\posts_20251022T152544.json","51"
"C:\IOTEC\NUCLEO_CONSOLIDADO\LABORATORIO\posts_20251022T151843.json","51"
"C:\IOTEC\NUCLEO_CONSOLIDADO\LABORATORIO\posts_20251022T151743.json","51"
"C:\IOTEC\NUCLEO_CONSOLIDADO\LABORATORIO\posts_20251022T204314.json","51"
"C:\IOTEC\NUCLEO_CONSOLIDADO\LABORATORIO\posts_20251022T152144.json","51"
"C:\IOTEC\NUCLEO_CONSOLIDADO\LABORATORIO\posts_20251022T152044.json","51"
"C:\IOTEC\NUCLEO_CONSOLIDADO\LABORATORIO\posts_20251022T151944.json","51"
"C:\IOTEC\NUCLEO_CONSOLIDADO\LABORATORIO\posts_20251022T153645.json","51"
"C:\IOTEC\NUCLEO_CONSOLIDADO\LABORATORIO\posts_20251022T153545.json","51"
"C:\IOTEC\NUCLEO_CONSOLIDADO\LABORATORIO\posts_20251022T153445.json","51"
"C:\IOTEC\NUCLEO_CONSOLIDADO\LABORATORIO\posts_20251022T153946.json","51"
"C:\IOTEC\NUCLEO_CONSOLIDADO\LABORATORIO\posts_20251022T153846.json","51"
"C:\IOTEC\NUCLEO_CONSOLIDADO\LABORATORIO\posts_20251022T153745.json","51"
"C:\IOTEC\NUCLEO_CONSOLIDADO\LABORATORIO\posts_20251022T153045.json","51"
"C:\IOTEC\NUCLEO_CONSOLIDADO\LABORATORIO\posts_20251022T152945.json","51"
"C:\IOTEC\NUCLEO_CONSOLIDADO\LABORATORIO\posts_20251022T152844.json","51"
"C:\IOTEC\NUCLEO_CONSOLIDADO\LABORATORIO\posts_20251022T153345.json","51"
"C:\IOTEC\NUCLEO_CONSOLIDADO\LABORATORIO\posts_20251022T153245.json","51"
"C:\IOTEC\NUCLEO_CONSOLIDADO\LABORATORIO\posts_20251022T153145.json","51"
"C:\IOTEC\NUCLEO_CONSOLIDADO\LABORATORIO\posts_20251022T144026.json","51"
"C:\IOTEC\NUCLEO_CONSOLIDADO\LABORATORIO\posts_20251022T143925.json","51"
"C:\IOTEC\NUCLEO_CONSOLIDADO\LABORATORIO\posts_20251022T143825.json","51"
"C:\IOTEC\NUCLEO_CONSOLIDADO\LABORATORIO\posts_20251022T144326.json","51"
"C:\IOTEC\NUCLEO_CONSOLIDADO\LABORATORIO\posts_20251022T144226.json","51"
"C:\IOTEC\NUCLEO_CONSOLIDADO\LABORATORIO\posts_20251022T144126.json","51"
"C:\IOTEC\NUCLEO_CONSOLIDADO\LABORATORIO\posts_20251022T143425.json","51"
"C:\IOTEC\NUCLEO_CONSOLIDADO\LABORATORIO\posts_20251022T143325.json","51"
"C:\IOTEC\NUCLEO_CONSOLIDADO\LABORATORIO\posts_20251022T143224.json","51"
"C:\IOTEC\NUCLEO_CONSOLIDADO\LABORATORIO\posts_20251022T143725.json","51"
"C:\IOTEC\NUCLEO_CONSOLIDADO\LABORATORIO\posts_20251022T143625.json","51"
"C:\IOTEC\NUCLEO_CONSOLIDADO\LABORATORIO\posts_20251022T143525.json","51"
"C:\IOTEC\NUCLEO_CONSOLIDADO\LABORATORIO\posts_20251022T151208.json","51"
"C:\IOTEC\NUCLEO_CONSOLIDADO\LABORATORIO\posts_20251022T151108.json","51"
"C:\IOTEC\NUCLEO_CONSOLIDADO\LABORATORIO\posts_20251022T151003.json","51"
"C:\IOTEC\NUCLEO_CONSOLIDADO\LABORATORIO\posts_20251022T151643.json","51"
"C:\IOTEC\NUCLEO_CONSOLIDADO\LABORATORIO\posts_20251022T151543.json","51"
"C:\IOTEC\NUCLEO_CONSOLIDADO\LABORATORIO\posts_20251022T151308.json","51"
"C:\IOTEC\NUCLEO_CONSOLIDADO\LABORATORIO\posts_20251022T144626.json","51"
"C:\IOTEC\NUCLEO_CONSOLIDADO\LABORATORIO\posts_20251022T144526.json","51"
"C:\IOTEC\NUCLEO_CONSOLIDADO\LABORATORIO\posts_20251022T144426.json","51"
"C:\IOTEC\NUCLEO_CONSOLIDADO\LABORATORIO\posts_20251022T144927.json","51"
"C:\IOTEC\NUCLEO_CONSOLIDADO\LABORATORIO\posts_20251022T144827.json","51"
"C:\IOTEC\NUCLEO_CONSOLIDADO\LABORATORIO\posts_20251022T144727.json","51"
"C:\IOTEC\NUCLEO_CONSOLIDADO\LABORATORIO\posts_20251022T212743.json","51"
"C:\IOTEC\NUCLEO_CONSOLIDADO\LABORATORIO\posts_20251022T212843.json","51"
"C:\IOTEC\NUCLEO_CONSOLIDADO\LABORATORIO\posts_20251022T212943.json","51"
"C:\IOTEC\NUCLEO_CONSOLIDADO\LABORATORIO\posts_20251022T212542.json","51"
"C:\IOTEC\NUCLEO_CONSOLIDADO\LABORATORIO\posts_20251022T212642.json","51"
"C:\IOTEC\NUCLEO_CONSOLIDADO\LABORATORIO\posts_20251022T190809.json","51"
"C:\IOTEC\NUCLEO_CONSOLIDADO\LABORATORIO\posts_20251022T213245.json","51"
"C:\IOTEC\NUCLEO_CONSOLIDADO\LABORATORIO\posts_20251022T213345.json","51"
"C:\IOTEC\NUCLEO_CONSOLIDADO\LABORATORIO\posts_20251022T213446.json","51"
"C:\IOTEC\NUCLEO_CONSOLIDADO\LABORATORIO\posts_20251022T213043.json","51"
"C:\IOTEC\NUCLEO_CONSOLIDADO\LABORATORIO\posts_20251022T165012.json","51"
"C:\IOTEC\NUCLEO_CONSOLIDADO\LABORATORIO\posts_20251022T213144.json","51"
"C:\IOTEC\NUCLEO_CONSOLIDADO\LABORATORIO\posts_20251022T191545.json","51"
"C:\IOTEC\NUCLEO_CONSOLIDADO\LABORATORIO\posts_20251022T212241.json","51"
"C:\IOTEC\NUCLEO_CONSOLIDADO\LABORATORIO\posts_20251022T191335.json","51"
"C:\IOTEC\NUCLEO_CONSOLIDADO\LABORATORIO\posts_20251022T212040.json","51"
"C:\IOTEC\NUCLEO_CONSOLIDADO\LABORATORIO\posts_20251022T212140.json","51"
"C:\IOTEC\NUCLEO_CONSOLIDADO\LABORATORIO\posts_20251022T191656.json","51"
"C:\IOTEC\NUCLEO_CONSOLIDADO\LABORATORIO\posts_20251022T212442.json","51"
"C:\IOTEC\NUCLEO_CONSOLIDADO\LABORATORIO\posts_20251022T191020.json","51"
"C:\IOTEC\NUCLEO_CONSOLIDADO\LABORATORIO\posts_20251022T190915.json","51"
"C:\IOTEC\NUCLEO_CONSOLIDADO\LABORATORIO\posts_20251022T191230.json","51"
"C:\IOTEC\NUCLEO_CONSOLIDADO\LABORATORIO\posts_20251022T212341.json","51"
"C:\IOTEC\NUCLEO_CONSOLIDADO\LABORATORIO\posts_20251022T191125.json","51"
"C:\IOTEC\NUCLEO_CONSOLIDADO\LABORATORIO\posts_20251022T154747.json","51"
"C:\IOTEC\NUCLEO_CONSOLIDADO\LABORATORIO\posts_20251022T213746.json","51"
"C:\IOTEC\NUCLEO_CONSOLIDADO\LABORATORIO\posts_20251022T154647.json","51"
"C:\IOTEC\NUCLEO_CONSOLIDADO\LABORATORIO\posts_20251022T155047.json","51"
"C:\IOTEC\NUCLEO_CONSOLIDADO\LABORATORIO\posts_20251022T154947.json","51"
"C:\IOTEC\NUCLEO_CONSOLIDADO\LABORATORIO\posts_20251022T154847.json","51"
"C:\IOTEC\NUCLEO_CONSOLIDADO\LABORATORIO\posts_20251022T154246.json","51"
"C:\IOTEC\NUCLEO_CONSOLIDADO\LABORATORIO\posts_20251022T154146.json","51"
"C:\IOTEC\NUCLEO_CONSOLIDADO\LABORATORIO\posts_20251022T154046.json","51"
"C:\IOTEC\NUCLEO_CONSOLIDADO\LABORATORIO\posts_20251022T154546.json","51"
"C:\IOTEC\NUCLEO_CONSOLIDADO\LABORATORIO\posts_20251022T154446.json","51"
"C:\IOTEC\NUCLEO_CONSOLIDADO\LABORATORIO\posts_20251022T154346.json","51"
"C:\IOTEC\NUCLEO_CONSOLIDADO\LABORATORIO\posts_20251022T213646.json","51"
"C:\IOTEC\NUCLEO_CONSOLIDADO\LABORATORIO\posts_20251022T164657.json","51"
"C:\IOTEC\NUCLEO_CONSOLIDADO\LABORATORIO\posts_20251022T164552.json","51"
"C:\IOTEC\NUCLEO_CONSOLIDADO\LABORATORIO\posts_20251022T213546.json","51"
"C:\IOTEC\NUCLEO_CONSOLIDADO\LABORATORIO\posts_20251022T164907.json","51"
"C:\IOTEC\NUCLEO_CONSOLIDADO\LABORATORIO\posts_20251022T164802.json","51"
"C:\IOTEC\NUCLEO_CONSOLIDADO\LABORATORIO\posts_20251022T164131.json","51"
"C:\IOTEC\NUCLEO_CONSOLIDADO\LABORATORIO\posts_20251022T155247.json","51"
"C:\IOTEC\NUCLEO_CONSOLIDADO\LABORATORIO\posts_20251022T155147.json","51"
"C:\IOTEC\NUCLEO_CONSOLIDADO\LABORATORIO\posts_20251022T164447.json","51"
"C:\IOTEC\NUCLEO_CONSOLIDADO\LABORATORIO\posts_20251022T164342.json","51"
"C:\IOTEC\NUCLEO_CONSOLIDADO\LABORATORIO\posts_20251022T164236.json","51"
"C:\IOTEC\MINERADORA_BRUTA\posts_20251022T200629.json","51"
"C:\IOTEC\MINERADORA_BRUTA\posts_20251022T200730.json","51"
"C:\IOTEC\MINERADORA_BRUTA\posts_20251022T200429.json","51"
"C:\IOTEC\MINERADORA_BRUTA\posts_20251022T200529.json","51"
"C:\IOTEC\MINERADORA_BRUTA\posts_20251022T200830.json","51"
"C:\IOTEC\MINERADORA_BRUTA\posts_20251022T201131.json","51"
"C:\IOTEC\MINERADORA_BRUTA\posts_20251022T201231.json","51"
"C:\IOTEC\MINERADORA_BRUTA\posts_20251022T200930.json","51"
"C:\IOTEC\MINERADORA_BRUTA\posts_20251022T201031.json","51"
"C:\IOTEC\MINERADORA_BRUTA\posts_20251022T195728.json","51"
"C:\IOTEC\MINERADORA_BRUTA\posts_20251022T195828.json","51"
"C:\IOTEC\MINERADORA_BRUTA\posts_20251022T195528.json","51"
"C:\IOTEC\MINERADORA_BRUTA\posts_20251022T195628.json","51"
"C:\IOTEC\MINERADORA_BRUTA\posts_20251022T195928.json","51"
"C:\IOTEC\MINERADORA_BRUTA\posts_20251022T200229.json","51"
"C:\IOTEC\MINERADORA_BRUTA\posts_20251022T200329.json","51"
"C:\IOTEC\MINERADORA_BRUTA\posts_20251022T200029.json","51"
"C:\IOTEC\MINERADORA_BRUTA\posts_20251022T200129.json","51"
"C:\IOTEC\MINERADORA_BRUTA\posts_20251022T204114.json","51"
"C:\IOTEC\MINERADORA_BRUTA\posts_20251022T204214.json","51"
"C:\IOTEC\MINERADORA_BRUTA\posts_20251022T203914.json","51"
"C:\IOTEC\MINERADORA_BRUTA\posts_20251022T204014.json","51"
"C:\IOTEC\MINERADORA_BRUTA\posts_20251022T204314.json","51"
"C:\IOTEC\MINERADORA_BRUTA\posts_20251022T204615.json","51"
"C:\IOTEC\MINERADORA_BRUTA\posts_20251022T204715.json","51"
"C:\IOTEC\MINERADORA_BRUTA\posts_20251022T204415.json","51"
"C:\IOTEC\MINERADORA_BRUTA\posts_20251022T204515.json","51"
"C:\IOTEC\MINERADORA_BRUTA\posts_20251022T201532.json","51"
"C:\IOTEC\MINERADORA_BRUTA\posts_20251022T203312.json","51"
"C:\IOTEC\MINERADORA_BRUTA\posts_20251022T201331.json","51"
"C:\IOTEC\MINERADORA_BRUTA\posts_20251022T201432.json","51"
"C:\IOTEC\MINERADORA_BRUTA\posts_20251022T203413.json","51"
"C:\IOTEC\MINERADORA_BRUTA\posts_20251022T203714.json","51"
"C:\IOTEC\MINERADORA_BRUTA\posts_20251022T203814.json","51"
"C:\IOTEC\MINERADORA_BRUTA\posts_20251022T203513.json","51"
"C:\IOTEC\MINERADORA_BRUTA\posts_20251022T203613.json","51"
"C:\IOTEC\MINERADORA_BRUTA\posts_20251022T193020.json","51"
"C:\IOTEC\MINERADORA_BRUTA\posts_20251022T193120.json","51"
"C:\IOTEC\MINERADORA_BRUTA\posts_20251022T192819.json","51"
"C:\IOTEC\MINERADORA_BRUTA\posts_20251022T192919.json","51"
"C:\IOTEC\MINERADORA_BRUTA\posts_20251022T193220.json","51"
"C:\IOTEC\MINERADORA_BRUTA\posts_20251022T193521.json","51"
"C:\IOTEC\MINERADORA_BRUTA\posts_20251022T193624.json","51"
"C:\IOTEC\MINERADORA_BRUTA\posts_20251022T193320.json","51"
"C:\IOTEC\MINERADORA_BRUTA\posts_20251022T193421.json","51"
"C:\IOTEC\MINERADORA_BRUTA\posts_20251022T192116.json","51"
"C:\IOTEC\MINERADORA_BRUTA\posts_20251022T192217.json","51"
"C:\IOTEC\MINERADORA_BRUTA\posts_20251022T191906.json","51"
"C:\IOTEC\MINERADORA_BRUTA\posts_20251022T192011.json","51"
"C:\IOTEC\MINERADORA_BRUTA\posts_20251022T192318.json","51"
"C:\IOTEC\MINERADORA_BRUTA\posts_20251022T192619.json","51"
"C:\IOTEC\MINERADORA_BRUTA\posts_20251022T192719.json","51"
"C:\IOTEC\MINERADORA_BRUTA\posts_20251022T192419.json","51"
"C:\IOTEC\MINERADORA_BRUTA\posts_20251022T192519.json","51"
"C:\IOTEC\MINERADORA_BRUTA\posts_20251022T194826.json","51"
"C:\IOTEC\MINERADORA_BRUTA\posts_20251022T194927.json","51"
"C:\IOTEC\MINERADORA_BRUTA\posts_20251022T194625.json","51"
"C:\IOTEC\MINERADORA_BRUTA\posts_20251022T194726.json","51"
"C:\IOTEC\MINERADORA_BRUTA\posts_20251022T195027.json","51"
"C:\IOTEC\MINERADORA_BRUTA\posts_20251022T195328.json","51"
"C:\IOTEC\MINERADORA_BRUTA\posts_20251022T195428.json","51"
"C:\IOTEC\MINERADORA_BRUTA\posts_20251022T195127.json","51"
"C:\IOTEC\MINERADORA_BRUTA\posts_20251022T195227.json","51"
"C:\IOTEC\MINERADORA_BRUTA\posts_20251022T193924.json","51"
"C:\IOTEC\MINERADORA_BRUTA\posts_20251022T194025.json","51"
"C:\IOTEC\MINERADORA_BRUTA\posts_20251022T193724.json","51"
"C:\IOTEC\MINERADORA_BRUTA\posts_20251022T193824.json","51"
"C:\IOTEC\MINERADORA_BRUTA\posts_20251022T194125.json","51"
"C:\IOTEC\MINERADORA_BRUTA\posts_20251022T194425.json","51"
"C:\IOTEC\MINERADORA_BRUTA\posts_20251022T194525.json","51"
"C:\IOTEC\MINERADORA_BRUTA\posts_20251022T194225.json","51"
"C:\IOTEC\MINERADORA_BRUTA\posts_20251022T194325.json","51"
"C:\IOTEC\MINERADORA_BRUTA\posts_20251022T204815.json","51"
"C:\IOTEC\MINERADORA_BRUTA\posts_20251022T214459.json","51"
"C:\IOTEC\MINERADORA_BRUTA\posts_20251022T214559.json","51"
"C:\IOTEC\MINERADORA_BRUTA\posts_20251022T214249.json","51"
"C:\IOTEC\MINERADORA_BRUTA\posts_20251022T214359.json","51"
"C:\IOTEC\MINERADORA_BRUTA\posts_20251022T214700.json","51"
"C:\IOTEC\MINERADORA_BRUTA\posts_20251022T215001.json","51"
"C:\IOTEC\MINERADORA_BRUTA\posts_20251022T215101.json","51"
"C:\IOTEC\MINERADORA_BRUTA\posts_20251022T214800.json","51"
"C:\IOTEC\MINERADORA_BRUTA\posts_20251022T214900.json","51"
"C:\IOTEC\MINERADORA_BRUTA\posts_20251022T213546.json","51"
"C:\IOTEC\MINERADORA_BRUTA\posts_20251022T213646.json","51"
"C:\IOTEC\MINERADORA_BRUTA\posts_20251022T213345.json","51"
"C:\IOTEC\MINERADORA_BRUTA\posts_20251022T213446.json","51"
"C:\IOTEC\MINERADORA_BRUTA\posts_20251022T213746.json","51"
"C:\IOTEC\MINERADORA_BRUTA\posts_20251022T214047.json","51"
"C:\IOTEC\MINERADORA_BRUTA\posts_20251022T214147.json","51"
"C:\IOTEC\MINERADORA_BRUTA\posts_20251022T213847.json","51"
"C:\IOTEC\MINERADORA_BRUTA\posts_20251022T213947.json","51"
"C:\IOTEC\MINERADORA_BRUTA\posts_20251022T220304.json","51"
"C:\IOTEC\NUCLEO_CONSOLIDADO\DUPLICADOS\posts_20251022T192116.json","51"
"C:\IOTEC\MINERADORA_BRUTA\posts_20251022T220104.json","51"
"C:\IOTEC\MINERADORA_BRUTA\posts_20251022T220204.json","51"
"C:\IOTEC\MINERADORA_BRUTA\posts_20251022T220404.json","51"
"C:\IOTEC\MINERADORA_BRUTA\posts_20251022T220705.json","51"
"C:\IOTEC\NUCLEO_CONSOLIDADO\LABORATORIO\posts_20251023T081130.json","51"
"C:\IOTEC\MINERADORA_BRUTA\posts_20251022T220504.json","51"
"C:\IOTEC\MINERADORA_BRUTA\posts_20251022T220604.json","51"
"C:\IOTEC\MINERADORA_BRUTA\posts_20251022T215402.json","51"
"C:\IOTEC\MINERADORA_BRUTA\posts_20251022T215502.json","51"
"C:\IOTEC\MINERADORA_BRUTA\posts_20251022T215201.json","51"
"C:\IOTEC\MINERADORA_BRUTA\posts_20251022T215302.json","51"
"C:\IOTEC\MINERADORA_BRUTA\posts_20251022T215603.json","51"
"C:\IOTEC\MINERADORA_BRUTA\posts_20251022T215903.json","51"
"C:\IOTEC\MINERADORA_BRUTA\posts_20251022T220003.json","51"
"C:\IOTEC\MINERADORA_BRUTA\posts_20251022T215703.json","51"
"C:\IOTEC\MINERADORA_BRUTA\posts_20251022T215803.json","51"
"C:\IOTEC\MINERADORA_BRUTA\posts_20251022T210837.json","51"
"C:\IOTEC\MINERADORA_BRUTA\posts_20251022T210938.json","51"
"C:\IOTEC\MINERADORA_BRUTA\posts_20251022T210637.json","51"
"C:\IOTEC\MINERADORA_BRUTA\posts_20251022T210737.json","51"
"C:\IOTEC\MINERADORA_BRUTA\posts_20251022T211038.json","51"
"C:\IOTEC\MINERADORA_BRUTA\posts_20251022T211338.json","51"
"C:\IOTEC\MINERADORA_BRUTA\posts_20251022T211439.json","51"
"C:\IOTEC\MINERADORA_BRUTA\posts_20251022T211138.json","51"
"C:\IOTEC\MINERADORA_BRUTA\posts_20251022T211238.json","51"
"C:\IOTEC\MINERADORA_BRUTA\posts_20251022T205935.json","51"
"C:\IOTEC\MINERADORA_BRUTA\posts_20251022T210035.json","51"
"C:\IOTEC\MINERADORA_BRUTA\posts_20251022T204915.json","51"
"C:\IOTEC\MINERADORA_BRUTA\posts_20251022T205835.json","51"
"C:\IOTEC\MINERADORA_BRUTA\posts_20251022T210135.json","51"
"C:\IOTEC\MINERADORA_BRUTA\posts_20251022T210436.json","51"
"C:\IOTEC\MINERADORA_BRUTA\posts_20251022T210536.json","51"
"C:\IOTEC\MINERADORA_BRUTA\posts_20251022T210236.json","51"
"C:\IOTEC\MINERADORA_BRUTA\posts_20251022T210336.json","51"
"C:\IOTEC\MINERADORA_BRUTA\posts_20251022T212642.json","51"
"C:\IOTEC\MINERADORA_BRUTA\posts_20251022T212743.json","51"
"C:\IOTEC\MINERADORA_BRUTA\posts_20251022T212442.json","51"
"C:\IOTEC\MINERADORA_BRUTA\posts_20251022T212542.json","51"
"C:\IOTEC\MINERADORA_BRUTA\posts_20251022T212843.json","51"
"C:\IOTEC\MINERADORA_BRUTA\posts_20251022T213144.json","51"
"C:\IOTEC\MINERADORA_BRUTA\posts_20251022T213245.json","51"
"C:\IOTEC\MINERADORA_BRUTA\posts_20251022T212943.json","51"
"C:\IOTEC\MINERADORA_BRUTA\posts_20251022T213043.json","51"
"C:\IOTEC\MINERADORA_BRUTA\posts_20251022T211739.json","51"
"C:\IOTEC\MINERADORA_BRUTA\posts_20251022T211839.json","51"
"C:\IOTEC\MINERADORA_BRUTA\posts_20251022T211539.json","51"
"C:\IOTEC\MINERADORA_BRUTA\posts_20251022T211639.json","51"
"C:\IOTEC\MINERADORA_BRUTA\posts_20251022T211940.json","51"
"C:\IOTEC\MINERADORA_BRUTA\posts_20251022T212241.json","51"
"C:\IOTEC\MINERADORA_BRUTA\posts_20251022T212341.json","51"
"C:\IOTEC\MINERADORA_BRUTA\posts_20251022T212040.json","51"
"C:\IOTEC\MINERADORA_BRUTA\posts_20251022T212140.json","51"
"C:\IOTEC\MINERADORA_BRUTA\posts_20251022T191801.json","51"
"C:\IOTEC\MINERADORA_BRUTA\posts_20251022T141221.json","51"
"C:\IOTEC\MINERADORA_BRUTA\posts_20251022T141321.json","51"
"C:\IOTEC\MINERADORA_BRUTA\posts_20251022T141020.json","51"
"C:\IOTEC\MINERADORA_BRUTA\posts_20251022T141120.json","51"
"C:\IOTEC\MINERADORA_BRUTA\posts_20251022T141421.json","51"
"C:\IOTEC\MINERADORA_BRUTA\posts_20251022T141722.json","51"
"C:\IOTEC\MINERADORA_BRUTA\posts_20251022T141822.json","51"
"C:\IOTEC\MINERADORA_BRUTA\posts_20251022T141521.json","51"
"C:\IOTEC\MINERADORA_BRUTA\posts_20251022T141621.json","51"
"C:\IOTEC\MINERADORA_BRUTA\posts_20251022T140319.json","51"
"C:\IOTEC\MINERADORA_BRUTA\posts_20251022T140420.json","51"
"C:\IOTEC\MINERADORA_BRUTA\posts_20251022T140119.json","51"
"C:\IOTEC\MINERADORA_BRUTA\posts_20251022T140219.json","51"
"C:\IOTEC\MINERADORA_BRUTA\posts_20251022T140520.json","51"
"C:\IOTEC\MINERADORA_BRUTA\posts_20251022T140820.json","51"
"C:\IOTEC\MINERADORA_BRUTA\posts_20251022T140920.json","51"
"C:\IOTEC\MINERADORA_BRUTA\posts_20251022T140620.json","51"
"C:\IOTEC\MINERADORA_BRUTA\posts_20251022T140720.json","51"
"C:\IOTEC\MINERADORA_BRUTA\posts_20251022T143024.json","51"
"C:\IOTEC\MINERADORA_BRUTA\posts_20251022T143124.json","51"
"C:\IOTEC\MINERADORA_BRUTA\posts_20251022T142824.json","51"
"C:\IOTEC\MINERADORA_BRUTA\posts_20251022T142924.json","51"
"C:\IOTEC\MINERADORA_BRUTA\posts_20251022T143224.json","51"
"C:\IOTEC\MINERADORA_BRUTA\posts_20251022T143525.json","51"
"C:\IOTEC\MINERADORA_BRUTA\posts_20251022T143625.json","51"
"C:\IOTEC\MINERADORA_BRUTA\posts_20251022T143325.json","51"
"C:\IOTEC\MINERADORA_BRUTA\posts_20251022T143425.json","51"
"C:\IOTEC\MINERADORA_BRUTA\posts_20251022T142122.json","51"
"C:\IOTEC\MINERADORA_BRUTA\posts_20251022T142223.json","51"
"C:\IOTEC\MINERADORA_BRUTA\posts_20251022T141922.json","51"
"C:\IOTEC\MINERADORA_BRUTA\posts_20251022T142022.json","51"
"C:\IOTEC\MINERADORA_BRUTA\posts_20251022T142323.json","51"
"C:\IOTEC\MINERADORA_BRUTA\posts_20251022T142623.json","51"
"C:\IOTEC\MINERADORA_BRUTA\posts_20251022T142724.json","51"
"C:\IOTEC\MINERADORA_BRUTA\posts_20251022T142423.json","51"
"C:\IOTEC\MINERADORA_BRUTA\posts_20251022T142523.json","51"
"C:\IOTEC\MINERADORA_BRUTA\posts_20251022T133614.json","51"
"C:\IOTEC\MINERADORA_BRUTA\posts_20251022T133714.json","51"
"C:\IOTEC\MINERADORA_BRUTA\posts_20251022T133413.json","51"
"C:\IOTEC\MINERADORA_BRUTA\posts_20251022T133514.json","51"
"C:\IOTEC\MINERADORA_BRUTA\posts_20251022T133814.json","51"
"C:\IOTEC\MINERADORA_BRUTA\posts_20251022T134114.json","51"
"C:\IOTEC\MINERADORA_BRUTA\posts_20251022T134214.json","51"
"C:\IOTEC\MINERADORA_BRUTA\posts_20251022T133914.json","51"
"C:\IOTEC\MINERADORA_BRUTA\posts_20251022T134014.json","51"
"C:\IOTEC\MINERADORA_BRUTA\posts_20251022T132712.json","51"
"C:\IOTEC\MINERADORA_BRUTA\posts_20251022T132813.json","51"
"C:\IOTEC\MINERADORA_BRUTA\posts_20251022T132512.json","51"
"C:\IOTEC\MINERADORA_BRUTA\posts_20251022T132612.json","51"
"C:\IOTEC\MINERADORA_BRUTA\posts_20251022T132913.json","51"
"C:\IOTEC\MINERADORA_BRUTA\posts_20251022T133213.json","51"
"C:\IOTEC\MINERADORA_BRUTA\posts_20251022T133313.json","51"
"C:\IOTEC\MINERADORA_BRUTA\posts_20251022T133013.json","51"
"C:\IOTEC\MINERADORA_BRUTA\posts_20251022T133113.json","51"
"C:\IOTEC\MINERADORA_BRUTA\posts_20251022T135418.json","51"
"C:\IOTEC\MINERADORA_BRUTA\posts_20251022T135518.json","51"
"C:\IOTEC\MINERADORA_BRUTA\posts_20251022T135218.json","51"
"C:\IOTEC\MINERADORA_BRUTA\posts_20251022T135318.json","51"
"C:\IOTEC\MINERADORA_BRUTA\posts_20251022T135618.json","51"
"C:\IOTEC\MINERADORA_BRUTA\posts_20251022T135919.json","51"
"C:\IOTEC\MINERADORA_BRUTA\posts_20251022T140019.json","51"
"C:\IOTEC\MINERADORA_BRUTA\posts_20251022T135718.json","51"
"C:\IOTEC\MINERADORA_BRUTA\posts_20251022T135818.json","51"
"C:\IOTEC\MINERADORA_BRUTA\posts_20251022T134517.json","51"
"C:\IOTEC\MINERADORA_BRUTA\posts_20251022T134617.json","51"
"C:\IOTEC\MINERADORA_BRUTA\posts_20251022T134315.json","51"
"C:\IOTEC\MINERADORA_BRUTA\posts_20251022T134416.json","51"
"C:\IOTEC\MINERADORA_BRUTA\posts_20251022T134717.json","51"
"C:\IOTEC\MINERADORA_BRUTA\posts_20251022T135017.json","51"
"C:\IOTEC\MINERADORA_BRUTA\posts_20251022T135118.json","51"
"C:\IOTEC\MINERADORA_BRUTA\posts_20251022T134817.json","51"
"C:\IOTEC\MINERADORA_BRUTA\posts_20251022T134917.json","51"
"C:\IOTEC\MINERADORA_BRUTA\posts_20251022T143725.json","51"
"C:\IOTEC\MINERADORA_BRUTA\posts_20251022T154647.json","51"
"C:\IOTEC\MINERADORA_BRUTA\posts_20251022T154747.json","51"
"C:\IOTEC\MINERADORA_BRUTA\posts_20251022T154446.json","51"
"C:\IOTEC\MINERADORA_BRUTA\posts_20251022T154546.json","51"
"C:\IOTEC\MINERADORA_BRUTA\posts_20251022T154847.json","51"
"C:\IOTEC\MINERADORA_BRUTA\posts_20251022T155147.json","51"
"C:\IOTEC\MINERADORA_BRUTA\posts_20251022T155247.json","51"
"C:\IOTEC\MINERADORA_BRUTA\posts_20251022T154947.json","51"
"C:\IOTEC\MINERADORA_BRUTA\posts_20251022T155047.json","51"
"C:\IOTEC\MINERADORA_BRUTA\posts_20251022T153745.json","51"
"C:\IOTEC\MINERADORA_BRUTA\posts_20251022T153846.json","51"
"C:\IOTEC\MINERADORA_BRUTA\posts_20251022T153545.json","51"
"C:\IOTEC\MINERADORA_BRUTA\posts_20251022T153645.json","51"
"C:\IOTEC\MINERADORA_BRUTA\posts_20251022T153946.json","51"
"C:\IOTEC\MINERADORA_BRUTA\posts_20251022T154246.json","51"
"C:\IOTEC\MINERADORA_BRUTA\posts_20251022T154346.json","51"
"C:\IOTEC\MINERADORA_BRUTA\posts_20251022T154046.json","51"
"C:\IOTEC\MINERADORA_BRUTA\posts_20251022T154146.json","51"
"C:\IOTEC\MINERADORA_BRUTA\posts_20251022T191020.json","51"
"C:\IOTEC\MINERADORA_BRUTA\posts_20251022T191125.json","51"
"C:\IOTEC\MINERADORA_BRUTA\posts_20251022T190809.json","51"
"C:\IOTEC\MINERADORA_BRUTA\posts_20251022T190915.json","51"
"C:\IOTEC\MINERADORA_BRUTA\posts_20251022T191230.json","51"
"C:\IOTEC\MINERADORA_BRUTA\posts_20251022T191545.json","51"
"C:\IOTEC\MINERADORA_BRUTA\posts_20251022T191656.json","51"
"C:\IOTEC\MINERADORA_BRUTA\posts_20251022T191335.json","51"
"C:\IOTEC\MINERADORA_BRUTA\posts_20251022T191440.json","51"
"C:\IOTEC\MINERADORA_BRUTA\posts_20251022T164342.json","51"
"C:\IOTEC\MINERADORA_BRUTA\posts_20251022T164447.json","51"
"C:\IOTEC\MINERADORA_BRUTA\posts_20251022T164131.json","51"
"C:\IOTEC\MINERADORA_BRUTA\posts_20251022T164236.json","51"
"C:\IOTEC\MINERADORA_BRUTA\posts_20251022T164552.json","51"
"C:\IOTEC\MINERADORA_BRUTA\posts_20251022T164907.json","51"
"C:\IOTEC\MINERADORA_BRUTA\posts_20251022T165012.json","51"
"C:\IOTEC\MINERADORA_BRUTA\posts_20251022T164657.json","51"
"C:\IOTEC\MINERADORA_BRUTA\posts_20251022T164802.json","51"
"C:\IOTEC\MINERADORA_BRUTA\posts_20251022T144927.json","51"
"C:\IOTEC\MINERADORA_BRUTA\posts_20251022T151003.json","51"
"C:\IOTEC\MINERADORA_BRUTA\posts_20251022T144727.json","51"
"C:\IOTEC\MINERADORA_BRUTA\posts_20251022T144827.json","51"
"C:\IOTEC\MINERADORA_BRUTA\posts_20251022T151108.json","51"
"C:\IOTEC\MINERADORA_BRUTA\posts_20251022T151543.json","51"
"C:\IOTEC\MINERADORA_BRUTA\posts_20251022T151643.json","51"
"C:\IOTEC\MINERADORA_BRUTA\posts_20251022T151208.json","51"
"C:\IOTEC\MINERADORA_BRUTA\posts_20251022T151308.json","51"
"C:\IOTEC\MINERADORA_BRUTA\posts_20251022T144026.json","51"
"C:\IOTEC\MINERADORA_BRUTA\posts_20251022T144126.json","51"
"C:\IOTEC\MINERADORA_BRUTA\posts_20251022T143825.json","51"
"C:\IOTEC\MINERADORA_BRUTA\posts_20251022T143925.json","51"
"C:\IOTEC\MINERADORA_BRUTA\posts_20251022T144226.json","51"
"C:\IOTEC\MINERADORA_BRUTA\posts_20251022T144526.json","51"
"C:\IOTEC\MINERADORA_BRUTA\posts_20251022T144626.json","51"
"C:\IOTEC\MINERADORA_BRUTA\posts_20251022T144326.json","51"
"C:\IOTEC\MINERADORA_BRUTA\posts_20251022T144426.json","51"
"C:\IOTEC\MINERADORA_BRUTA\posts_20251022T152844.json","51"
"C:\IOTEC\MINERADORA_BRUTA\posts_20251022T152945.json","51"
"C:\IOTEC\MINERADORA_BRUTA\posts_20251022T152644.json","51"
"C:\IOTEC\MINERADORA_BRUTA\posts_20251022T152744.json","51"
"C:\IOTEC\MINERADORA_BRUTA\posts_20251022T153045.json","51"
"C:\IOTEC\MINERADORA_BRUTA\posts_20251022T153345.json","51"
"C:\IOTEC\MINERADORA_BRUTA\posts_20251022T153445.json","51"
"C:\IOTEC\MINERADORA_BRUTA\posts_20251022T153145.json","51"
"C:\IOTEC\MINERADORA_BRUTA\posts_20251022T153245.json","51"
"C:\IOTEC\MINERADORA_BRUTA\posts_20251022T151944.json","51"
"C:\IOTEC\MINERADORA_BRUTA\posts_20251022T152044.json","51"
"C:\IOTEC\MINERADORA_BRUTA\posts_20251022T151743.json","51"
"C:\IOTEC\MINERADORA_BRUTA\posts_20251022T151843.json","51"
"C:\IOTEC\MINERADORA_BRUTA\posts_20251022T152144.json","51"
"C:\IOTEC\MINERADORA_BRUTA\posts_20251022T152444.json","51"
"C:\IOTEC\MINERADORA_BRUTA\posts_20251022T152544.json","51"
"C:\IOTEC\MINERADORA_BRUTA\posts_20251022T152244.json","51"
"C:\IOTEC\MINERADORA_BRUTA\posts_20251022T152344.json","51"
"C:\IOTEC\NUCLEO_CONSOLIDADO\LABORATORIO\posts_20251023T103706.json","51"
"C:\IOTEC\NUCLEO_CONSOLIDADO\LABORATORIO\posts_20251023T103606.json","51"
"C:\IOTEC\NUCLEO_CONSOLIDADO\LABORATORIO\posts_20251023T103506.json","51"
"C:\IOTEC\NUCLEO_CONSOLIDADO\LABORATORIO\posts_20251023T104006.json","51"
"C:\IOTEC\NUCLEO_CONSOLIDADO\LABORATORIO\posts_20251023T103906.json","51"
"C:\IOTEC\NUCLEO_CONSOLIDADO\LABORATORIO\posts_20251023T103806.json","51"
"C:\IOTEC\NUCLEO_CONSOLIDADO\LABORATORIO\posts_20251023T103406.json","51"
"C:\IOTEC\NUCLEO_CONSOLIDADO\LABORATORIO\posts_20251023T103004.json","51"
"C:\IOTEC\NUCLEO_CONSOLIDADO\LABORATORIO\posts_20251023T102904.json","51"
"C:\IOTEC\NUCLEO_CONSOLIDADO\LABORATORIO\posts_20251023T102804.json","51"
"C:\IOTEC\NUCLEO_CONSOLIDADO\LABORATORIO\posts_20251023T103306.json","51"
"C:\IOTEC\NUCLEO_CONSOLIDADO\LABORATORIO\posts_20251023T103205.json","51"
"C:\IOTEC\NUCLEO_CONSOLIDADO\LABORATORIO\posts_20251023T103105.json","51"
"C:\IOTEC\NUCLEO_CONSOLIDADO\LABORATORIO\posts_20251023T104106.json","51"
"C:\IOTEC\NUCLEO_CONSOLIDADO\LABORATORIO\posts_20251023T105108.json","51"
"C:\IOTEC\NUCLEO_CONSOLIDADO\LABORATORIO\posts_20251023T105008.json","51"
"C:\IOTEC\NUCLEO_CONSOLIDADO\LABORATORIO\posts_20251023T104907.json","51"
"C:\IOTEC\NUCLEO_CONSOLIDADO\LABORATORIO\posts_20251023T105408.json","51"
"C:\IOTEC\NUCLEO_CONSOLIDADO\LABORATORIO\posts_20251023T105308.json","51"
"C:\IOTEC\NUCLEO_CONSOLIDADO\LABORATORIO\posts_20251023T105208.json","51"
"C:\IOTEC\NUCLEO_CONSOLIDADO\LABORATORIO\posts_20251023T104807.json","51"
"C:\IOTEC\NUCLEO_CONSOLIDADO\LABORATORIO\posts_20251023T104407.json","51"
"C:\IOTEC\NUCLEO_CONSOLIDADO\LABORATORIO\posts_20251023T104307.json","51"
"C:\IOTEC\NUCLEO_CONSOLIDADO\LABORATORIO\posts_20251023T104207.json","51"
"C:\IOTEC\NUCLEO_CONSOLIDADO\LABORATORIO\posts_20251023T104707.json","51"
"C:\IOTEC\NUCLEO_CONSOLIDADO\LABORATORIO\posts_20251023T104607.json","51"
"C:\IOTEC\NUCLEO_CONSOLIDADO\LABORATORIO\posts_20251023T104507.json","51"
"C:\IOTEC\NUCLEO_CONSOLIDADO\LABORATORIO\posts_20251023T101002.json","51"
"C:\IOTEC\NUCLEO_CONSOLIDADO\LABORATORIO\posts_20251023T100902.json","51"
"C:\IOTEC\NUCLEO_CONSOLIDADO\LABORATORIO\posts_20251023T100802.json","51"
"C:\IOTEC\NUCLEO_CONSOLIDADO\LABORATORIO\posts_20251023T101302.json","51"
"C:\IOTEC\NUCLEO_CONSOLIDADO\LABORATORIO\posts_20251023T101202.json","51"
"C:\IOTEC\NUCLEO_CONSOLIDADO\LABORATORIO\posts_20251023T101102.json","51"
"C:\IOTEC\NUCLEO_CONSOLIDADO\LABORATORIO\posts_20251023T100702.json","51"
"C:\IOTEC\NUCLEO_CONSOLIDADO\LABORATORIO\posts_20251023T100301.json","51"
"C:\IOTEC\NUCLEO_CONSOLIDADO\LABORATORIO\posts_20251023T100201.json","51"
"C:\IOTEC\NUCLEO_CONSOLIDADO\LABORATORIO\posts_20251023T100101.json","51"
"C:\IOTEC\NUCLEO_CONSOLIDADO\LABORATORIO\posts_20251023T100602.json","51"
"C:\IOTEC\NUCLEO_CONSOLIDADO\LABORATORIO\posts_20251023T100501.json","51"
"C:\IOTEC\NUCLEO_CONSOLIDADO\LABORATORIO\posts_20251023T100401.json","51"
"C:\IOTEC\NUCLEO_CONSOLIDADO\LABORATORIO\posts_20251023T101403.json","51"
"C:\IOTEC\NUCLEO_CONSOLIDADO\LABORATORIO\posts_20251023T102404.json","51"
"C:\IOTEC\NUCLEO_CONSOLIDADO\LABORATORIO\posts_20251023T102304.json","51"
"C:\IOTEC\NUCLEO_CONSOLIDADO\LABORATORIO\posts_20251023T102204.json","51"
"C:\IOTEC\NUCLEO_CONSOLIDADO\LABORATORIO\posts_20251023T102704.json","51"
"C:\IOTEC\NUCLEO_CONSOLIDADO\LABORATORIO\posts_20251023T102604.json","51"
"C:\IOTEC\NUCLEO_CONSOLIDADO\LABORATORIO\posts_20251023T102504.json","51"
"C:\IOTEC\NUCLEO_CONSOLIDADO\LABORATORIO\posts_20251023T102103.json","51"
"C:\IOTEC\NUCLEO_CONSOLIDADO\LABORATORIO\posts_20251023T101703.json","51"
"C:\IOTEC\NUCLEO_CONSOLIDADO\LABORATORIO\posts_20251023T101603.json","51"
"C:\IOTEC\NUCLEO_CONSOLIDADO\LABORATORIO\posts_20251023T101503.json","51"
"C:\IOTEC\NUCLEO_CONSOLIDADO\LABORATORIO\posts_20251023T102003.json","51"
"C:\IOTEC\NUCLEO_CONSOLIDADO\LABORATORIO\posts_20251023T101903.json","51"
"C:\IOTEC\NUCLEO_CONSOLIDADO\LABORATORIO\posts_20251023T101803.json","51"
"C:\IOTEC\NUCLEO_CONSOLIDADO\LABORATORIO\posts_20251023T105508.json","51"
"C:\IOTEC\NUCLEO_CONSOLIDADO\LABORATORIO\posts_20251023T113218.json","51"
"C:\IOTEC\NUCLEO_CONSOLIDADO\LABORATORIO\posts_20251023T113117.json","51"
"C:\IOTEC\NUCLEO_CONSOLIDADO\LABORATORIO\posts_20251023T113017.json","51"
"C:\IOTEC\NUCLEO_CONSOLIDADO\LABORATORIO\posts_20251023T113518.json","51"
"C:\IOTEC\NUCLEO_CONSOLIDADO\LABORATORIO\posts_20251023T113418.json","51"
"C:\IOTEC\NUCLEO_CONSOLIDADO\LABORATORIO\posts_20251023T113318.json","51"
"C:\IOTEC\NUCLEO_CONSOLIDADO\LABORATORIO\posts_20251023T112917.json","51"
"C:\IOTEC\NUCLEO_CONSOLIDADO\LABORATORIO\posts_20251023T112516.json","51"
"C:\IOTEC\NUCLEO_CONSOLIDADO\LABORATORIO\posts_20251023T112416.json","51"
"C:\IOTEC\NUCLEO_CONSOLIDADO\LABORATORIO\posts_20251023T112316.json","51"
"C:\IOTEC\NUCLEO_CONSOLIDADO\LABORATORIO\posts_20251023T112817.json","51"
"C:\IOTEC\NUCLEO_CONSOLIDADO\LABORATORIO\posts_20251023T112717.json","51"
"C:\IOTEC\NUCLEO_CONSOLIDADO\LABORATORIO\posts_20251023T112616.json","51"
"C:\IOTEC\NUCLEO_CONSOLIDADO\LABORATORIO\posts_20251023T113618.json","51"
"C:\IOTEC\NUCLEO_CONSOLIDADO\LABORATORIO\posts_20251023T114623.json","51"
"C:\IOTEC\NUCLEO_CONSOLIDADO\LABORATORIO\posts_20251023T114522.json","51"
"C:\IOTEC\NUCLEO_CONSOLIDADO\LABORATORIO\posts_20251023T114422.json","51"
"C:\IOTEC\NUCLEO_CONSOLIDADO\LABORATORIO\posts_20251023T114923.json","51"
"C:\IOTEC\NUCLEO_CONSOLIDADO\LABORATORIO\posts_20251023T114823.json","51"
"C:\IOTEC\NUCLEO_CONSOLIDADO\LABORATORIO\posts_20251023T114723.json","51"
"C:\IOTEC\NUCLEO_CONSOLIDADO\LABORATORIO\posts_20251023T114322.json","51"
"C:\IOTEC\NUCLEO_CONSOLIDADO\LABORATORIO\posts_20251023T113921.json","51"
"C:\IOTEC\NUCLEO_CONSOLIDADO\LABORATORIO\posts_20251023T113819.json","51"
"C:\IOTEC\NUCLEO_CONSOLIDADO\LABORATORIO\posts_20251023T113719.json","51"
"C:\IOTEC\NUCLEO_CONSOLIDADO\LABORATORIO\posts_20251023T114222.json","51"
"C:\IOTEC\NUCLEO_CONSOLIDADO\LABORATORIO\posts_20251023T114122.json","51"
"C:\IOTEC\NUCLEO_CONSOLIDADO\LABORATORIO\posts_20251023T114021.json","51"
"C:\IOTEC\NUCLEO_CONSOLIDADO\LABORATORIO\posts_20251023T110510.json","51"
"C:\IOTEC\NUCLEO_CONSOLIDADO\LABORATORIO\posts_20251023T110410.json","51"
"C:\IOTEC\NUCLEO_CONSOLIDADO\LABORATORIO\posts_20251023T110309.json","51"
"C:\IOTEC\NUCLEO_CONSOLIDADO\LABORATORIO\posts_20251023T110813.json","51"
"C:\IOTEC\NUCLEO_CONSOLIDADO\LABORATORIO\posts_20251023T110712.json","51"
"C:\IOTEC\NUCLEO_CONSOLIDADO\LABORATORIO\posts_20251023T110612.json","51"
"C:\IOTEC\NUCLEO_CONSOLIDADO\LABORATORIO\posts_20251023T110209.json","51"
"C:\IOTEC\NUCLEO_CONSOLIDADO\LABORATORIO\posts_20251023T105808.json","51"
"C:\IOTEC\NUCLEO_CONSOLIDADO\LABORATORIO\posts_20251023T105708.json","51"
"C:\IOTEC\NUCLEO_CONSOLIDADO\LABORATORIO\posts_20251023T105608.json","51"
"C:\IOTEC\NUCLEO_CONSOLIDADO\LABORATORIO\posts_20251023T110109.json","51"
"C:\IOTEC\NUCLEO_CONSOLIDADO\LABORATORIO\posts_20251023T110008.json","51"
"C:\IOTEC\NUCLEO_CONSOLIDADO\LABORATORIO\posts_20251023T105908.json","51"
"C:\IOTEC\NUCLEO_CONSOLIDADO\LABORATORIO\posts_20251023T110913.json","51"
"C:\IOTEC\NUCLEO_CONSOLIDADO\LABORATORIO\posts_20251023T111915.json","51"
"C:\IOTEC\NUCLEO_CONSOLIDADO\LABORATORIO\posts_20251023T111815.json","51"
"C:\IOTEC\NUCLEO_CONSOLIDADO\LABORATORIO\posts_20251023T111715.json","51"
"C:\IOTEC\NUCLEO_CONSOLIDADO\LABORATORIO\posts_20251023T112216.json","51"
"C:\IOTEC\NUCLEO_CONSOLIDADO\LABORATORIO\posts_20251023T112116.json","51"
"C:\IOTEC\NUCLEO_CONSOLIDADO\LABORATORIO\posts_20251023T112016.json","51"
"C:\IOTEC\NUCLEO_CONSOLIDADO\LABORATORIO\posts_20251023T111615.json","51"
"C:\IOTEC\NUCLEO_CONSOLIDADO\LABORATORIO\posts_20251023T111213.json","51"
"C:\IOTEC\NUCLEO_CONSOLIDADO\LABORATORIO\posts_20251023T111113.json","51"
"C:\IOTEC\NUCLEO_CONSOLIDADO\LABORATORIO\posts_20251023T111013.json","51"
"C:\IOTEC\NUCLEO_CONSOLIDADO\LABORATORIO\posts_20251023T111515.json","51"
"C:\IOTEC\NUCLEO_CONSOLIDADO\LABORATORIO\posts_20251023T111414.json","51"
"C:\IOTEC\NUCLEO_CONSOLIDADO\LABORATORIO\posts_20251023T111314.json","51"
"C:\IOTEC\NUCLEO_CONSOLIDADO\LABORATORIO\posts_20251023T100001.json","51"
"C:\IOTEC\NUCLEO_CONSOLIDADO\LABORATORIO\posts_20251023T084642.json","51"
"C:\IOTEC\NUCLEO_CONSOLIDADO\LABORATORIO\posts_20251023T084541.json","51"
"C:\IOTEC\NUCLEO_CONSOLIDADO\LABORATORIO\posts_20251023T084441.json","51"
"C:\IOTEC\NUCLEO_CONSOLIDADO\LABORATORIO\posts_20251023T084946.json","51"
"C:\IOTEC\NUCLEO_CONSOLIDADO\LABORATORIO\posts_20251023T084845.json","51"
"C:\IOTEC\NUCLEO_CONSOLIDADO\LABORATORIO\posts_20251023T084742.json","51"
"C:\IOTEC\NUCLEO_CONSOLIDADO\LABORATORIO\posts_20251023T084340.json","51"
"C:\IOTEC\NUCLEO_CONSOLIDADO\LABORATORIO\posts_20251023T083938.json","51"
"C:\IOTEC\NUCLEO_CONSOLIDADO\LABORATORIO\posts_20251023T083835.json","51"
"C:\IOTEC\NUCLEO_CONSOLIDADO\LABORATORIO\posts_20251023T083734.json","51"
"C:\IOTEC\NUCLEO_CONSOLIDADO\LABORATORIO\posts_20251023T084240.json","51"
"C:\IOTEC\NUCLEO_CONSOLIDADO\LABORATORIO\posts_20251023T084139.json","51"
"C:\IOTEC\NUCLEO_CONSOLIDADO\LABORATORIO\posts_20251023T084039.json","51"
"C:\IOTEC\NUCLEO_CONSOLIDADO\LABORATORIO\posts_20251023T085046.json","51"
"C:\IOTEC\NUCLEO_CONSOLIDADO\LABORATORIO\posts_20251023T090048.json","51"
"C:\IOTEC\NUCLEO_CONSOLIDADO\LABORATORIO\posts_20251023T085947.json","51"
"C:\IOTEC\NUCLEO_CONSOLIDADO\LABORATORIO\posts_20251023T085847.json","51"
"C:\IOTEC\NUCLEO_CONSOLIDADO\LABORATORIO\posts_20251023T090352.json","51"
"C:\IOTEC\NUCLEO_CONSOLIDADO\LABORATORIO\posts_20251023T090249.json","51"
"C:\IOTEC\NUCLEO_CONSOLIDADO\LABORATORIO\posts_20251023T090148.json","51"
"C:\IOTEC\NUCLEO_CONSOLIDADO\LABORATORIO\posts_20251023T085747.json","51"
"C:\IOTEC\NUCLEO_CONSOLIDADO\LABORATORIO\posts_20251023T085346.json","51"
"C:\IOTEC\NUCLEO_CONSOLIDADO\LABORATORIO\posts_20251023T085246.json","51"
"C:\IOTEC\NUCLEO_CONSOLIDADO\LABORATORIO\posts_20251023T085146.json","51"
"C:\IOTEC\NUCLEO_CONSOLIDADO\LABORATORIO\posts_20251023T085647.json","51"
"C:\IOTEC\NUCLEO_CONSOLIDADO\LABORATORIO\posts_20251023T085547.json","51"
"C:\IOTEC\NUCLEO_CONSOLIDADO\LABORATORIO\posts_20251023T085447.json","51"
"C:\IOTEC\NUCLEO_CONSOLIDADO\LABORATORIO\posts_20251023T081931.json","51"
"C:\IOTEC\NUCLEO_CONSOLIDADO\LABORATORIO\posts_20251023T081831.json","51"
"C:\IOTEC\NUCLEO_CONSOLIDADO\LABORATORIO\posts_20251023T081731.json","51"
"C:\IOTEC\NUCLEO_CONSOLIDADO\LABORATORIO\posts_20251023T082231.json","51"
"C:\IOTEC\NUCLEO_CONSOLIDADO\LABORATORIO\posts_20251023T082131.json","51"
"C:\IOTEC\NUCLEO_CONSOLIDADO\LABORATORIO\posts_20251023T082031.json","51"
"C:\IOTEC\NUCLEO_CONSOLIDADO\LABORATORIO\posts_20251023T081631.json","51"
"C:\IOTEC\NUCLEO_CONSOLIDADO\LABORATORIO\posts_20251023T081230.json","51"
"C:\IOTEC\NUCLEO_CONSOLIDADO\LABORATORIO\posts_20251023T081030.json","51"
"C:\IOTEC\NUCLEO_CONSOLIDADO\LABORATORIO\posts_20251023T080930.json","51"
"C:\IOTEC\NUCLEO_CONSOLIDADO\LABORATORIO\posts_20251023T081530.json","51"
"C:\IOTEC\NUCLEO_CONSOLIDADO\LABORATORIO\posts_20251023T081430.json","51"
"C:\IOTEC\NUCLEO_CONSOLIDADO\LABORATORIO\posts_20251023T081330.json","51"
"C:\IOTEC\NUCLEO_CONSOLIDADO\LABORATORIO\posts_20251023T082331.json","51"
"C:\IOTEC\NUCLEO_CONSOLIDADO\LABORATORIO\posts_20251023T083333.json","51"
"C:\IOTEC\NUCLEO_CONSOLIDADO\LABORATORIO\posts_20251023T083233.json","51"
"C:\IOTEC\NUCLEO_CONSOLIDADO\LABORATORIO\posts_20251023T083133.json","51"
"C:\IOTEC\NUCLEO_CONSOLIDADO\LABORATORIO\posts_20251023T083634.json","51"
"C:\IOTEC\NUCLEO_CONSOLIDADO\LABORATORIO\posts_20251023T083534.json","51"
"C:\IOTEC\NUCLEO_CONSOLIDADO\LABORATORIO\posts_20251023T083433.json","51"
"C:\IOTEC\NUCLEO_CONSOLIDADO\LABORATORIO\posts_20251023T083033.json","51"
"C:\IOTEC\NUCLEO_CONSOLIDADO\LABORATORIO\posts_20251023T082632.json","51"
"C:\IOTEC\NUCLEO_CONSOLIDADO\LABORATORIO\posts_20251023T082532.json","51"
"C:\IOTEC\NUCLEO_CONSOLIDADO\LABORATORIO\posts_20251023T082432.json","51"
"C:\IOTEC\NUCLEO_CONSOLIDADO\LABORATORIO\posts_20251023T082933.json","51"
"C:\IOTEC\NUCLEO_CONSOLIDADO\LABORATORIO\posts_20251023T082832.json","51"
"C:\IOTEC\NUCLEO_CONSOLIDADO\LABORATORIO\posts_20251023T082732.json","51"
"C:\IOTEC\NUCLEO_CONSOLIDADO\LABORATORIO\posts_20251023T090453.json","51"
"C:\IOTEC\NUCLEO_CONSOLIDADO\LABORATORIO\posts_20251023T094159.json","51"
"C:\IOTEC\NUCLEO_CONSOLIDADO\LABORATORIO\posts_20251023T094059.json","51"
"C:\IOTEC\NUCLEO_CONSOLIDADO\LABORATORIO\posts_20251023T093959.json","51"
"C:\IOTEC\NUCLEO_CONSOLIDADO\LABORATORIO\posts_20251023T094459.json","51"
"C:\IOTEC\NUCLEO_CONSOLIDADO\LABORATORIO\posts_20251023T094359.json","51"
"C:\IOTEC\NUCLEO_CONSOLIDADO\LABORATORIO\posts_20251023T094259.json","51"
"C:\IOTEC\NUCLEO_CONSOLIDADO\LABORATORIO\posts_20251023T093859.json","51"
"C:\IOTEC\NUCLEO_CONSOLIDADO\LABORATORIO\posts_20251023T093458.json","51"
"C:\IOTEC\NUCLEO_CONSOLIDADO\LABORATORIO\posts_20251023T093358.json","51"
"C:\IOTEC\NUCLEO_CONSOLIDADO\LABORATORIO\posts_20251023T093258.json","51"
"C:\IOTEC\NUCLEO_CONSOLIDADO\LABORATORIO\posts_20251023T093758.json","51"
"C:\IOTEC\NUCLEO_CONSOLIDADO\LABORATORIO\posts_20251023T093658.json","51"
"C:\IOTEC\NUCLEO_CONSOLIDADO\LABORATORIO\posts_20251023T093558.json","51"
"C:\IOTEC\NUCLEO_CONSOLIDADO\LABORATORIO\posts_20251023T094559.json","51"
"C:\IOTEC\NUCLEO_CONSOLIDADO\LABORATORIO\posts_20251023T095601.json","51"
"C:\IOTEC\NUCLEO_CONSOLIDADO\LABORATORIO\posts_20251023T095501.json","51"
"C:\IOTEC\NUCLEO_CONSOLIDADO\LABORATORIO\posts_20251023T095400.json","51"
"C:\IOTEC\NUCLEO_CONSOLIDADO\LABORATORIO\posts_20251023T095901.json","51"
"C:\IOTEC\NUCLEO_CONSOLIDADO\LABORATORIO\posts_20251023T095801.json","51"
"C:\IOTEC\NUCLEO_CONSOLIDADO\LABORATORIO\posts_20251023T095701.json","51"
"C:\IOTEC\NUCLEO_CONSOLIDADO\LABORATORIO\posts_20251023T095300.json","51"
"C:\IOTEC\NUCLEO_CONSOLIDADO\LABORATORIO\posts_20251023T094900.json","51"
"C:\IOTEC\NUCLEO_CONSOLIDADO\LABORATORIO\posts_20251023T094800.json","51"
"C:\IOTEC\NUCLEO_CONSOLIDADO\LABORATORIO\posts_20251023T094700.json","51"
"C:\IOTEC\NUCLEO_CONSOLIDADO\LABORATORIO\posts_20251023T095200.json","51"
"C:\IOTEC\NUCLEO_CONSOLIDADO\LABORATORIO\posts_20251023T095100.json","51"
"C:\IOTEC\NUCLEO_CONSOLIDADO\LABORATORIO\posts_20251023T095000.json","51"
"C:\IOTEC\NUCLEO_CONSOLIDADO\LABORATORIO\posts_20251023T091455.json","51"
"C:\IOTEC\NUCLEO_CONSOLIDADO\LABORATORIO\posts_20251023T091355.json","51"
"C:\IOTEC\NUCLEO_CONSOLIDADO\LABORATORIO\posts_20251023T091255.json","51"
"C:\IOTEC\NUCLEO_CONSOLIDADO\LABORATORIO\posts_20251023T091756.json","51"
"C:\IOTEC\NUCLEO_CONSOLIDADO\LABORATORIO\posts_20251023T091656.json","51"
"C:\IOTEC\NUCLEO_CONSOLIDADO\LABORATORIO\posts_20251023T091555.json","51"
"C:\IOTEC\NUCLEO_CONSOLIDADO\LABORATORIO\posts_20251023T091155.json","51"
"C:\IOTEC\NUCLEO_CONSOLIDADO\LABORATORIO\posts_20251023T090754.json","51"
"C:\IOTEC\NUCLEO_CONSOLIDADO\LABORATORIO\posts_20251023T090654.json","51"
"C:\IOTEC\NUCLEO_CONSOLIDADO\LABORATORIO\posts_20251023T090554.json","51"
"C:\IOTEC\NUCLEO_CONSOLIDADO\LABORATORIO\posts_20251023T091055.json","51"
"C:\IOTEC\NUCLEO_CONSOLIDADO\LABORATORIO\posts_20251023T090955.json","51"
"C:\IOTEC\NUCLEO_CONSOLIDADO\LABORATORIO\posts_20251023T090855.json","51"
"C:\IOTEC\NUCLEO_CONSOLIDADO\LABORATORIO\posts_20251023T091856.json","51"
"C:\IOTEC\NUCLEO_CONSOLIDADO\LABORATORIO\posts_20251023T092857.json","51"
"C:\IOTEC\NUCLEO_CONSOLIDADO\LABORATORIO\posts_20251023T092757.json","51"
"C:\IOTEC\NUCLEO_CONSOLIDADO\LABORATORIO\posts_20251023T092657.json","51"
"C:\IOTEC\NUCLEO_CONSOLIDADO\LABORATORIO\posts_20251023T093158.json","51"
"C:\IOTEC\NUCLEO_CONSOLIDADO\LABORATORIO\posts_20251023T093057.json","51"
"C:\IOTEC\NUCLEO_CONSOLIDADO\LABORATORIO\posts_20251023T092957.json","51"
"C:\IOTEC\NUCLEO_CONSOLIDADO\LABORATORIO\posts_20251023T092557.json","51"
"C:\IOTEC\NUCLEO_CONSOLIDADO\LABORATORIO\posts_20251023T092156.json","51"
"C:\IOTEC\NUCLEO_CONSOLIDADO\LABORATORIO\posts_20251023T092056.json","51"
"C:\IOTEC\NUCLEO_CONSOLIDADO\LABORATORIO\posts_20251023T091956.json","51"
"C:\IOTEC\NUCLEO_CONSOLIDADO\LABORATORIO\posts_20251023T092457.json","51"
"C:\IOTEC\NUCLEO_CONSOLIDADO\LABORATORIO\posts_20251023T092356.json","51"
"C:\IOTEC\NUCLEO_CONSOLIDADO\LABORATORIO\posts_20251023T092256.json","51"
"C:\IOTEC\NUCLEO_CONSOLIDADO\LABORATORIO\posts_20251023T115023.json","51"
"C:\IOTEC\NUCLEO_CONSOLIDADO\LABORATORIO\posts_20251023T143835.json","51"
"C:\IOTEC\NUCLEO_CONSOLIDADO\LABORATORIO\posts_20251023T143730.json","51"
"C:\IOTEC\NUCLEO_CONSOLIDADO\LABORATORIO\posts_20251023T143625.json","51"
"C:\IOTEC\NUCLEO_CONSOLIDADO\LABORATORIO\posts_20251023T144146.json","51"
"C:\IOTEC\NUCLEO_CONSOLIDADO\LABORATORIO\posts_20251023T144046.json","51"
"C:\IOTEC\NUCLEO_CONSOLIDADO\LABORATORIO\posts_20251023T143940.json","51"
"C:\IOTEC\NUCLEO_CONSOLIDADO\LABORATORIO\posts_20251023T143520.json","51"
"C:\IOTEC\NUCLEO_CONSOLIDADO\LABORATORIO\posts_20251023T143059.json","51"
"C:\IOTEC\NUCLEO_CONSOLIDADO\LABORATORIO\posts_20251023T142801.json","51"
"C:\IOTEC\NUCLEO_CONSOLIDADO\LABORATORIO\posts_20251023T142656.json","51"
"C:\IOTEC\NUCLEO_CONSOLIDADO\LABORATORIO\posts_20251023T143415.json","51"
"C:\IOTEC\NUCLEO_CONSOLIDADO\LABORATORIO\posts_20251023T143310.json","51"
"C:\IOTEC\NUCLEO_CONSOLIDADO\LABORATORIO\posts_20251023T143204.json","51"
"C:\IOTEC\NUCLEO_CONSOLIDADO\LABORATORIO\posts_20251023T144251.json","51"
"C:\IOTEC\NUCLEO_CONSOLIDADO\LABORATORIO\posts_20251023T145318.json","51"
"C:\IOTEC\NUCLEO_CONSOLIDADO\LABORATORIO\posts_20251023T145218.json","51"
"C:\IOTEC\NUCLEO_CONSOLIDADO\LABORATORIO\posts_20251023T145117.json","51"
"C:\IOTEC\NUCLEO_CONSOLIDADO\LABORATORIO\posts_20251023T145618.json","51"
"C:\IOTEC\NUCLEO_CONSOLIDADO\LABORATORIO\posts_20251023T145518.json","51"
"C:\IOTEC\NUCLEO_CONSOLIDADO\LABORATORIO\posts_20251023T145418.json","51"
"C:\IOTEC\NUCLEO_CONSOLIDADO\LABORATORIO\posts_20251023T145017.json","51"
"C:\IOTEC\NUCLEO_CONSOLIDADO\LABORATORIO\posts_20251023T144606.json","51"
"C:\IOTEC\NUCLEO_CONSOLIDADO\LABORATORIO\posts_20251023T144501.json","51"
"C:\IOTEC\NUCLEO_CONSOLIDADO\LABORATORIO\posts_20251023T144356.json","51"
"C:\IOTEC\NUCLEO_CONSOLIDADO\LABORATORIO\posts_20251023T144917.json","51"
"C:\IOTEC\NUCLEO_CONSOLIDADO\LABORATORIO\posts_20251023T144817.json","51"
"C:\IOTEC\NUCLEO_CONSOLIDADO\LABORATORIO\posts_20251023T144712.json","51"
"C:\IOTEC\NUCLEO_CONSOLIDADO\LABORATORIO\posts_20251023T140756.json","51"
"C:\IOTEC\NUCLEO_CONSOLIDADO\LABORATORIO\posts_20251023T140656.json","51"
"C:\IOTEC\NUCLEO_CONSOLIDADO\LABORATORIO\posts_20251023T140556.json","51"
"C:\IOTEC\NUCLEO_CONSOLIDADO\LABORATORIO\posts_20251023T141056.json","51"
"C:\IOTEC\NUCLEO_CONSOLIDADO\LABORATORIO\posts_20251023T140956.json","51"
"C:\IOTEC\NUCLEO_CONSOLIDADO\LABORATORIO\posts_20251023T140856.json","51"
"C:\IOTEC\NUCLEO_CONSOLIDADO\LABORATORIO\posts_20251023T140456.json","51"
"C:\IOTEC\NUCLEO_CONSOLIDADO\LABORATORIO\posts_20251023T140055.json","51"
"C:\IOTEC\NUCLEO_CONSOLIDADO\LABORATORIO\posts_20251023T135947.json","51"
"C:\IOTEC\NUCLEO_CONSOLIDADO\LABORATORIO\posts_20251023T135842.json","51"
"C:\IOTEC\NUCLEO_CONSOLIDADO\LABORATORIO\posts_20251023T140356.json","51"
"C:\IOTEC\NUCLEO_CONSOLIDADO\LABORATORIO\posts_20251023T140255.json","51"
"C:\IOTEC\NUCLEO_CONSOLIDADO\LABORATORIO\posts_20251023T140155.json","51"
"C:\IOTEC\NUCLEO_CONSOLIDADO\LABORATORIO\posts_20251023T141157.json","51"
"C:\IOTEC\NUCLEO_CONSOLIDADO\LABORATORIO\posts_20251023T142236.json","51"
"C:\IOTEC\NUCLEO_CONSOLIDADO\LABORATORIO\posts_20251023T142125.json","51"
"C:\IOTEC\NUCLEO_CONSOLIDADO\LABORATORIO\posts_20251023T142025.json","51"
"C:\IOTEC\NUCLEO_CONSOLIDADO\LABORATORIO\posts_20251023T142551.json","51"
"C:\IOTEC\NUCLEO_CONSOLIDADO\LABORATORIO\posts_20251023T142446.json","51"
"C:\IOTEC\NUCLEO_CONSOLIDADO\LABORATORIO\posts_20251023T142341.json","51"
"C:\IOTEC\NUCLEO_CONSOLIDADO\LABORATORIO\posts_20251023T141858.json","51"
"C:\IOTEC\NUCLEO_CONSOLIDADO\LABORATORIO\posts_20251023T141457.json","51"
"C:\IOTEC\NUCLEO_CONSOLIDADO\LABORATORIO\posts_20251023T141357.json","51"
"C:\IOTEC\NUCLEO_CONSOLIDADO\LABORATORIO\posts_20251023T141257.json","51"
"C:\IOTEC\NUCLEO_CONSOLIDADO\LABORATORIO\posts_20251023T141757.json","51"
"C:\IOTEC\NUCLEO_CONSOLIDADO\LABORATORIO\posts_20251023T141657.json","51"
"C:\IOTEC\NUCLEO_CONSOLIDADO\LABORATORIO\posts_20251023T141557.json","51"
"C:\IOTEC\NUCLEO_CONSOLIDADO\LABORATORIO\posts_20251023T145718.json","51"
"C:\IOTEC\NUCLEO_CONSOLIDADO\LABORATORIO\posts_20251023T155515.json","51"
"C:\IOTEC\NUCLEO_CONSOLIDADO\LABORATORIO\posts_20251023T155414.json","51"
"C:\IOTEC\NUCLEO_CONSOLIDADO\LABORATORIO\posts_20251023T155312.json","51"
"C:\IOTEC\NUCLEO_CONSOLIDADO\LABORATORIO\posts_20251023T155815.json","51"
"C:\IOTEC\NUCLEO_CONSOLIDADO\LABORATORIO\posts_20251023T155715.json","51"
"C:\IOTEC\NUCLEO_CONSOLIDADO\LABORATORIO\posts_20251023T155615.json","51"
"C:\IOTEC\NUCLEO_CONSOLIDADO\LABORATORIO\posts_20251023T155212.json","51"
"C:\IOTEC\NUCLEO_CONSOLIDADO\LABORATORIO\posts_20251023T154811.json","51"
"C:\IOTEC\NUCLEO_CONSOLIDADO\LABORATORIO\posts_20251023T154711.json","51"
"C:\IOTEC\NUCLEO_CONSOLIDADO\LABORATORIO\posts_20251023T154610.json","51"
"C:\IOTEC\NUCLEO_CONSOLIDADO\LABORATORIO\posts_20251023T155112.json","51"
"C:\IOTEC\NUCLEO_CONSOLIDADO\LABORATORIO\posts_20251023T155011.json","51"
"C:\IOTEC\NUCLEO_CONSOLIDADO\LABORATORIO\posts_20251023T154911.json","51"
"C:\IOTEC\NUCLEO_CONSOLIDADO\LABORATORIO\posts_20251023T155915.json","51"
"C:\IOTEC\NUCLEO_CONSOLIDADO\LABORATORIO\posts_20251023T160917.json","51"
"C:\IOTEC\NUCLEO_CONSOLIDADO\LABORATORIO\posts_20251023T160817.json","51"
"C:\IOTEC\NUCLEO_CONSOLIDADO\LABORATORIO\posts_20251023T160717.json","51"
"C:\IOTEC\NUCLEO_CONSOLIDADO\LABORATORIO\posts_20251023T161219.json","51"
"C:\IOTEC\NUCLEO_CONSOLIDADO\LABORATORIO\posts_20251023T161118.json","51"
"C:\IOTEC\NUCLEO_CONSOLIDADO\LABORATORIO\posts_20251023T161018.json","51"
"C:\IOTEC\NUCLEO_CONSOLIDADO\LABORATORIO\posts_20251023T160617.json","51"
"C:\IOTEC\NUCLEO_CONSOLIDADO\LABORATORIO\posts_20251023T160216.json","51"
"C:\IOTEC\NUCLEO_CONSOLIDADO\LABORATORIO\posts_20251023T160116.json","51"
"C:\IOTEC\NUCLEO_CONSOLIDADO\LABORATORIO\posts_20251023T160015.json","51"
"C:\IOTEC\NUCLEO_CONSOLIDADO\LABORATORIO\posts_20251023T160517.json","51"
"C:\IOTEC\NUCLEO_CONSOLIDADO\LABORATORIO\posts_20251023T160416.json","51"
"C:\IOTEC\NUCLEO_CONSOLIDADO\LABORATORIO\posts_20251023T160316.json","51"
"C:\IOTEC\NUCLEO_CONSOLIDADO\LABORATORIO\posts_20251023T150744.json","51"
"C:\IOTEC\NUCLEO_CONSOLIDADO\LABORATORIO\posts_20251023T150639.json","51"
"C:\IOTEC\NUCLEO_CONSOLIDADO\LABORATORIO\posts_20251023T150534.json","51"
"C:\IOTEC\NUCLEO_CONSOLIDADO\LABORATORIO\posts_20251023T151100.json","51"
"C:\IOTEC\NUCLEO_CONSOLIDADO\LABORATORIO\posts_20251023T150955.json","51"
"C:\IOTEC\NUCLEO_CONSOLIDADO\LABORATORIO\posts_20251023T150850.json","51"
"C:\IOTEC\NUCLEO_CONSOLIDADO\LABORATORIO\posts_20251023T150429.json","51"
"C:\IOTEC\NUCLEO_CONSOLIDADO\LABORATORIO\posts_20251023T150018.json","51"
"C:\IOTEC\NUCLEO_CONSOLIDADO\LABORATORIO\posts_20251023T145918.json","51"
"C:\IOTEC\NUCLEO_CONSOLIDADO\LABORATORIO\posts_20251023T145818.json","51"
"C:\IOTEC\NUCLEO_CONSOLIDADO\LABORATORIO\posts_20251023T150324.json","51"
"C:\IOTEC\NUCLEO_CONSOLIDADO\LABORATORIO\posts_20251023T150219.json","51"
"C:\IOTEC\NUCLEO_CONSOLIDADO\LABORATORIO\posts_20251023T150118.json","51"
"C:\IOTEC\NUCLEO_CONSOLIDADO\LABORATORIO\posts_20251023T151205.json","51"
"C:\IOTEC\NUCLEO_CONSOLIDADO\LABORATORIO\posts_20251023T154209.json","51"
"C:\IOTEC\NUCLEO_CONSOLIDADO\LABORATORIO\posts_20251023T154109.json","51"
"C:\IOTEC\NUCLEO_CONSOLIDADO\LABORATORIO\posts_20251023T154009.json","51"
"C:\IOTEC\NUCLEO_CONSOLIDADO\LABORATORIO\posts_20251023T154510.json","51"
"C:\IOTEC\NUCLEO_CONSOLIDADO\LABORATORIO\posts_20251023T154410.json","51"
"C:\IOTEC\NUCLEO_CONSOLIDADO\LABORATORIO\posts_20251023T154310.json","51"
"C:\IOTEC\NUCLEO_CONSOLIDADO\LABORATORIO\posts_20251023T153909.json","51"
"C:\IOTEC\NUCLEO_CONSOLIDADO\LABORATORIO\posts_20251023T152555.json","51"
"C:\IOTEC\NUCLEO_CONSOLIDADO\LABORATORIO\posts_20251023T152455.json","51"
"C:\IOTEC\NUCLEO_CONSOLIDADO\LABORATORIO\posts_20251023T152355.json","51"
"C:\IOTEC\NUCLEO_CONSOLIDADO\LABORATORIO\posts_20251023T153809.json","51"
"C:\IOTEC\NUCLEO_CONSOLIDADO\LABORATORIO\posts_20251023T153648.json","51"
"C:\IOTEC\NUCLEO_CONSOLIDADO\LABORATORIO\posts_20251023T153548.json","51"
"C:\IOTEC\NUCLEO_CONSOLIDADO\LABORATORIO\posts_20251023T135736.json","51"
"C:\IOTEC\NUCLEO_CONSOLIDADO\LABORATORIO\posts_20251023T122730.json","51"
"C:\IOTEC\NUCLEO_CONSOLIDADO\LABORATORIO\posts_20251023T122630.json","51"
"C:\IOTEC\NUCLEO_CONSOLIDADO\LABORATORIO\posts_20251023T122530.json","51"
"C:\IOTEC\NUCLEO_CONSOLIDADO\LABORATORIO\posts_20251023T123031.json","51"
"C:\IOTEC\NUCLEO_CONSOLIDADO\LABORATORIO\posts_20251023T122931.json","51"
"C:\IOTEC\NUCLEO_CONSOLIDADO\LABORATORIO\posts_20251023T122831.json","51"
"C:\IOTEC\NUCLEO_CONSOLIDADO\LABORATORIO\posts_20251023T122430.json","51"
"C:\IOTEC\NUCLEO_CONSOLIDADO\LABORATORIO\posts_20251023T122030.json","51"
"C:\IOTEC\NUCLEO_CONSOLIDADO\LABORATORIO\posts_20251023T121930.json","51"
"C:\IOTEC\NUCLEO_CONSOLIDADO\LABORATORIO\posts_20251023T121830.json","51"
"C:\IOTEC\NUCLEO_CONSOLIDADO\LABORATORIO\posts_20251023T122330.json","51"
"C:\IOTEC\NUCLEO_CONSOLIDADO\LABORATORIO\posts_20251023T122230.json","51"
"C:\IOTEC\NUCLEO_CONSOLIDADO\LABORATORIO\posts_20251023T122130.json","51"
"C:\IOTEC\NUCLEO_CONSOLIDADO\LABORATORIO\posts_20251023T123131.json","51"
"C:\IOTEC\NUCLEO_CONSOLIDADO\LABORATORIO\posts_20251023T124132.json","51"
"C:\IOTEC\NUCLEO_CONSOLIDADO\LABORATORIO\posts_20251023T124032.json","51"
"C:\IOTEC\NUCLEO_CONSOLIDADO\LABORATORIO\posts_20251023T123932.json","51"
"C:\IOTEC\NUCLEO_CONSOLIDADO\LABORATORIO\posts_20251023T124433.json","51"
"C:\IOTEC\NUCLEO_CONSOLIDADO\LABORATORIO\posts_20251023T124333.json","51"
"C:\IOTEC\NUCLEO_CONSOLIDADO\LABORATORIO\posts_20251023T124232.json","51"
"C:\IOTEC\NUCLEO_CONSOLIDADO\LABORATORIO\posts_20251023T123832.json","51"
"C:\IOTEC\NUCLEO_CONSOLIDADO\LABORATORIO\posts_20251023T123431.json","51"
"C:\IOTEC\NUCLEO_CONSOLIDADO\LABORATORIO\posts_20251023T123331.json","51"
"C:\IOTEC\NUCLEO_CONSOLIDADO\LABORATORIO\posts_20251023T123231.json","51"
"C:\IOTEC\NUCLEO_CONSOLIDADO\LABORATORIO\posts_20251023T123732.json","51"
"C:\IOTEC\NUCLEO_CONSOLIDADO\LABORATORIO\posts_20251023T123632.json","51"
"C:\IOTEC\NUCLEO_CONSOLIDADO\LABORATORIO\posts_20251023T123531.json","51"
"C:\IOTEC\NUCLEO_CONSOLIDADO\LABORATORIO\posts_20251023T120026.json","51"
"C:\IOTEC\NUCLEO_CONSOLIDADO\LABORATORIO\posts_20251023T115926.json","51"
"C:\IOTEC\NUCLEO_CONSOLIDADO\LABORATORIO\posts_20251023T115825.json","51"
"C:\IOTEC\NUCLEO_CONSOLIDADO\LABORATORIO\posts_20251023T120327.json","51"
"C:\IOTEC\NUCLEO_CONSOLIDADO\LABORATORIO\posts_20251023T120226.json","51"
"C:\IOTEC\NUCLEO_CONSOLIDADO\LABORATORIO\posts_20251023T120126.json","51"
"C:\IOTEC\NUCLEO_CONSOLIDADO\LABORATORIO\posts_20251023T115725.json","51"
"C:\IOTEC\NUCLEO_CONSOLIDADO\LABORATORIO\posts_20251023T115324.json","51"
"C:\IOTEC\NUCLEO_CONSOLIDADO\LABORATORIO\posts_20251023T115224.json","51"
"C:\IOTEC\NUCLEO_CONSOLIDADO\LABORATORIO\posts_20251023T115124.json","51"
"C:\IOTEC\NUCLEO_CONSOLIDADO\LABORATORIO\posts_20251023T115625.json","51"
"C:\IOTEC\NUCLEO_CONSOLIDADO\LABORATORIO\posts_20251023T115525.json","51"
"C:\IOTEC\NUCLEO_CONSOLIDADO\LABORATORIO\posts_20251023T115425.json","51"
"C:\IOTEC\NUCLEO_CONSOLIDADO\LABORATORIO\posts_20251023T120427.json","51"
"C:\IOTEC\NUCLEO_CONSOLIDADO\LABORATORIO\posts_20251023T121429.json","51"
"C:\IOTEC\NUCLEO_CONSOLIDADO\LABORATORIO\posts_20251023T121329.json","51"
"C:\IOTEC\NUCLEO_CONSOLIDADO\LABORATORIO\posts_20251023T121229.json","51"
"C:\IOTEC\NUCLEO_CONSOLIDADO\LABORATORIO\posts_20251023T121730.json","51"
"C:\IOTEC\NUCLEO_CONSOLIDADO\LABORATORIO\posts_20251023T121629.json","51"
"C:\IOTEC\NUCLEO_CONSOLIDADO\LABORATORIO\posts_20251023T121529.json","51"
"C:\IOTEC\NUCLEO_CONSOLIDADO\LABORATORIO\posts_20251023T121129.json","51"
"C:\IOTEC\NUCLEO_CONSOLIDADO\LABORATORIO\posts_20251023T120728.json","51"
"C:\IOTEC\NUCLEO_CONSOLIDADO\LABORATORIO\posts_20251023T120628.json","51"
"C:\IOTEC\NUCLEO_CONSOLIDADO\LABORATORIO\posts_20251023T120527.json","51"
"C:\IOTEC\NUCLEO_CONSOLIDADO\LABORATORIO\posts_20251023T121029.json","51"
"C:\IOTEC\NUCLEO_CONSOLIDADO\LABORATORIO\posts_20251023T120928.json","51"
"C:\IOTEC\NUCLEO_CONSOLIDADO\LABORATORIO\posts_20251023T120828.json","51"
"C:\IOTEC\NUCLEO_CONSOLIDADO\LABORATORIO\posts_20251023T124533.json","51"
"C:\IOTEC\NUCLEO_CONSOLIDADO\LABORATORIO\posts_20251023T133902.json","51"
"C:\IOTEC\NUCLEO_CONSOLIDADO\LABORATORIO\posts_20251023T133756.json","51"
"C:\IOTEC\NUCLEO_CONSOLIDADO\LABORATORIO\posts_20251023T133656.json","51"
"C:\IOTEC\NUCLEO_CONSOLIDADO\LABORATORIO\posts_20251023T134217.json","51"
"C:\IOTEC\NUCLEO_CONSOLIDADO\LABORATORIO\posts_20251023T134112.json","51"
"C:\IOTEC\NUCLEO_CONSOLIDADO\LABORATORIO\posts_20251023T134007.json","51"
"C:\IOTEC\NUCLEO_CONSOLIDADO\LABORATORIO\posts_20251023T133556.json","51"
"C:\IOTEC\NUCLEO_CONSOLIDADO\LABORATORIO\posts_20251023T133146.json","51"
"C:\IOTEC\NUCLEO_CONSOLIDADO\LABORATORIO\posts_20251023T133040.json","51"
"C:\IOTEC\NUCLEO_CONSOLIDADO\LABORATORIO\posts_20251023T132940.json","51"
"C:\IOTEC\NUCLEO_CONSOLIDADO\LABORATORIO\posts_20251023T133456.json","51"
"C:\IOTEC\NUCLEO_CONSOLIDADO\LABORATORIO\posts_20251023T133356.json","51"
"C:\IOTEC\NUCLEO_CONSOLIDADO\LABORATORIO\posts_20251023T133251.json","51"
"C:\IOTEC\NUCLEO_CONSOLIDADO\LABORATORIO\posts_20251023T134317.json","51"
"C:\IOTEC\NUCLEO_CONSOLIDADO\LABORATORIO\posts_20251023T135336.json","51"
"C:\IOTEC\NUCLEO_CONSOLIDADO\LABORATORIO\posts_20251023T135224.json","51"
"C:\IOTEC\NUCLEO_CONSOLIDADO\LABORATORIO\posts_20251023T135124.json","51"
"C:\IOTEC\NUCLEO_CONSOLIDADO\LABORATORIO\posts_20251023T135636.json","51"
"C:\IOTEC\NUCLEO_CONSOLIDADO\LABORATORIO\posts_20251023T135536.json","51"
"C:\IOTEC\NUCLEO_CONSOLIDADO\LABORATORIO\posts_20251023T135436.json","51"
"C:\IOTEC\NUCLEO_CONSOLIDADO\LABORATORIO\posts_20251023T135024.json","51"
"C:\IOTEC\NUCLEO_CONSOLIDADO\LABORATORIO\posts_20251023T134618.json","51"
"C:\IOTEC\NUCLEO_CONSOLIDADO\LABORATORIO\posts_20251023T134518.json","51"
"C:\IOTEC\NUCLEO_CONSOLIDADO\LABORATORIO\posts_20251023T134417.json","51"
"C:\IOTEC\NUCLEO_CONSOLIDADO\LABORATORIO\posts_20251023T134923.json","51"
"C:\IOTEC\NUCLEO_CONSOLIDADO\LABORATORIO\posts_20251023T134823.json","51"
"C:\IOTEC\NUCLEO_CONSOLIDADO\LABORATORIO\posts_20251023T134718.json","51"
"C:\IOTEC\NUCLEO_CONSOLIDADO\LABORATORIO\posts_20251023T131027.json","51"
"C:\IOTEC\NUCLEO_CONSOLIDADO\LABORATORIO\posts_20251023T130920.json","51"
"C:\IOTEC\NUCLEO_CONSOLIDADO\LABORATORIO\posts_20251023T130815.json","51"
"C:\IOTEC\NUCLEO_CONSOLIDADO\LABORATORIO\posts_20251023T131341.json","51"
"C:\IOTEC\NUCLEO_CONSOLIDADO\LABORATORIO\posts_20251023T131233.json","51"
"C:\IOTEC\NUCLEO_CONSOLIDADO\LABORATORIO\posts_20251023T131128.json","51"
"C:\IOTEC\NUCLEO_CONSOLIDADO\LABORATORIO\posts_20251023T130710.json","51"
"C:\IOTEC\NUCLEO_CONSOLIDADO\LABORATORIO\posts_20251023T124845.json","51"
"C:\IOTEC\NUCLEO_CONSOLIDADO\LABORATORIO\posts_20251023T124739.json","51"
"C:\IOTEC\NUCLEO_CONSOLIDADO\LABORATORIO\posts_20251023T124633.json","51"
"C:\IOTEC\NUCLEO_CONSOLIDADO\LABORATORIO\posts_20251023T130604.json","51"
"C:\IOTEC\NUCLEO_CONSOLIDADO\LABORATORIO\posts_20251023T125055.json","51"
"C:\IOTEC\NUCLEO_CONSOLIDADO\LABORATORIO\posts_20251023T124950.json","51"
"C:\IOTEC\NUCLEO_CONSOLIDADO\LABORATORIO\posts_20251023T131446.json","51"
"C:\IOTEC\NUCLEO_CONSOLIDADO\LABORATORIO\posts_20251023T132520.json","51"
"C:\IOTEC\NUCLEO_CONSOLIDADO\LABORATORIO\posts_20251023T132419.json","51"
"C:\IOTEC\NUCLEO_CONSOLIDADO\LABORATORIO\posts_20251023T132319.json","51"
"C:\IOTEC\NUCLEO_CONSOLIDADO\LABORATORIO\posts_20251023T132835.json","51"
"C:\IOTEC\NUCLEO_CONSOLIDADO\LABORATORIO\posts_20251023T132730.json","51"
"C:\IOTEC\NUCLEO_CONSOLIDADO\LABORATORIO\posts_20251023T132625.json","51"
"C:\IOTEC\NUCLEO_CONSOLIDADO\LABORATORIO\posts_20251023T132214.json","51"
"C:\IOTEC\NUCLEO_CONSOLIDADO\LABORATORIO\posts_20251023T131803.json","51"
"C:\IOTEC\NUCLEO_CONSOLIDADO\LABORATORIO\posts_20251023T131651.json","51"
"C:\IOTEC\NUCLEO_CONSOLIDADO\LABORATORIO\posts_20251023T131551.json","51"
"C:\IOTEC\NUCLEO_CONSOLIDADO\LABORATORIO\posts_20251023T132114.json","51"
"C:\IOTEC\NUCLEO_CONSOLIDADO\LABORATORIO\posts_20251023T132014.json","51"
"C:\IOTEC\NUCLEO_CONSOLIDADO\LABORATORIO\posts_20251023T131908.json","51"
"C:\IOTEC\NUCLEO_CONSOLIDADO\LABORATORIO\posts_20251023T000525.json","51"
"C:\IOTEC\NUCLEO_CONSOLIDADO\LABORATORIO\posts_20251023T000425.json","51"
"C:\IOTEC\NUCLEO_CONSOLIDADO\LABORATORIO\posts_20251023T000324.json","51"
"C:\IOTEC\NUCLEO_CONSOLIDADO\LABORATORIO\posts_20251023T000826.json","51"
"C:\IOTEC\NUCLEO_CONSOLIDADO\LABORATORIO\posts_20251023T000726.json","51"
"C:\IOTEC\NUCLEO_CONSOLIDADO\LABORATORIO\posts_20251023T000625.json","51"
"C:\IOTEC\NUCLEO_CONSOLIDADO\LABORATORIO\posts_20251023T000224.json","51"
"C:\IOTEC\NUCLEO_CONSOLIDADO\LABORATORIO\posts_20251022T235824.json","51"
"C:\IOTEC\NUCLEO_CONSOLIDADO\LABORATORIO\posts_20251022T235724.json","51"
"C:\IOTEC\NUCLEO_CONSOLIDADO\LABORATORIO\posts_20251022T235624.json","51"
"C:\IOTEC\NUCLEO_CONSOLIDADO\LABORATORIO\posts_20251023T000124.json","51"
"C:\IOTEC\NUCLEO_CONSOLIDADO\LABORATORIO\posts_20251023T000024.json","51"
"C:\IOTEC\NUCLEO_CONSOLIDADO\LABORATORIO\posts_20251022T235924.json","51"
"C:\IOTEC\NUCLEO_CONSOLIDADO\LABORATORIO\posts_20251023T000926.json","51"
"C:\IOTEC\NUCLEO_CONSOLIDADO\LABORATORIO\posts_20251023T001927.json","51"
"C:\IOTEC\NUCLEO_CONSOLIDADO\LABORATORIO\posts_20251023T001826.json","51"
"C:\IOTEC\NUCLEO_CONSOLIDADO\LABORATORIO\posts_20251023T001726.json","51"
"C:\IOTEC\NUCLEO_CONSOLIDADO\LABORATORIO\posts_20251023T002227.json","51"
"C:\IOTEC\NUCLEO_CONSOLIDADO\LABORATORIO\posts_20251023T002127.json","51"
"C:\IOTEC\NUCLEO_CONSOLIDADO\LABORATORIO\posts_20251023T002027.json","51"
"C:\IOTEC\NUCLEO_CONSOLIDADO\LABORATORIO\posts_20251023T001626.json","51"
"C:\IOTEC\NUCLEO_CONSOLIDADO\LABORATORIO\posts_20251023T001226.json","51"
"C:\IOTEC\NUCLEO_CONSOLIDADO\LABORATORIO\posts_20251023T001126.json","51"
"C:\IOTEC\NUCLEO_CONSOLIDADO\LABORATORIO\posts_20251023T001026.json","51"
"C:\IOTEC\NUCLEO_CONSOLIDADO\LABORATORIO\posts_20251023T001526.json","51"
"C:\IOTEC\NUCLEO_CONSOLIDADO\LABORATORIO\posts_20251023T001426.json","51"
"C:\IOTEC\NUCLEO_CONSOLIDADO\LABORATORIO\posts_20251023T001326.json","51"
"C:\IOTEC\NUCLEO_CONSOLIDADO\LABORATORIO\posts_20251022T233819.json","51"
"C:\IOTEC\NUCLEO_CONSOLIDADO\LABORATORIO\posts_20251022T233719.json","51"
"C:\IOTEC\NUCLEO_CONSOLIDADO\LABORATORIO\posts_20251022T233619.json","51"
"C:\IOTEC\NUCLEO_CONSOLIDADO\LABORATORIO\posts_20251022T234120.json","51"
"C:\IOTEC\NUCLEO_CONSOLIDADO\LABORATORIO\posts_20251022T234020.json","51"
"C:\IOTEC\NUCLEO_CONSOLIDADO\LABORATORIO\posts_20251022T233920.json","51"
"C:\IOTEC\NUCLEO_CONSOLIDADO\LABORATORIO\posts_20251022T233519.json","51"
"C:\IOTEC\NUCLEO_CONSOLIDADO\LABORATORIO\posts_20251022T233119.json","51"
"C:\IOTEC\NUCLEO_CONSOLIDADO\LABORATORIO\posts_20251022T233018.json","51"
"C:\IOTEC\NUCLEO_CONSOLIDADO\LABORATORIO\posts_20251022T232918.json","51"
"C:\IOTEC\NUCLEO_CONSOLIDADO\LABORATORIO\posts_20251022T233419.json","51"
"C:\IOTEC\NUCLEO_CONSOLIDADO\LABORATORIO\posts_20251022T233319.json","51"
"C:\IOTEC\NUCLEO_CONSOLIDADO\LABORATORIO\posts_20251022T233219.json","51"
"C:\IOTEC\NUCLEO_CONSOLIDADO\LABORATORIO\posts_20251022T234220.json","51"
"C:\IOTEC\NUCLEO_CONSOLIDADO\LABORATORIO\posts_20251022T235223.json","51"
"C:\IOTEC\NUCLEO_CONSOLIDADO\LABORATORIO\posts_20251022T235123.json","51"
"C:\IOTEC\NUCLEO_CONSOLIDADO\LABORATORIO\posts_20251022T235023.json","51"
"C:\IOTEC\NUCLEO_CONSOLIDADO\LABORATORIO\posts_20251022T235523.json","51"
"C:\IOTEC\NUCLEO_CONSOLIDADO\LABORATORIO\posts_20251022T235423.json","51"
"C:\IOTEC\NUCLEO_CONSOLIDADO\LABORATORIO\posts_20251022T235323.json","51"
"C:\IOTEC\NUCLEO_CONSOLIDADO\LABORATORIO\posts_20251022T234923.json","51"
"C:\IOTEC\NUCLEO_CONSOLIDADO\LABORATORIO\posts_20251022T234521.json","51"
"C:\IOTEC\NUCLEO_CONSOLIDADO\LABORATORIO\posts_20251022T234421.json","51"
"C:\IOTEC\NUCLEO_CONSOLIDADO\LABORATORIO\posts_20251022T234321.json","51"
"C:\IOTEC\NUCLEO_CONSOLIDADO\LABORATORIO\posts_20251022T234822.json","51"
"C:\IOTEC\NUCLEO_CONSOLIDADO\LABORATORIO\posts_20251022T234721.json","51"
"C:\IOTEC\NUCLEO_CONSOLIDADO\LABORATORIO\posts_20251022T234621.json","51"
"C:\IOTEC\NUCLEO_CONSOLIDADO\LABORATORIO\posts_20251023T002327.json","51"
"C:\IOTEC\NUCLEO_CONSOLIDADO\LABORATORIO\posts_20251023T010030.json","51"
"C:\IOTEC\NUCLEO_CONSOLIDADO\LABORATORIO\posts_20251023T005930.json","51"
"C:\IOTEC\NUCLEO_CONSOLIDADO\LABORATORIO\posts_20251023T005830.json","51"
"C:\IOTEC\NUCLEO_CONSOLIDADO\LABORATORIO\posts_20251023T010330.json","51"
"C:\IOTEC\NUCLEO_CONSOLIDADO\LABORATORIO\posts_20251023T010230.json","51"
"C:\IOTEC\NUCLEO_CONSOLIDADO\LABORATORIO\posts_20251023T010130.json","51"
"C:\IOTEC\NUCLEO_CONSOLIDADO\LABORATORIO\posts_20251023T005729.json","51"
"C:\IOTEC\NUCLEO_CONSOLIDADO\LABORATORIO\posts_20251023T005329.json","51"
"C:\IOTEC\NUCLEO_CONSOLIDADO\LABORATORIO\posts_20251023T005229.json","51"
"C:\IOTEC\NUCLEO_CONSOLIDADO\LABORATORIO\posts_20251023T005129.json","51"
"C:\IOTEC\NUCLEO_CONSOLIDADO\LABORATORIO\posts_20251023T005629.json","51"
"C:\IOTEC\NUCLEO_CONSOLIDADO\LABORATORIO\posts_20251023T005529.json","51"
"C:\IOTEC\NUCLEO_CONSOLIDADO\LABORATORIO\posts_20251023T005429.json","51"
"C:\IOTEC\NUCLEO_CONSOLIDADO\LABORATORIO\posts_20251023T010430.json","51"
"C:\IOTEC\NUCLEO_CONSOLIDADO\LABORATORIO\posts_20251023T011431.json","51"
"C:\IOTEC\NUCLEO_CONSOLIDADO\LABORATORIO\posts_20251023T011331.json","51"
"C:\IOTEC\NUCLEO_CONSOLIDADO\LABORATORIO\posts_20251023T011231.json","51"
"C:\IOTEC\NUCLEO_CONSOLIDADO\LABORATORIO\posts_20251023T011731.json","51"
"C:\IOTEC\NUCLEO_CONSOLIDADO\LABORATORIO\posts_20251023T011631.json","51"
"C:\IOTEC\NUCLEO_CONSOLIDADO\LABORATORIO\posts_20251023T011531.json","51"
"C:\IOTEC\NUCLEO_CONSOLIDADO\LABORATORIO\posts_20251023T011130.json","51"
"C:\IOTEC\NUCLEO_CONSOLIDADO\LABORATORIO\posts_20251023T010730.json","51"
"C:\IOTEC\NUCLEO_CONSOLIDADO\LABORATORIO\posts_20251023T010630.json","51"
"C:\IOTEC\NUCLEO_CONSOLIDADO\LABORATORIO\posts_20251023T010530.json","51"
"C:\IOTEC\NUCLEO_CONSOLIDADO\LABORATORIO\posts_20251023T011030.json","51"
"C:\IOTEC\NUCLEO_CONSOLIDADO\LABORATORIO\posts_20251023T010930.json","51"
"C:\IOTEC\NUCLEO_CONSOLIDADO\LABORATORIO\posts_20251023T010830.json","51"
"C:\IOTEC\NUCLEO_CONSOLIDADO\LABORATORIO\posts_20251023T003328.json","51"
"C:\IOTEC\NUCLEO_CONSOLIDADO\LABORATORIO\posts_20251023T003228.json","51"
"C:\IOTEC\NUCLEO_CONSOLIDADO\LABORATORIO\posts_20251023T003127.json","51"
"C:\IOTEC\NUCLEO_CONSOLIDADO\LABORATORIO\posts_20251023T003628.json","51"
"C:\IOTEC\NUCLEO_CONSOLIDADO\LABORATORIO\posts_20251023T003528.json","51"
"C:\IOTEC\NUCLEO_CONSOLIDADO\LABORATORIO\posts_20251023T003428.json","51"
"C:\IOTEC\NUCLEO_CONSOLIDADO\LABORATORIO\posts_20251023T003027.json","51"
"C:\IOTEC\NUCLEO_CONSOLIDADO\LABORATORIO\posts_20251023T002627.json","51"
"C:\IOTEC\NUCLEO_CONSOLIDADO\LABORATORIO\posts_20251023T002527.json","51"
"C:\IOTEC\NUCLEO_CONSOLIDADO\LABORATORIO\posts_20251023T002427.json","51"
"C:\IOTEC\NUCLEO_CONSOLIDADO\LABORATORIO\posts_20251023T002927.json","51"
"C:\IOTEC\NUCLEO_CONSOLIDADO\LABORATORIO\posts_20251023T002827.json","51"
"C:\IOTEC\NUCLEO_CONSOLIDADO\LABORATORIO\posts_20251023T002727.json","51"
"C:\IOTEC\NUCLEO_CONSOLIDADO\LABORATORIO\posts_20251023T003728.json","51"
"C:\IOTEC\NUCLEO_CONSOLIDADO\LABORATORIO\posts_20251023T004729.json","51"
"C:\IOTEC\NUCLEO_CONSOLIDADO\LABORATORIO\posts_20251023T004629.json","51"
"C:\IOTEC\NUCLEO_CONSOLIDADO\LABORATORIO\posts_20251023T004529.json","51"
"C:\IOTEC\NUCLEO_CONSOLIDADO\LABORATORIO\posts_20251023T005029.json","51"
"C:\IOTEC\NUCLEO_CONSOLIDADO\LABORATORIO\posts_20251023T004929.json","51"
"C:\IOTEC\NUCLEO_CONSOLIDADO\LABORATORIO\posts_20251023T004829.json","51"
"C:\IOTEC\NUCLEO_CONSOLIDADO\LABORATORIO\posts_20251023T004429.json","51"
"C:\IOTEC\NUCLEO_CONSOLIDADO\LABORATORIO\posts_20251023T004028.json","51"
"C:\IOTEC\NUCLEO_CONSOLIDADO\LABORATORIO\posts_20251023T003928.json","51"
"C:\IOTEC\NUCLEO_CONSOLIDADO\LABORATORIO\posts_20251023T003828.json","51"
"C:\IOTEC\NUCLEO_CONSOLIDADO\LABORATORIO\posts_20251023T004328.json","51"
"C:\IOTEC\NUCLEO_CONSOLIDADO\LABORATORIO\posts_20251023T004228.json","51"
"C:\IOTEC\NUCLEO_CONSOLIDADO\LABORATORIO\posts_20251023T004128.json","51"
"C:\IOTEC\NUCLEO_CONSOLIDADO\LABORATORIO\posts_20251022T232818.json","51"
"C:\IOTEC\NUCLEO_CONSOLIDADO\LABORATORIO\posts_20251022T221506.json","51"
"C:\IOTEC\NUCLEO_CONSOLIDADO\LABORATORIO\posts_20251022T221406.json","51"
"C:\IOTEC\NUCLEO_CONSOLIDADO\LABORATORIO\posts_20251022T221306.json","51"
"C:\IOTEC\NUCLEO_CONSOLIDADO\LABORATORIO\posts_20251022T221807.json","51"
"C:\IOTEC\NUCLEO_CONSOLIDADO\LABORATORIO\posts_20251022T221707.json","51"
"C:\IOTEC\NUCLEO_CONSOLIDADO\LABORATORIO\posts_20251022T221607.json","51"
"C:\IOTEC\NUCLEO_CONSOLIDADO\LABORATORIO\posts_20251022T221206.json","51"
"C:\IOTEC\NUCLEO_CONSOLIDADO\LABORATORIO\posts_20251022T220805.json","51"
"C:\IOTEC\NUCLEO_CONSOLIDADO\LABORATORIO\posts_20251022T220705.json","51"
"C:\IOTEC\NUCLEO_CONSOLIDADO\LABORATORIO\posts_20251022T220604.json","51"
"C:\IOTEC\NUCLEO_CONSOLIDADO\LABORATORIO\posts_20251022T221106.json","51"
"C:\IOTEC\NUCLEO_CONSOLIDADO\LABORATORIO\posts_20251022T221005.json","51"
"C:\IOTEC\NUCLEO_CONSOLIDADO\LABORATORIO\posts_20251022T220905.json","51"
"C:\IOTEC\NUCLEO_CONSOLIDADO\LABORATORIO\posts_20251022T221908.json","51"
"C:\IOTEC\NUCLEO_CONSOLIDADO\LABORATORIO\posts_20251022T222910.json","51"
"C:\IOTEC\NUCLEO_CONSOLIDADO\LABORATORIO\posts_20251022T222810.json","51"
"C:\IOTEC\NUCLEO_CONSOLIDADO\LABORATORIO\posts_20251022T222710.json","51"
"C:\IOTEC\NUCLEO_CONSOLIDADO\LABORATORIO\posts_20251022T223210.json","51"
"C:\IOTEC\NUCLEO_CONSOLIDADO\LABORATORIO\posts_20251022T223110.json","51"
"C:\IOTEC\NUCLEO_CONSOLIDADO\LABORATORIO\posts_20251022T223010.json","51"
"C:\IOTEC\NUCLEO_CONSOLIDADO\LABORATORIO\posts_20251022T222610.json","51"
"C:\IOTEC\NUCLEO_CONSOLIDADO\LABORATORIO\posts_20251022T222208.json","51"
"C:\IOTEC\NUCLEO_CONSOLIDADO\LABORATORIO\posts_20251022T222108.json","51"
"C:\IOTEC\NUCLEO_CONSOLIDADO\LABORATORIO\posts_20251022T222008.json","51"
"C:\IOTEC\NUCLEO_CONSOLIDADO\LABORATORIO\posts_20251022T222509.json","51"
"C:\IOTEC\NUCLEO_CONSOLIDADO\LABORATORIO\posts_20251022T222409.json","51"
"C:\IOTEC\NUCLEO_CONSOLIDADO\LABORATORIO\posts_20251022T222309.json","51"
"C:\IOTEC\NUCLEO_CONSOLIDADO\LABORATORIO\posts_20251022T214800.json","51"
"C:\IOTEC\NUCLEO_CONSOLIDADO\LABORATORIO\posts_20251022T214700.json","51"
"C:\IOTEC\NUCLEO_CONSOLIDADO\LABORATORIO\posts_20251022T214559.json","51"
"C:\IOTEC\NUCLEO_CONSOLIDADO\LABORATORIO\posts_20251022T215101.json","51"
"C:\IOTEC\NUCLEO_CONSOLIDADO\LABORATORIO\posts_20251022T215001.json","51"
"C:\IOTEC\NUCLEO_CONSOLIDADO\LABORATORIO\posts_20251022T214900.json","51"
"C:\IOTEC\NUCLEO_CONSOLIDADO\LABORATORIO\posts_20251022T214459.json","51"
"C:\IOTEC\NUCLEO_CONSOLIDADO\LABORATORIO\posts_20251022T214047.json","51"
"C:\IOTEC\NUCLEO_CONSOLIDADO\LABORATORIO\posts_20251022T213947.json","51"
"C:\IOTEC\NUCLEO_CONSOLIDADO\LABORATORIO\posts_20251022T213847.json","51"
"C:\IOTEC\NUCLEO_CONSOLIDADO\LABORATORIO\posts_20251022T214359.json","51"
"C:\IOTEC\NUCLEO_CONSOLIDADO\LABORATORIO\posts_20251022T214249.json","51"
"C:\IOTEC\NUCLEO_CONSOLIDADO\LABORATORIO\posts_20251022T214147.json","51"
"C:\IOTEC\NUCLEO_CONSOLIDADO\LABORATORIO\posts_20251022T215201.json","51"
"C:\IOTEC\NUCLEO_CONSOLIDADO\LABORATORIO\posts_20251022T220204.json","51"
"C:\IOTEC\NUCLEO_CONSOLIDADO\LABORATORIO\posts_20251022T220104.json","51"
"C:\IOTEC\NUCLEO_CONSOLIDADO\LABORATORIO\posts_20251022T220003.json","51"
"C:\IOTEC\NUCLEO_CONSOLIDADO\LABORATORIO\posts_20251022T220504.json","51"
"C:\IOTEC\NUCLEO_CONSOLIDADO\LABORATORIO\posts_20251022T220404.json","51"
"C:\IOTEC\NUCLEO_CONSOLIDADO\LABORATORIO\posts_20251022T220304.json","51"
"C:\IOTEC\NUCLEO_CONSOLIDADO\LABORATORIO\posts_20251022T215903.json","51"
"C:\IOTEC\NUCLEO_CONSOLIDADO\LABORATORIO\posts_20251022T215502.json","51"
"C:\IOTEC\NUCLEO_CONSOLIDADO\LABORATORIO\posts_20251022T215402.json","51"
"C:\IOTEC\NUCLEO_CONSOLIDADO\LABORATORIO\posts_20251022T215302.json","51"
"C:\IOTEC\NUCLEO_CONSOLIDADO\LABORATORIO\posts_20251022T215803.json","51"
"C:\IOTEC\NUCLEO_CONSOLIDADO\LABORATORIO\posts_20251022T215703.json","51"
"C:\IOTEC\NUCLEO_CONSOLIDADO\LABORATORIO\posts_20251022T215603.json","51"
"C:\IOTEC\NUCLEO_CONSOLIDADO\LABORATORIO\posts_20251022T223311.json","51"
"C:\IOTEC\NUCLEO_CONSOLIDADO\LABORATORIO\posts_20251022T231015.json","51"
"C:\IOTEC\NUCLEO_CONSOLIDADO\LABORATORIO\posts_20251022T230915.json","51"
"C:\IOTEC\NUCLEO_CONSOLIDADO\LABORATORIO\posts_20251022T230815.json","51"
"C:\IOTEC\NUCLEO_CONSOLIDADO\LABORATORIO\posts_20251022T231317.json","51"
"C:\IOTEC\NUCLEO_CONSOLIDADO\LABORATORIO\posts_20251022T231217.json","51"
"C:\IOTEC\NUCLEO_CONSOLIDADO\LABORATORIO\posts_20251022T231116.json","51"
"C:\IOTEC\NUCLEO_CONSOLIDADO\LABORATORIO\posts_20251022T230715.json","51"
"C:\IOTEC\NUCLEO_CONSOLIDADO\LABORATORIO\posts_20251022T230315.json","51"
"C:\IOTEC\NUCLEO_CONSOLIDADO\LABORATORIO\posts_20251022T230215.json","51"
"C:\IOTEC\NUCLEO_CONSOLIDADO\LABORATORIO\posts_20251022T230114.json","51"
"C:\IOTEC\NUCLEO_CONSOLIDADO\LABORATORIO\posts_20251022T230615.json","51"
"C:\IOTEC\NUCLEO_CONSOLIDADO\LABORATORIO\posts_20251022T230515.json","51"
"C:\IOTEC\NUCLEO_CONSOLIDADO\LABORATORIO\posts_20251022T230415.json","51"
"C:\IOTEC\NUCLEO_CONSOLIDADO\LABORATORIO\posts_20251022T231417.json","51"
"C:\IOTEC\NUCLEO_CONSOLIDADO\LABORATORIO\posts_20251022T232418.json","51"
"C:\IOTEC\NUCLEO_CONSOLIDADO\LABORATORIO\posts_20251022T232318.json","51"
"C:\IOTEC\NUCLEO_CONSOLIDADO\LABORATORIO\posts_20251022T232218.json","51"
"C:\IOTEC\NUCLEO_CONSOLIDADO\LABORATORIO\posts_20251022T232718.json","51"
"C:\IOTEC\NUCLEO_CONSOLIDADO\LABORATORIO\posts_20251022T232618.json","51"
"C:\IOTEC\NUCLEO_CONSOLIDADO\LABORATORIO\posts_20251022T232518.json","51"
"C:\IOTEC\NUCLEO_CONSOLIDADO\LABORATORIO\posts_20251022T232118.json","51"
"C:\IOTEC\NUCLEO_CONSOLIDADO\LABORATORIO\posts_20251022T231717.json","51"
"C:\IOTEC\NUCLEO_CONSOLIDADO\LABORATORIO\posts_20251022T231617.json","51"
"C:\IOTEC\NUCLEO_CONSOLIDADO\LABORATORIO\posts_20251022T231517.json","51"
"C:\IOTEC\NUCLEO_CONSOLIDADO\LABORATORIO\posts_20251022T232017.json","51"
"C:\IOTEC\NUCLEO_CONSOLIDADO\LABORATORIO\posts_20251022T231917.json","51"
"C:\IOTEC\NUCLEO_CONSOLIDADO\LABORATORIO\posts_20251022T231817.json","51"
"C:\IOTEC\NUCLEO_CONSOLIDADO\LABORATORIO\posts_20251022T224312.json","51"
"C:\IOTEC\NUCLEO_CONSOLIDADO\LABORATORIO\posts_20251022T224212.json","51"
"C:\IOTEC\NUCLEO_CONSOLIDADO\LABORATORIO\posts_20251022T224112.json","51"
"C:\IOTEC\NUCLEO_CONSOLIDADO\LABORATORIO\posts_20251022T224612.json","51"
"C:\IOTEC\NUCLEO_CONSOLIDADO\LABORATORIO\posts_20251022T224512.json","51"
"C:\IOTEC\NUCLEO_CONSOLIDADO\LABORATORIO\posts_20251022T224412.json","51"
"C:\IOTEC\NUCLEO_CONSOLIDADO\LABORATORIO\posts_20251022T224011.json","51"
"C:\IOTEC\NUCLEO_CONSOLIDADO\LABORATORIO\posts_20251022T223611.json","51"
"C:\IOTEC\NUCLEO_CONSOLIDADO\LABORATORIO\posts_20251022T223511.json","51"
"C:\IOTEC\NUCLEO_CONSOLIDADO\LABORATORIO\posts_20251022T223411.json","51"
"C:\IOTEC\NUCLEO_CONSOLIDADO\LABORATORIO\posts_20251022T223911.json","51"
"C:\IOTEC\NUCLEO_CONSOLIDADO\LABORATORIO\posts_20251022T223811.json","51"
"C:\IOTEC\NUCLEO_CONSOLIDADO\LABORATORIO\posts_20251022T223711.json","51"
"C:\IOTEC\NUCLEO_CONSOLIDADO\LABORATORIO\posts_20251022T224712.json","51"
"C:\IOTEC\NUCLEO_CONSOLIDADO\LABORATORIO\posts_20251022T225714.json","51"
"C:\IOTEC\NUCLEO_CONSOLIDADO\LABORATORIO\posts_20251022T225614.json","51"
"C:\IOTEC\NUCLEO_CONSOLIDADO\LABORATORIO\posts_20251022T225514.json","51"
"C:\IOTEC\NUCLEO_CONSOLIDADO\LABORATORIO\posts_20251022T230014.json","51"
"C:\IOTEC\NUCLEO_CONSOLIDADO\LABORATORIO\posts_20251022T225914.json","51"
"C:\IOTEC\NUCLEO_CONSOLIDADO\LABORATORIO\posts_20251022T225814.json","51"
"C:\IOTEC\NUCLEO_CONSOLIDADO\LABORATORIO\posts_20251022T225413.json","51"
"C:\IOTEC\NUCLEO_CONSOLIDADO\LABORATORIO\posts_20251022T225013.json","51"
"C:\IOTEC\NUCLEO_CONSOLIDADO\LABORATORIO\posts_20251022T224913.json","51"
"C:\IOTEC\NUCLEO_CONSOLIDADO\LABORATORIO\posts_20251022T224812.json","51"
"C:\IOTEC\NUCLEO_CONSOLIDADO\LABORATORIO\posts_20251022T225313.json","51"
"C:\IOTEC\NUCLEO_CONSOLIDADO\LABORATORIO\posts_20251022T225213.json","51"
"C:\IOTEC\NUCLEO_CONSOLIDADO\LABORATORIO\posts_20251022T225113.json","51"
"C:\IOTEC\NUCLEO_CONSOLIDADO\LABORATORIO\posts_20251023T011831.json","51"
"C:\IOTEC\NUCLEO_CONSOLIDADO\LABORATORIO\posts_20251023T065613.json","51"
"C:\IOTEC\NUCLEO_CONSOLIDADO\LABORATORIO\posts_20251023T065513.json","51"
"C:\IOTEC\NUCLEO_CONSOLIDADO\LABORATORIO\posts_20251023T065413.json","51"
"C:\IOTEC\NUCLEO_CONSOLIDADO\LABORATORIO\posts_20251023T065914.json","51"
"C:\IOTEC\NUCLEO_CONSOLIDADO\LABORATORIO\posts_20251023T065814.json","51"
"C:\IOTEC\NUCLEO_CONSOLIDADO\LABORATORIO\posts_20251023T065714.json","51"
"C:\IOTEC\NUCLEO_CONSOLIDADO\LABORATORIO\posts_20251023T065313.json","51"
"C:\IOTEC\NUCLEO_CONSOLIDADO\LABORATORIO\posts_20251023T064913.json","51"
"C:\IOTEC\NUCLEO_CONSOLIDADO\LABORATORIO\posts_20251023T064813.json","51"
"C:\IOTEC\NUCLEO_CONSOLIDADO\LABORATORIO\posts_20251023T064713.json","51"
"C:\IOTEC\NUCLEO_CONSOLIDADO\LABORATORIO\posts_20251023T065213.json","51"
"C:\IOTEC\NUCLEO_CONSOLIDADO\LABORATORIO\posts_20251023T065113.json","51"
"C:\IOTEC\NUCLEO_CONSOLIDADO\LABORATORIO\posts_20251023T065013.json","51"
"C:\IOTEC\NUCLEO_CONSOLIDADO\LABORATORIO\posts_20251023T070014.json","51"
"C:\IOTEC\NUCLEO_CONSOLIDADO\LABORATORIO\posts_20251023T071015.json","51"
"C:\IOTEC\NUCLEO_CONSOLIDADO\LABORATORIO\posts_20251023T070915.json","51"
"C:\IOTEC\NUCLEO_CONSOLIDADO\LABORATORIO\posts_20251023T070815.json","51"
"C:\IOTEC\NUCLEO_CONSOLIDADO\LABORATORIO\posts_20251023T071316.json","51"
"C:\IOTEC\NUCLEO_CONSOLIDADO\LABORATORIO\posts_20251023T071216.json","51"
"C:\IOTEC\NUCLEO_CONSOLIDADO\LABORATORIO\posts_20251023T071116.json","51"
"C:\IOTEC\NUCLEO_CONSOLIDADO\LABORATORIO\posts_20251023T070715.json","51"
"C:\IOTEC\NUCLEO_CONSOLIDADO\LABORATORIO\posts_20251023T070314.json","51"
"C:\IOTEC\NUCLEO_CONSOLIDADO\LABORATORIO\posts_20251023T070214.json","51"
"C:\IOTEC\NUCLEO_CONSOLIDADO\LABORATORIO\posts_20251023T070114.json","51"
"C:\IOTEC\NUCLEO_CONSOLIDADO\LABORATORIO\posts_20251023T070615.json","51"
"C:\IOTEC\NUCLEO_CONSOLIDADO\LABORATORIO\posts_20251023T070515.json","51"
"C:\IOTEC\NUCLEO_CONSOLIDADO\LABORATORIO\posts_20251023T070415.json","51"
"C:\IOTEC\NUCLEO_CONSOLIDADO\LABORATORIO\posts_20251023T062910.json","51"
"C:\IOTEC\NUCLEO_CONSOLIDADO\LABORATORIO\posts_20251023T062810.json","51"
"C:\IOTEC\NUCLEO_CONSOLIDADO\LABORATORIO\posts_20251023T062710.json","51"
"C:\IOTEC\NUCLEO_CONSOLIDADO\LABORATORIO\posts_20251023T063211.json","51"
"C:\IOTEC\NUCLEO_CONSOLIDADO\LABORATORIO\posts_20251023T063111.json","51"
"C:\IOTEC\NUCLEO_CONSOLIDADO\LABORATORIO\posts_20251023T063011.json","51"
"C:\IOTEC\NUCLEO_CONSOLIDADO\LABORATORIO\posts_20251023T062610.json","51"
"C:\IOTEC\NUCLEO_CONSOLIDADO\LABORATORIO\posts_20251023T062209.json","51"
"C:\IOTEC\NUCLEO_CONSOLIDADO\LABORATORIO\posts_20251023T062109.json","51"
"C:\IOTEC\NUCLEO_CONSOLIDADO\LABORATORIO\posts_20251023T062009.json","51"
"C:\IOTEC\NUCLEO_CONSOLIDADO\LABORATORIO\posts_20251023T062510.json","51"
"C:\IOTEC\NUCLEO_CONSOLIDADO\LABORATORIO\posts_20251023T062410.json","51"
"C:\IOTEC\NUCLEO_CONSOLIDADO\LABORATORIO\posts_20251023T062310.json","51"
"C:\IOTEC\NUCLEO_CONSOLIDADO\LABORATORIO\posts_20251023T063311.json","51"
"C:\IOTEC\NUCLEO_CONSOLIDADO\LABORATORIO\posts_20251023T064312.json","51"
"C:\IOTEC\NUCLEO_CONSOLIDADO\LABORATORIO\posts_20251023T064212.json","51"
"C:\IOTEC\NUCLEO_CONSOLIDADO\LABORATORIO\posts_20251023T064112.json","51"
"C:\IOTEC\NUCLEO_CONSOLIDADO\LABORATORIO\posts_20251023T064612.json","51"
"C:\IOTEC\NUCLEO_CONSOLIDADO\LABORATORIO\posts_20251023T064512.json","51"
"C:\IOTEC\NUCLEO_CONSOLIDADO\LABORATORIO\posts_20251023T064412.json","51"
"C:\IOTEC\NUCLEO_CONSOLIDADO\LABORATORIO\posts_20251023T064012.json","51"
"C:\IOTEC\NUCLEO_CONSOLIDADO\LABORATORIO\posts_20251023T063611.json","51"
"C:\IOTEC\NUCLEO_CONSOLIDADO\LABORATORIO\posts_20251023T063511.json","51"
"C:\IOTEC\NUCLEO_CONSOLIDADO\LABORATORIO\posts_20251023T063411.json","51"
"C:\IOTEC\NUCLEO_CONSOLIDADO\LABORATORIO\posts_20251023T063912.json","51"
"C:\IOTEC\NUCLEO_CONSOLIDADO\LABORATORIO\posts_20251023T063812.json","51"
"C:\IOTEC\NUCLEO_CONSOLIDADO\LABORATORIO\posts_20251023T063711.json","51"
"C:\IOTEC\NUCLEO_CONSOLIDADO\LABORATORIO\posts_20251023T071417.json","51"
"C:\IOTEC\NUCLEO_CONSOLIDADO\LABORATORIO\posts_20251023T075127.json","51"
"C:\IOTEC\NUCLEO_CONSOLIDADO\LABORATORIO\posts_20251023T075027.json","51"
"C:\IOTEC\NUCLEO_CONSOLIDADO\LABORATORIO\posts_20251023T074927.json","51"
"C:\IOTEC\NUCLEO_CONSOLIDADO\LABORATORIO\posts_20251023T075428.json","51"
"C:\IOTEC\NUCLEO_CONSOLIDADO\LABORATORIO\posts_20251023T075328.json","51"
"C:\IOTEC\NUCLEO_CONSOLIDADO\LABORATORIO\posts_20251023T075227.json","51"
"C:\IOTEC\NUCLEO_CONSOLIDADO\LABORATORIO\posts_20251023T074827.json","51"
"C:\IOTEC\NUCLEO_CONSOLIDADO\LABORATORIO\posts_20251023T074426.json","51"
"C:\IOTEC\NUCLEO_CONSOLIDADO\LABORATORIO\posts_20251023T074326.json","51"
"C:\IOTEC\NUCLEO_CONSOLIDADO\LABORATORIO\posts_20251023T074226.json","51"
"C:\IOTEC\NUCLEO_CONSOLIDADO\LABORATORIO\posts_20251023T074727.json","51"
"C:\IOTEC\NUCLEO_CONSOLIDADO\LABORATORIO\posts_20251023T074627.json","51"
"C:\IOTEC\NUCLEO_CONSOLIDADO\LABORATORIO\posts_20251023T074527.json","51"
"C:\IOTEC\NUCLEO_CONSOLIDADO\LABORATORIO\posts_20251023T075528.json","51"
"C:\IOTEC\NUCLEO_CONSOLIDADO\LABORATORIO\posts_20251023T080529.json","51"
"C:\IOTEC\NUCLEO_CONSOLIDADO\LABORATORIO\posts_20251023T080429.json","51"
"C:\IOTEC\NUCLEO_CONSOLIDADO\LABORATORIO\posts_20251023T080329.json","51"
"C:\IOTEC\NUCLEO_CONSOLIDADO\LABORATORIO\posts_20251023T080830.json","51"
"C:\IOTEC\NUCLEO_CONSOLIDADO\LABORATORIO\posts_20251023T080730.json","51"
"C:\IOTEC\NUCLEO_CONSOLIDADO\LABORATORIO\posts_20251023T080629.json","51"
"C:\IOTEC\NUCLEO_CONSOLIDADO\LABORATORIO\posts_20251023T080229.json","51"
"C:\IOTEC\NUCLEO_CONSOLIDADO\LABORATORIO\posts_20251023T075828.json","51"
"C:\IOTEC\NUCLEO_CONSOLIDADO\LABORATORIO\posts_20251023T075728.json","51"
"C:\IOTEC\NUCLEO_CONSOLIDADO\LABORATORIO\posts_20251023T075628.json","51"
"C:\IOTEC\NUCLEO_CONSOLIDADO\LABORATORIO\posts_20251023T080128.json","51"
"C:\IOTEC\NUCLEO_CONSOLIDADO\LABORATORIO\posts_20251023T080028.json","51"
"C:\IOTEC\NUCLEO_CONSOLIDADO\LABORATORIO\posts_20251023T075928.json","51"
"C:\IOTEC\NUCLEO_CONSOLIDADO\LABORATORIO\posts_20251023T072423.json","51"
"C:\IOTEC\NUCLEO_CONSOLIDADO\LABORATORIO\posts_20251023T072322.json","51"
"C:\IOTEC\NUCLEO_CONSOLIDADO\LABORATORIO\posts_20251023T072222.json","51"
"C:\IOTEC\NUCLEO_CONSOLIDADO\LABORATORIO\posts_20251023T072723.json","51"
"C:\IOTEC\NUCLEO_CONSOLIDADO\LABORATORIO\posts_20251023T072623.json","51"
"C:\IOTEC\NUCLEO_CONSOLIDADO\LABORATORIO\posts_20251023T072523.json","51"
"C:\IOTEC\NUCLEO_CONSOLIDADO\LABORATORIO\posts_20251023T072121.json","51"
"C:\IOTEC\NUCLEO_CONSOLIDADO\LABORATORIO\posts_20251023T071717.json","51"
"C:\IOTEC\NUCLEO_CONSOLIDADO\LABORATORIO\posts_20251023T071617.json","51"
"C:\IOTEC\NUCLEO_CONSOLIDADO\LABORATORIO\posts_20251023T071517.json","51"
"C:\IOTEC\NUCLEO_CONSOLIDADO\LABORATORIO\posts_20251023T072020.json","51"
"C:\IOTEC\NUCLEO_CONSOLIDADO\LABORATORIO\posts_20251023T071920.json","51"
"C:\IOTEC\NUCLEO_CONSOLIDADO\LABORATORIO\posts_20251023T071817.json","51"
"C:\IOTEC\NUCLEO_CONSOLIDADO\LABORATORIO\posts_20251023T072823.json","51"
"C:\IOTEC\NUCLEO_CONSOLIDADO\LABORATORIO\posts_20251023T073826.json","51"
"C:\IOTEC\NUCLEO_CONSOLIDADO\LABORATORIO\posts_20251023T073725.json","51"
"C:\IOTEC\NUCLEO_CONSOLIDADO\LABORATORIO\posts_20251023T073625.json","51"
"C:\IOTEC\NUCLEO_CONSOLIDADO\LABORATORIO\posts_20251023T074126.json","51"
"C:\IOTEC\NUCLEO_CONSOLIDADO\LABORATORIO\posts_20251023T074026.json","51"
"C:\IOTEC\NUCLEO_CONSOLIDADO\LABORATORIO\posts_20251023T073926.json","51"
"C:\IOTEC\NUCLEO_CONSOLIDADO\LABORATORIO\posts_20251023T073525.json","51"
"C:\IOTEC\NUCLEO_CONSOLIDADO\LABORATORIO\posts_20251023T073124.json","51"
"C:\IOTEC\NUCLEO_CONSOLIDADO\LABORATORIO\posts_20251023T073023.json","51"
"C:\IOTEC\NUCLEO_CONSOLIDADO\LABORATORIO\posts_20251023T072923.json","51"
"C:\IOTEC\NUCLEO_CONSOLIDADO\LABORATORIO\posts_20251023T073424.json","51"
"C:\IOTEC\NUCLEO_CONSOLIDADO\LABORATORIO\posts_20251023T073324.json","51"
"C:\IOTEC\NUCLEO_CONSOLIDADO\LABORATORIO\posts_20251023T073224.json","51"
"C:\IOTEC\NUCLEO_CONSOLIDADO\LABORATORIO\posts_20251023T061909.json","51"
"C:\IOTEC\NUCLEO_CONSOLIDADO\LABORATORIO\posts_20251023T015543.json","51"
"C:\IOTEC\NUCLEO_CONSOLIDADO\LABORATORIO\posts_20251023T015443.json","51"
"C:\IOTEC\NUCLEO_CONSOLIDADO\LABORATORIO\posts_20251023T015343.json","51"
"C:\IOTEC\NUCLEO_CONSOLIDADO\LABORATORIO\posts_20251023T015843.json","51"
"C:\IOTEC\NUCLEO_CONSOLIDADO\LABORATORIO\posts_20251023T015743.json","51"
"C:\IOTEC\NUCLEO_CONSOLIDADO\LABORATORIO\posts_20251023T015643.json","51"
"C:\IOTEC\NUCLEO_CONSOLIDADO\LABORATORIO\posts_20251023T015243.json","51"
"C:\IOTEC\NUCLEO_CONSOLIDADO\LABORATORIO\posts_20251023T014843.json","51"
"C:\IOTEC\NUCLEO_CONSOLIDADO\LABORATORIO\posts_20251023T014743.json","51"
"C:\IOTEC\NUCLEO_CONSOLIDADO\LABORATORIO\posts_20251023T014643.json","51"
"C:\IOTEC\NUCLEO_CONSOLIDADO\LABORATORIO\posts_20251023T015143.json","51"
"C:\IOTEC\NUCLEO_CONSOLIDADO\LABORATORIO\posts_20251023T015043.json","51"
"C:\IOTEC\NUCLEO_CONSOLIDADO\LABORATORIO\posts_20251023T014943.json","51"
"C:\IOTEC\NUCLEO_CONSOLIDADO\LABORATORIO\posts_20251023T015943.json","51"
"C:\IOTEC\NUCLEO_CONSOLIDADO\LABORATORIO\posts_20251023T020944.json","51"
"C:\IOTEC\NUCLEO_CONSOLIDADO\LABORATORIO\posts_20251023T020844.json","51"
"C:\IOTEC\NUCLEO_CONSOLIDADO\LABORATORIO\posts_20251023T020744.json","51"
"C:\IOTEC\NUCLEO_CONSOLIDADO\LABORATORIO\posts_20251023T021244.json","51"
"C:\IOTEC\NUCLEO_CONSOLIDADO\LABORATORIO\posts_20251023T021144.json","51"
"C:\IOTEC\NUCLEO_CONSOLIDADO\LABORATORIO\posts_20251023T021044.json","51"
"C:\IOTEC\NUCLEO_CONSOLIDADO\LABORATORIO\posts_20251023T020644.json","51"
"C:\IOTEC\NUCLEO_CONSOLIDADO\LABORATORIO\posts_20251023T020244.json","51"
"C:\IOTEC\NUCLEO_CONSOLIDADO\LABORATORIO\posts_20251023T020144.json","51"
"C:\IOTEC\NUCLEO_CONSOLIDADO\LABORATORIO\posts_20251023T020043.json","51"
"C:\IOTEC\NUCLEO_CONSOLIDADO\LABORATORIO\posts_20251023T020544.json","51"
"C:\IOTEC\NUCLEO_CONSOLIDADO\LABORATORIO\posts_20251023T020444.json","51"
"C:\IOTEC\NUCLEO_CONSOLIDADO\LABORATORIO\posts_20251023T020344.json","51"
"C:\IOTEC\NUCLEO_CONSOLIDADO\LABORATORIO\posts_20251023T012840.json","51"
"C:\IOTEC\NUCLEO_CONSOLIDADO\LABORATORIO\posts_20251023T012740.json","51"
"C:\IOTEC\NUCLEO_CONSOLIDADO\LABORATORIO\posts_20251023T012640.json","51"
"C:\IOTEC\NUCLEO_CONSOLIDADO\LABORATORIO\posts_20251023T013141.json","51"
"C:\IOTEC\NUCLEO_CONSOLIDADO\LABORATORIO\posts_20251023T013041.json","51"
"C:\IOTEC\NUCLEO_CONSOLIDADO\LABORATORIO\posts_20251023T012941.json","51"
"C:\IOTEC\NUCLEO_CONSOLIDADO\LABORATORIO\posts_20251023T012532.json","51"
"C:\IOTEC\NUCLEO_CONSOLIDADO\LABORATORIO\posts_20251023T012131.json","51"
"C:\IOTEC\NUCLEO_CONSOLIDADO\LABORATORIO\posts_20251023T012031.json","51"
"C:\IOTEC\NUCLEO_CONSOLIDADO\LABORATORIO\posts_20251023T011931.json","51"
"C:\IOTEC\NUCLEO_CONSOLIDADO\LABORATORIO\posts_20251023T012432.json","51"
"C:\IOTEC\NUCLEO_CONSOLIDADO\LABORATORIO\posts_20251023T012331.json","51"
"C:\IOTEC\NUCLEO_CONSOLIDADO\LABORATORIO\posts_20251023T012231.json","51"
"C:\IOTEC\NUCLEO_CONSOLIDADO\LABORATORIO\posts_20251023T013241.json","51"
"C:\IOTEC\NUCLEO_CONSOLIDADO\LABORATORIO\posts_20251023T014242.json","51"
"C:\IOTEC\NUCLEO_CONSOLIDADO\LABORATORIO\posts_20251023T014142.json","51"
"C:\IOTEC\NUCLEO_CONSOLIDADO\LABORATORIO\posts_20251023T014042.json","51"
"C:\IOTEC\NUCLEO_CONSOLIDADO\LABORATORIO\posts_20251023T014542.json","51"
"C:\IOTEC\NUCLEO_CONSOLIDADO\LABORATORIO\posts_20251023T014442.json","51"
"C:\IOTEC\NUCLEO_CONSOLIDADO\LABORATORIO\posts_20251023T014342.json","51"
"C:\IOTEC\NUCLEO_CONSOLIDADO\LABORATORIO\posts_20251023T013942.json","51"
"C:\IOTEC\NUCLEO_CONSOLIDADO\LABORATORIO\posts_20251023T013542.json","51"
"C:\IOTEC\NUCLEO_CONSOLIDADO\LABORATORIO\posts_20251023T013442.json","51"
"C:\IOTEC\NUCLEO_CONSOLIDADO\LABORATORIO\posts_20251023T013342.json","51"
"C:\IOTEC\NUCLEO_CONSOLIDADO\LABORATORIO\posts_20251023T013842.json","51"
"C:\IOTEC\NUCLEO_CONSOLIDADO\LABORATORIO\posts_20251023T013742.json","51"
"C:\IOTEC\NUCLEO_CONSOLIDADO\LABORATORIO\posts_20251023T013642.json","51"
"C:\IOTEC\NUCLEO_CONSOLIDADO\LABORATORIO\posts_20251023T021344.json","51"
"C:\IOTEC\NUCLEO_CONSOLIDADO\LABORATORIO\posts_20251023T060106.json","51"
"C:\IOTEC\NUCLEO_CONSOLIDADO\LABORATORIO\posts_20251023T060006.json","51"
"C:\IOTEC\NUCLEO_CONSOLIDADO\LABORATORIO\posts_20251023T055906.json","51"
"C:\IOTEC\NUCLEO_CONSOLIDADO\LABORATORIO\posts_20251023T060407.json","51"
"C:\IOTEC\NUCLEO_CONSOLIDADO\LABORATORIO\posts_20251023T060307.json","51"
"C:\IOTEC\NUCLEO_CONSOLIDADO\LABORATORIO\posts_20251023T060207.json","51"
"C:\IOTEC\NUCLEO_CONSOLIDADO\LABORATORIO\posts_20251023T055806.json","51"
"C:\IOTEC\NUCLEO_CONSOLIDADO\LABORATORIO\posts_20251023T055405.json","51"
"C:\IOTEC\NUCLEO_CONSOLIDADO\LABORATORIO\posts_20251023T055305.json","51"
"C:\IOTEC\NUCLEO_CONSOLIDADO\LABORATORIO\posts_20251023T055205.json","51"
"C:\IOTEC\NUCLEO_CONSOLIDADO\LABORATORIO\posts_20251023T055706.json","51"
"C:\IOTEC\NUCLEO_CONSOLIDADO\LABORATORIO\posts_20251023T055606.json","51"
"C:\IOTEC\NUCLEO_CONSOLIDADO\LABORATORIO\posts_20251023T055506.json","51"
"C:\IOTEC\NUCLEO_CONSOLIDADO\LABORATORIO\posts_20251023T060507.json","51"
"C:\IOTEC\NUCLEO_CONSOLIDADO\LABORATORIO\posts_20251023T061509.json","51"
"C:\IOTEC\NUCLEO_CONSOLIDADO\LABORATORIO\posts_20251023T061409.json","51"
"C:\IOTEC\NUCLEO_CONSOLIDADO\LABORATORIO\posts_20251023T061308.json","51"
"C:\IOTEC\NUCLEO_CONSOLIDADO\LABORATORIO\posts_20251023T061809.json","51"
"C:\IOTEC\NUCLEO_CONSOLIDADO\LABORATORIO\posts_20251023T061709.json","51"
"C:\IOTEC\NUCLEO_CONSOLIDADO\LABORATORIO\posts_20251023T061609.json","51"
"C:\IOTEC\NUCLEO_CONSOLIDADO\LABORATORIO\posts_20251023T061208.json","51"
"C:\IOTEC\NUCLEO_CONSOLIDADO\LABORATORIO\posts_20251023T060808.json","51"
"C:\IOTEC\NUCLEO_CONSOLIDADO\LABORATORIO\posts_20251023T060708.json","51"
"C:\IOTEC\NUCLEO_CONSOLIDADO\LABORATORIO\posts_20251023T060607.json","51"
"C:\IOTEC\NUCLEO_CONSOLIDADO\LABORATORIO\posts_20251023T061108.json","51"
"C:\IOTEC\NUCLEO_CONSOLIDADO\LABORATORIO\posts_20251023T061008.json","51"
"C:\IOTEC\NUCLEO_CONSOLIDADO\LABORATORIO\posts_20251023T060908.json","51"
"C:\IOTEC\NUCLEO_CONSOLIDADO\LABORATORIO\posts_20251023T053403.json","51"
"C:\IOTEC\NUCLEO_CONSOLIDADO\LABORATORIO\posts_20251023T053303.json","51"
"C:\IOTEC\NUCLEO_CONSOLIDADO\LABORATORIO\posts_20251023T022145.json","51"
"C:\IOTEC\NUCLEO_CONSOLIDADO\LABORATORIO\posts_20251023T053704.json","51"
"C:\IOTEC\NUCLEO_CONSOLIDADO\LABORATORIO\posts_20251023T053604.json","51"
"C:\IOTEC\NUCLEO_CONSOLIDADO\LABORATORIO\posts_20251023T053503.json","51"
"C:\IOTEC\NUCLEO_CONSOLIDADO\LABORATORIO\posts_20251023T022045.json","51"
"C:\IOTEC\NUCLEO_CONSOLIDADO\LABORATORIO\posts_20251023T021645.json","51"
"C:\IOTEC\NUCLEO_CONSOLIDADO\LABORATORIO\posts_20251023T021545.json","51"
"C:\IOTEC\NUCLEO_CONSOLIDADO\LABORATORIO\posts_20251023T021444.json","51"
"C:\IOTEC\NUCLEO_CONSOLIDADO\LABORATORIO\posts_20251023T021945.json","51"
"C:\IOTEC\NUCLEO_CONSOLIDADO\LABORATORIO\posts_20251023T021845.json","51"
"C:\IOTEC\NUCLEO_CONSOLIDADO\LABORATORIO\posts_20251023T021745.json","51"
"C:\IOTEC\NUCLEO_CONSOLIDADO\LABORATORIO\posts_20251023T053804.json","51"
"C:\IOTEC\NUCLEO_CONSOLIDADO\LABORATORIO\posts_20251023T054805.json","51"
"C:\IOTEC\NUCLEO_CONSOLIDADO\LABORATORIO\posts_20251023T054705.json","51"
"C:\IOTEC\NUCLEO_CONSOLIDADO\LABORATORIO\posts_20251023T054605.json","51"
"C:\IOTEC\NUCLEO_CONSOLIDADO\LABORATORIO\posts_20251023T055105.json","51"
"C:\IOTEC\NUCLEO_CONSOLIDADO\LABORATORIO\posts_20251023T055005.json","51"
"C:\IOTEC\NUCLEO_CONSOLIDADO\LABORATORIO\posts_20251023T054905.json","51"
"C:\IOTEC\NUCLEO_CONSOLIDADO\LABORATORIO\posts_20251023T054505.json","51"
"C:\IOTEC\NUCLEO_CONSOLIDADO\LABORATORIO\posts_20251023T054104.json","51"
"C:\IOTEC\NUCLEO_CONSOLIDADO\LABORATORIO\posts_20251023T054004.json","51"
"C:\IOTEC\NUCLEO_CONSOLIDADO\LABORATORIO\posts_20251023T053904.json","51"
"C:\IOTEC\NUCLEO_CONSOLIDADO\LABORATORIO\posts_20251023T054405.json","51"
"C:\IOTEC\NUCLEO_CONSOLIDADO\LABORATORIO\posts_20251023T054304.json","51"
"C:\IOTEC\NUCLEO_CONSOLIDADO\LABORATORIO\posts_20251023T054204.json","51"
"C:\IOTEC\NUCLEO_CONSOLIDADO\DUPLICADOS\posts_20251022T223311.json","51"
"C:\IOTEC\NUCLEO_CONSOLIDADO\DUPLICADOS\posts_20251022T223210.json","51"
"C:\IOTEC\NUCLEO_CONSOLIDADO\DUPLICADOS\posts_20251022T223110.json","51"
"C:\IOTEC\NUCLEO_CONSOLIDADO\DUPLICADOS\posts_20251022T223411.json","51"
"C:\IOTEC\NUCLEO_CONSOLIDADO\DUPLICADOS\posts_20251022T223711.json","51"
"C:\IOTEC\NUCLEO_CONSOLIDADO\DUPLICADOS\posts_20251022T223611.json","51"
"C:\IOTEC\NUCLEO_CONSOLIDADO\DUPLICADOS\posts_20251022T223511.json","51"
"C:\IOTEC\NUCLEO_CONSOLIDADO\DUPLICADOS\posts_20251022T223010.json","51"
"C:\IOTEC\NUCLEO_CONSOLIDADO\DUPLICADOS\posts_20251022T222509.json","51"
"C:\IOTEC\NUCLEO_CONSOLIDADO\DUPLICADOS\posts_20251022T222409.json","51"
"C:\IOTEC\NUCLEO_CONSOLIDADO\DUPLICADOS\posts_20251022T222309.json","51"
"C:\IOTEC\NUCLEO_CONSOLIDADO\DUPLICADOS\posts_20251022T222610.json","51"
"C:\IOTEC\NUCLEO_CONSOLIDADO\DUPLICADOS\posts_20251022T222910.json","51"
"C:\IOTEC\NUCLEO_CONSOLIDADO\DUPLICADOS\posts_20251022T222810.json","51"
"C:\IOTEC\NUCLEO_CONSOLIDADO\DUPLICADOS\posts_20251022T222710.json","51"
"C:\IOTEC\NUCLEO_CONSOLIDADO\DUPLICADOS\posts_20251022T223811.json","51"
"C:\IOTEC\NUCLEO_CONSOLIDADO\DUPLICADOS\posts_20251022T224913.json","51"
"C:\IOTEC\NUCLEO_CONSOLIDADO\DUPLICADOS\posts_20251022T224812.json","51"
"C:\IOTEC\NUCLEO_CONSOLIDADO\DUPLICADOS\posts_20251022T224712.json","51"
"C:\IOTEC\NUCLEO_CONSOLIDADO\DUPLICADOS\posts_20251022T225013.json","51"
"C:\IOTEC\NUCLEO_CONSOLIDADO\DUPLICADOS\posts_20251022T225313.json","51"
"C:\IOTEC\NUCLEO_CONSOLIDADO\DUPLICADOS\posts_20251022T225213.json","51"
"C:\IOTEC\NUCLEO_CONSOLIDADO\DUPLICADOS\posts_20251022T225113.json","51"
"C:\IOTEC\NUCLEO_CONSOLIDADO\DUPLICADOS\posts_20251022T224612.json","51"
"C:\IOTEC\NUCLEO_CONSOLIDADO\DUPLICADOS\posts_20251022T224112.json","51"
"C:\IOTEC\NUCLEO_CONSOLIDADO\DUPLICADOS\posts_20251022T224011.json","51"
"C:\IOTEC\NUCLEO_CONSOLIDADO\DUPLICADOS\posts_20251022T223911.json","51"
"C:\IOTEC\NUCLEO_CONSOLIDADO\DUPLICADOS\posts_20251022T224212.json","51"
"C:\IOTEC\NUCLEO_CONSOLIDADO\DUPLICADOS\posts_20251022T224512.json","51"
"C:\IOTEC\NUCLEO_CONSOLIDADO\DUPLICADOS\posts_20251022T224412.json","51"
"C:\IOTEC\NUCLEO_CONSOLIDADO\DUPLICADOS\posts_20251022T224312.json","51"
"C:\IOTEC\NUCLEO_CONSOLIDADO\DUPLICADOS\posts_20251022T222208.json","51"
"C:\IOTEC\NUCLEO_CONSOLIDADO\DUPLICADOS\posts_20251022T220104.json","51"
"C:\IOTEC\NUCLEO_CONSOLIDADO\DUPLICADOS\posts_20251022T220003.json","51"
"C:\IOTEC\NUCLEO_CONSOLIDADO\DUPLICADOS\posts_20251022T215903.json","51"
"C:\IOTEC\NUCLEO_CONSOLIDADO\DUPLICADOS\posts_20251022T220204.json","51"
"C:\IOTEC\NUCLEO_CONSOLIDADO\DUPLICADOS\posts_20251022T220504.json","51"
"C:\IOTEC\NUCLEO_CONSOLIDADO\DUPLICADOS\posts_20251022T220404.json","51"
"C:\IOTEC\NUCLEO_CONSOLIDADO\DUPLICADOS\posts_20251022T220304.json","51"
"C:\IOTEC\NUCLEO_CONSOLIDADO\DUPLICADOS\posts_20251022T215803.json","51"
"C:\IOTEC\NUCLEO_CONSOLIDADO\DUPLICADOS\posts_20251022T215302.json","51"
"C:\IOTEC\NUCLEO_CONSOLIDADO\DUPLICADOS\posts_20251022T215201.json","51"
"C:\IOTEC\NUCLEO_CONSOLIDADO\DUPLICADOS\posts_20251022T215101.json","51"
"C:\IOTEC\NUCLEO_CONSOLIDADO\DUPLICADOS\posts_20251022T215402.json","51"
"C:\IOTEC\NUCLEO_CONSOLIDADO\DUPLICADOS\posts_20251022T215703.json","51"
"C:\IOTEC\NUCLEO_CONSOLIDADO\DUPLICADOS\posts_20251022T215603.json","51"
"C:\IOTEC\NUCLEO_CONSOLIDADO\DUPLICADOS\posts_20251022T215502.json","51"
"C:\IOTEC\NUCLEO_CONSOLIDADO\DUPLICADOS\posts_20251022T220604.json","51"
"C:\IOTEC\NUCLEO_CONSOLIDADO\DUPLICADOS\posts_20251022T221707.json","51"
"C:\IOTEC\NUCLEO_CONSOLIDADO\DUPLICADOS\posts_20251022T221607.json","51"
"C:\IOTEC\NUCLEO_CONSOLIDADO\DUPLICADOS\posts_20251022T221506.json","51"
"C:\IOTEC\NUCLEO_CONSOLIDADO\DUPLICADOS\posts_20251022T221807.json","51"
"C:\IOTEC\NUCLEO_CONSOLIDADO\DUPLICADOS\posts_20251022T222108.json","51"
"C:\IOTEC\NUCLEO_CONSOLIDADO\DUPLICADOS\posts_20251022T222008.json","51"
"C:\IOTEC\NUCLEO_CONSOLIDADO\DUPLICADOS\posts_20251022T221908.json","51"
"C:\IOTEC\NUCLEO_CONSOLIDADO\DUPLICADOS\posts_20251022T221406.json","51"
"C:\IOTEC\NUCLEO_CONSOLIDADO\DUPLICADOS\posts_20251022T220905.json","51"
"C:\IOTEC\NUCLEO_CONSOLIDADO\DUPLICADOS\posts_20251022T220805.json","51"
"C:\IOTEC\NUCLEO_CONSOLIDADO\DUPLICADOS\posts_20251022T220705.json","51"
"C:\IOTEC\NUCLEO_CONSOLIDADO\DUPLICADOS\posts_20251022T221005.json","51"
"C:\IOTEC\NUCLEO_CONSOLIDADO\DUPLICADOS\posts_20251022T221306.json","51"
"C:\IOTEC\NUCLEO_CONSOLIDADO\DUPLICADOS\posts_20251022T221206.json","51"
"C:\IOTEC\NUCLEO_CONSOLIDADO\DUPLICADOS\posts_20251022T221106.json","51"
"C:\IOTEC\NUCLEO_CONSOLIDADO\DUPLICADOS\posts_20251022T233619.json","51"
"C:\IOTEC\NUCLEO_CONSOLIDADO\DUPLICADOS\posts_20251022T233519.json","51"
"C:\IOTEC\NUCLEO_CONSOLIDADO\DUPLICADOS\posts_20251022T233419.json","51"
"C:\IOTEC\NUCLEO_CONSOLIDADO\DUPLICADOS\posts_20251022T233719.json","51"
"C:\IOTEC\NUCLEO_CONSOLIDADO\DUPLICADOS\posts_20251022T234020.json","51"
"C:\IOTEC\NUCLEO_CONSOLIDADO\DUPLICADOS\posts_20251022T233920.json","51"
"C:\IOTEC\NUCLEO_CONSOLIDADO\DUPLICADOS\posts_20251022T233819.json","51"
"C:\IOTEC\NUCLEO_CONSOLIDADO\DUPLICADOS\posts_20251022T233319.json","51"
"C:\IOTEC\NUCLEO_CONSOLIDADO\DUPLICADOS\posts_20251022T232818.json","51"
"C:\IOTEC\NUCLEO_CONSOLIDADO\DUPLICADOS\posts_20251022T232718.json","51"
"C:\IOTEC\NUCLEO_CONSOLIDADO\DUPLICADOS\posts_20251022T232618.json","51"
"C:\IOTEC\NUCLEO_CONSOLIDADO\DUPLICADOS\posts_20251022T232918.json","51"
"C:\IOTEC\NUCLEO_CONSOLIDADO\DUPLICADOS\posts_20251022T233219.json","51"
"C:\IOTEC\NUCLEO_CONSOLIDADO\DUPLICADOS\posts_20251022T233119.json","51"
"C:\IOTEC\NUCLEO_CONSOLIDADO\DUPLICADOS\posts_20251022T233018.json","51"
"C:\IOTEC\NUCLEO_CONSOLIDADO\DUPLICADOS\posts_20251022T234120.json","51"
"C:\IOTEC\NUCLEO_CONSOLIDADO\DUPLICADOS\posts_20251022T235223.json","51"
"C:\IOTEC\NUCLEO_CONSOLIDADO\DUPLICADOS\posts_20251022T235123.json","51"
"C:\IOTEC\NUCLEO_CONSOLIDADO\DUPLICADOS\posts_20251022T235023.json","51"
"C:\IOTEC\NUCLEO_CONSOLIDADO\DUPLICADOS\posts_20251022T235323.json","51"
"C:\IOTEC\NUCLEO_CONSOLIDADO\DUPLICADOS\posts_20251022T235624.json","51"
"C:\IOTEC\NUCLEO_CONSOLIDADO\DUPLICADOS\posts_20251022T235523.json","51"
"C:\IOTEC\NUCLEO_CONSOLIDADO\DUPLICADOS\posts_20251022T235423.json","51"
"C:\IOTEC\NUCLEO_CONSOLIDADO\DUPLICADOS\posts_20251022T234923.json","51"
"C:\IOTEC\NUCLEO_CONSOLIDADO\DUPLICADOS\posts_20251022T234421.json","51"
"C:\IOTEC\NUCLEO_CONSOLIDADO\DUPLICADOS\posts_20251022T234321.json","51"
"C:\IOTEC\NUCLEO_CONSOLIDADO\DUPLICADOS\posts_20251022T234220.json","51"
"C:\IOTEC\NUCLEO_CONSOLIDADO\DUPLICADOS\posts_20251022T234521.json","51"
"C:\IOTEC\NUCLEO_CONSOLIDADO\DUPLICADOS\posts_20251022T234822.json","51"
"C:\IOTEC\NUCLEO_CONSOLIDADO\DUPLICADOS\posts_20251022T234721.json","51"
"C:\IOTEC\NUCLEO_CONSOLIDADO\DUPLICADOS\posts_20251022T234621.json","51"
"C:\IOTEC\NUCLEO_CONSOLIDADO\DUPLICADOS\posts_20251022T232518.json","51"
"C:\IOTEC\NUCLEO_CONSOLIDADO\DUPLICADOS\posts_20251022T230415.json","51"
"C:\IOTEC\NUCLEO_CONSOLIDADO\DUPLICADOS\posts_20251022T230315.json","51"
"C:\IOTEC\NUCLEO_CONSOLIDADO\DUPLICADOS\posts_20251022T230215.json","51"
"C:\IOTEC\NUCLEO_CONSOLIDADO\DUPLICADOS\posts_20251022T230515.json","51"
"C:\IOTEC\NUCLEO_CONSOLIDADO\DUPLICADOS\posts_20251022T230815.json","51"
"C:\IOTEC\NUCLEO_CONSOLIDADO\DUPLICADOS\posts_20251022T230715.json","51"
"C:\IOTEC\NUCLEO_CONSOLIDADO\DUPLICADOS\posts_20251022T230615.json","51"
"C:\IOTEC\NUCLEO_CONSOLIDADO\DUPLICADOS\posts_20251022T230114.json","51"
"C:\IOTEC\NUCLEO_CONSOLIDADO\DUPLICADOS\posts_20251022T225614.json","51"
"C:\IOTEC\NUCLEO_CONSOLIDADO\DUPLICADOS\posts_20251022T225514.json","51"
"C:\IOTEC\NUCLEO_CONSOLIDADO\DUPLICADOS\posts_20251022T225413.json","51"
"C:\IOTEC\NUCLEO_CONSOLIDADO\DUPLICADOS\posts_20251022T225714.json","51"
"C:\IOTEC\NUCLEO_CONSOLIDADO\DUPLICADOS\posts_20251022T230014.json","51"
"C:\IOTEC\NUCLEO_CONSOLIDADO\DUPLICADOS\posts_20251022T225914.json","51"
"C:\IOTEC\NUCLEO_CONSOLIDADO\DUPLICADOS\posts_20251022T225814.json","51"
"C:\IOTEC\NUCLEO_CONSOLIDADO\DUPLICADOS\posts_20251022T230915.json","51"
"C:\IOTEC\NUCLEO_CONSOLIDADO\DUPLICADOS\posts_20251022T232017.json","51"
"C:\IOTEC\NUCLEO_CONSOLIDADO\DUPLICADOS\posts_20251022T231917.json","51"
"C:\IOTEC\NUCLEO_CONSOLIDADO\DUPLICADOS\posts_20251022T231817.json","51"
"C:\IOTEC\NUCLEO_CONSOLIDADO\DUPLICADOS\posts_20251022T232118.json","51"
"C:\IOTEC\NUCLEO_CONSOLIDADO\DUPLICADOS\posts_20251022T232418.json","51"
"C:\IOTEC\NUCLEO_CONSOLIDADO\DUPLICADOS\posts_20251022T232318.json","51"
"C:\IOTEC\NUCLEO_CONSOLIDADO\DUPLICADOS\posts_20251022T232218.json","51"
"C:\IOTEC\NUCLEO_CONSOLIDADO\DUPLICADOS\posts_20251022T231717.json","51"
"C:\IOTEC\NUCLEO_CONSOLIDADO\DUPLICADOS\posts_20251022T231217.json","51"
"C:\IOTEC\NUCLEO_CONSOLIDADO\DUPLICADOS\posts_20251022T231116.json","51"
"C:\IOTEC\NUCLEO_CONSOLIDADO\DUPLICADOS\posts_20251022T231015.json","51"
"C:\IOTEC\NUCLEO_CONSOLIDADO\DUPLICADOS\posts_20251022T231317.json","51"
"C:\IOTEC\NUCLEO_CONSOLIDADO\DUPLICADOS\posts_20251022T231617.json","51"
"C:\IOTEC\NUCLEO_CONSOLIDADO\DUPLICADOS\posts_20251022T231517.json","51"
"C:\IOTEC\NUCLEO_CONSOLIDADO\DUPLICADOS\posts_20251022T231417.json","51"
"C:\IOTEC\NUCLEO_CONSOLIDADO\DUPLICADOS\posts_20251022T200129.json","51"
"C:\IOTEC\NUCLEO_CONSOLIDADO\DUPLICADOS\posts_20251022T200029.json","51"
"C:\IOTEC\NUCLEO_CONSOLIDADO\DUPLICADOS\posts_20251022T195928.json","51"
"C:\IOTEC\NUCLEO_CONSOLIDADO\DUPLICADOS\posts_20251022T200229.json","51"
"C:\IOTEC\NUCLEO_CONSOLIDADO\DUPLICADOS\posts_20251022T200529.json","51"
"C:\IOTEC\NUCLEO_CONSOLIDADO\DUPLICADOS\posts_20251022T200429.json","51"
"C:\IOTEC\NUCLEO_CONSOLIDADO\DUPLICADOS\posts_20251022T200329.json","51"
"C:\IOTEC\NUCLEO_CONSOLIDADO\DUPLICADOS\posts_20251022T195828.json","51"
"C:\IOTEC\NUCLEO_CONSOLIDADO\DUPLICADOS\posts_20251022T195328.json","51"
"C:\IOTEC\NUCLEO_CONSOLIDADO\DUPLICADOS\posts_20251022T195227.json","51"
"C:\IOTEC\NUCLEO_CONSOLIDADO\DUPLICADOS\posts_20251022T195127.json","51"
"C:\IOTEC\NUCLEO_CONSOLIDADO\DUPLICADOS\posts_20251022T195428.json","51"
"C:\IOTEC\NUCLEO_CONSOLIDADO\DUPLICADOS\posts_20251022T195728.json","51"
"C:\IOTEC\NUCLEO_CONSOLIDADO\DUPLICADOS\posts_20251022T195628.json","51"
"C:\IOTEC\NUCLEO_CONSOLIDADO\DUPLICADOS\posts_20251022T195528.json","51"
"C:\IOTEC\NUCLEO_CONSOLIDADO\DUPLICADOS\posts_20251022T200629.json","51"
"C:\IOTEC\NUCLEO_CONSOLIDADO\DUPLICADOS\posts_20251022T203413.json","51"
"C:\IOTEC\NUCLEO_CONSOLIDADO\DUPLICADOS\posts_20251022T203312.json","51"
"C:\IOTEC\NUCLEO_CONSOLIDADO\DUPLICADOS\posts_20251022T201532.json","51"
"C:\IOTEC\NUCLEO_CONSOLIDADO\DUPLICADOS\posts_20251022T203513.json","51"
"C:\IOTEC\NUCLEO_CONSOLIDADO\DUPLICADOS\posts_20251022T203814.json","51"
"C:\IOTEC\NUCLEO_CONSOLIDADO\DUPLICADOS\posts_20251022T203714.json","51"
"C:\IOTEC\NUCLEO_CONSOLIDADO\DUPLICADOS\posts_20251022T203613.json","51"
"C:\IOTEC\NUCLEO_CONSOLIDADO\DUPLICADOS\posts_20251022T201432.json","51"
"C:\IOTEC\NUCLEO_CONSOLIDADO\DUPLICADOS\posts_20251022T200930.json","51"
"C:\IOTEC\NUCLEO_CONSOLIDADO\DUPLICADOS\posts_20251022T200830.json","51"
"C:\IOTEC\NUCLEO_CONSOLIDADO\DUPLICADOS\posts_20251022T200730.json","51"
"C:\IOTEC\NUCLEO_CONSOLIDADO\DUPLICADOS\posts_20251022T201031.json","51"
"C:\IOTEC\NUCLEO_CONSOLIDADO\DUPLICADOS\posts_20251022T201331.json","51"
"C:\IOTEC\NUCLEO_CONSOLIDADO\DUPLICADOS\posts_20251022T201231.json","51"
"C:\IOTEC\NUCLEO_CONSOLIDADO\DUPLICADOS\posts_20251022T201131.json","51"
"C:\IOTEC\NUCLEO_CONSOLIDADO\DUPLICADOS\posts_20251022T195027.json","51"
"C:\IOTEC\NUCLEO_CONSOLIDADO\DUPLICADOS\posts_20251022T192919.json","51"
"C:\IOTEC\NUCLEO_CONSOLIDADO\DUPLICADOS\posts_20251022T192819.json","51"
"C:\IOTEC\NUCLEO_CONSOLIDADO\DUPLICADOS\posts_20251022T192719.json","51"
"C:\IOTEC\NUCLEO_CONSOLIDADO\DUPLICADOS\posts_20251022T193020.json","51"
"C:\IOTEC\NUCLEO_CONSOLIDADO\DUPLICADOS\posts_20251022T193320.json","51"
"C:\IOTEC\NUCLEO_CONSOLIDADO\DUPLICADOS\posts_20251022T193220.json","51"
"C:\IOTEC\NUCLEO_CONSOLIDADO\DUPLICADOS\posts_20251022T193120.json","51"
"C:\IOTEC\NUCLEO_CONSOLIDADO\DUPLICADOS\posts_20251022T192619.json","51"
"C:\IOTEC\MINERADORA_BRUTA\posts_20251023T092857.json","51"
"C:\IOTEC\NUCLEO_CONSOLIDADO\DUPLICADOS\posts_20251022T192011.json","51"
"C:\IOTEC\NUCLEO_CONSOLIDADO\DUPLICADOS\posts_20251022T191906.json","51"
"C:\IOTEC\NUCLEO_CONSOLIDADO\DUPLICADOS\posts_20251022T192217.json","51"
"C:\IOTEC\NUCLEO_CONSOLIDADO\DUPLICADOS\posts_20251022T192519.json","51"
"C:\IOTEC\NUCLEO_CONSOLIDADO\DUPLICADOS\posts_20251022T192419.json","51"
"C:\IOTEC\NUCLEO_CONSOLIDADO\DUPLICADOS\posts_20251022T192318.json","51"
"C:\IOTEC\NUCLEO_CONSOLIDADO\DUPLICADOS\posts_20251022T193421.json","51"
"C:\IOTEC\NUCLEO_CONSOLIDADO\DUPLICADOS\posts_20251022T194525.json","51"
"C:\IOTEC\NUCLEO_CONSOLIDADO\DUPLICADOS\posts_20251022T194425.json","51"
"C:\IOTEC\NUCLEO_CONSOLIDADO\DUPLICADOS\posts_20251022T194325.json","51"
"C:\IOTEC\NUCLEO_CONSOLIDADO\DUPLICADOS\posts_20251022T194625.json","51"
"C:\IOTEC\NUCLEO_CONSOLIDADO\DUPLICADOS\posts_20251022T194927.json","51"
"C:\IOTEC\NUCLEO_CONSOLIDADO\DUPLICADOS\posts_20251022T194826.json","51"
"C:\IOTEC\NUCLEO_CONSOLIDADO\DUPLICADOS\posts_20251022T194726.json","51"
"C:\IOTEC\NUCLEO_CONSOLIDADO\DUPLICADOS\posts_20251022T194225.json","51"
"C:\IOTEC\NUCLEO_CONSOLIDADO\DUPLICADOS\posts_20251022T193724.json","51"
"C:\IOTEC\NUCLEO_CONSOLIDADO\DUPLICADOS\posts_20251022T193624.json","51"
"C:\IOTEC\NUCLEO_CONSOLIDADO\DUPLICADOS\posts_20251022T193521.json","51"
"C:\IOTEC\NUCLEO_CONSOLIDADO\DUPLICADOS\posts_20251022T193824.json","51"
"C:\IOTEC\NUCLEO_CONSOLIDADO\DUPLICADOS\posts_20251022T194125.json","51"
"C:\IOTEC\NUCLEO_CONSOLIDADO\DUPLICADOS\posts_20251022T194025.json","51"
"C:\IOTEC\NUCLEO_CONSOLIDADO\DUPLICADOS\posts_20251022T193924.json","51"
"C:\IOTEC\NUCLEO_CONSOLIDADO\DUPLICADOS\posts_20251022T212943.json","51"
"C:\IOTEC\NUCLEO_CONSOLIDADO\DUPLICADOS\posts_20251022T212843.json","51"
"C:\IOTEC\NUCLEO_CONSOLIDADO\DUPLICADOS\posts_20251022T212743.json","51"
"C:\IOTEC\NUCLEO_CONSOLIDADO\DUPLICADOS\posts_20251022T213043.json","51"
"C:\IOTEC\NUCLEO_CONSOLIDADO\DUPLICADOS\posts_20251022T213345.json","51"
"C:\IOTEC\NUCLEO_CONSOLIDADO\DUPLICADOS\posts_20251022T213245.json","51"
"C:\IOTEC\NUCLEO_CONSOLIDADO\DUPLICADOS\posts_20251022T213144.json","51"
"C:\IOTEC\NUCLEO_CONSOLIDADO\DUPLICADOS\posts_20251022T212642.json","51"
"C:\IOTEC\NUCLEO_CONSOLIDADO\DUPLICADOS\posts_20251022T212140.json","51"
"C:\IOTEC\NUCLEO_CONSOLIDADO\DUPLICADOS\posts_20251022T212040.json","51"
"C:\IOTEC\NUCLEO_CONSOLIDADO\DUPLICADOS\posts_20251022T211940.json","51"
"C:\IOTEC\NUCLEO_CONSOLIDADO\DUPLICADOS\posts_20251022T212241.json","51"
"C:\IOTEC\NUCLEO_CONSOLIDADO\DUPLICADOS\posts_20251022T212542.json","51"
"C:\IOTEC\NUCLEO_CONSOLIDADO\DUPLICADOS\posts_20251022T212442.json","51"
"C:\IOTEC\NUCLEO_CONSOLIDADO\DUPLICADOS\posts_20251022T212341.json","51"
"C:\IOTEC\NUCLEO_CONSOLIDADO\DUPLICADOS\posts_20251022T213446.json","51"
"C:\IOTEC\NUCLEO_CONSOLIDADO\DUPLICADOS\posts_20251022T214559.json","51"
"C:\IOTEC\NUCLEO_CONSOLIDADO\DUPLICADOS\posts_20251022T214459.json","51"
"C:\IOTEC\NUCLEO_CONSOLIDADO\DUPLICADOS\posts_20251022T214359.json","51"
"C:\IOTEC\NUCLEO_CONSOLIDADO\DUPLICADOS\posts_20251022T214700.json","51"
"C:\IOTEC\NUCLEO_CONSOLIDADO\DUPLICADOS\posts_20251022T215001.json","51"
"C:\IOTEC\NUCLEO_CONSOLIDADO\DUPLICADOS\posts_20251022T214900.json","51"
"C:\IOTEC\NUCLEO_CONSOLIDADO\DUPLICADOS\posts_20251022T214800.json","51"
"C:\IOTEC\NUCLEO_CONSOLIDADO\DUPLICADOS\posts_20251022T214249.json","51"
"C:\IOTEC\NUCLEO_CONSOLIDADO\DUPLICADOS\posts_20251022T213746.json","51"
"C:\IOTEC\NUCLEO_CONSOLIDADO\DUPLICADOS\posts_20251022T213646.json","51"
"C:\IOTEC\NUCLEO_CONSOLIDADO\DUPLICADOS\posts_20251022T213546.json","51"
"C:\IOTEC\NUCLEO_CONSOLIDADO\DUPLICADOS\posts_20251022T213847.json","51"
"C:\IOTEC\NUCLEO_CONSOLIDADO\DUPLICADOS\posts_20251022T214147.json","51"
"C:\IOTEC\NUCLEO_CONSOLIDADO\DUPLICADOS\posts_20251022T214047.json","51"
"C:\IOTEC\NUCLEO_CONSOLIDADO\DUPLICADOS\posts_20251022T213947.json","51"
"C:\IOTEC\NUCLEO_CONSOLIDADO\DUPLICADOS\posts_20251022T211839.json","51"
"C:\IOTEC\NUCLEO_CONSOLIDADO\DUPLICADOS\posts_20251022T204915.json","51"
"C:\IOTEC\NUCLEO_CONSOLIDADO\DUPLICADOS\posts_20251022T204815.json","51"
"C:\IOTEC\NUCLEO_CONSOLIDADO\DUPLICADOS\posts_20251022T204715.json","51"
"C:\IOTEC\NUCLEO_CONSOLIDADO\DUPLICADOS\posts_20251022T205835.json","51"
"C:\IOTEC\NUCLEO_CONSOLIDADO\DUPLICADOS\posts_20251022T210135.json","51"
"C:\IOTEC\NUCLEO_CONSOLIDADO\DUPLICADOS\posts_20251022T210035.json","51"
"C:\IOTEC\NUCLEO_CONSOLIDADO\DUPLICADOS\posts_20251022T205935.json","51"
"C:\IOTEC\NUCLEO_CONSOLIDADO\DUPLICADOS\posts_20251022T204615.json","51"
"C:\IOTEC\NUCLEO_CONSOLIDADO\DUPLICADOS\posts_20251022T204114.json","51"
"C:\IOTEC\NUCLEO_CONSOLIDADO\DUPLICADOS\posts_20251022T204014.json","51"
"C:\IOTEC\NUCLEO_CONSOLIDADO\DUPLICADOS\posts_20251022T203914.json","51"
"C:\IOTEC\NUCLEO_CONSOLIDADO\DUPLICADOS\posts_20251022T204214.json","51"
"C:\IOTEC\NUCLEO_CONSOLIDADO\DUPLICADOS\posts_20251022T204515.json","51"
"C:\IOTEC\NUCLEO_CONSOLIDADO\DUPLICADOS\posts_20251022T204415.json","51"
"C:\IOTEC\NUCLEO_CONSOLIDADO\DUPLICADOS\posts_20251022T204314.json","51"
"C:\IOTEC\NUCLEO_CONSOLIDADO\DUPLICADOS\posts_20251022T210236.json","51"
"C:\IOTEC\NUCLEO_CONSOLIDADO\DUPLICADOS\posts_20251022T211338.json","51"
"C:\IOTEC\NUCLEO_CONSOLIDADO\DUPLICADOS\posts_20251022T211238.json","51"
"C:\IOTEC\NUCLEO_CONSOLIDADO\DUPLICADOS\posts_20251022T211138.json","51"
"C:\IOTEC\NUCLEO_CONSOLIDADO\DUPLICADOS\posts_20251022T211439.json","51"
"C:\IOTEC\NUCLEO_CONSOLIDADO\DUPLICADOS\posts_20251022T211739.json","51"
"C:\IOTEC\NUCLEO_CONSOLIDADO\DUPLICADOS\posts_20251022T211639.json","51"
"C:\IOTEC\NUCLEO_CONSOLIDADO\DUPLICADOS\posts_20251022T211539.json","51"
"C:\IOTEC\NUCLEO_CONSOLIDADO\DUPLICADOS\posts_20251022T211038.json","51"
"C:\IOTEC\NUCLEO_CONSOLIDADO\DUPLICADOS\posts_20251022T210536.json","51"
"C:\IOTEC\NUCLEO_CONSOLIDADO\DUPLICADOS\posts_20251022T210436.json","51"
"C:\IOTEC\NUCLEO_CONSOLIDADO\DUPLICADOS\posts_20251022T210336.json","51"
"C:\IOTEC\NUCLEO_CONSOLIDADO\DUPLICADOS\posts_20251022T210637.json","51"
"C:\IOTEC\NUCLEO_CONSOLIDADO\DUPLICADOS\posts_20251022T210938.json","51"
"C:\IOTEC\NUCLEO_CONSOLIDADO\DUPLICADOS\posts_20251022T210837.json","51"
"C:\IOTEC\NUCLEO_CONSOLIDADO\DUPLICADOS\posts_20251022T210737.json","51"
"C:\IOTEC\NUCLEO_CONSOLIDADO\DUPLICADOS\posts_20251022T235724.json","51"
"C:\IOTEC\NUCLEO_CONSOLIDADO\DUPLICADOS\posts_20251023T055706.json","51"
"C:\IOTEC\NUCLEO_CONSOLIDADO\DUPLICADOS\posts_20251023T055606.json","51"
"C:\IOTEC\NUCLEO_CONSOLIDADO\DUPLICADOS\posts_20251023T055506.json","51"
"C:\IOTEC\NUCLEO_CONSOLIDADO\DUPLICADOS\posts_20251023T055806.json","51"
"C:\IOTEC\NUCLEO_CONSOLIDADO\DUPLICADOS\posts_20251023T060106.json","51"
"C:\IOTEC\NUCLEO_CONSOLIDADO\DUPLICADOS\posts_20251023T060006.json","51"
"C:\IOTEC\NUCLEO_CONSOLIDADO\DUPLICADOS\posts_20251023T055906.json","51"
"C:\IOTEC\NUCLEO_CONSOLIDADO\DUPLICADOS\posts_20251023T055405.json","51"
"C:\IOTEC\NUCLEO_CONSOLIDADO\DUPLICADOS\posts_20251023T054905.json","51"
"C:\IOTEC\NUCLEO_CONSOLIDADO\DUPLICADOS\posts_20251023T054805.json","51"
"C:\IOTEC\NUCLEO_CONSOLIDADO\DUPLICADOS\posts_20251023T054705.json","51"
"C:\IOTEC\NUCLEO_CONSOLIDADO\DUPLICADOS\posts_20251023T055005.json","51"
"C:\IOTEC\NUCLEO_CONSOLIDADO\DUPLICADOS\posts_20251023T055305.json","51"
"C:\IOTEC\NUCLEO_CONSOLIDADO\DUPLICADOS\posts_20251023T055205.json","51"
"C:\IOTEC\NUCLEO_CONSOLIDADO\DUPLICADOS\posts_20251023T055105.json","51"
"C:\IOTEC\NUCLEO_CONSOLIDADO\DUPLICADOS\posts_20251023T060207.json","51"
"C:\IOTEC\NUCLEO_CONSOLIDADO\DUPLICADOS\posts_20251023T061308.json","51"
"C:\IOTEC\NUCLEO_CONSOLIDADO\DUPLICADOS\posts_20251023T061208.json","51"
"C:\IOTEC\NUCLEO_CONSOLIDADO\DUPLICADOS\posts_20251023T061108.json","51"
"C:\IOTEC\NUCLEO_CONSOLIDADO\DUPLICADOS\posts_20251023T061409.json","51"
"C:\IOTEC\NUCLEO_CONSOLIDADO\DUPLICADOS\posts_20251023T061709.json","51"
"C:\IOTEC\NUCLEO_CONSOLIDADO\DUPLICADOS\posts_20251023T061609.json","51"
"C:\IOTEC\NUCLEO_CONSOLIDADO\DUPLICADOS\posts_20251023T061509.json","51"
"C:\IOTEC\NUCLEO_CONSOLIDADO\DUPLICADOS\posts_20251023T061008.json","51"
"C:\IOTEC\NUCLEO_CONSOLIDADO\DUPLICADOS\posts_20251023T060507.json","51"
"C:\IOTEC\NUCLEO_CONSOLIDADO\DUPLICADOS\posts_20251023T060407.json","51"
"C:\IOTEC\NUCLEO_CONSOLIDADO\DUPLICADOS\posts_20251023T060307.json","51"
"C:\IOTEC\NUCLEO_CONSOLIDADO\DUPLICADOS\posts_20251023T060607.json","51"
"C:\IOTEC\NUCLEO_CONSOLIDADO\DUPLICADOS\posts_20251023T060908.json","51"
"C:\IOTEC\NUCLEO_CONSOLIDADO\DUPLICADOS\posts_20251023T060808.json","51"
"C:\IOTEC\NUCLEO_CONSOLIDADO\DUPLICADOS\posts_20251023T060708.json","51"
"C:\IOTEC\NUCLEO_CONSOLIDADO\DUPLICADOS\posts_20251023T054605.json","51"
"C:\IOTEC\NUCLEO_CONSOLIDADO\DUPLICADOS\posts_20251023T021444.json","51"
"C:\IOTEC\NUCLEO_CONSOLIDADO\DUPLICADOS\posts_20251023T021344.json","51"
"C:\IOTEC\NUCLEO_CONSOLIDADO\DUPLICADOS\posts_20251023T021244.json","51"
"C:\IOTEC\NUCLEO_CONSOLIDADO\DUPLICADOS\posts_20251023T021545.json","51"
"C:\IOTEC\NUCLEO_CONSOLIDADO\DUPLICADOS\posts_20251023T021845.json","51"
"C:\IOTEC\NUCLEO_CONSOLIDADO\DUPLICADOS\posts_20251023T021745.json","51"
"C:\IOTEC\NUCLEO_CONSOLIDADO\DUPLICADOS\posts_20251023T021645.json","51"
"C:\IOTEC\NUCLEO_CONSOLIDADO\DUPLICADOS\posts_20251023T021144.json","51"
"C:\IOTEC\NUCLEO_CONSOLIDADO\DUPLICADOS\posts_20251023T020644.json","51"
"C:\IOTEC\NUCLEO_CONSOLIDADO\DUPLICADOS\posts_20251023T020544.json","51"
"C:\IOTEC\NUCLEO_CONSOLIDADO\DUPLICADOS\posts_20251023T020444.json","51"
"C:\IOTEC\NUCLEO_CONSOLIDADO\DUPLICADOS\posts_20251023T020744.json","51"
"C:\IOTEC\NUCLEO_CONSOLIDADO\DUPLICADOS\posts_20251023T021044.json","51"
"C:\IOTEC\NUCLEO_CONSOLIDADO\DUPLICADOS\posts_20251023T020944.json","51"
"C:\IOTEC\NUCLEO_CONSOLIDADO\DUPLICADOS\posts_20251023T020844.json","51"
"C:\IOTEC\NUCLEO_CONSOLIDADO\DUPLICADOS\posts_20251023T021945.json","51"
"C:\IOTEC\NUCLEO_CONSOLIDADO\DUPLICADOS\posts_20251023T054104.json","51"
"C:\IOTEC\NUCLEO_CONSOLIDADO\DUPLICADOS\posts_20251023T054004.json","51"
"C:\IOTEC\NUCLEO_CONSOLIDADO\DUPLICADOS\posts_20251023T053904.json","51"
"C:\IOTEC\NUCLEO_CONSOLIDADO\DUPLICADOS\posts_20251023T054204.json","51"
"C:\IOTEC\NUCLEO_CONSOLIDADO\DUPLICADOS\posts_20251023T054505.json","51"
"C:\IOTEC\NUCLEO_CONSOLIDADO\DUPLICADOS\posts_20251023T054405.json","51"
"C:\IOTEC\NUCLEO_CONSOLIDADO\DUPLICADOS\posts_20251023T054304.json","51"
"C:\IOTEC\NUCLEO_CONSOLIDADO\DUPLICADOS\posts_20251023T053804.json","51"
"C:\IOTEC\NUCLEO_CONSOLIDADO\DUPLICADOS\posts_20251023T053303.json","51"
"C:\IOTEC\NUCLEO_CONSOLIDADO\DUPLICADOS\posts_20251023T022145.json","51"
"C:\IOTEC\NUCLEO_CONSOLIDADO\DUPLICADOS\posts_20251023T022045.json","51"
"C:\IOTEC\NUCLEO_CONSOLIDADO\DUPLICADOS\posts_20251023T053403.json","51"
"C:\IOTEC\NUCLEO_CONSOLIDADO\DUPLICADOS\posts_20251023T053704.json","51"
"C:\IOTEC\NUCLEO_CONSOLIDADO\DUPLICADOS\posts_20251023T053604.json","51"
"C:\IOTEC\NUCLEO_CONSOLIDADO\DUPLICADOS\posts_20251023T053503.json","51"
"C:\IOTEC\NUCLEO_CONSOLIDADO\DUPLICADOS\posts_20251023T070014.json","51"
"C:\IOTEC\NUCLEO_CONSOLIDADO\DUPLICADOS\posts_20251023T065914.json","51"
"C:\IOTEC\NUCLEO_CONSOLIDADO\DUPLICADOS\posts_20251023T065814.json","51"
"C:\IOTEC\NUCLEO_CONSOLIDADO\DUPLICADOS\posts_20251023T070114.json","51"
"C:\IOTEC\NUCLEO_CONSOLIDADO\DUPLICADOS\posts_20251023T070415.json","51"
"C:\IOTEC\NUCLEO_CONSOLIDADO\DUPLICADOS\posts_20251023T070314.json","51"
"C:\IOTEC\NUCLEO_CONSOLIDADO\DUPLICADOS\posts_20251023T070214.json","51"
"C:\IOTEC\NUCLEO_CONSOLIDADO\DUPLICADOS\posts_20251023T065714.json","51"
"C:\IOTEC\NUCLEO_CONSOLIDADO\DUPLICADOS\posts_20251023T065213.json","51"
"C:\IOTEC\NUCLEO_CONSOLIDADO\DUPLICADOS\posts_20251023T065113.json","51"
"C:\IOTEC\NUCLEO_CONSOLIDADO\DUPLICADOS\posts_20251023T065013.json","51"
"C:\IOTEC\NUCLEO_CONSOLIDADO\DUPLICADOS\posts_20251023T065313.json","51"
"C:\IOTEC\NUCLEO_CONSOLIDADO\DUPLICADOS\posts_20251023T065613.json","51"
"C:\IOTEC\NUCLEO_CONSOLIDADO\DUPLICADOS\posts_20251023T065513.json","51"
"C:\IOTEC\NUCLEO_CONSOLIDADO\DUPLICADOS\posts_20251023T065413.json","51"
"C:\IOTEC\NUCLEO_CONSOLIDADO\DUPLICADOS\posts_20251023T070515.json","51"
"C:\IOTEC\NUCLEO_CONSOLIDADO\DUPLICADOS\posts_20251023T071617.json","51"
"C:\IOTEC\NUCLEO_CONSOLIDADO\DUPLICADOS\posts_20251023T071517.json","51"
"C:\IOTEC\NUCLEO_CONSOLIDADO\DUPLICADOS\posts_20251023T071417.json","51"
"C:\IOTEC\NUCLEO_CONSOLIDADO\DUPLICADOS\posts_20251023T071717.json","51"
"C:\IOTEC\NUCLEO_CONSOLIDADO\DUPLICADOS\posts_20251023T072020.json","51"
"C:\IOTEC\NUCLEO_CONSOLIDADO\DUPLICADOS\posts_20251023T071920.json","51"
"C:\IOTEC\NUCLEO_CONSOLIDADO\DUPLICADOS\posts_20251023T071817.json","51"
"C:\IOTEC\NUCLEO_CONSOLIDADO\DUPLICADOS\posts_20251023T071316.json","51"
"C:\IOTEC\NUCLEO_CONSOLIDADO\DUPLICADOS\posts_20251023T070815.json","51"
"C:\IOTEC\NUCLEO_CONSOLIDADO\DUPLICADOS\posts_20251023T070715.json","51"
"C:\IOTEC\NUCLEO_CONSOLIDADO\DUPLICADOS\posts_20251023T070615.json","51"
"C:\IOTEC\NUCLEO_CONSOLIDADO\DUPLICADOS\posts_20251023T070915.json","51"
"C:\IOTEC\NUCLEO_CONSOLIDADO\DUPLICADOS\posts_20251023T071216.json","51"
"C:\IOTEC\NUCLEO_CONSOLIDADO\DUPLICADOS\posts_20251023T071116.json","51"
"C:\IOTEC\NUCLEO_CONSOLIDADO\DUPLICADOS\posts_20251023T071015.json","51"
"C:\IOTEC\NUCLEO_CONSOLIDADO\DUPLICADOS\posts_20251023T064913.json","51"
"C:\IOTEC\NUCLEO_CONSOLIDADO\DUPLICADOS\posts_20251023T062810.json","51"
"C:\IOTEC\NUCLEO_CONSOLIDADO\DUPLICADOS\posts_20251023T062710.json","51"
"C:\IOTEC\NUCLEO_CONSOLIDADO\DUPLICADOS\posts_20251023T062610.json","51"
"C:\IOTEC\NUCLEO_CONSOLIDADO\DUPLICADOS\posts_20251023T062910.json","51"
"C:\IOTEC\NUCLEO_CONSOLIDADO\DUPLICADOS\posts_20251023T063211.json","51"
"C:\IOTEC\NUCLEO_CONSOLIDADO\DUPLICADOS\posts_20251023T063111.json","51"
"C:\IOTEC\NUCLEO_CONSOLIDADO\DUPLICADOS\posts_20251023T063011.json","51"
"C:\IOTEC\NUCLEO_CONSOLIDADO\DUPLICADOS\posts_20251023T062510.json","51"
"C:\IOTEC\NUCLEO_CONSOLIDADO\DUPLICADOS\posts_20251023T062009.json","51"
"C:\IOTEC\NUCLEO_CONSOLIDADO\DUPLICADOS\posts_20251023T061909.json","51"
"C:\IOTEC\NUCLEO_CONSOLIDADO\DUPLICADOS\posts_20251023T061809.json","51"
"C:\IOTEC\NUCLEO_CONSOLIDADO\DUPLICADOS\posts_20251023T062109.json","51"
"C:\IOTEC\NUCLEO_CONSOLIDADO\DUPLICADOS\posts_20251023T062410.json","51"
"C:\IOTEC\NUCLEO_CONSOLIDADO\DUPLICADOS\posts_20251023T062310.json","51"
"C:\IOTEC\NUCLEO_CONSOLIDADO\DUPLICADOS\posts_20251023T062209.json","51"
"C:\IOTEC\NUCLEO_CONSOLIDADO\DUPLICADOS\posts_20251023T063311.json","51"
"C:\IOTEC\NUCLEO_CONSOLIDADO\DUPLICADOS\posts_20251023T064412.json","51"
"C:\IOTEC\NUCLEO_CONSOLIDADO\DUPLICADOS\posts_20251023T064312.json","51"
"C:\IOTEC\NUCLEO_CONSOLIDADO\DUPLICADOS\posts_20251023T064212.json","51"
"C:\IOTEC\NUCLEO_CONSOLIDADO\DUPLICADOS\posts_20251023T064512.json","51"
"C:\IOTEC\NUCLEO_CONSOLIDADO\DUPLICADOS\posts_20251023T064813.json","51"
"C:\IOTEC\NUCLEO_CONSOLIDADO\DUPLICADOS\posts_20251023T064713.json","51"
"C:\IOTEC\NUCLEO_CONSOLIDADO\DUPLICADOS\posts_20251023T064612.json","51"
"C:\IOTEC\NUCLEO_CONSOLIDADO\DUPLICADOS\posts_20251023T064112.json","51"
"C:\IOTEC\NUCLEO_CONSOLIDADO\DUPLICADOS\posts_20251023T063611.json","51"
"C:\IOTEC\NUCLEO_CONSOLIDADO\DUPLICADOS\posts_20251023T063511.json","51"
"C:\IOTEC\NUCLEO_CONSOLIDADO\DUPLICADOS\posts_20251023T063411.json","51"
"C:\IOTEC\NUCLEO_CONSOLIDADO\DUPLICADOS\posts_20251023T063711.json","51"
"C:\IOTEC\NUCLEO_CONSOLIDADO\DUPLICADOS\posts_20251023T064012.json","51"
"C:\IOTEC\NUCLEO_CONSOLIDADO\DUPLICADOS\posts_20251023T063912.json","51"
"C:\IOTEC\NUCLEO_CONSOLIDADO\DUPLICADOS\posts_20251023T063812.json","51"
"C:\IOTEC\NUCLEO_CONSOLIDADO\DUPLICADOS\posts_20251023T004028.json","51"
"C:\IOTEC\NUCLEO_CONSOLIDADO\DUPLICADOS\posts_20251023T003928.json","51"
"C:\IOTEC\NUCLEO_CONSOLIDADO\DUPLICADOS\posts_20251023T003828.json","51"
"C:\IOTEC\NUCLEO_CONSOLIDADO\DUPLICADOS\posts_20251023T004128.json","51"
"C:\IOTEC\NUCLEO_CONSOLIDADO\DUPLICADOS\posts_20251023T004429.json","51"
"C:\IOTEC\NUCLEO_CONSOLIDADO\DUPLICADOS\posts_20251023T004328.json","51"
"C:\IOTEC\NUCLEO_CONSOLIDADO\DUPLICADOS\posts_20251023T004228.json","51"
"C:\IOTEC\NUCLEO_CONSOLIDADO\DUPLICADOS\posts_20251023T003728.json","51"
"C:\IOTEC\NUCLEO_CONSOLIDADO\DUPLICADOS\posts_20251023T003228.json","51"
"C:\IOTEC\NUCLEO_CONSOLIDADO\DUPLICADOS\posts_20251023T003127.json","51"
"C:\IOTEC\NUCLEO_CONSOLIDADO\DUPLICADOS\posts_20251023T003027.json","51"
"C:\IOTEC\NUCLEO_CONSOLIDADO\DUPLICADOS\posts_20251023T003328.json","51"
"C:\IOTEC\NUCLEO_CONSOLIDADO\DUPLICADOS\posts_20251023T003628.json","51"
"C:\IOTEC\NUCLEO_CONSOLIDADO\DUPLICADOS\posts_20251023T003528.json","51"
"C:\IOTEC\NUCLEO_CONSOLIDADO\DUPLICADOS\posts_20251023T003428.json","51"
"C:\IOTEC\NUCLEO_CONSOLIDADO\DUPLICADOS\posts_20251023T004529.json","51"
"C:\IOTEC\NUCLEO_CONSOLIDADO\DUPLICADOS\posts_20251023T005629.json","51"
"C:\IOTEC\NUCLEO_CONSOLIDADO\DUPLICADOS\posts_20251023T005529.json","51"
"C:\IOTEC\NUCLEO_CONSOLIDADO\DUPLICADOS\posts_20251023T005429.json","51"
"C:\IOTEC\NUCLEO_CONSOLIDADO\DUPLICADOS\posts_20251023T005729.json","51"
"C:\IOTEC\NUCLEO_CONSOLIDADO\DUPLICADOS\posts_20251023T010030.json","51"
"C:\IOTEC\NUCLEO_CONSOLIDADO\DUPLICADOS\posts_20251023T005930.json","51"
"C:\IOTEC\NUCLEO_CONSOLIDADO\DUPLICADOS\posts_20251023T005830.json","51"
"C:\IOTEC\NUCLEO_CONSOLIDADO\DUPLICADOS\posts_20251023T005329.json","51"
"C:\IOTEC\NUCLEO_CONSOLIDADO\DUPLICADOS\posts_20251023T004829.json","51"
"C:\IOTEC\NUCLEO_CONSOLIDADO\DUPLICADOS\posts_20251023T004729.json","51"
"C:\IOTEC\NUCLEO_CONSOLIDADO\DUPLICADOS\posts_20251023T004629.json","51"
"C:\IOTEC\NUCLEO_CONSOLIDADO\DUPLICADOS\posts_20251023T004929.json","51"
"C:\IOTEC\NUCLEO_CONSOLIDADO\DUPLICADOS\posts_20251023T005229.json","51"
"C:\IOTEC\NUCLEO_CONSOLIDADO\DUPLICADOS\posts_20251023T005129.json","51"
"C:\IOTEC\NUCLEO_CONSOLIDADO\DUPLICADOS\posts_20251023T005029.json","51"
"C:\IOTEC\NUCLEO_CONSOLIDADO\DUPLICADOS\posts_20251023T002927.json","51"
"C:\IOTEC\NUCLEO_CONSOLIDADO\DUPLICADOS\posts_20251023T000826.json","51"
"C:\IOTEC\NUCLEO_CONSOLIDADO\DUPLICADOS\posts_20251023T000726.json","51"
"C:\IOTEC\NUCLEO_CONSOLIDADO\DUPLICADOS\posts_20251023T000625.json","51"
"C:\IOTEC\NUCLEO_CONSOLIDADO\DUPLICADOS\posts_20251023T000926.json","51"
"C:\IOTEC\NUCLEO_CONSOLIDADO\DUPLICADOS\posts_20251023T001226.json","51"
"C:\IOTEC\NUCLEO_CONSOLIDADO\DUPLICADOS\posts_20251023T001126.json","51"
"C:\IOTEC\NUCLEO_CONSOLIDADO\DUPLICADOS\posts_20251023T001026.json","51"
"C:\IOTEC\NUCLEO_CONSOLIDADO\DUPLICADOS\posts_20251023T000525.json","51"
"C:\IOTEC\NUCLEO_CONSOLIDADO\DUPLICADOS\posts_20251023T000024.json","51"
"C:\IOTEC\NUCLEO_CONSOLIDADO\DUPLICADOS\posts_20251022T235924.json","51"
"C:\IOTEC\NUCLEO_CONSOLIDADO\DUPLICADOS\posts_20251022T235824.json","51"
"C:\IOTEC\NUCLEO_CONSOLIDADO\DUPLICADOS\posts_20251023T000124.json","51"
"C:\IOTEC\NUCLEO_CONSOLIDADO\DUPLICADOS\posts_20251023T000425.json","51"
"C:\IOTEC\NUCLEO_CONSOLIDADO\DUPLICADOS\posts_20251023T000324.json","51"
"C:\IOTEC\NUCLEO_CONSOLIDADO\DUPLICADOS\posts_20251023T000224.json","51"
"C:\IOTEC\NUCLEO_CONSOLIDADO\DUPLICADOS\posts_20251023T001326.json","51"
"C:\IOTEC\NUCLEO_CONSOLIDADO\DUPLICADOS\posts_20251023T002427.json","51"
"C:\IOTEC\NUCLEO_CONSOLIDADO\DUPLICADOS\posts_20251023T002327.json","51"
"C:\IOTEC\NUCLEO_CONSOLIDADO\DUPLICADOS\posts_20251023T002227.json","51"
"C:\IOTEC\NUCLEO_CONSOLIDADO\DUPLICADOS\posts_20251023T002527.json","51"
"C:\IOTEC\NUCLEO_CONSOLIDADO\DUPLICADOS\posts_20251023T002827.json","51"
"C:\IOTEC\NUCLEO_CONSOLIDADO\DUPLICADOS\posts_20251023T002727.json","51"
"C:\IOTEC\NUCLEO_CONSOLIDADO\DUPLICADOS\posts_20251023T002627.json","51"
"C:\IOTEC\NUCLEO_CONSOLIDADO\DUPLICADOS\posts_20251023T002127.json","51"
"C:\IOTEC\NUCLEO_CONSOLIDADO\DUPLICADOS\posts_20251023T001626.json","51"
"C:\IOTEC\NUCLEO_CONSOLIDADO\DUPLICADOS\posts_20251023T001526.json","51"
"C:\IOTEC\NUCLEO_CONSOLIDADO\DUPLICADOS\posts_20251023T001426.json","51"
"C:\IOTEC\NUCLEO_CONSOLIDADO\DUPLICADOS\posts_20251023T001726.json","51"
"C:\IOTEC\NUCLEO_CONSOLIDADO\DUPLICADOS\posts_20251023T002027.json","51"
"C:\IOTEC\NUCLEO_CONSOLIDADO\DUPLICADOS\posts_20251023T001927.json","51"
"C:\IOTEC\NUCLEO_CONSOLIDADO\DUPLICADOS\posts_20251023T001826.json","51"
"C:\IOTEC\NUCLEO_CONSOLIDADO\DUPLICADOS\posts_20251023T014342.json","51"
"C:\IOTEC\NUCLEO_CONSOLIDADO\DUPLICADOS\posts_20251023T014242.json","51"
"C:\IOTEC\NUCLEO_CONSOLIDADO\DUPLICADOS\posts_20251023T014142.json","51"
"C:\IOTEC\NUCLEO_CONSOLIDADO\DUPLICADOS\posts_20251023T014442.json","51"
"C:\IOTEC\NUCLEO_CONSOLIDADO\DUPLICADOS\posts_20251023T014743.json","51"
"C:\IOTEC\NUCLEO_CONSOLIDADO\DUPLICADOS\posts_20251023T014643.json","51"
"C:\IOTEC\NUCLEO_CONSOLIDADO\DUPLICADOS\posts_20251023T014542.json","51"
"C:\IOTEC\NUCLEO_CONSOLIDADO\DUPLICADOS\posts_20251023T014042.json","51"
"C:\IOTEC\NUCLEO_CONSOLIDADO\DUPLICADOS\posts_20251023T013542.json","51"
"C:\IOTEC\NUCLEO_CONSOLIDADO\DUPLICADOS\posts_20251023T013442.json","51"
"C:\IOTEC\NUCLEO_CONSOLIDADO\DUPLICADOS\posts_20251023T013342.json","51"
"C:\IOTEC\NUCLEO_CONSOLIDADO\DUPLICADOS\posts_20251023T013642.json","51"
"C:\IOTEC\NUCLEO_CONSOLIDADO\DUPLICADOS\posts_20251023T013942.json","51"
"C:\IOTEC\NUCLEO_CONSOLIDADO\DUPLICADOS\posts_20251023T013842.json","51"
"C:\IOTEC\NUCLEO_CONSOLIDADO\DUPLICADOS\posts_20251023T013742.json","51"
"C:\IOTEC\NUCLEO_CONSOLIDADO\DUPLICADOS\posts_20251023T014843.json","51"
"C:\IOTEC\NUCLEO_CONSOLIDADO\DUPLICADOS\posts_20251023T015943.json","51"
"C:\IOTEC\NUCLEO_CONSOLIDADO\DUPLICADOS\posts_20251023T015843.json","51"
"C:\IOTEC\NUCLEO_CONSOLIDADO\DUPLICADOS\posts_20251023T015743.json","51"
"C:\IOTEC\NUCLEO_CONSOLIDADO\DUPLICADOS\posts_20251023T020043.json","51"
"C:\IOTEC\NUCLEO_CONSOLIDADO\DUPLICADOS\posts_20251023T020344.json","51"
"C:\IOTEC\NUCLEO_CONSOLIDADO\DUPLICADOS\posts_20251023T020244.json","51"
"C:\IOTEC\NUCLEO_CONSOLIDADO\DUPLICADOS\posts_20251023T020144.json","51"
"C:\IOTEC\NUCLEO_CONSOLIDADO\DUPLICADOS\posts_20251023T015643.json","51"
"C:\IOTEC\NUCLEO_CONSOLIDADO\DUPLICADOS\posts_20251023T015143.json","51"
"C:\IOTEC\NUCLEO_CONSOLIDADO\DUPLICADOS\posts_20251023T015043.json","51"
"C:\IOTEC\NUCLEO_CONSOLIDADO\DUPLICADOS\posts_20251023T014943.json","51"
"C:\IOTEC\NUCLEO_CONSOLIDADO\DUPLICADOS\posts_20251023T015243.json","51"
"C:\IOTEC\NUCLEO_CONSOLIDADO\DUPLICADOS\posts_20251023T015543.json","51"
"C:\IOTEC\NUCLEO_CONSOLIDADO\DUPLICADOS\posts_20251023T015443.json","51"
"C:\IOTEC\NUCLEO_CONSOLIDADO\DUPLICADOS\posts_20251023T015343.json","51"
"C:\IOTEC\NUCLEO_CONSOLIDADO\DUPLICADOS\posts_20251023T013241.json","51"
"C:\IOTEC\NUCLEO_CONSOLIDADO\DUPLICADOS\posts_20251023T011130.json","51"
"C:\IOTEC\NUCLEO_CONSOLIDADO\DUPLICADOS\posts_20251023T011030.json","51"
"C:\IOTEC\NUCLEO_CONSOLIDADO\DUPLICADOS\posts_20251023T010930.json","51"
"C:\IOTEC\NUCLEO_CONSOLIDADO\DUPLICADOS\posts_20251023T011231.json","51"
"C:\IOTEC\NUCLEO_CONSOLIDADO\DUPLICADOS\posts_20251023T011531.json","51"
"C:\IOTEC\NUCLEO_CONSOLIDADO\DUPLICADOS\posts_20251023T011431.json","51"
"C:\IOTEC\NUCLEO_CONSOLIDADO\DUPLICADOS\posts_20251023T011331.json","51"
"C:\IOTEC\NUCLEO_CONSOLIDADO\DUPLICADOS\posts_20251023T010830.json","51"
"C:\IOTEC\NUCLEO_CONSOLIDADO\DUPLICADOS\posts_20251023T010330.json","51"
"C:\IOTEC\NUCLEO_CONSOLIDADO\DUPLICADOS\posts_20251023T010230.json","51"
"C:\IOTEC\NUCLEO_CONSOLIDADO\DUPLICADOS\posts_20251023T010130.json","51"
"C:\IOTEC\NUCLEO_CONSOLIDADO\DUPLICADOS\posts_20251023T010430.json","51"
"C:\IOTEC\NUCLEO_CONSOLIDADO\DUPLICADOS\posts_20251023T010730.json","51"
"C:\IOTEC\NUCLEO_CONSOLIDADO\DUPLICADOS\posts_20251023T010630.json","51"
"C:\IOTEC\NUCLEO_CONSOLIDADO\DUPLICADOS\posts_20251023T010530.json","51"
"C:\IOTEC\NUCLEO_CONSOLIDADO\DUPLICADOS\posts_20251023T011631.json","51"
"C:\IOTEC\NUCLEO_CONSOLIDADO\DUPLICADOS\posts_20251023T012740.json","51"
"C:\IOTEC\NUCLEO_CONSOLIDADO\DUPLICADOS\posts_20251023T012640.json","51"
"C:\IOTEC\NUCLEO_CONSOLIDADO\DUPLICADOS\posts_20251023T012532.json","51"
"C:\IOTEC\NUCLEO_CONSOLIDADO\DUPLICADOS\posts_20251023T012840.json","51"
"C:\IOTEC\NUCLEO_CONSOLIDADO\DUPLICADOS\posts_20251023T013141.json","51"
"C:\IOTEC\NUCLEO_CONSOLIDADO\DUPLICADOS\posts_20251023T013041.json","51"
"C:\IOTEC\NUCLEO_CONSOLIDADO\DUPLICADOS\posts_20251023T012941.json","51"
"C:\IOTEC\NUCLEO_CONSOLIDADO\DUPLICADOS\posts_20251023T012432.json","51"
"C:\IOTEC\NUCLEO_CONSOLIDADO\DUPLICADOS\posts_20251023T011931.json","51"
"C:\IOTEC\NUCLEO_CONSOLIDADO\DUPLICADOS\posts_20251023T011831.json","51"
"C:\IOTEC\NUCLEO_CONSOLIDADO\DUPLICADOS\posts_20251023T011731.json","51"
"C:\IOTEC\NUCLEO_CONSOLIDADO\DUPLICADOS\posts_20251023T012031.json","51"
"C:\IOTEC\NUCLEO_CONSOLIDADO\DUPLICADOS\posts_20251023T012331.json","51"
"C:\IOTEC\NUCLEO_CONSOLIDADO\DUPLICADOS\posts_20251023T012231.json","51"
"C:\IOTEC\NUCLEO_CONSOLIDADO\DUPLICADOS\posts_20251023T012131.json","51"
"C:\IOTEC\NUCLEO_CONSOLIDADO\DUPLICADOS\posts_20251022T191801.json","51"
"C:\IOTEC\MINERADORA_BRUTA\posts_20251023T124132.json","51"
"C:\IOTEC\MINERADORA_BRUTA\posts_20251023T124232.json","51"
"C:\IOTEC\MINERADORA_BRUTA\posts_20251023T124333.json","51"
"C:\IOTEC\MINERADORA_BRUTA\posts_20251023T124032.json","51"
"C:\IOTEC\MINERADORA_BRUTA\posts_20251023T123732.json","51"
"C:\IOTEC\MINERADORA_BRUTA\posts_20251023T123832.json","51"
"C:\IOTEC\MINERADORA_BRUTA\posts_20251023T123932.json","51"
"C:\IOTEC\MINERADORA_BRUTA\posts_20251023T124433.json","51"
"C:\IOTEC\MINERADORA_BRUTA\posts_20251023T124950.json","51"
"C:\IOTEC\MINERADORA_BRUTA\posts_20251023T125055.json","51"
"C:\IOTEC\MINERADORA_BRUTA\posts_20251023T130604.json","51"
"C:\IOTEC\MINERADORA_BRUTA\posts_20251023T124845.json","51"
"C:\IOTEC\MINERADORA_BRUTA\posts_20251023T124533.json","51"
"C:\IOTEC\MINERADORA_BRUTA\posts_20251023T124633.json","51"
"C:\IOTEC\MINERADORA_BRUTA\posts_20251023T124739.json","51"
"C:\IOTEC\MINERADORA_BRUTA\posts_20251023T123632.json","51"
"C:\IOTEC\MINERADORA_BRUTA\posts_20251023T122530.json","51"
"C:\IOTEC\MINERADORA_BRUTA\posts_20251023T122630.json","51"
"C:\IOTEC\MINERADORA_BRUTA\posts_20251023T122730.json","51"
"C:\IOTEC\MINERADORA_BRUTA\posts_20251023T122430.json","51"
"C:\IOTEC\MINERADORA_BRUTA\posts_20251023T122130.json","51"
"C:\IOTEC\MINERADORA_BRUTA\posts_20251023T122230.json","51"
"C:\IOTEC\MINERADORA_BRUTA\posts_20251023T122330.json","51"
"C:\IOTEC\MINERADORA_BRUTA\posts_20251023T122831.json","51"
"C:\IOTEC\MINERADORA_BRUTA\posts_20251023T123331.json","51"
"C:\IOTEC\MINERADORA_BRUTA\posts_20251023T123431.json","51"
"C:\IOTEC\MINERADORA_BRUTA\posts_20251023T123531.json","51"
"C:\IOTEC\MINERADORA_BRUTA\posts_20251023T123231.json","51"
"C:\IOTEC\MINERADORA_BRUTA\posts_20251023T122931.json","51"
"C:\IOTEC\MINERADORA_BRUTA\posts_20251023T123031.json","51"
"C:\IOTEC\MINERADORA_BRUTA\posts_20251023T123131.json","51"
"C:\IOTEC\MINERADORA_BRUTA\posts_20251023T130710.json","51"
"C:\IOTEC\MINERADORA_BRUTA\posts_20251023T132940.json","51"
"C:\IOTEC\MINERADORA_BRUTA\posts_20251023T133040.json","51"
"C:\IOTEC\MINERADORA_BRUTA\posts_20251023T133146.json","51"
"C:\IOTEC\MINERADORA_BRUTA\posts_20251023T132835.json","51"
"C:\IOTEC\MINERADORA_BRUTA\posts_20251023T132520.json","51"
"C:\IOTEC\MINERADORA_BRUTA\posts_20251023T132625.json","51"
"C:\IOTEC\MINERADORA_BRUTA\posts_20251023T132730.json","51"
"C:\IOTEC\MINERADORA_BRUTA\posts_20251023T133251.json","51"
"C:\IOTEC\MINERADORA_BRUTA\posts_20251023T133756.json","51"
"C:\IOTEC\MINERADORA_BRUTA\posts_20251023T133902.json","51"
"C:\IOTEC\MINERADORA_BRUTA\posts_20251023T134007.json","51"
"C:\IOTEC\MINERADORA_BRUTA\posts_20251023T133656.json","51"
"C:\IOTEC\MINERADORA_BRUTA\posts_20251023T133356.json","51"
"C:\IOTEC\MINERADORA_BRUTA\posts_20251023T133456.json","51"
"C:\IOTEC\MINERADORA_BRUTA\posts_20251023T133556.json","51"
"C:\IOTEC\MINERADORA_BRUTA\posts_20251023T132419.json","51"
"C:\IOTEC\MINERADORA_BRUTA\posts_20251023T131233.json","51"
"C:\IOTEC\MINERADORA_BRUTA\posts_20251023T131341.json","51"
"C:\IOTEC\MINERADORA_BRUTA\posts_20251023T131446.json","51"
"C:\IOTEC\MINERADORA_BRUTA\posts_20251023T131128.json","51"
"C:\IOTEC\MINERADORA_BRUTA\posts_20251023T130815.json","51"
"C:\IOTEC\MINERADORA_BRUTA\posts_20251023T130920.json","51"
"C:\IOTEC\MINERADORA_BRUTA\posts_20251023T131027.json","51"
"C:\IOTEC\MINERADORA_BRUTA\posts_20251023T131551.json","51"
"C:\IOTEC\MINERADORA_BRUTA\posts_20251023T132114.json","51"
"C:\IOTEC\MINERADORA_BRUTA\posts_20251023T132214.json","51"
"C:\IOTEC\MINERADORA_BRUTA\posts_20251023T132319.json","51"
"C:\IOTEC\MINERADORA_BRUTA\posts_20251023T132014.json","51"
"C:\IOTEC\MINERADORA_BRUTA\posts_20251023T131651.json","51"
"C:\IOTEC\MINERADORA_BRUTA\posts_20251023T131803.json","51"
"C:\IOTEC\MINERADORA_BRUTA\posts_20251023T131908.json","51"
"C:\IOTEC\MINERADORA_BRUTA\posts_20251023T113819.json","51"
"C:\IOTEC\MINERADORA_BRUTA\posts_20251023T113921.json","51"
"C:\IOTEC\MINERADORA_BRUTA\posts_20251023T114021.json","51"
"C:\IOTEC\MINERADORA_BRUTA\posts_20251023T113719.json","51"
"C:\IOTEC\MINERADORA_BRUTA\posts_20251023T113418.json","51"
"C:\IOTEC\MINERADORA_BRUTA\posts_20251023T113518.json","51"
"C:\IOTEC\MINERADORA_BRUTA\posts_20251023T113618.json","51"
"C:\IOTEC\MINERADORA_BRUTA\posts_20251023T114122.json","51"
"C:\IOTEC\MINERADORA_BRUTA\posts_20251023T114623.json","51"
"C:\IOTEC\MINERADORA_BRUTA\posts_20251023T114723.json","51"
"C:\IOTEC\MINERADORA_BRUTA\posts_20251023T114823.json","51"
"C:\IOTEC\MINERADORA_BRUTA\posts_20251023T114522.json","51"
"C:\IOTEC\MINERADORA_BRUTA\posts_20251023T114222.json","51"
"C:\IOTEC\MINERADORA_BRUTA\posts_20251023T114322.json","51"
"C:\IOTEC\MINERADORA_BRUTA\posts_20251023T114422.json","51"
"C:\IOTEC\MINERADORA_BRUTA\posts_20251023T113318.json","51"
"C:\IOTEC\MINERADORA_BRUTA\posts_20251023T112216.json","51"
"C:\IOTEC\MINERADORA_BRUTA\posts_20251023T112316.json","51"
"C:\IOTEC\MINERADORA_BRUTA\posts_20251023T112416.json","51"
"C:\IOTEC\MINERADORA_BRUTA\posts_20251023T112116.json","51"
"C:\IOTEC\MINERADORA_BRUTA\posts_20251023T111815.json","51"
"C:\IOTEC\MINERADORA_BRUTA\posts_20251023T111915.json","51"
"C:\IOTEC\MINERADORA_BRUTA\posts_20251023T112016.json","51"
"C:\IOTEC\MINERADORA_BRUTA\posts_20251023T112516.json","51"
"C:\IOTEC\MINERADORA_BRUTA\posts_20251023T113017.json","51"
"C:\IOTEC\MINERADORA_BRUTA\posts_20251023T113117.json","51"
"C:\IOTEC\MINERADORA_BRUTA\posts_20251023T113218.json","51"
"C:\IOTEC\MINERADORA_BRUTA\posts_20251023T112917.json","51"
"C:\IOTEC\MINERADORA_BRUTA\posts_20251023T112616.json","51"
"C:\IOTEC\MINERADORA_BRUTA\posts_20251023T112717.json","51"
"C:\IOTEC\MINERADORA_BRUTA\posts_20251023T112817.json","51"
"C:\IOTEC\MINERADORA_BRUTA\posts_20251023T114923.json","51"
"C:\IOTEC\MINERADORA_BRUTA\posts_20251023T121029.json","51"
"C:\IOTEC\MINERADORA_BRUTA\posts_20251023T121129.json","51"
"C:\IOTEC\MINERADORA_BRUTA\posts_20251023T121229.json","51"
"C:\IOTEC\MINERADORA_BRUTA\posts_20251023T120928.json","51"
"C:\IOTEC\MINERADORA_BRUTA\posts_20251023T120628.json","51"
"C:\IOTEC\MINERADORA_BRUTA\posts_20251023T120728.json","51"
"C:\IOTEC\MINERADORA_BRUTA\posts_20251023T120828.json","51"
"C:\IOTEC\MINERADORA_BRUTA\posts_20251023T121329.json","51"
"C:\IOTEC\MINERADORA_BRUTA\posts_20251023T121830.json","51"
"C:\IOTEC\MINERADORA_BRUTA\posts_20251023T121930.json","51"
"C:\IOTEC\MINERADORA_BRUTA\posts_20251023T122030.json","51"
"C:\IOTEC\MINERADORA_BRUTA\posts_20251023T121730.json","51"
"C:\IOTEC\MINERADORA_BRUTA\posts_20251023T121429.json","51"
"C:\IOTEC\MINERADORA_BRUTA\posts_20251023T121529.json","51"
"C:\IOTEC\MINERADORA_BRUTA\posts_20251023T121629.json","51"
"C:\IOTEC\MINERADORA_BRUTA\posts_20251023T120527.json","51"
"C:\IOTEC\MINERADORA_BRUTA\posts_20251023T115425.json","51"
"C:\IOTEC\MINERADORA_BRUTA\posts_20251023T115525.json","51"
"C:\IOTEC\MINERADORA_BRUTA\posts_20251023T115625.json","51"
"C:\IOTEC\MINERADORA_BRUTA\posts_20251023T115324.json","51"
"C:\IOTEC\MINERADORA_BRUTA\posts_20251023T115023.json","51"
"C:\IOTEC\MINERADORA_BRUTA\posts_20251023T115124.json","51"
"C:\IOTEC\MINERADORA_BRUTA\posts_20251023T115224.json","51"
"C:\IOTEC\MINERADORA_BRUTA\posts_20251023T115725.json","51"
"C:\IOTEC\MINERADORA_BRUTA\posts_20251023T120226.json","51"
"C:\IOTEC\MINERADORA_BRUTA\posts_20251023T120327.json","51"
"C:\IOTEC\MINERADORA_BRUTA\posts_20251023T120427.json","51"
"C:\IOTEC\MINERADORA_BRUTA\posts_20251023T120126.json","51"
"C:\IOTEC\MINERADORA_BRUTA\posts_20251023T115825.json","51"
"C:\IOTEC\MINERADORA_BRUTA\posts_20251023T115926.json","51"
"C:\IOTEC\MINERADORA_BRUTA\posts_20251023T120026.json","51"
"C:\IOTEC\MINERADORA_BRUTA\posts_20251023T150955.json","51"
"C:\IOTEC\MINERADORA_BRUTA\posts_20251023T151100.json","51"
"C:\IOTEC\MINERADORA_BRUTA\posts_20251023T151205.json","51"
"C:\IOTEC\MINERADORA_BRUTA\posts_20251023T150850.json","51"
"C:\IOTEC\MINERADORA_BRUTA\posts_20251023T150534.json","51"
"C:\IOTEC\MINERADORA_BRUTA\posts_20251023T150639.json","51"
"C:\IOTEC\MINERADORA_BRUTA\posts_20251023T150744.json","51"
"C:\IOTEC\MINERADORA_BRUTA\posts_20251023T152355.json","51"
"C:\IOTEC\MINERADORA_BRUTA\posts_20251023T153809.json","51"
"C:\IOTEC\MINERADORA_BRUTA\posts_20251023T153909.json","51"
"C:\IOTEC\MINERADORA_BRUTA\posts_20251023T154009.json","51"
"C:\IOTEC\MINERADORA_BRUTA\posts_20251023T153648.json","51"
"C:\IOTEC\MINERADORA_BRUTA\posts_20251023T152455.json","51"
"C:\IOTEC\MINERADORA_BRUTA\posts_20251023T152555.json","51"
"C:\IOTEC\MINERADORA_BRUTA\posts_20251023T153548.json","51"
"C:\IOTEC\MINERADORA_BRUTA\posts_20251023T150429.json","51"
"C:\IOTEC\MINERADORA_BRUTA\posts_20251023T145318.json","51"
"C:\IOTEC\MINERADORA_BRUTA\posts_20251023T145418.json","51"
"C:\IOTEC\MINERADORA_BRUTA\posts_20251023T145518.json","51"
"C:\IOTEC\MINERADORA_BRUTA\posts_20251023T145218.json","51"
"C:\IOTEC\MINERADORA_BRUTA\posts_20251023T144917.json","51"
"C:\IOTEC\MINERADORA_BRUTA\posts_20251023T145017.json","51"
"C:\IOTEC\MINERADORA_BRUTA\posts_20251023T145117.json","51"
"C:\IOTEC\MINERADORA_BRUTA\posts_20251023T145618.json","51"
"C:\IOTEC\MINERADORA_BRUTA\posts_20251023T150118.json","51"
"C:\IOTEC\MINERADORA_BRUTA\posts_20251023T150219.json","51"
"C:\IOTEC\MINERADORA_BRUTA\posts_20251023T150324.json","51"
"C:\IOTEC\MINERADORA_BRUTA\posts_20251023T150018.json","51"
"C:\IOTEC\MINERADORA_BRUTA\posts_20251023T145718.json","51"
"C:\IOTEC\MINERADORA_BRUTA\posts_20251023T145818.json","51"
"C:\IOTEC\MINERADORA_BRUTA\posts_20251023T145918.json","51"
"C:\IOTEC\MINERADORA_BRUTA\posts_20251023T154109.json","51"
"C:\IOTEC\MINERADORA_BRUTA\posts_20251023T160216.json","51"
"C:\IOTEC\MINERADORA_BRUTA\posts_20251023T160316.json","51"
"C:\IOTEC\MINERADORA_BRUTA\posts_20251023T160416.json","51"
"C:\IOTEC\MINERADORA_BRUTA\posts_20251023T160116.json","51"
"C:\IOTEC\MINERADORA_BRUTA\posts_20251023T155815.json","51"
"C:\IOTEC\MINERADORA_BRUTA\posts_20251023T155915.json","51"
"C:\IOTEC\MINERADORA_BRUTA\posts_20251023T160015.json","51"
"C:\IOTEC\MINERADORA_BRUTA\posts_20251023T160517.json","51"
"C:\IOTEC\MINERADORA_BRUTA\posts_20251023T161018.json","51"
"C:\IOTEC\MINERADORA_BRUTA\posts_20251023T161118.json","51"
"C:\IOTEC\MINERADORA_BRUTA\posts_20251023T161219.json","51"
"C:\IOTEC\MINERADORA_BRUTA\posts_20251023T160917.json","51"
"C:\IOTEC\MINERADORA_BRUTA\posts_20251023T160617.json","51"
"C:\IOTEC\MINERADORA_BRUTA\posts_20251023T160717.json","51"
"C:\IOTEC\MINERADORA_BRUTA\posts_20251023T160817.json","51"
"C:\IOTEC\MINERADORA_BRUTA\posts_20251023T155715.json","51"
"C:\IOTEC\MINERADORA_BRUTA\posts_20251023T154610.json","51"
"C:\IOTEC\MINERADORA_BRUTA\posts_20251023T154711.json","51"
"C:\IOTEC\MINERADORA_BRUTA\posts_20251023T154811.json","51"
"C:\IOTEC\MINERADORA_BRUTA\posts_20251023T154510.json","51"
"C:\IOTEC\MINERADORA_BRUTA\posts_20251023T154209.json","51"
"C:\IOTEC\MINERADORA_BRUTA\posts_20251023T154310.json","51"
"C:\IOTEC\MINERADORA_BRUTA\posts_20251023T154410.json","51"
"C:\IOTEC\MINERADORA_BRUTA\posts_20251023T154911.json","51"
"C:\IOTEC\MINERADORA_BRUTA\posts_20251023T155414.json","51"
"C:\IOTEC\MINERADORA_BRUTA\posts_20251023T155515.json","51"
"C:\IOTEC\MINERADORA_BRUTA\posts_20251023T155615.json","51"
"C:\IOTEC\MINERADORA_BRUTA\posts_20251023T155312.json","51"
"C:\IOTEC\MINERADORA_BRUTA\posts_20251023T155011.json","51"
"C:\IOTEC\MINERADORA_BRUTA\posts_20251023T155112.json","51"
"C:\IOTEC\MINERADORA_BRUTA\posts_20251023T155212.json","51"
"C:\IOTEC\MINERADORA_BRUTA\posts_20251023T140155.json","51"
"C:\IOTEC\MINERADORA_BRUTA\posts_20251023T140255.json","51"
"C:\IOTEC\MINERADORA_BRUTA\posts_20251023T140356.json","51"
"C:\IOTEC\MINERADORA_BRUTA\posts_20251023T140055.json","51"
"C:\IOTEC\MINERADORA_BRUTA\posts_20251023T135736.json","51"
"C:\IOTEC\MINERADORA_BRUTA\posts_20251023T135842.json","51"
"C:\IOTEC\MINERADORA_BRUTA\posts_20251023T135947.json","51"
"C:\IOTEC\MINERADORA_BRUTA\posts_20251023T140456.json","51"
"C:\IOTEC\MINERADORA_BRUTA\posts_20251023T140956.json","51"
"C:\IOTEC\MINERADORA_BRUTA\posts_20251023T141056.json","51"
"C:\IOTEC\MINERADORA_BRUTA\posts_20251023T141157.json","51"
"C:\IOTEC\MINERADORA_BRUTA\posts_20251023T140856.json","51"
"C:\IOTEC\MINERADORA_BRUTA\posts_20251023T140556.json","51"
"C:\IOTEC\MINERADORA_BRUTA\posts_20251023T140656.json","51"
"C:\IOTEC\MINERADORA_BRUTA\posts_20251023T140756.json","51"
"C:\IOTEC\MINERADORA_BRUTA\posts_20251023T135636.json","51"
"C:\IOTEC\MINERADORA_BRUTA\posts_20251023T134518.json","51"
"C:\IOTEC\MINERADORA_BRUTA\posts_20251023T134618.json","51"
"C:\IOTEC\MINERADORA_BRUTA\posts_20251023T134718.json","51"
"C:\IOTEC\MINERADORA_BRUTA\posts_20251023T134417.json","51"
"C:\IOTEC\MINERADORA_BRUTA\posts_20251023T134112.json","51"
"C:\IOTEC\MINERADORA_BRUTA\posts_20251023T134217.json","51"
"C:\IOTEC\MINERADORA_BRUTA\posts_20251023T134317.json","51"
"C:\IOTEC\MINERADORA_BRUTA\posts_20251023T134823.json","51"
"C:\IOTEC\MINERADORA_BRUTA\posts_20251023T135336.json","51"
"C:\IOTEC\MINERADORA_BRUTA\posts_20251023T135436.json","51"
"C:\IOTEC\MINERADORA_BRUTA\posts_20251023T135536.json","51"
"C:\IOTEC\MINERADORA_BRUTA\posts_20251023T135224.json","51"
"C:\IOTEC\MINERADORA_BRUTA\posts_20251023T134923.json","51"
"C:\IOTEC\MINERADORA_BRUTA\posts_20251023T135024.json","51"
"C:\IOTEC\MINERADORA_BRUTA\posts_20251023T135124.json","51"
"C:\IOTEC\MINERADORA_BRUTA\posts_20251023T141257.json","51"
"C:\IOTEC\MINERADORA_BRUTA\posts_20251023T143730.json","51"
"C:\IOTEC\MINERADORA_BRUTA\posts_20251023T143835.json","51"
"C:\IOTEC\MINERADORA_BRUTA\posts_20251023T143940.json","51"
"C:\IOTEC\MINERADORA_BRUTA\posts_20251023T143625.json","51"
"C:\IOTEC\MINERADORA_BRUTA\posts_20251023T143310.json","51"
"C:\IOTEC\MINERADORA_BRUTA\posts_20251023T143415.json","51"
"C:\IOTEC\MINERADORA_BRUTA\posts_20251023T143520.json","51"
"C:\IOTEC\MINERADORA_BRUTA\posts_20251023T144046.json","51"
"C:\IOTEC\MINERADORA_BRUTA\posts_20251023T144606.json","51"
"C:\IOTEC\MINERADORA_BRUTA\posts_20251023T144712.json","51"
"C:\IOTEC\MINERADORA_BRUTA\posts_20251023T144817.json","51"
"C:\IOTEC\MINERADORA_BRUTA\posts_20251023T144501.json","51"
"C:\IOTEC\MINERADORA_BRUTA\posts_20251023T144146.json","51"
"C:\IOTEC\MINERADORA_BRUTA\posts_20251023T144251.json","51"
"C:\IOTEC\MINERADORA_BRUTA\posts_20251023T144356.json","51"
"C:\IOTEC\MINERADORA_BRUTA\posts_20251023T143204.json","51"
"C:\IOTEC\MINERADORA_BRUTA\posts_20251023T141757.json","51"
"C:\IOTEC\MINERADORA_BRUTA\posts_20251023T141858.json","51"
"C:\IOTEC\MINERADORA_BRUTA\posts_20251023T142025.json","51"
"C:\IOTEC\MINERADORA_BRUTA\posts_20251023T141657.json","51"
"C:\IOTEC\MINERADORA_BRUTA\posts_20251023T141357.json","51"
"C:\IOTEC\MINERADORA_BRUTA\posts_20251023T141457.json","51"
"C:\IOTEC\MINERADORA_BRUTA\posts_20251023T141557.json","51"
"C:\IOTEC\MINERADORA_BRUTA\posts_20251023T142125.json","51"
"C:\IOTEC\MINERADORA_BRUTA\posts_20251023T142656.json","51"
"C:\IOTEC\MINERADORA_BRUTA\posts_20251023T142801.json","51"
"C:\IOTEC\MINERADORA_BRUTA\posts_20251023T143059.json","51"
"C:\IOTEC\MINERADORA_BRUTA\posts_20251023T142551.json","51"
"C:\IOTEC\MINERADORA_BRUTA\posts_20251023T142236.json","51"
"C:\IOTEC\MINERADORA_BRUTA\posts_20251023T142341.json","51"
"C:\IOTEC\MINERADORA_BRUTA\posts_20251023T142446.json","51"
"C:\IOTEC\MINERADORA_BRUTA\posts_20251023T111715.json","51"
"C:\IOTEC\NUCLEO_CONSOLIDADO\DUPLICADOS\posts_20251022T142623.json","51"
"C:\IOTEC\NUCLEO_CONSOLIDADO\DUPLICADOS\posts_20251022T142523.json","51"
"C:\IOTEC\NUCLEO_CONSOLIDADO\DUPLICADOS\posts_20251022T142423.json","51"
"C:\IOTEC\NUCLEO_CONSOLIDADO\DUPLICADOS\posts_20251022T142724.json","51"
"C:\IOTEC\NUCLEO_CONSOLIDADO\DUPLICADOS\posts_20251022T143024.json","51"
"C:\IOTEC\NUCLEO_CONSOLIDADO\DUPLICADOS\posts_20251022T142924.json","51"
"C:\IOTEC\NUCLEO_CONSOLIDADO\DUPLICADOS\posts_20251022T142824.json","51"
"C:\IOTEC\NUCLEO_CONSOLIDADO\DUPLICADOS\posts_20251022T142323.json","51"
"C:\IOTEC\NUCLEO_CONSOLIDADO\DUPLICADOS\posts_20251022T141822.json","51"
"C:\IOTEC\NUCLEO_CONSOLIDADO\DUPLICADOS\posts_20251022T141722.json","51"
"C:\IOTEC\NUCLEO_CONSOLIDADO\DUPLICADOS\posts_20251022T141621.json","51"
"C:\IOTEC\NUCLEO_CONSOLIDADO\DUPLICADOS\posts_20251022T141922.json","51"
"C:\IOTEC\NUCLEO_CONSOLIDADO\DUPLICADOS\posts_20251022T142223.json","51"
"C:\IOTEC\NUCLEO_CONSOLIDADO\DUPLICADOS\posts_20251022T142122.json","51"
"C:\IOTEC\NUCLEO_CONSOLIDADO\DUPLICADOS\posts_20251022T142022.json","51"
"C:\IOTEC\NUCLEO_CONSOLIDADO\DUPLICADOS\posts_20251022T143124.json","51"
"C:\IOTEC\NUCLEO_CONSOLIDADO\DUPLICADOS\posts_20251022T144226.json","51"
"C:\IOTEC\NUCLEO_CONSOLIDADO\DUPLICADOS\posts_20251022T144126.json","51"
"C:\IOTEC\NUCLEO_CONSOLIDADO\DUPLICADOS\posts_20251022T144026.json","51"
"C:\IOTEC\NUCLEO_CONSOLIDADO\DUPLICADOS\posts_20251022T144326.json","51"
"C:\IOTEC\NUCLEO_CONSOLIDADO\DUPLICADOS\posts_20251022T144626.json","51"
"C:\IOTEC\NUCLEO_CONSOLIDADO\DUPLICADOS\posts_20251022T144526.json","51"
"C:\IOTEC\NUCLEO_CONSOLIDADO\DUPLICADOS\posts_20251022T144426.json","51"
"C:\IOTEC\NUCLEO_CONSOLIDADO\DUPLICADOS\posts_20251022T143925.json","51"
"C:\IOTEC\NUCLEO_CONSOLIDADO\DUPLICADOS\posts_20251022T143425.json","51"
"C:\IOTEC\NUCLEO_CONSOLIDADO\DUPLICADOS\posts_20251022T143325.json","51"
"C:\IOTEC\NUCLEO_CONSOLIDADO\DUPLICADOS\posts_20251022T143224.json","51"
"C:\IOTEC\NUCLEO_CONSOLIDADO\DUPLICADOS\posts_20251022T143525.json","51"
"C:\IOTEC\NUCLEO_CONSOLIDADO\DUPLICADOS\posts_20251022T143825.json","51"
"C:\IOTEC\NUCLEO_CONSOLIDADO\DUPLICADOS\posts_20251022T143725.json","51"
"C:\IOTEC\NUCLEO_CONSOLIDADO\DUPLICADOS\posts_20251022T143625.json","51"
"C:\IOTEC\NUCLEO_CONSOLIDADO\DUPLICADOS\posts_20251022T141521.json","51"
"C:\IOTEC\NUCLEO_CONSOLIDADO\DUPLICADOS\posts_20251022T135418.json","51"
"C:\IOTEC\NUCLEO_CONSOLIDADO\DUPLICADOS\posts_20251022T135318.json","51"
"C:\IOTEC\NUCLEO_CONSOLIDADO\DUPLICADOS\posts_20251022T135218.json","51"
"C:\IOTEC\NUCLEO_CONSOLIDADO\DUPLICADOS\posts_20251022T135518.json","51"
"C:\IOTEC\NUCLEO_CONSOLIDADO\DUPLICADOS\posts_20251022T135818.json","51"
"C:\IOTEC\NUCLEO_CONSOLIDADO\DUPLICADOS\posts_20251022T135718.json","51"
"C:\IOTEC\NUCLEO_CONSOLIDADO\DUPLICADOS\posts_20251022T135618.json","51"
"C:\IOTEC\NUCLEO_CONSOLIDADO\DUPLICADOS\posts_20251022T135118.json","51"
"C:\IOTEC\NUCLEO_CONSOLIDADO\DUPLICADOS\posts_20251022T134617.json","51"
"C:\IOTEC\NUCLEO_CONSOLIDADO\DUPLICADOS\posts_20251022T134517.json","51"
"C:\IOTEC\NUCLEO_CONSOLIDADO\DUPLICADOS\posts_20251022T134416.json","51"
"C:\IOTEC\NUCLEO_CONSOLIDADO\DUPLICADOS\posts_20251022T134717.json","51"
"C:\IOTEC\NUCLEO_CONSOLIDADO\DUPLICADOS\posts_20251022T135017.json","51"
"C:\IOTEC\NUCLEO_CONSOLIDADO\DUPLICADOS\posts_20251022T134917.json","51"
"C:\IOTEC\NUCLEO_CONSOLIDADO\DUPLICADOS\posts_20251022T134817.json","51"
"C:\IOTEC\NUCLEO_CONSOLIDADO\DUPLICADOS\posts_20251022T135919.json","51"
"C:\IOTEC\NUCLEO_CONSOLIDADO\DUPLICADOS\posts_20251022T141020.json","51"
"C:\IOTEC\NUCLEO_CONSOLIDADO\DUPLICADOS\posts_20251022T140920.json","51"
"C:\IOTEC\NUCLEO_CONSOLIDADO\DUPLICADOS\posts_20251022T140820.json","51"
"C:\IOTEC\NUCLEO_CONSOLIDADO\DUPLICADOS\posts_20251022T141120.json","51"
"C:\IOTEC\NUCLEO_CONSOLIDADO\DUPLICADOS\posts_20251022T141421.json","51"
"C:\IOTEC\NUCLEO_CONSOLIDADO\DUPLICADOS\posts_20251022T141321.json","51"
"C:\IOTEC\NUCLEO_CONSOLIDADO\DUPLICADOS\posts_20251022T141221.json","51"
"C:\IOTEC\NUCLEO_CONSOLIDADO\DUPLICADOS\posts_20251022T140720.json","51"
"C:\IOTEC\NUCLEO_CONSOLIDADO\DUPLICADOS\posts_20251022T140219.json","51"
"C:\IOTEC\NUCLEO_CONSOLIDADO\DUPLICADOS\posts_20251022T140119.json","51"
"C:\IOTEC\NUCLEO_CONSOLIDADO\DUPLICADOS\posts_20251022T140019.json","51"
"C:\IOTEC\NUCLEO_CONSOLIDADO\DUPLICADOS\posts_20251022T140319.json","51"
"C:\IOTEC\NUCLEO_CONSOLIDADO\DUPLICADOS\posts_20251022T140620.json","51"
"C:\IOTEC\NUCLEO_CONSOLIDADO\DUPLICADOS\posts_20251022T140520.json","51"
"C:\IOTEC\NUCLEO_CONSOLIDADO\DUPLICADOS\posts_20251022T140420.json","51"
"C:\IOTEC\NUCLEO_CONSOLIDADO\DUPLICADOS\posts_20251022T155047.json","51"
"C:\IOTEC\NUCLEO_CONSOLIDADO\DUPLICADOS\posts_20251022T154947.json","51"
"C:\IOTEC\NUCLEO_CONSOLIDADO\DUPLICADOS\posts_20251022T154847.json","51"
"C:\IOTEC\NUCLEO_CONSOLIDADO\DUPLICADOS\posts_20251022T155147.json","51"
"C:\IOTEC\NUCLEO_CONSOLIDADO\DUPLICADOS\posts_20251022T164236.json","51"
"C:\IOTEC\NUCLEO_CONSOLIDADO\DUPLICADOS\posts_20251022T164131.json","51"
"C:\IOTEC\NUCLEO_CONSOLIDADO\DUPLICADOS\posts_20251022T155247.json","51"
"C:\IOTEC\NUCLEO_CONSOLIDADO\DUPLICADOS\posts_20251022T154747.json","51"
"C:\IOTEC\NUCLEO_CONSOLIDADO\DUPLICADOS\posts_20251022T154246.json","51"
"C:\IOTEC\NUCLEO_CONSOLIDADO\DUPLICADOS\posts_20251022T154146.json","51"
"C:\IOTEC\NUCLEO_CONSOLIDADO\DUPLICADOS\posts_20251022T154046.json","51"
"C:\IOTEC\NUCLEO_CONSOLIDADO\DUPLICADOS\posts_20251022T154346.json","51"
"C:\IOTEC\NUCLEO_CONSOLIDADO\DUPLICADOS\posts_20251022T154647.json","51"
"C:\IOTEC\NUCLEO_CONSOLIDADO\DUPLICADOS\posts_20251022T154546.json","51"
"C:\IOTEC\NUCLEO_CONSOLIDADO\DUPLICADOS\posts_20251022T154446.json","51"
"C:\IOTEC\NUCLEO_CONSOLIDADO\DUPLICADOS\posts_20251022T164342.json","51"
"C:\IOTEC\NUCLEO_CONSOLIDADO\DUPLICADOS\posts_20251022T191230.json","51"
"C:\IOTEC\NUCLEO_CONSOLIDADO\DUPLICADOS\posts_20251022T191125.json","51"
"C:\IOTEC\NUCLEO_CONSOLIDADO\DUPLICADOS\posts_20251022T191020.json","51"
"C:\IOTEC\NUCLEO_CONSOLIDADO\DUPLICADOS\posts_20251022T191335.json","51"
"C:\IOTEC\NUCLEO_CONSOLIDADO\DUPLICADOS\posts_20251022T191656.json","51"
"C:\IOTEC\NUCLEO_CONSOLIDADO\DUPLICADOS\posts_20251022T191545.json","51"
"C:\IOTEC\NUCLEO_CONSOLIDADO\DUPLICADOS\posts_20251022T191440.json","51"
"C:\IOTEC\NUCLEO_CONSOLIDADO\DUPLICADOS\posts_20251022T190915.json","51"
"C:\IOTEC\NUCLEO_CONSOLIDADO\DUPLICADOS\posts_20251022T164657.json","51"
"C:\IOTEC\NUCLEO_CONSOLIDADO\DUPLICADOS\posts_20251022T164552.json","51"
"C:\IOTEC\NUCLEO_CONSOLIDADO\DUPLICADOS\posts_20251022T164447.json","51"
"C:\IOTEC\NUCLEO_CONSOLIDADO\DUPLICADOS\posts_20251022T164802.json","51"
"C:\IOTEC\NUCLEO_CONSOLIDADO\DUPLICADOS\posts_20251022T190809.json","51"
"C:\IOTEC\NUCLEO_CONSOLIDADO\DUPLICADOS\posts_20251022T165012.json","51"
"C:\IOTEC\NUCLEO_CONSOLIDADO\DUPLICADOS\posts_20251022T164907.json","51"
"C:\IOTEC\NUCLEO_CONSOLIDADO\DUPLICADOS\posts_20251022T153946.json","51"
"C:\IOTEC\NUCLEO_CONSOLIDADO\DUPLICADOS\posts_20251022T151843.json","51"
"C:\IOTEC\NUCLEO_CONSOLIDADO\DUPLICADOS\posts_20251022T151743.json","51"
"C:\IOTEC\NUCLEO_CONSOLIDADO\DUPLICADOS\posts_20251022T151643.json","51"
"C:\IOTEC\NUCLEO_CONSOLIDADO\DUPLICADOS\posts_20251022T151944.json","51"
"C:\IOTEC\NUCLEO_CONSOLIDADO\DUPLICADOS\posts_20251022T152244.json","51"
"C:\IOTEC\NUCLEO_CONSOLIDADO\DUPLICADOS\posts_20251022T152144.json","51"
"C:\IOTEC\NUCLEO_CONSOLIDADO\DUPLICADOS\posts_20251022T152044.json","51"
"C:\IOTEC\NUCLEO_CONSOLIDADO\DUPLICADOS\posts_20251022T151543.json","51"
"C:\IOTEC\NUCLEO_CONSOLIDADO\DUPLICADOS\posts_20251022T144927.json","51"
"C:\IOTEC\NUCLEO_CONSOLIDADO\DUPLICADOS\posts_20251022T144827.json","51"
"C:\IOTEC\NUCLEO_CONSOLIDADO\DUPLICADOS\posts_20251022T144727.json","51"
"C:\IOTEC\NUCLEO_CONSOLIDADO\DUPLICADOS\posts_20251022T151003.json","51"
"C:\IOTEC\NUCLEO_CONSOLIDADO\DUPLICADOS\posts_20251022T151308.json","51"
"C:\IOTEC\NUCLEO_CONSOLIDADO\DUPLICADOS\posts_20251022T151208.json","51"
"C:\IOTEC\NUCLEO_CONSOLIDADO\DUPLICADOS\posts_20251022T151108.json","51"
"C:\IOTEC\NUCLEO_CONSOLIDADO\DUPLICADOS\posts_20251022T152344.json","51"
"C:\IOTEC\NUCLEO_CONSOLIDADO\DUPLICADOS\posts_20251022T153445.json","51"
"C:\IOTEC\NUCLEO_CONSOLIDADO\DUPLICADOS\posts_20251022T153345.json","51"
"C:\IOTEC\NUCLEO_CONSOLIDADO\DUPLICADOS\posts_20251022T153245.json","51"
"C:\IOTEC\NUCLEO_CONSOLIDADO\DUPLICADOS\posts_20251022T153545.json","51"
"C:\IOTEC\NUCLEO_CONSOLIDADO\DUPLICADOS\posts_20251022T153846.json","51"
"C:\IOTEC\NUCLEO_CONSOLIDADO\DUPLICADOS\posts_20251022T153745.json","51"
"C:\IOTEC\NUCLEO_CONSOLIDADO\DUPLICADOS\posts_20251022T153645.json","51"
"C:\IOTEC\NUCLEO_CONSOLIDADO\DUPLICADOS\posts_20251022T153145.json","51"
"C:\IOTEC\NUCLEO_CONSOLIDADO\DUPLICADOS\posts_20251022T152644.json","51"
"C:\IOTEC\NUCLEO_CONSOLIDADO\DUPLICADOS\posts_20251022T152544.json","51"
"C:\IOTEC\NUCLEO_CONSOLIDADO\DUPLICADOS\posts_20251022T152444.json","51"
"C:\IOTEC\NUCLEO_CONSOLIDADO\DUPLICADOS\posts_20251022T152744.json","51"
"C:\IOTEC\NUCLEO_CONSOLIDADO\DUPLICADOS\posts_20251022T153045.json","51"
"C:\IOTEC\NUCLEO_CONSOLIDADO\DUPLICADOS\posts_20251022T152945.json","51"
"C:\IOTEC\NUCLEO_CONSOLIDADO\DUPLICADOS\posts_20251022T152844.json","51"
"C:\IOTEC\MINERADORA_BRUTA\posts_20251023T103406.json","51"
"C:\IOTEC\MINERADORA_BRUTA\posts_20251023T103506.json","51"
"C:\IOTEC\MINERADORA_BRUTA\posts_20251023T103606.json","51"
"C:\IOTEC\MINERADORA_BRUTA\posts_20251023T103306.json","51"
"C:\IOTEC\MINERADORA_BRUTA\posts_20251023T103004.json","51"
"C:\IOTEC\MINERADORA_BRUTA\posts_20251023T103105.json","51"
"C:\IOTEC\MINERADORA_BRUTA\posts_20251023T103205.json","51"
"C:\IOTEC\MINERADORA_BRUTA\posts_20251023T103706.json","51"
"C:\IOTEC\MINERADORA_BRUTA\posts_20251023T104207.json","51"
"C:\IOTEC\MINERADORA_BRUTA\posts_20251023T104307.json","51"
"C:\IOTEC\MINERADORA_BRUTA\posts_20251023T104407.json","51"
"C:\IOTEC\MINERADORA_BRUTA\posts_20251023T104106.json","51"
"C:\IOTEC\MINERADORA_BRUTA\posts_20251023T103806.json","51"
"C:\IOTEC\MINERADORA_BRUTA\posts_20251023T103906.json","51"
"C:\IOTEC\MINERADORA_BRUTA\posts_20251023T104006.json","51"
"C:\IOTEC\MINERADORA_BRUTA\posts_20251023T102904.json","51"
"C:\IOTEC\MINERADORA_BRUTA\posts_20251023T101803.json","51"
"C:\IOTEC\MINERADORA_BRUTA\posts_20251023T101903.json","51"
"C:\IOTEC\MINERADORA_BRUTA\posts_20251023T102003.json","51"
"C:\IOTEC\MINERADORA_BRUTA\posts_20251023T101703.json","51"
"C:\IOTEC\MINERADORA_BRUTA\posts_20251023T101403.json","51"
"C:\IOTEC\MINERADORA_BRUTA\posts_20251023T101503.json","51"
"C:\IOTEC\MINERADORA_BRUTA\posts_20251023T101603.json","51"
"C:\IOTEC\MINERADORA_BRUTA\posts_20251023T102103.json","51"
"C:\IOTEC\MINERADORA_BRUTA\posts_20251023T102604.json","51"
"C:\IOTEC\MINERADORA_BRUTA\posts_20251023T102704.json","51"
"C:\IOTEC\MINERADORA_BRUTA\posts_20251023T102804.json","51"
"C:\IOTEC\MINERADORA_BRUTA\posts_20251023T102504.json","51"
"C:\IOTEC\MINERADORA_BRUTA\posts_20251023T102204.json","51"
"C:\IOTEC\MINERADORA_BRUTA\posts_20251023T102304.json","51"
"C:\IOTEC\MINERADORA_BRUTA\posts_20251023T102404.json","51"
"C:\IOTEC\MINERADORA_BRUTA\posts_20251023T104507.json","51"
"C:\IOTEC\MINERADORA_BRUTA\posts_20251023T110612.json","51"
"C:\IOTEC\MINERADORA_BRUTA\posts_20251023T110712.json","51"
"C:\IOTEC\MINERADORA_BRUTA\posts_20251023T110813.json","51"
"C:\IOTEC\MINERADORA_BRUTA\posts_20251023T110510.json","51"
"C:\IOTEC\MINERADORA_BRUTA\posts_20251023T110209.json","51"
"C:\IOTEC\MINERADORA_BRUTA\posts_20251023T110309.json","51"
"C:\IOTEC\MINERADORA_BRUTA\posts_20251023T110410.json","51"
"C:\IOTEC\MINERADORA_BRUTA\posts_20251023T110913.json","51"
"C:\IOTEC\MINERADORA_BRUTA\posts_20251023T111414.json","51"
"C:\IOTEC\MINERADORA_BRUTA\posts_20251023T111515.json","51"
"C:\IOTEC\MINERADORA_BRUTA\posts_20251023T111615.json","51"
"C:\IOTEC\MINERADORA_BRUTA\posts_20251023T111314.json","51"
"C:\IOTEC\MINERADORA_BRUTA\posts_20251023T111013.json","51"
"C:\IOTEC\MINERADORA_BRUTA\posts_20251023T111113.json","51"
"C:\IOTEC\MINERADORA_BRUTA\posts_20251023T111213.json","51"
"C:\IOTEC\MINERADORA_BRUTA\posts_20251023T110109.json","51"
"C:\IOTEC\MINERADORA_BRUTA\posts_20251023T105008.json","51"
"C:\IOTEC\MINERADORA_BRUTA\posts_20251023T105108.json","51"
"C:\IOTEC\MINERADORA_BRUTA\posts_20251023T105208.json","51"
"C:\IOTEC\MINERADORA_BRUTA\posts_20251023T104907.json","51"
"C:\IOTEC\MINERADORA_BRUTA\posts_20251023T104607.json","51"
"C:\IOTEC\MINERADORA_BRUTA\posts_20251023T104707.json","51"
"C:\IOTEC\MINERADORA_BRUTA\posts_20251023T104807.json","51"
"C:\IOTEC\MINERADORA_BRUTA\posts_20251023T105308.json","51"
"C:\IOTEC\MINERADORA_BRUTA\posts_20251023T105808.json","51"
"C:\IOTEC\MINERADORA_BRUTA\posts_20251023T105908.json","51"
"C:\IOTEC\MINERADORA_BRUTA\posts_20251023T110008.json","51"
"C:\IOTEC\MINERADORA_BRUTA\posts_20251023T105708.json","51"
"C:\IOTEC\MINERADORA_BRUTA\posts_20251023T105408.json","51"
"C:\IOTEC\MINERADORA_BRUTA\posts_20251023T105508.json","51"
"C:\IOTEC\MINERADORA_BRUTA\posts_20251023T105608.json","51"
"C:\IOTEC\MINERADORA_BRUTA\posts_20251023T093057.json","51"
"C:\IOTEC\MINERADORA_BRUTA\posts_20251023T093158.json","51"
"C:\IOTEC\MINERADORA_BRUTA\posts_20251023T093258.json","51"
"C:\IOTEC\MINERADORA_BRUTA\posts_20251023T092957.json","51"
"C:\IOTEC\NUCLEO_CONSOLIDADO\DUPLICADOS\posts_20251022T132712.json","51"
"C:\IOTEC\NUCLEO_CONSOLIDADO\DUPLICADOS\posts_20251022T132612.json","51"
"C:\IOTEC\NUCLEO_CONSOLIDADO\DUPLICADOS\posts_20251022T132512.json","51"
"C:\IOTEC\MINERADORA_BRUTA\posts_20251023T093358.json","51"
"C:\IOTEC\MINERADORA_BRUTA\posts_20251023T093859.json","51"
"C:\IOTEC\MINERADORA_BRUTA\posts_20251023T093959.json","51"
"C:\IOTEC\MINERADORA_BRUTA\posts_20251023T094059.json","51"
"C:\IOTEC\MINERADORA_BRUTA\posts_20251023T093758.json","51"
"C:\IOTEC\MINERADORA_BRUTA\posts_20251023T093458.json","51"
"C:\IOTEC\MINERADORA_BRUTA\posts_20251023T093558.json","51"
"C:\IOTEC\MINERADORA_BRUTA\posts_20251023T093658.json","51"
"C:\IOTEC\NUCLEO_CONSOLIDADO\DUPLICADOS\posts_20251022T132813.json","51"
"C:\IOTEC\NUCLEO_CONSOLIDADO\DUPLICADOS\posts_20251022T133914.json","51"
"C:\IOTEC\NUCLEO_CONSOLIDADO\DUPLICADOS\posts_20251022T133814.json","51"
"C:\IOTEC\NUCLEO_CONSOLIDADO\DUPLICADOS\posts_20251022T133714.json","51"
"C:\IOTEC\NUCLEO_CONSOLIDADO\DUPLICADOS\posts_20251022T134014.json","51"
"C:\IOTEC\NUCLEO_CONSOLIDADO\DUPLICADOS\posts_20251022T134315.json","51"
"C:\IOTEC\NUCLEO_CONSOLIDADO\DUPLICADOS\posts_20251022T134214.json","51"
"C:\IOTEC\NUCLEO_CONSOLIDADO\DUPLICADOS\posts_20251022T134114.json","51"
"C:\IOTEC\NUCLEO_CONSOLIDADO\DUPLICADOS\posts_20251022T133614.json","51"
"C:\IOTEC\NUCLEO_CONSOLIDADO\DUPLICADOS\posts_20251022T133113.json","51"
"C:\IOTEC\NUCLEO_CONSOLIDADO\DUPLICADOS\posts_20251022T133013.json","51"
"C:\IOTEC\NUCLEO_CONSOLIDADO\DUPLICADOS\posts_20251022T132913.json","51"
"C:\IOTEC\NUCLEO_CONSOLIDADO\DUPLICADOS\posts_20251022T133213.json","51"
"C:\IOTEC\NUCLEO_CONSOLIDADO\DUPLICADOS\posts_20251022T133514.json","51"
"C:\IOTEC\NUCLEO_CONSOLIDADO\DUPLICADOS\posts_20251022T133413.json","51"
"C:\IOTEC\NUCLEO_CONSOLIDADO\DUPLICADOS\posts_20251022T133313.json","51"
"C:\IOTEC\MINERADORA_BRUTA\posts_20251023T094159.json","51"
"C:\IOTEC\MINERADORA_BRUTA\posts_20251023T100301.json","51"
"C:\IOTEC\MINERADORA_BRUTA\posts_20251023T100401.json","51"
"C:\IOTEC\MINERADORA_BRUTA\posts_20251023T100501.json","51"
"C:\IOTEC\MINERADORA_BRUTA\posts_20251023T100201.json","51"
"C:\IOTEC\MINERADORA_BRUTA\posts_20251023T095901.json","51"
"C:\IOTEC\MINERADORA_BRUTA\posts_20251023T100001.json","51"
"C:\IOTEC\MINERADORA_BRUTA\posts_20251023T100101.json","51"
"C:\IOTEC\MINERADORA_BRUTA\posts_20251023T100602.json","51"
"C:\IOTEC\MINERADORA_BRUTA\posts_20251023T101102.json","51"
"C:\IOTEC\MINERADORA_BRUTA\posts_20251023T101202.json","51"
"C:\IOTEC\MINERADORA_BRUTA\posts_20251023T101302.json","51"
"C:\IOTEC\MINERADORA_BRUTA\posts_20251023T101002.json","51"
"C:\IOTEC\MINERADORA_BRUTA\posts_20251023T100702.json","51"
"C:\IOTEC\MINERADORA_BRUTA\posts_20251023T100802.json","51"
"C:\IOTEC\MINERADORA_BRUTA\posts_20251023T100902.json","51"
"C:\IOTEC\MINERADORA_BRUTA\posts_20251023T095801.json","51"
"C:\IOTEC\MINERADORA_BRUTA\posts_20251023T094700.json","51"
"C:\IOTEC\MINERADORA_BRUTA\posts_20251023T094800.json","51"
"C:\IOTEC\MINERADORA_BRUTA\posts_20251023T094900.json","51"
"C:\IOTEC\MINERADORA_BRUTA\posts_20251023T094559.json","51"
"C:\IOTEC\MINERADORA_BRUTA\posts_20251023T094259.json","51"
"C:\IOTEC\MINERADORA_BRUTA\posts_20251023T094359.json","51"
"C:\IOTEC\MINERADORA_BRUTA\posts_20251023T094459.json","51"
"C:\IOTEC\MINERADORA_BRUTA\posts_20251023T095000.json","51"
"C:\IOTEC\MINERADORA_BRUTA\posts_20251023T095501.json","51"
"C:\IOTEC\MINERADORA_BRUTA\posts_20251023T095601.json","51"
"C:\IOTEC\MINERADORA_BRUTA\posts_20251023T095701.json","51"
"C:\IOTEC\MINERADORA_BRUTA\posts_20251023T095400.json","51"
"C:\IOTEC\MINERADORA_BRUTA\posts_20251023T095100.json","51"
"C:\IOTEC\MINERADORA_BRUTA\posts_20251023T095200.json","51"
"C:\IOTEC\MINERADORA_BRUTA\posts_20251023T095300.json","51"
"C:\IOTEC\NUCLEO_CONSOLIDADO\DUPLICADOS\posts_20251023T072121.json","51"
"C:\IOTEC\MINERADORA_BRUTA\posts_20251023T070314.json","51"
"C:\IOTEC\MINERADORA_BRUTA\posts_20251022T222710.json","51"
"C:\IOTEC\MINERADORA_BRUTA\posts_20251022T222610.json","51"
"C:\IOTEC\MINERADORA_BRUTA\posts_20251023T070214.json","51"
"C:\IOTEC\MINERADORA_BRUTA\posts_20251023T070114.json","51"
"C:\IOTEC\MINERADORA_BRUTA\posts_20251022T222910.json","51"
"C:\IOTEC\MINERADORA_BRUTA\posts_20251022T222810.json","51"
"C:\IOTEC\MINERADORA_BRUTA\posts_20251023T070415.json","51"
"C:\IOTEC\MINERADORA_BRUTA\posts_20251023T070815.json","51"
"C:\IOTEC\MINERADORA_BRUTA\posts_20251023T070915.json","51"
"C:\IOTEC\MINERADORA_BRUTA\posts_20251023T071015.json","51"
"C:\IOTEC\MINERADORA_BRUTA\posts_20251022T222509.json","51"
"C:\IOTEC\MINERADORA_BRUTA\posts_20251023T070515.json","51"
"C:\IOTEC\MINERADORA_BRUTA\posts_20251023T070615.json","51"
"C:\IOTEC\MINERADORA_BRUTA\posts_20251023T070715.json","51"
"C:\IOTEC\MINERADORA_BRUTA\posts_20251023T065113.json","51"
"C:\IOTEC\MINERADORA_BRUTA\posts_20251023T065213.json","51"
"C:\IOTEC\MINERADORA_BRUTA\posts_20251023T065313.json","51"
"C:\IOTEC\MINERADORA_BRUTA\posts_20251023T065013.json","51"
"C:\IOTEC\MINERADORA_BRUTA\posts_20251022T223210.json","51"
"C:\IOTEC\MINERADORA_BRUTA\posts_20251022T223110.json","51"
"C:\IOTEC\MINERADORA_BRUTA\posts_20251023T064913.json","51"
"C:\IOTEC\MINERADORA_BRUTA\posts_20251023T065413.json","51"
"C:\IOTEC\MINERADORA_BRUTA\posts_20251022T223010.json","51"
"C:\IOTEC\MINERADORA_BRUTA\posts_20251023T065914.json","51"
"C:\IOTEC\MINERADORA_BRUTA\posts_20251023T070014.json","51"
"C:\IOTEC\MINERADORA_BRUTA\posts_20251023T065814.json","51"
"C:\IOTEC\MINERADORA_BRUTA\posts_20251023T065513.json","51"
"C:\IOTEC\MINERADORA_BRUTA\posts_20251023T065613.json","51"
"C:\IOTEC\MINERADORA_BRUTA\posts_20251023T065714.json","51"
"C:\IOTEC\MINERADORA_BRUTA\posts_20251023T071116.json","51"
"C:\IOTEC\MINERADORA_BRUTA\posts_20251023T073124.json","51"
"C:\IOTEC\MINERADORA_BRUTA\posts_20251023T073224.json","51"
"C:\IOTEC\MINERADORA_BRUTA\posts_20251023T073324.json","51"
"C:\IOTEC\MINERADORA_BRUTA\posts_20251023T073023.json","51"
"C:\IOTEC\MINERADORA_BRUTA\posts_20251023T072723.json","51"
"C:\IOTEC\MINERADORA_BRUTA\posts_20251023T072823.json","51"
"C:\IOTEC\MINERADORA_BRUTA\posts_20251023T072923.json","51"
"C:\IOTEC\MINERADORA_BRUTA\posts_20251023T073424.json","51"
"C:\IOTEC\MINERADORA_BRUTA\posts_20251023T073926.json","51"
"C:\IOTEC\MINERADORA_BRUTA\posts_20251023T074026.json","51"
"C:\IOTEC\MINERADORA_BRUTA\posts_20251023T074126.json","51"
"C:\IOTEC\MINERADORA_BRUTA\posts_20251023T073826.json","51"
"C:\IOTEC\MINERADORA_BRUTA\posts_20251023T073525.json","51"
"C:\IOTEC\MINERADORA_BRUTA\posts_20251023T073625.json","51"
"C:\IOTEC\MINERADORA_BRUTA\posts_20251023T073725.json","51"
"C:\IOTEC\MINERADORA_BRUTA\posts_20251023T071617.json","51"
"C:\IOTEC\MINERADORA_BRUTA\posts_20251023T071717.json","51"
"C:\IOTEC\MINERADORA_BRUTA\posts_20251023T071817.json","51"
"C:\IOTEC\MINERADORA_BRUTA\posts_20251023T071517.json","51"
"C:\IOTEC\MINERADORA_BRUTA\posts_20251023T071216.json","51"
"C:\IOTEC\MINERADORA_BRUTA\posts_20251023T071316.json","51"
"C:\IOTEC\MINERADORA_BRUTA\posts_20251023T071417.json","51"
"C:\IOTEC\MINERADORA_BRUTA\posts_20251023T071920.json","51"
"C:\IOTEC\MINERADORA_BRUTA\posts_20251023T072423.json","51"
"C:\IOTEC\MINERADORA_BRUTA\posts_20251023T072523.json","51"
"C:\IOTEC\MINERADORA_BRUTA\posts_20251023T072623.json","51"
"C:\IOTEC\MINERADORA_BRUTA\posts_20251023T072322.json","51"
"C:\IOTEC\MINERADORA_BRUTA\posts_20251023T072020.json","51"
"C:\IOTEC\MINERADORA_BRUTA\posts_20251023T072121.json","51"
"C:\IOTEC\MINERADORA_BRUTA\posts_20251023T072222.json","51"
"C:\IOTEC\MINERADORA_BRUTA\posts_20251023T061008.json","51"
"C:\IOTEC\MINERADORA_BRUTA\posts_20251023T061108.json","51"
"C:\IOTEC\MINERADORA_BRUTA\posts_20251023T061208.json","51"
"C:\IOTEC\MINERADORA_BRUTA\posts_20251023T060908.json","51"
"C:\IOTEC\MINERADORA_BRUTA\posts_20251023T060607.json","51"
"C:\IOTEC\MINERADORA_BRUTA\posts_20251023T060708.json","51"
"C:\IOTEC\MINERADORA_BRUTA\posts_20251023T060808.json","51"
"C:\IOTEC\MINERADORA_BRUTA\posts_20251023T061308.json","51"
"C:\IOTEC\MINERADORA_BRUTA\posts_20251023T061809.json","51"
"C:\IOTEC\MINERADORA_BRUTA\posts_20251023T061909.json","51"
"C:\IOTEC\MINERADORA_BRUTA\posts_20251023T062009.json","51"
"C:\IOTEC\MINERADORA_BRUTA\posts_20251023T061709.json","51"
"C:\IOTEC\MINERADORA_BRUTA\posts_20251023T061409.json","51"
"C:\IOTEC\MINERADORA_BRUTA\posts_20251023T061509.json","51"
"C:\IOTEC\MINERADORA_BRUTA\posts_20251023T061609.json","51"
"C:\IOTEC\MINERADORA_BRUTA\posts_20251023T055506.json","51"
"C:\IOTEC\MINERADORA_BRUTA\posts_20251023T055606.json","51"
"C:\IOTEC\MINERADORA_BRUTA\posts_20251023T055706.json","51"
"C:\IOTEC\MINERADORA_BRUTA\posts_20251023T055405.json","51"
"C:\IOTEC\MINERADORA_BRUTA\posts_20251023T055105.json","51"
"C:\IOTEC\MINERADORA_BRUTA\posts_20251023T055205.json","51"
"C:\IOTEC\MINERADORA_BRUTA\posts_20251023T055305.json","51"
"C:\IOTEC\MINERADORA_BRUTA\posts_20251023T055806.json","51"
"C:\IOTEC\MINERADORA_BRUTA\posts_20251023T060307.json","51"
"C:\IOTEC\MINERADORA_BRUTA\posts_20251023T060407.json","51"
"C:\IOTEC\MINERADORA_BRUTA\posts_20251023T060507.json","51"
"C:\IOTEC\MINERADORA_BRUTA\posts_20251023T060207.json","51"
"C:\IOTEC\MINERADORA_BRUTA\posts_20251023T055906.json","51"
"C:\IOTEC\MINERADORA_BRUTA\posts_20251023T060006.json","51"
"C:\IOTEC\MINERADORA_BRUTA\posts_20251023T060106.json","51"
"C:\IOTEC\MINERADORA_BRUTA\posts_20251023T062109.json","51"
"C:\IOTEC\MINERADORA_BRUTA\posts_20251023T063912.json","51"
"C:\IOTEC\MINERADORA_BRUTA\posts_20251023T064012.json","51"
"C:\IOTEC\MINERADORA_BRUTA\posts_20251023T064112.json","51"
"C:\IOTEC\MINERADORA_BRUTA\posts_20251023T063812.json","51"
"C:\IOTEC\MINERADORA_BRUTA\posts_20251023T063511.json","51"
"C:\IOTEC\MINERADORA_BRUTA\posts_20251023T063611.json","51"
"C:\IOTEC\MINERADORA_BRUTA\posts_20251023T063711.json","51"
"C:\IOTEC\MINERADORA_BRUTA\posts_20251023T064212.json","51"
"C:\IOTEC\MINERADORA_BRUTA\posts_20251023T064612.json","51"
"C:\IOTEC\MINERADORA_BRUTA\posts_20251023T064713.json","51"
"C:\IOTEC\MINERADORA_BRUTA\posts_20251023T064813.json","51"
"C:\IOTEC\MINERADORA_BRUTA\posts_20251023T064512.json","51"
"C:\IOTEC\MINERADORA_BRUTA\posts_20251022T223311.json","51"
"C:\IOTEC\MINERADORA_BRUTA\posts_20251023T064312.json","51"
"C:\IOTEC\MINERADORA_BRUTA\posts_20251023T064412.json","51"
"C:\IOTEC\MINERADORA_BRUTA\posts_20251023T062610.json","51"
"C:\IOTEC\MINERADORA_BRUTA\posts_20251023T062710.json","51"
"C:\IOTEC\MINERADORA_BRUTA\posts_20251023T062810.json","51"
"C:\IOTEC\MINERADORA_BRUTA\posts_20251023T062510.json","51"
"C:\IOTEC\MINERADORA_BRUTA\posts_20251023T062209.json","51"
"C:\IOTEC\MINERADORA_BRUTA\posts_20251023T062310.json","51"
"C:\IOTEC\MINERADORA_BRUTA\posts_20251023T062410.json","51"
"C:\IOTEC\MINERADORA_BRUTA\posts_20251023T062910.json","51"
"C:\IOTEC\MINERADORA_BRUTA\posts_20251022T223511.json","51"
"C:\IOTEC\MINERADORA_BRUTA\posts_20251022T223411.json","51"
"C:\IOTEC\MINERADORA_BRUTA\posts_20251023T063411.json","51"
"C:\IOTEC\MINERADORA_BRUTA\posts_20251023T063311.json","51"
"C:\IOTEC\MINERADORA_BRUTA\posts_20251023T063011.json","51"
"C:\IOTEC\MINERADORA_BRUTA\posts_20251023T063111.json","51"
"C:\IOTEC\MINERADORA_BRUTA\posts_20251023T063211.json","51"
"C:\IOTEC\MINERADORA_BRUTA\posts_20251023T084541.json","51"
"C:\IOTEC\MINERADORA_BRUTA\posts_20251023T084642.json","51"
"C:\IOTEC\MINERADORA_BRUTA\posts_20251023T084742.json","51"
"C:\IOTEC\MINERADORA_BRUTA\posts_20251023T084441.json","51"
"C:\IOTEC\MINERADORA_BRUTA\posts_20251023T084139.json","51"
"C:\IOTEC\MINERADORA_BRUTA\posts_20251023T084240.json","51"
"C:\IOTEC\MINERADORA_BRUTA\posts_20251023T084340.json","51"
"C:\IOTEC\MINERADORA_BRUTA\posts_20251023T084845.json","51"
"C:\IOTEC\MINERADORA_BRUTA\posts_20251023T085346.json","51"
"C:\IOTEC\MINERADORA_BRUTA\posts_20251023T085447.json","51"
"C:\IOTEC\MINERADORA_BRUTA\posts_20251023T085547.json","51"
"C:\IOTEC\MINERADORA_BRUTA\posts_20251023T085246.json","51"
"C:\IOTEC\MINERADORA_BRUTA\posts_20251023T084946.json","51"
"C:\IOTEC\MINERADORA_BRUTA\posts_20251023T085046.json","51"
"C:\IOTEC\MINERADORA_BRUTA\posts_20251023T085146.json","51"
"C:\IOTEC\MINERADORA_BRUTA\posts_20251023T083033.json","51"
"C:\IOTEC\MINERADORA_BRUTA\posts_20251023T083133.json","51"
"C:\IOTEC\MINERADORA_BRUTA\posts_20251023T083233.json","51"
"C:\IOTEC\MINERADORA_BRUTA\posts_20251023T082933.json","51"
"C:\IOTEC\MINERADORA_BRUTA\posts_20251023T082632.json","51"
"C:\IOTEC\MINERADORA_BRUTA\posts_20251023T082732.json","51"
"C:\IOTEC\MINERADORA_BRUTA\posts_20251023T082832.json","51"
"C:\IOTEC\MINERADORA_BRUTA\posts_20251023T083333.json","51"
"C:\IOTEC\MINERADORA_BRUTA\posts_20251023T083835.json","51"
"C:\IOTEC\MINERADORA_BRUTA\posts_20251023T083938.json","51"
"C:\IOTEC\MINERADORA_BRUTA\posts_20251023T084039.json","51"
"C:\IOTEC\MINERADORA_BRUTA\posts_20251023T083734.json","51"
"C:\IOTEC\MINERADORA_BRUTA\posts_20251023T083433.json","51"
"C:\IOTEC\MINERADORA_BRUTA\posts_20251023T083534.json","51"
"C:\IOTEC\MINERADORA_BRUTA\posts_20251023T083634.json","51"
"C:\IOTEC\MINERADORA_BRUTA\posts_20251023T085647.json","51"
"C:\IOTEC\MINERADORA_BRUTA\posts_20251023T091656.json","51"
"C:\IOTEC\MINERADORA_BRUTA\posts_20251023T091756.json","51"
"C:\IOTEC\MINERADORA_BRUTA\posts_20251023T091856.json","51"
"C:\IOTEC\MINERADORA_BRUTA\posts_20251023T091555.json","51"
"C:\IOTEC\MINERADORA_BRUTA\posts_20251023T091255.json","51"
"C:\IOTEC\MINERADORA_BRUTA\posts_20251023T091355.json","51"
"C:\IOTEC\MINERADORA_BRUTA\posts_20251023T091455.json","51"
"C:\IOTEC\MINERADORA_BRUTA\posts_20251023T091956.json","51"
"C:\IOTEC\MINERADORA_BRUTA\posts_20251023T092457.json","51"
"C:\IOTEC\MINERADORA_BRUTA\posts_20251023T092557.json","51"
"C:\IOTEC\MINERADORA_BRUTA\posts_20251023T092657.json","51"
"C:\IOTEC\MINERADORA_BRUTA\posts_20251023T092356.json","51"
"C:\IOTEC\MINERADORA_BRUTA\posts_20251023T092056.json","51"
"C:\IOTEC\MINERADORA_BRUTA\posts_20251023T092156.json","51"
"C:\IOTEC\MINERADORA_BRUTA\posts_20251023T092256.json","51"
"C:\IOTEC\MINERADORA_BRUTA\posts_20251023T090148.json","51"
"C:\IOTEC\MINERADORA_BRUTA\posts_20251023T090249.json","51"
"C:\IOTEC\MINERADORA_BRUTA\posts_20251023T090352.json","51"
"C:\IOTEC\MINERADORA_BRUTA\posts_20251023T090048.json","51"
"C:\IOTEC\MINERADORA_BRUTA\posts_20251023T085747.json","51"
"C:\IOTEC\MINERADORA_BRUTA\posts_20251023T085847.json","51"
"C:\IOTEC\MINERADORA_BRUTA\posts_20251023T085947.json","51"
"C:\IOTEC\MINERADORA_BRUTA\posts_20251023T090453.json","51"
"C:\IOTEC\MINERADORA_BRUTA\posts_20251023T090955.json","51"
"C:\IOTEC\MINERADORA_BRUTA\posts_20251023T091055.json","51"
"C:\IOTEC\MINERADORA_BRUTA\posts_20251023T091155.json","51"
"C:\IOTEC\MINERADORA_BRUTA\posts_20251023T090855.json","51"
"C:\IOTEC\MINERADORA_BRUTA\posts_20251023T090554.json","51"
"C:\IOTEC\MINERADORA_BRUTA\posts_20251023T090654.json","51"
"C:\IOTEC\MINERADORA_BRUTA\posts_20251023T090754.json","51"
"C:\IOTEC\MINERADORA_BRUTA\posts_20251022T221807.json","51"
"C:\IOTEC\MINERADORA_BRUTA\posts_20251023T075528.json","51"
"C:\IOTEC\MINERADORA_BRUTA\posts_20251023T075628.json","51"
"C:\IOTEC\MINERADORA_BRUTA\posts_20251022T221908.json","51"
"C:\IOTEC\MINERADORA_BRUTA\posts_20251023T075328.json","51"
"C:\IOTEC\MINERADORA_BRUTA\posts_20251023T075428.json","51"
"C:\IOTEC\MINERADORA_BRUTA\posts_20251022T222008.json","51"
"C:\IOTEC\MINERADORA_BRUTA\posts_20251023T075728.json","51"
"C:\IOTEC\MINERADORA_BRUTA\posts_20251023T080128.json","51"
"C:\IOTEC\MINERADORA_BRUTA\posts_20251023T080229.json","51"
"C:\IOTEC\MINERADORA_BRUTA\posts_20251023T080329.json","51"
"C:\IOTEC\MINERADORA_BRUTA\posts_20251022T221707.json","51"
"C:\IOTEC\MINERADORA_BRUTA\posts_20251023T075828.json","51"
"C:\IOTEC\MINERADORA_BRUTA\posts_20251023T075928.json","51"
"C:\IOTEC\MINERADORA_BRUTA\posts_20251023T080028.json","51"
"C:\IOTEC\MINERADORA_BRUTA\posts_20251023T074627.json","51"
"C:\IOTEC\MINERADORA_BRUTA\posts_20251023T074727.json","51"
"C:\IOTEC\MINERADORA_BRUTA\posts_20251023T074827.json","51"
"C:\IOTEC\MINERADORA_BRUTA\posts_20251023T074527.json","51"
"C:\IOTEC\MINERADORA_BRUTA\posts_20251023T074226.json","51"
"C:\IOTEC\MINERADORA_BRUTA\posts_20251023T074326.json","51"
"C:\IOTEC\MINERADORA_BRUTA\posts_20251023T074426.json","51"
"C:\IOTEC\MINERADORA_BRUTA\posts_20251022T222409.json","51"
"C:\IOTEC\MINERADORA_BRUTA\posts_20251023T075227.json","51"
"C:\IOTEC\MINERADORA_BRUTA\posts_20251022T222208.json","51"
"C:\IOTEC\MINERADORA_BRUTA\posts_20251022T222108.json","51"
"C:\IOTEC\MINERADORA_BRUTA\posts_20251023T075127.json","51"
"C:\IOTEC\MINERADORA_BRUTA\posts_20251022T222309.json","51"
"C:\IOTEC\MINERADORA_BRUTA\posts_20251023T074927.json","51"
"C:\IOTEC\MINERADORA_BRUTA\posts_20251023T075027.json","51"
"C:\IOTEC\MINERADORA_BRUTA\posts_20251023T080429.json","51"
"C:\IOTEC\MINERADORA_BRUTA\posts_20251023T081530.json","51"
"C:\IOTEC\MINERADORA_BRUTA\posts_20251023T081631.json","51"
"C:\IOTEC\MINERADORA_BRUTA\posts_20251023T081731.json","51"
"C:\IOTEC\MINERADORA_BRUTA\posts_20251023T081430.json","51"
"C:\IOTEC\MINERADORA_BRUTA\posts_20251023T081130.json","51"
"C:\IOTEC\MINERADORA_BRUTA\posts_20251023T081230.json","51"
"C:\IOTEC\MINERADORA_BRUTA\posts_20251023T081330.json","51"
"C:\IOTEC\MINERADORA_BRUTA\posts_20251023T081831.json","51"
"C:\IOTEC\MINERADORA_BRUTA\posts_20251023T082331.json","51"
"C:\IOTEC\MINERADORA_BRUTA\posts_20251023T082432.json","51"
"C:\IOTEC\MINERADORA_BRUTA\posts_20251023T082532.json","51"
"C:\IOTEC\MINERADORA_BRUTA\posts_20251023T082231.json","51"
"C:\IOTEC\MINERADORA_BRUTA\posts_20251023T081931.json","51"
"C:\IOTEC\MINERADORA_BRUTA\posts_20251023T082031.json","51"
"C:\IOTEC\MINERADORA_BRUTA\posts_20251023T082131.json","51"
"C:\IOTEC\MINERADORA_BRUTA\posts_20251022T221506.json","51"
"C:\IOTEC\MINERADORA_BRUTA\posts_20251022T221406.json","51"
"C:\IOTEC\MINERADORA_BRUTA\posts_20251022T221306.json","51"
"C:\IOTEC\MINERADORA_BRUTA\posts_20251023T080730.json","51"
"C:\IOTEC\MINERADORA_BRUTA\posts_20251022T221607.json","51"
"C:\IOTEC\MINERADORA_BRUTA\posts_20251023T080529.json","51"
"C:\IOTEC\MINERADORA_BRUTA\posts_20251023T080629.json","51"
"C:\IOTEC\MINERADORA_BRUTA\posts_20251022T221206.json","51"
"C:\IOTEC\MINERADORA_BRUTA\posts_20251023T080830.json","51"
"C:\IOTEC\MINERADORA_BRUTA\posts_20251023T080930.json","51"
"C:\IOTEC\MINERADORA_BRUTA\posts_20251023T081030.json","51"
"C:\IOTEC\MINERADORA_BRUTA\posts_20251022T220805.json","51"
"C:\IOTEC\MINERADORA_BRUTA\posts_20251022T221106.json","51"
"C:\IOTEC\MINERADORA_BRUTA\posts_20251022T221005.json","51"
"C:\IOTEC\MINERADORA_BRUTA\posts_20251022T220905.json","51"
"C:\IOTEC\MINERADORA_BRUTA\posts_20251023T003328.json","51"
"C:\IOTEC\MINERADORA_BRUTA\posts_20251023T003428.json","51"
"C:\IOTEC\MINERADORA_BRUTA\posts_20251023T003528.json","51"
"C:\IOTEC\MINERADORA_BRUTA\posts_20251023T003228.json","51"
"C:\IOTEC\MINERADORA_BRUTA\posts_20251023T002927.json","51"
"C:\IOTEC\MINERADORA_BRUTA\posts_20251023T003027.json","51"
"C:\IOTEC\MINERADORA_BRUTA\posts_20251023T003127.json","51"
"C:\IOTEC\MINERADORA_BRUTA\posts_20251023T003628.json","51"
"C:\IOTEC\MINERADORA_BRUTA\posts_20251023T004128.json","51"
"C:\IOTEC\MINERADORA_BRUTA\posts_20251023T004228.json","51"
"C:\IOTEC\MINERADORA_BRUTA\posts_20251023T004328.json","51"
"C:\IOTEC\MINERADORA_BRUTA\posts_20251023T004028.json","51"
"C:\IOTEC\MINERADORA_BRUTA\posts_20251023T003728.json","51"
"C:\IOTEC\MINERADORA_BRUTA\posts_20251023T003828.json","51"
"C:\IOTEC\MINERADORA_BRUTA\posts_20251023T003928.json","51"
"C:\IOTEC\MINERADORA_BRUTA\posts_20251023T001927.json","51"
"C:\IOTEC\MINERADORA_BRUTA\posts_20251022T231317.json","51"
"C:\IOTEC\MINERADORA_BRUTA\posts_20251023T002027.json","51"
"C:\IOTEC\MINERADORA_BRUTA\posts_20251023T001826.json","51"
"C:\IOTEC\MINERADORA_BRUTA\posts_20251023T001526.json","51"
"C:\IOTEC\MINERADORA_BRUTA\posts_20251023T001626.json","51"
"C:\IOTEC\MINERADORA_BRUTA\posts_20251023T001726.json","51"
"C:\IOTEC\MINERADORA_BRUTA\posts_20251023T002127.json","51"
"C:\IOTEC\MINERADORA_BRUTA\posts_20251023T002627.json","51"
"C:\IOTEC\MINERADORA_BRUTA\posts_20251023T002727.json","51"
"C:\IOTEC\MINERADORA_BRUTA\posts_20251023T002827.json","51"
"C:\IOTEC\MINERADORA_BRUTA\posts_20251023T002527.json","51"
"C:\IOTEC\MINERADORA_BRUTA\posts_20251023T002227.json","51"
"C:\IOTEC\MINERADORA_BRUTA\posts_20251023T002327.json","51"
"C:\IOTEC\MINERADORA_BRUTA\posts_20251023T002427.json","51"
"C:\IOTEC\MINERADORA_BRUTA\posts_20251023T004429.json","51"
"C:\IOTEC\MINERADORA_BRUTA\posts_20251023T010130.json","51"
"C:\IOTEC\MINERADORA_BRUTA\posts_20251023T010230.json","51"
"C:\IOTEC\MINERADORA_BRUTA\posts_20251022T230915.json","51"
"C:\IOTEC\MINERADORA_BRUTA\posts_20251023T010030.json","51"
"C:\IOTEC\MINERADORA_BRUTA\posts_20251023T005729.json","51"
"C:\IOTEC\MINERADORA_BRUTA\posts_20251023T005830.json","51"
"C:\IOTEC\MINERADORA_BRUTA\posts_20251023T005930.json","51"
"C:\IOTEC\MINERADORA_BRUTA\posts_20251023T010330.json","51"
"C:\IOTEC\MINERADORA_BRUTA\posts_20251023T010730.json","51"
"C:\IOTEC\MINERADORA_BRUTA\posts_20251023T010830.json","51"
"C:\IOTEC\MINERADORA_BRUTA\posts_20251023T010930.json","51"
"C:\IOTEC\MINERADORA_BRUTA\posts_20251022T230815.json","51"
"C:\IOTEC\MINERADORA_BRUTA\posts_20251023T010430.json","51"
"C:\IOTEC\MINERADORA_BRUTA\posts_20251023T010530.json","51"
"C:\IOTEC\MINERADORA_BRUTA\posts_20251023T010630.json","51"
"C:\IOTEC\MINERADORA_BRUTA\posts_20251022T231116.json","51"
"C:\IOTEC\MINERADORA_BRUTA\posts_20251023T004829.json","51"
"C:\IOTEC\MINERADORA_BRUTA\posts_20251023T004929.json","51"
"C:\IOTEC\MINERADORA_BRUTA\posts_20251023T004729.json","51"
"C:\IOTEC\MINERADORA_BRUTA\posts_20251023T004529.json","51"
"C:\IOTEC\MINERADORA_BRUTA\posts_20251022T231217.json","51"
"C:\IOTEC\MINERADORA_BRUTA\posts_20251023T004629.json","51"
"C:\IOTEC\MINERADORA_BRUTA\posts_20251023T005029.json","51"
"C:\IOTEC\MINERADORA_BRUTA\posts_20251023T005429.json","51"
"C:\IOTEC\MINERADORA_BRUTA\posts_20251023T005529.json","51"
"C:\IOTEC\MINERADORA_BRUTA\posts_20251023T005629.json","51"
"C:\IOTEC\MINERADORA_BRUTA\posts_20251023T005329.json","51"
"C:\IOTEC\MINERADORA_BRUTA\posts_20251022T231015.json","51"
"C:\IOTEC\MINERADORA_BRUTA\posts_20251023T005129.json","51"
"C:\IOTEC\MINERADORA_BRUTA\posts_20251023T005229.json","51"
"C:\IOTEC\MINERADORA_BRUTA\posts_20251022T232017.json","51"
"C:\IOTEC\MINERADORA_BRUTA\posts_20251022T234020.json","51"
"C:\IOTEC\MINERADORA_BRUTA\posts_20251022T234120.json","51"
"C:\IOTEC\MINERADORA_BRUTA\posts_20251022T232118.json","51"
"C:\IOTEC\MINERADORA_BRUTA\posts_20251022T233920.json","51"
"C:\IOTEC\MINERADORA_BRUTA\posts_20251022T232318.json","51"
"C:\IOTEC\MINERADORA_BRUTA\posts_20251022T232218.json","51"
"C:\IOTEC\MINERADORA_BRUTA\posts_20251022T234220.json","51"
"C:\IOTEC\MINERADORA_BRUTA\posts_20251022T234721.json","51"
"C:\IOTEC\MINERADORA_BRUTA\posts_20251022T231917.json","51"
"C:\IOTEC\MINERADORA_BRUTA\posts_20251022T234822.json","51"
"C:\IOTEC\MINERADORA_BRUTA\posts_20251022T234621.json","51"
"C:\IOTEC\MINERADORA_BRUTA\posts_20251022T234321.json","51"
"C:\IOTEC\MINERADORA_BRUTA\posts_20251022T234421.json","51"
"C:\IOTEC\MINERADORA_BRUTA\posts_20251022T234521.json","51"
"C:\IOTEC\MINERADORA_BRUTA\posts_20251022T232818.json","51"
"C:\IOTEC\MINERADORA_BRUTA\posts_20251022T232918.json","51"
"C:\IOTEC\MINERADORA_BRUTA\posts_20251022T233018.json","51"
"C:\IOTEC\MINERADORA_BRUTA\posts_20251022T232718.json","51"
"C:\IOTEC\MINERADORA_BRUTA\posts_20251022T232418.json","51"
"C:\IOTEC\MINERADORA_BRUTA\posts_20251022T232518.json","51"
"C:\IOTEC\MINERADORA_BRUTA\posts_20251022T232618.json","51"
"C:\IOTEC\MINERADORA_BRUTA\posts_20251022T233119.json","51"
"C:\IOTEC\MINERADORA_BRUTA\posts_20251022T233619.json","51"
"C:\IOTEC\MINERADORA_BRUTA\posts_20251022T233719.json","51"
"C:\IOTEC\MINERADORA_BRUTA\posts_20251022T233819.json","51"
"C:\IOTEC\MINERADORA_BRUTA\posts_20251022T233519.json","51"
"C:\IOTEC\MINERADORA_BRUTA\posts_20251022T233219.json","51"
"C:\IOTEC\MINERADORA_BRUTA\posts_20251022T233319.json","51"
"C:\IOTEC\MINERADORA_BRUTA\posts_20251022T233419.json","51"
"C:\IOTEC\MINERADORA_BRUTA\posts_20251022T234923.json","51"
"C:\IOTEC\MINERADORA_BRUTA\posts_20251023T000625.json","51"
"C:\IOTEC\MINERADORA_BRUTA\posts_20251022T231517.json","51"
"C:\IOTEC\MINERADORA_BRUTA\posts_20251023T000726.json","51"
"C:\IOTEC\MINERADORA_BRUTA\posts_20251023T000525.json","51"
"C:\IOTEC\MINERADORA_BRUTA\posts_20251022T231617.json","51"
"C:\IOTEC\MINERADORA_BRUTA\posts_20251023T000324.json","51"
"C:\IOTEC\MINERADORA_BRUTA\posts_20251023T000425.json","51"
"C:\IOTEC\MINERADORA_BRUTA\posts_20251023T000826.json","51"
"C:\IOTEC\MINERADORA_BRUTA\posts_20251023T001326.json","51"
"C:\IOTEC\MINERADORA_BRUTA\posts_20251022T231417.json","51"
"C:\IOTEC\MINERADORA_BRUTA\posts_20251023T001426.json","51"
"C:\IOTEC\MINERADORA_BRUTA\posts_20251023T001226.json","51"
"C:\IOTEC\MINERADORA_BRUTA\posts_20251023T000926.json","51"
"C:\IOTEC\MINERADORA_BRUTA\posts_20251023T001026.json","51"
"C:\IOTEC\MINERADORA_BRUTA\posts_20251023T001126.json","51"
"C:\IOTEC\MINERADORA_BRUTA\posts_20251022T235423.json","51"
"C:\IOTEC\MINERADORA_BRUTA\posts_20251022T235523.json","51"
"C:\IOTEC\MINERADORA_BRUTA\posts_20251022T235624.json","51"
"C:\IOTEC\MINERADORA_BRUTA\posts_20251022T235323.json","51"
"C:\IOTEC\MINERADORA_BRUTA\posts_20251022T235023.json","51"
"C:\IOTEC\MINERADORA_BRUTA\posts_20251022T235123.json","51"
"C:\IOTEC\MINERADORA_BRUTA\posts_20251022T235223.json","51"
"C:\IOTEC\MINERADORA_BRUTA\posts_20251022T235724.json","51"
"C:\IOTEC\MINERADORA_BRUTA\posts_20251022T231817.json","51"
"C:\IOTEC\MINERADORA_BRUTA\posts_20251023T000224.json","51"
"C:\IOTEC\MINERADORA_BRUTA\posts_20251022T231717.json","51"
"C:\IOTEC\MINERADORA_BRUTA\posts_20251023T000124.json","51"
"C:\IOTEC\MINERADORA_BRUTA\posts_20251022T235824.json","51"
"C:\IOTEC\MINERADORA_BRUTA\posts_20251022T235924.json","51"
"C:\IOTEC\MINERADORA_BRUTA\posts_20251023T000024.json","51"
"C:\IOTEC\MINERADORA_BRUTA\posts_20251023T020744.json","51"
"C:\IOTEC\MINERADORA_BRUTA\posts_20251023T020844.json","51"
"C:\IOTEC\MINERADORA_BRUTA\posts_20251023T020944.json","51"
"C:\IOTEC\MINERADORA_BRUTA\posts_20251023T020644.json","51"
"C:\IOTEC\MINERADORA_BRUTA\posts_20251023T020344.json","51"
"C:\IOTEC\MINERADORA_BRUTA\posts_20251023T020444.json","51"
"C:\IOTEC\MINERADORA_BRUTA\posts_20251023T020544.json","51"
"C:\IOTEC\MINERADORA_BRUTA\posts_20251023T021044.json","51"
"C:\IOTEC\MINERADORA_BRUTA\posts_20251023T021444.json","51"
"C:\IOTEC\MINERADORA_BRUTA\posts_20251023T021545.json","51"
"C:\IOTEC\MINERADORA_BRUTA\posts_20251022T224312.json","51"
"C:\IOTEC\MINERADORA_BRUTA\posts_20251023T021344.json","51"
"C:\IOTEC\MINERADORA_BRUTA\posts_20251022T224412.json","51"
"C:\IOTEC\MINERADORA_BRUTA\posts_20251023T021144.json","51"
"C:\IOTEC\MINERADORA_BRUTA\posts_20251023T021244.json","51"
"C:\IOTEC\MINERADORA_BRUTA\posts_20251022T225213.json","51"
"C:\IOTEC\MINERADORA_BRUTA\posts_20251022T225113.json","51"
"C:\IOTEC\MINERADORA_BRUTA\posts_20251023T020043.json","51"
"C:\IOTEC\MINERADORA_BRUTA\posts_20251022T225313.json","51"
"C:\IOTEC\MINERADORA_BRUTA\posts_20251023T015843.json","51"
"C:\IOTEC\MINERADORA_BRUTA\posts_20251023T015943.json","51"
"C:\IOTEC\MINERADORA_BRUTA\posts_20251022T225413.json","51"
"C:\IOTEC\MINERADORA_BRUTA\posts_20251022T225013.json","51"
"C:\IOTEC\MINERADORA_BRUTA\posts_20251023T020144.json","51"
"C:\IOTEC\MINERADORA_BRUTA\posts_20251022T224512.json","51"
"C:\IOTEC\MINERADORA_BRUTA\posts_20251023T020244.json","51"
"C:\IOTEC\MINERADORA_BRUTA\posts_20251022T224612.json","51"
"C:\IOTEC\MINERADORA_BRUTA\posts_20251022T224913.json","51"
"C:\IOTEC\MINERADORA_BRUTA\posts_20251022T224812.json","51"
"C:\IOTEC\MINERADORA_BRUTA\posts_20251022T224712.json","51"
"C:\IOTEC\MINERADORA_BRUTA\posts_20251023T021645.json","51"
"C:\IOTEC\MINERADORA_BRUTA\posts_20251022T223911.json","51"
"C:\IOTEC\MINERADORA_BRUTA\posts_20251023T054405.json","51"
"C:\IOTEC\MINERADORA_BRUTA\posts_20251022T223811.json","51"
"C:\IOTEC\MINERADORA_BRUTA\posts_20251023T054304.json","51"
"C:\IOTEC\MINERADORA_BRUTA\posts_20251023T054104.json","51"
"C:\IOTEC\MINERADORA_BRUTA\posts_20251022T224011.json","51"
"C:\IOTEC\MINERADORA_BRUTA\posts_20251023T054204.json","51"
"C:\IOTEC\MINERADORA_BRUTA\posts_20251022T223711.json","51"
"C:\IOTEC\MINERADORA_BRUTA\posts_20251023T054805.json","51"
"C:\IOTEC\MINERADORA_BRUTA\posts_20251023T054905.json","51"
"C:\IOTEC\MINERADORA_BRUTA\posts_20251023T055005.json","51"
"C:\IOTEC\MINERADORA_BRUTA\posts_20251023T054705.json","51"
"C:\IOTEC\MINERADORA_BRUTA\posts_20251023T054505.json","51"
"C:\IOTEC\MINERADORA_BRUTA\posts_20251022T223611.json","51"
"C:\IOTEC\MINERADORA_BRUTA\posts_20251023T054605.json","51"
"C:\IOTEC\MINERADORA_BRUTA\posts_20251023T022145.json","51"
"C:\IOTEC\MINERADORA_BRUTA\posts_20251022T224212.json","51"
"C:\IOTEC\MINERADORA_BRUTA\posts_20251023T053303.json","51"
"C:\IOTEC\MINERADORA_BRUTA\posts_20251023T022045.json","51"
"C:\IOTEC\MINERADORA_BRUTA\posts_20251023T021745.json","51"
"C:\IOTEC\MINERADORA_BRUTA\posts_20251023T021845.json","51"
"C:\IOTEC\MINERADORA_BRUTA\posts_20251023T021945.json","51"
"C:\IOTEC\MINERADORA_BRUTA\posts_20251023T053403.json","51"
"C:\IOTEC\MINERADORA_BRUTA\posts_20251023T053904.json","51"
"C:\IOTEC\MINERADORA_BRUTA\posts_20251022T224112.json","51"
"C:\IOTEC\MINERADORA_BRUTA\posts_20251023T054004.json","51"
"C:\IOTEC\MINERADORA_BRUTA\posts_20251023T053804.json","51"
"C:\IOTEC\MINERADORA_BRUTA\posts_20251023T053503.json","51"
"C:\IOTEC\MINERADORA_BRUTA\posts_20251023T053604.json","51"
"C:\IOTEC\MINERADORA_BRUTA\posts_20251023T053704.json","51"
"C:\IOTEC\MINERADORA_BRUTA\posts_20251023T012840.json","51"
"C:\IOTEC\MINERADORA_BRUTA\posts_20251023T012941.json","51"
"C:\IOTEC\MINERADORA_BRUTA\posts_20251023T013041.json","51"
"C:\IOTEC\MINERADORA_BRUTA\posts_20251023T012740.json","51"
"C:\IOTEC\MINERADORA_BRUTA\posts_20251023T012432.json","51"
"C:\IOTEC\MINERADORA_BRUTA\posts_20251023T012532.json","51"
"C:\IOTEC\MINERADORA_BRUTA\posts_20251023T012640.json","51"
"C:\IOTEC\MINERADORA_BRUTA\posts_20251023T013141.json","51"
"C:\IOTEC\MINERADORA_BRUTA\posts_20251023T013542.json","51"
"C:\IOTEC\MINERADORA_BRUTA\posts_20251023T013642.json","51"
"C:\IOTEC\MINERADORA_BRUTA\posts_20251023T013742.json","51"
"C:\IOTEC\MINERADORA_BRUTA\posts_20251023T013442.json","51"
"C:\IOTEC\MINERADORA_BRUTA\posts_20251023T013241.json","51"
"C:\IOTEC\MINERADORA_BRUTA\posts_20251022T230615.json","51"
"C:\IOTEC\MINERADORA_BRUTA\posts_20251023T013342.json","51"
"C:\IOTEC\MINERADORA_BRUTA\posts_20251023T011431.json","51"
"C:\IOTEC\MINERADORA_BRUTA\posts_20251023T011531.json","51"
"C:\IOTEC\MINERADORA_BRUTA\posts_20251023T011631.json","51"
"C:\IOTEC\MINERADORA_BRUTA\posts_20251023T011331.json","51"
"C:\IOTEC\MINERADORA_BRUTA\posts_20251023T011030.json","51"
"C:\IOTEC\MINERADORA_BRUTA\posts_20251023T011130.json","51"
"C:\IOTEC\MINERADORA_BRUTA\posts_20251023T011231.json","51"
"C:\IOTEC\MINERADORA_BRUTA\posts_20251023T011731.json","51"
"C:\IOTEC\MINERADORA_BRUTA\posts_20251023T012231.json","51"
"C:\IOTEC\MINERADORA_BRUTA\posts_20251023T012331.json","51"
"C:\IOTEC\MINERADORA_BRUTA\posts_20251022T230715.json","51"
"C:\IOTEC\MINERADORA_BRUTA\posts_20251023T012131.json","51"
"C:\IOTEC\MINERADORA_BRUTA\posts_20251023T011831.json","51"
"C:\IOTEC\MINERADORA_BRUTA\posts_20251023T011931.json","51"
"C:\IOTEC\MINERADORA_BRUTA\posts_20251023T012031.json","51"
"C:\IOTEC\MINERADORA_BRUTA\posts_20251023T013842.json","51"
"C:\IOTEC\MINERADORA_BRUTA\posts_20251023T015443.json","51"
"C:\IOTEC\MINERADORA_BRUTA\posts_20251022T230114.json","51"
"C:\IOTEC\MINERADORA_BRUTA\posts_20251023T015543.json","51"
"C:\IOTEC\MINERADORA_BRUTA\posts_20251022T230215.json","51"
"C:\IOTEC\MINERADORA_BRUTA\posts_20251023T015243.json","51"
"C:\IOTEC\MINERADORA_BRUTA\posts_20251022T230315.json","51"
"C:\IOTEC\MINERADORA_BRUTA\posts_20251023T015343.json","51"
"C:\IOTEC\MINERADORA_BRUTA\posts_20251023T015643.json","51"
"C:\IOTEC\MINERADORA_BRUTA\posts_20251022T225714.json","51"
"C:\IOTEC\MINERADORA_BRUTA\posts_20251022T225614.json","51"
"C:\IOTEC\MINERADORA_BRUTA\posts_20251022T225514.json","51"
"C:\IOTEC\MINERADORA_BRUTA\posts_20251023T015743.json","51"
"C:\IOTEC\MINERADORA_BRUTA\posts_20251022T230014.json","51"
"C:\IOTEC\MINERADORA_BRUTA\posts_20251022T225914.json","51"
"C:\IOTEC\MINERADORA_BRUTA\posts_20251022T225814.json","51"
"C:\IOTEC\MINERADORA_BRUTA\posts_20251023T014342.json","51"
"C:\IOTEC\MINERADORA_BRUTA\posts_20251023T014442.json","51"
"C:\IOTEC\MINERADORA_BRUTA\posts_20251023T014542.json","51"
"C:\IOTEC\MINERADORA_BRUTA\posts_20251023T014242.json","51"
"C:\IOTEC\MINERADORA_BRUTA\posts_20251023T013942.json","51"
"C:\IOTEC\MINERADORA_BRUTA\posts_20251023T014042.json","51"
"C:\IOTEC\MINERADORA_BRUTA\posts_20251023T014142.json","51"
"C:\IOTEC\MINERADORA_BRUTA\posts_20251023T014643.json","51"
"C:\IOTEC\MINERADORA_BRUTA\posts_20251022T230415.json","51"
"C:\IOTEC\MINERADORA_BRUTA\posts_20251023T015043.json","51"
"C:\IOTEC\MINERADORA_BRUTA\posts_20251023T015143.json","51"
"C:\IOTEC\MINERADORA_BRUTA\posts_20251023T014943.json","51"
"C:\IOTEC\MINERADORA_BRUTA\posts_20251023T014743.json","51"
"C:\IOTEC\MINERADORA_BRUTA\posts_20251023T014843.json","51"
"C:\IOTEC\MINERADORA_BRUTA\posts_20251022T230515.json","51"
"C:\IOTEC\NUCLEO_CONSOLIDADO\DUPLICADOS\posts_20251023T100902.json","51"
"C:\IOTEC\NUCLEO_CONSOLIDADO\DUPLICADOS\posts_20251023T100802.json","51"
"C:\IOTEC\NUCLEO_CONSOLIDADO\DUPLICADOS\posts_20251023T100702.json","51"
"C:\IOTEC\NUCLEO_CONSOLIDADO\DUPLICADOS\posts_20251023T101002.json","51"
"C:\IOTEC\NUCLEO_CONSOLIDADO\DUPLICADOS\posts_20251023T101302.json","51"
"C:\IOTEC\NUCLEO_CONSOLIDADO\DUPLICADOS\posts_20251023T101202.json","51"
"C:\IOTEC\NUCLEO_CONSOLIDADO\DUPLICADOS\posts_20251023T101102.json","51"
"C:\IOTEC\NUCLEO_CONSOLIDADO\DUPLICADOS\posts_20251023T100602.json","51"
"C:\IOTEC\NUCLEO_CONSOLIDADO\DUPLICADOS\posts_20251023T100101.json","51"
"C:\IOTEC\NUCLEO_CONSOLIDADO\DUPLICADOS\posts_20251023T100001.json","51"
"C:\IOTEC\NUCLEO_CONSOLIDADO\DUPLICADOS\posts_20251023T095901.json","51"
"C:\IOTEC\NUCLEO_CONSOLIDADO\DUPLICADOS\posts_20251023T100201.json","51"
"C:\IOTEC\NUCLEO_CONSOLIDADO\DUPLICADOS\posts_20251023T100501.json","51"
"C:\IOTEC\NUCLEO_CONSOLIDADO\DUPLICADOS\posts_20251023T100401.json","51"
"C:\IOTEC\NUCLEO_CONSOLIDADO\DUPLICADOS\posts_20251023T100301.json","51"
"C:\IOTEC\NUCLEO_CONSOLIDADO\DUPLICADOS\posts_20251023T101403.json","51"
"C:\IOTEC\NUCLEO_CONSOLIDADO\DUPLICADOS\posts_20251023T102504.json","51"
"C:\IOTEC\NUCLEO_CONSOLIDADO\DUPLICADOS\posts_20251023T102404.json","51"
"C:\IOTEC\NUCLEO_CONSOLIDADO\DUPLICADOS\posts_20251023T102304.json","51"
"C:\IOTEC\NUCLEO_CONSOLIDADO\DUPLICADOS\posts_20251023T102604.json","51"
"C:\IOTEC\NUCLEO_CONSOLIDADO\DUPLICADOS\posts_20251023T102904.json","51"
"C:\IOTEC\NUCLEO_CONSOLIDADO\DUPLICADOS\posts_20251023T102804.json","51"
"C:\IOTEC\NUCLEO_CONSOLIDADO\DUPLICADOS\posts_20251023T102704.json","51"
"C:\IOTEC\NUCLEO_CONSOLIDADO\DUPLICADOS\posts_20251023T102204.json","51"
"C:\IOTEC\NUCLEO_CONSOLIDADO\DUPLICADOS\posts_20251023T101703.json","51"
"C:\IOTEC\NUCLEO_CONSOLIDADO\DUPLICADOS\posts_20251023T101603.json","51"
"C:\IOTEC\NUCLEO_CONSOLIDADO\DUPLICADOS\posts_20251023T101503.json","51"
"C:\IOTEC\NUCLEO_CONSOLIDADO\DUPLICADOS\posts_20251023T101803.json","51"
"C:\IOTEC\NUCLEO_CONSOLIDADO\DUPLICADOS\posts_20251023T102103.json","51"
"C:\IOTEC\NUCLEO_CONSOLIDADO\DUPLICADOS\posts_20251023T102003.json","51"
"C:\IOTEC\NUCLEO_CONSOLIDADO\DUPLICADOS\posts_20251023T101903.json","51"
"C:\IOTEC\NUCLEO_CONSOLIDADO\DUPLICADOS\posts_20251023T093758.json","51"
"C:\IOTEC\NUCLEO_CONSOLIDADO\DUPLICADOS\posts_20251023T093658.json","51"
"C:\IOTEC\NUCLEO_CONSOLIDADO\DUPLICADOS\posts_20251023T093558.json","51"
"C:\IOTEC\NUCLEO_CONSOLIDADO\DUPLICADOS\posts_20251023T093859.json","51"
"C:\IOTEC\NUCLEO_CONSOLIDADO\DUPLICADOS\posts_20251023T094159.json","51"
"C:\IOTEC\NUCLEO_CONSOLIDADO\DUPLICADOS\posts_20251023T094059.json","51"
"C:\IOTEC\NUCLEO_CONSOLIDADO\DUPLICADOS\posts_20251023T093959.json","51"
"C:\IOTEC\NUCLEO_CONSOLIDADO\DUPLICADOS\posts_20251023T093458.json","51"
"C:\IOTEC\NUCLEO_CONSOLIDADO\DUPLICADOS\posts_20251023T092957.json","51"
"C:\IOTEC\NUCLEO_CONSOLIDADO\DUPLICADOS\posts_20251023T092857.json","51"
"C:\IOTEC\NUCLEO_CONSOLIDADO\DUPLICADOS\posts_20251023T092757.json","51"
"C:\IOTEC\NUCLEO_CONSOLIDADO\DUPLICADOS\posts_20251023T093057.json","51"
"C:\IOTEC\NUCLEO_CONSOLIDADO\DUPLICADOS\posts_20251023T093358.json","51"
"C:\IOTEC\NUCLEO_CONSOLIDADO\DUPLICADOS\posts_20251023T093258.json","51"
"C:\IOTEC\NUCLEO_CONSOLIDADO\DUPLICADOS\posts_20251023T093158.json","51"
"C:\IOTEC\NUCLEO_CONSOLIDADO\DUPLICADOS\posts_20251023T094259.json","51"
"C:\IOTEC\NUCLEO_CONSOLIDADO\DUPLICADOS\posts_20251023T095400.json","51"
"C:\IOTEC\NUCLEO_CONSOLIDADO\DUPLICADOS\posts_20251023T095300.json","51"
"C:\IOTEC\NUCLEO_CONSOLIDADO\DUPLICADOS\posts_20251023T095200.json","51"
"C:\IOTEC\NUCLEO_CONSOLIDADO\DUPLICADOS\posts_20251023T095501.json","51"
"C:\IOTEC\NUCLEO_CONSOLIDADO\DUPLICADOS\posts_20251023T095801.json","51"
"C:\IOTEC\NUCLEO_CONSOLIDADO\DUPLICADOS\posts_20251023T095701.json","51"
"C:\IOTEC\NUCLEO_CONSOLIDADO\DUPLICADOS\posts_20251023T095601.json","51"
"C:\IOTEC\NUCLEO_CONSOLIDADO\DUPLICADOS\posts_20251023T095100.json","51"
"C:\IOTEC\NUCLEO_CONSOLIDADO\DUPLICADOS\posts_20251023T094559.json","51"
"C:\IOTEC\NUCLEO_CONSOLIDADO\DUPLICADOS\posts_20251023T094459.json","51"
"C:\IOTEC\NUCLEO_CONSOLIDADO\DUPLICADOS\posts_20251023T094359.json","51"
"C:\IOTEC\NUCLEO_CONSOLIDADO\DUPLICADOS\posts_20251023T094700.json","51"
"C:\IOTEC\NUCLEO_CONSOLIDADO\DUPLICADOS\posts_20251023T095000.json","51"
"C:\IOTEC\NUCLEO_CONSOLIDADO\DUPLICADOS\posts_20251023T094900.json","51"
"C:\IOTEC\NUCLEO_CONSOLIDADO\DUPLICADOS\posts_20251023T094800.json","51"
"C:\IOTEC\NUCLEO_CONSOLIDADO\DUPLICADOS\posts_20251023T103004.json","51"
"C:\IOTEC\NUCLEO_CONSOLIDADO\DUPLICADOS\posts_20251023T111213.json","51"
"C:\IOTEC\NUCLEO_CONSOLIDADO\DUPLICADOS\posts_20251023T111113.json","51"
"C:\IOTEC\NUCLEO_CONSOLIDADO\DUPLICADOS\posts_20251023T111013.json","51"
"C:\IOTEC\NUCLEO_CONSOLIDADO\DUPLICADOS\posts_20251023T111314.json","51"
"C:\IOTEC\NUCLEO_CONSOLIDADO\DUPLICADOS\posts_20251023T111615.json","51"
"C:\IOTEC\NUCLEO_CONSOLIDADO\DUPLICADOS\posts_20251023T111515.json","51"
"C:\IOTEC\NUCLEO_CONSOLIDADO\DUPLICADOS\posts_20251023T111414.json","51"
"C:\IOTEC\NUCLEO_CONSOLIDADO\DUPLICADOS\posts_20251023T110913.json","51"
"C:\IOTEC\NUCLEO_CONSOLIDADO\DUPLICADOS\posts_20251023T110410.json","51"
"C:\IOTEC\NUCLEO_CONSOLIDADO\DUPLICADOS\posts_20251023T110309.json","51"
"C:\IOTEC\NUCLEO_CONSOLIDADO\DUPLICADOS\posts_20251023T110209.json","51"
"C:\IOTEC\NUCLEO_CONSOLIDADO\DUPLICADOS\posts_20251023T110510.json","51"
"C:\IOTEC\NUCLEO_CONSOLIDADO\DUPLICADOS\posts_20251023T110813.json","51"
"C:\IOTEC\NUCLEO_CONSOLIDADO\DUPLICADOS\posts_20251023T110712.json","51"
"C:\IOTEC\NUCLEO_CONSOLIDADO\DUPLICADOS\posts_20251023T110612.json","51"
"C:\IOTEC\NUCLEO_CONSOLIDADO\DUPLICADOS\posts_20251023T111715.json","51"
"C:\IOTEC\NUCLEO_CONSOLIDADO\DUPLICADOS\posts_20251023T112817.json","51"
"C:\IOTEC\NUCLEO_CONSOLIDADO\DUPLICADOS\posts_20251023T112717.json","51"
"C:\IOTEC\NUCLEO_CONSOLIDADO\DUPLICADOS\posts_20251023T112616.json","51"
"C:\IOTEC\NUCLEO_CONSOLIDADO\DUPLICADOS\posts_20251023T112917.json","51"
"C:\IOTEC\NUCLEO_CONSOLIDADO\DUPLICADOS\posts_20251023T113218.json","51"
"C:\IOTEC\NUCLEO_CONSOLIDADO\DUPLICADOS\posts_20251023T113117.json","51"
"C:\IOTEC\NUCLEO_CONSOLIDADO\DUPLICADOS\posts_20251023T113017.json","51"
"C:\IOTEC\NUCLEO_CONSOLIDADO\DUPLICADOS\posts_20251023T112516.json","51"
"C:\IOTEC\NUCLEO_CONSOLIDADO\DUPLICADOS\posts_20251023T112016.json","51"
"C:\IOTEC\NUCLEO_CONSOLIDADO\DUPLICADOS\posts_20251023T111915.json","51"
"C:\IOTEC\NUCLEO_CONSOLIDADO\DUPLICADOS\posts_20251023T111815.json","51"
"C:\IOTEC\NUCLEO_CONSOLIDADO\DUPLICADOS\posts_20251023T112116.json","51"
"C:\IOTEC\NUCLEO_CONSOLIDADO\DUPLICADOS\posts_20251023T112416.json","51"
"C:\IOTEC\NUCLEO_CONSOLIDADO\DUPLICADOS\posts_20251023T112316.json","51"
"C:\IOTEC\NUCLEO_CONSOLIDADO\DUPLICADOS\posts_20251023T112216.json","51"
"C:\IOTEC\NUCLEO_CONSOLIDADO\DUPLICADOS\posts_20251023T104106.json","51"
"C:\IOTEC\NUCLEO_CONSOLIDADO\DUPLICADOS\posts_20251023T104006.json","51"
"C:\IOTEC\NUCLEO_CONSOLIDADO\DUPLICADOS\posts_20251023T103906.json","51"
"C:\IOTEC\NUCLEO_CONSOLIDADO\DUPLICADOS\posts_20251023T104207.json","51"
"C:\IOTEC\NUCLEO_CONSOLIDADO\DUPLICADOS\posts_20251023T104507.json","51"
"C:\IOTEC\NUCLEO_CONSOLIDADO\DUPLICADOS\posts_20251023T104407.json","51"
"C:\IOTEC\NUCLEO_CONSOLIDADO\DUPLICADOS\posts_20251023T104307.json","51"
"C:\IOTEC\NUCLEO_CONSOLIDADO\DUPLICADOS\posts_20251023T103806.json","51"
"C:\IOTEC\NUCLEO_CONSOLIDADO\DUPLICADOS\posts_20251023T103306.json","51"
"C:\IOTEC\NUCLEO_CONSOLIDADO\DUPLICADOS\posts_20251023T103205.json","51"
"C:\IOTEC\NUCLEO_CONSOLIDADO\DUPLICADOS\posts_20251023T103105.json","51"
"C:\IOTEC\NUCLEO_CONSOLIDADO\DUPLICADOS\posts_20251023T103406.json","51"
"C:\IOTEC\NUCLEO_CONSOLIDADO\DUPLICADOS\posts_20251023T103706.json","51"
"C:\IOTEC\NUCLEO_CONSOLIDADO\DUPLICADOS\posts_20251023T103606.json","51"
"C:\IOTEC\NUCLEO_CONSOLIDADO\DUPLICADOS\posts_20251023T103506.json","51"
"C:\IOTEC\NUCLEO_CONSOLIDADO\DUPLICADOS\posts_20251023T104607.json","51"
"C:\IOTEC\NUCLEO_CONSOLIDADO\DUPLICADOS\posts_20251023T105708.json","51"
"C:\IOTEC\NUCLEO_CONSOLIDADO\DUPLICADOS\posts_20251023T105608.json","51"
"C:\IOTEC\NUCLEO_CONSOLIDADO\DUPLICADOS\posts_20251023T105508.json","51"
"C:\IOTEC\NUCLEO_CONSOLIDADO\DUPLICADOS\posts_20251023T105808.json","51"
"C:\IOTEC\NUCLEO_CONSOLIDADO\DUPLICADOS\posts_20251023T110109.json","51"
"C:\IOTEC\NUCLEO_CONSOLIDADO\DUPLICADOS\posts_20251023T110008.json","51"
"C:\IOTEC\NUCLEO_CONSOLIDADO\DUPLICADOS\posts_20251023T105908.json","51"
"C:\IOTEC\NUCLEO_CONSOLIDADO\DUPLICADOS\posts_20251023T105408.json","51"
"C:\IOTEC\NUCLEO_CONSOLIDADO\DUPLICADOS\posts_20251023T104907.json","51"
"C:\IOTEC\NUCLEO_CONSOLIDADO\DUPLICADOS\posts_20251023T104807.json","51"
"C:\IOTEC\NUCLEO_CONSOLIDADO\DUPLICADOS\posts_20251023T104707.json","51"
"C:\IOTEC\NUCLEO_CONSOLIDADO\DUPLICADOS\posts_20251023T105008.json","51"
"C:\IOTEC\NUCLEO_CONSOLIDADO\DUPLICADOS\posts_20251023T105308.json","51"
"C:\IOTEC\NUCLEO_CONSOLIDADO\DUPLICADOS\posts_20251023T105208.json","51"
"C:\IOTEC\NUCLEO_CONSOLIDADO\DUPLICADOS\posts_20251023T105108.json","51"
"C:\IOTEC\NUCLEO_CONSOLIDADO\DUPLICADOS\posts_20251023T080329.json","51"
"C:\IOTEC\NUCLEO_CONSOLIDADO\DUPLICADOS\posts_20251023T080229.json","51"
"C:\IOTEC\NUCLEO_CONSOLIDADO\DUPLICADOS\posts_20251023T080128.json","51"
"C:\IOTEC\NUCLEO_CONSOLIDADO\DUPLICADOS\posts_20251023T080429.json","51"
"C:\IOTEC\NUCLEO_CONSOLIDADO\DUPLICADOS\posts_20251023T080730.json","51"
"C:\IOTEC\NUCLEO_CONSOLIDADO\DUPLICADOS\posts_20251023T080629.json","51"
"C:\IOTEC\NUCLEO_CONSOLIDADO\DUPLICADOS\posts_20251023T080529.json","51"
"C:\IOTEC\NUCLEO_CONSOLIDADO\DUPLICADOS\posts_20251023T080028.json","51"
"C:\IOTEC\NUCLEO_CONSOLIDADO\DUPLICADOS\posts_20251023T075528.json","51"
"C:\IOTEC\NUCLEO_CONSOLIDADO\DUPLICADOS\posts_20251023T075428.json","51"
"C:\IOTEC\NUCLEO_CONSOLIDADO\DUPLICADOS\posts_20251023T075328.json","51"
"C:\IOTEC\NUCLEO_CONSOLIDADO\DUPLICADOS\posts_20251023T075628.json","51"
"C:\IOTEC\NUCLEO_CONSOLIDADO\DUPLICADOS\posts_20251023T075928.json","51"
"C:\IOTEC\NUCLEO_CONSOLIDADO\DUPLICADOS\posts_20251023T075828.json","51"
"C:\IOTEC\NUCLEO_CONSOLIDADO\DUPLICADOS\posts_20251023T075728.json","51"
"C:\IOTEC\NUCLEO_CONSOLIDADO\DUPLICADOS\posts_20251023T080830.json","51"
"C:\IOTEC\NUCLEO_CONSOLIDADO\DUPLICADOS\posts_20251023T081931.json","51"
"C:\IOTEC\NUCLEO_CONSOLIDADO\DUPLICADOS\posts_20251023T081831.json","51"
"C:\IOTEC\NUCLEO_CONSOLIDADO\DUPLICADOS\posts_20251023T081731.json","51"
"C:\IOTEC\NUCLEO_CONSOLIDADO\DUPLICADOS\posts_20251023T082031.json","51"
"C:\IOTEC\NUCLEO_CONSOLIDADO\DUPLICADOS\posts_20251023T082331.json","51"
"C:\IOTEC\NUCLEO_CONSOLIDADO\DUPLICADOS\posts_20251023T082231.json","51"
"C:\IOTEC\NUCLEO_CONSOLIDADO\DUPLICADOS\posts_20251023T082131.json","51"
"C:\IOTEC\NUCLEO_CONSOLIDADO\DUPLICADOS\posts_20251023T081631.json","51"
"C:\IOTEC\NUCLEO_CONSOLIDADO\DUPLICADOS\posts_20251023T081130.json","51"
"C:\IOTEC\NUCLEO_CONSOLIDADO\DUPLICADOS\posts_20251023T081030.json","51"
"C:\IOTEC\NUCLEO_CONSOLIDADO\DUPLICADOS\posts_20251023T080930.json","51"
"C:\IOTEC\NUCLEO_CONSOLIDADO\DUPLICADOS\posts_20251023T081230.json","51"
"C:\IOTEC\NUCLEO_CONSOLIDADO\DUPLICADOS\posts_20251023T081530.json","51"
"C:\IOTEC\NUCLEO_CONSOLIDADO\DUPLICADOS\posts_20251023T081430.json","51"
"C:\IOTEC\NUCLEO_CONSOLIDADO\DUPLICADOS\posts_20251023T081330.json","51"
"C:\IOTEC\NUCLEO_CONSOLIDADO\DUPLICADOS\posts_20251023T073224.json","51"
"C:\IOTEC\NUCLEO_CONSOLIDADO\DUPLICADOS\posts_20251023T073124.json","51"
"C:\IOTEC\NUCLEO_CONSOLIDADO\DUPLICADOS\posts_20251023T073023.json","51"
"C:\IOTEC\NUCLEO_CONSOLIDADO\DUPLICADOS\posts_20251023T073324.json","51"
"C:\IOTEC\NUCLEO_CONSOLIDADO\DUPLICADOS\posts_20251023T073625.json","51"
"C:\IOTEC\NUCLEO_CONSOLIDADO\DUPLICADOS\posts_20251023T073525.json","51"
"C:\IOTEC\NUCLEO_CONSOLIDADO\DUPLICADOS\posts_20251023T073424.json","51"
"C:\IOTEC\NUCLEO_CONSOLIDADO\DUPLICADOS\posts_20251023T072923.json","51"
"C:\IOTEC\NUCLEO_CONSOLIDADO\DUPLICADOS\posts_20251023T072423.json","51"
"C:\IOTEC\NUCLEO_CONSOLIDADO\DUPLICADOS\posts_20251023T072322.json","51"
"C:\IOTEC\NUCLEO_CONSOLIDADO\DUPLICADOS\posts_20251023T072222.json","51"
"C:\IOTEC\NUCLEO_CONSOLIDADO\DUPLICADOS\posts_20251023T072523.json","51"
"C:\IOTEC\NUCLEO_CONSOLIDADO\DUPLICADOS\posts_20251023T072823.json","51"
"C:\IOTEC\NUCLEO_CONSOLIDADO\DUPLICADOS\posts_20251023T072723.json","51"
"C:\IOTEC\NUCLEO_CONSOLIDADO\DUPLICADOS\posts_20251023T072623.json","51"
"C:\IOTEC\NUCLEO_CONSOLIDADO\DUPLICADOS\posts_20251023T073725.json","51"
"C:\IOTEC\NUCLEO_CONSOLIDADO\DUPLICADOS\posts_20251023T074827.json","51"
"C:\IOTEC\NUCLEO_CONSOLIDADO\DUPLICADOS\posts_20251023T074727.json","51"
"C:\IOTEC\NUCLEO_CONSOLIDADO\DUPLICADOS\posts_20251023T074627.json","51"
"C:\IOTEC\NUCLEO_CONSOLIDADO\DUPLICADOS\posts_20251023T074927.json","51"
"C:\IOTEC\NUCLEO_CONSOLIDADO\DUPLICADOS\posts_20251023T075227.json","51"
"C:\IOTEC\NUCLEO_CONSOLIDADO\DUPLICADOS\posts_20251023T075127.json","51"
"C:\IOTEC\NUCLEO_CONSOLIDADO\DUPLICADOS\posts_20251023T075027.json","51"
"C:\IOTEC\NUCLEO_CONSOLIDADO\DUPLICADOS\posts_20251023T074527.json","51"
"C:\IOTEC\NUCLEO_CONSOLIDADO\DUPLICADOS\posts_20251023T074026.json","51"
"C:\IOTEC\NUCLEO_CONSOLIDADO\DUPLICADOS\posts_20251023T073926.json","51"
"C:\IOTEC\NUCLEO_CONSOLIDADO\DUPLICADOS\posts_20251023T073826.json","51"
"C:\IOTEC\NUCLEO_CONSOLIDADO\DUPLICADOS\posts_20251023T074126.json","51"
"C:\IOTEC\NUCLEO_CONSOLIDADO\DUPLICADOS\posts_20251023T074426.json","51"
"C:\IOTEC\NUCLEO_CONSOLIDADO\DUPLICADOS\posts_20251023T074326.json","51"
"C:\IOTEC\NUCLEO_CONSOLIDADO\DUPLICADOS\posts_20251023T074226.json","51"
"C:\IOTEC\NUCLEO_CONSOLIDADO\DUPLICADOS\posts_20251023T082432.json","51"
"C:\IOTEC\NUCLEO_CONSOLIDADO\DUPLICADOS\posts_20251023T090654.json","51"
"C:\IOTEC\NUCLEO_CONSOLIDADO\DUPLICADOS\posts_20251023T090554.json","51"
"C:\IOTEC\NUCLEO_CONSOLIDADO\DUPLICADOS\posts_20251023T090453.json","51"
"C:\IOTEC\NUCLEO_CONSOLIDADO\DUPLICADOS\posts_20251023T090754.json","51"
"C:\IOTEC\NUCLEO_CONSOLIDADO\DUPLICADOS\posts_20251023T091055.json","51"
"C:\IOTEC\NUCLEO_CONSOLIDADO\DUPLICADOS\posts_20251023T090955.json","51"
"C:\IOTEC\NUCLEO_CONSOLIDADO\DUPLICADOS\posts_20251023T090855.json","51"
"C:\IOTEC\NUCLEO_CONSOLIDADO\DUPLICADOS\posts_20251023T090352.json","51"
"C:\IOTEC\NUCLEO_CONSOLIDADO\DUPLICADOS\posts_20251023T085847.json","51"
"C:\IOTEC\NUCLEO_CONSOLIDADO\DUPLICADOS\posts_20251023T085747.json","51"
"C:\IOTEC\NUCLEO_CONSOLIDADO\DUPLICADOS\posts_20251023T085647.json","51"
"C:\IOTEC\NUCLEO_CONSOLIDADO\DUPLICADOS\posts_20251023T085947.json","51"
"C:\IOTEC\NUCLEO_CONSOLIDADO\DUPLICADOS\posts_20251023T090249.json","51"
"C:\IOTEC\NUCLEO_CONSOLIDADO\DUPLICADOS\posts_20251023T090148.json","51"
"C:\IOTEC\NUCLEO_CONSOLIDADO\DUPLICADOS\posts_20251023T090048.json","51"
"C:\IOTEC\NUCLEO_CONSOLIDADO\DUPLICADOS\posts_20251023T091155.json","51"
"C:\IOTEC\NUCLEO_CONSOLIDADO\DUPLICADOS\posts_20251023T092256.json","51"
"C:\IOTEC\NUCLEO_CONSOLIDADO\DUPLICADOS\posts_20251023T092156.json","51"
"C:\IOTEC\NUCLEO_CONSOLIDADO\DUPLICADOS\posts_20251023T092056.json","51"
"C:\IOTEC\NUCLEO_CONSOLIDADO\DUPLICADOS\posts_20251023T092356.json","51"
"C:\IOTEC\NUCLEO_CONSOLIDADO\DUPLICADOS\posts_20251023T092657.json","51"
"C:\IOTEC\NUCLEO_CONSOLIDADO\DUPLICADOS\posts_20251023T092557.json","51"
"C:\IOTEC\NUCLEO_CONSOLIDADO\DUPLICADOS\posts_20251023T092457.json","51"
"C:\IOTEC\NUCLEO_CONSOLIDADO\DUPLICADOS\posts_20251023T091956.json","51"
"C:\IOTEC\NUCLEO_CONSOLIDADO\DUPLICADOS\posts_20251023T091455.json","51"
"C:\IOTEC\NUCLEO_CONSOLIDADO\DUPLICADOS\posts_20251023T091355.json","51"
"C:\IOTEC\NUCLEO_CONSOLIDADO\DUPLICADOS\posts_20251023T091255.json","51"
"C:\IOTEC\NUCLEO_CONSOLIDADO\DUPLICADOS\posts_20251023T091555.json","51"
"C:\IOTEC\NUCLEO_CONSOLIDADO\DUPLICADOS\posts_20251023T091856.json","51"
"C:\IOTEC\NUCLEO_CONSOLIDADO\DUPLICADOS\posts_20251023T091756.json","51"
"C:\IOTEC\NUCLEO_CONSOLIDADO\DUPLICADOS\posts_20251023T091656.json","51"
"C:\IOTEC\NUCLEO_CONSOLIDADO\DUPLICADOS\posts_20251023T083534.json","51"
"C:\IOTEC\NUCLEO_CONSOLIDADO\DUPLICADOS\posts_20251023T083433.json","51"
"C:\IOTEC\NUCLEO_CONSOLIDADO\DUPLICADOS\posts_20251023T083333.json","51"
"C:\IOTEC\NUCLEO_CONSOLIDADO\DUPLICADOS\posts_20251023T083634.json","51"
"C:\IOTEC\NUCLEO_CONSOLIDADO\DUPLICADOS\posts_20251023T083938.json","51"
"C:\IOTEC\NUCLEO_CONSOLIDADO\DUPLICADOS\posts_20251023T083835.json","51"
"C:\IOTEC\NUCLEO_CONSOLIDADO\DUPLICADOS\posts_20251023T083734.json","51"
"C:\IOTEC\NUCLEO_CONSOLIDADO\DUPLICADOS\posts_20251023T083233.json","51"
"C:\IOTEC\NUCLEO_CONSOLIDADO\DUPLICADOS\posts_20251023T082732.json","51"
"C:\IOTEC\NUCLEO_CONSOLIDADO\DUPLICADOS\posts_20251023T082632.json","51"
"C:\IOTEC\NUCLEO_CONSOLIDADO\DUPLICADOS\posts_20251023T082532.json","51"
"C:\IOTEC\NUCLEO_CONSOLIDADO\DUPLICADOS\posts_20251023T082832.json","51"
"C:\IOTEC\NUCLEO_CONSOLIDADO\DUPLICADOS\posts_20251023T083133.json","51"
"C:\IOTEC\NUCLEO_CONSOLIDADO\DUPLICADOS\posts_20251023T083033.json","51"
"C:\IOTEC\NUCLEO_CONSOLIDADO\DUPLICADOS\posts_20251023T082933.json","51"
"C:\IOTEC\NUCLEO_CONSOLIDADO\DUPLICADOS\posts_20251023T084039.json","51"
"C:\IOTEC\NUCLEO_CONSOLIDADO\DUPLICADOS\posts_20251023T085146.json","51"
"C:\IOTEC\NUCLEO_CONSOLIDADO\DUPLICADOS\posts_20251023T085046.json","51"
"C:\IOTEC\NUCLEO_CONSOLIDADO\DUPLICADOS\posts_20251023T084946.json","51"
"C:\IOTEC\NUCLEO_CONSOLIDADO\DUPLICADOS\posts_20251023T085246.json","51"
"C:\IOTEC\NUCLEO_CONSOLIDADO\DUPLICADOS\posts_20251023T085547.json","51"
"C:\IOTEC\NUCLEO_CONSOLIDADO\DUPLICADOS\posts_20251023T085447.json","51"
"C:\IOTEC\NUCLEO_CONSOLIDADO\DUPLICADOS\posts_20251023T085346.json","51"
"C:\IOTEC\NUCLEO_CONSOLIDADO\DUPLICADOS\posts_20251023T084845.json","51"
"C:\IOTEC\NUCLEO_CONSOLIDADO\DUPLICADOS\posts_20251023T084340.json","51"
"C:\IOTEC\NUCLEO_CONSOLIDADO\DUPLICADOS\posts_20251023T084240.json","51"
"C:\IOTEC\NUCLEO_CONSOLIDADO\DUPLICADOS\posts_20251023T084139.json","51"
"C:\IOTEC\NUCLEO_CONSOLIDADO\DUPLICADOS\posts_20251023T084441.json","51"
"C:\IOTEC\NUCLEO_CONSOLIDADO\DUPLICADOS\posts_20251023T084742.json","51"
"C:\IOTEC\NUCLEO_CONSOLIDADO\DUPLICADOS\posts_20251023T084642.json","51"
"C:\IOTEC\NUCLEO_CONSOLIDADO\DUPLICADOS\posts_20251023T084541.json","51"
"C:\IOTEC\NUCLEO_CONSOLIDADO\DUPLICADOS\posts_20251023T113318.json","51"
"C:\IOTEC\NUCLEO_CONSOLIDADO\DUPLICADOS\posts_20251023T142551.json","51"
"C:\IOTEC\NUCLEO_CONSOLIDADO\DUPLICADOS\posts_20251023T142446.json","51"
"C:\IOTEC\NUCLEO_CONSOLIDADO\DUPLICADOS\posts_20251023T142341.json","51"
"C:\IOTEC\NUCLEO_CONSOLIDADO\DUPLICADOS\posts_20251023T142656.json","51"
"C:\IOTEC\NUCLEO_CONSOLIDADO\DUPLICADOS\posts_20251023T143204.json","51"
"C:\IOTEC\NUCLEO_CONSOLIDADO\DUPLICADOS\posts_20251023T143059.json","51"
"C:\IOTEC\NUCLEO_CONSOLIDADO\DUPLICADOS\posts_20251023T142801.json","51"
"C:\IOTEC\NUCLEO_CONSOLIDADO\DUPLICADOS\posts_20251023T142236.json","51"
"C:\IOTEC\NUCLEO_CONSOLIDADO\DUPLICADOS\posts_20251023T141657.json","51"
"C:\IOTEC\NUCLEO_CONSOLIDADO\DUPLICADOS\posts_20251023T141557.json","51"
"C:\IOTEC\NUCLEO_CONSOLIDADO\DUPLICADOS\posts_20251023T141457.json","51"
"C:\IOTEC\NUCLEO_CONSOLIDADO\DUPLICADOS\posts_20251023T141757.json","51"
"C:\IOTEC\NUCLEO_CONSOLIDADO\DUPLICADOS\posts_20251023T142125.json","51"
"C:\IOTEC\NUCLEO_CONSOLIDADO\DUPLICADOS\posts_20251023T142025.json","51"
"C:\IOTEC\NUCLEO_CONSOLIDADO\DUPLICADOS\posts_20251023T141858.json","51"
"C:\IOTEC\NUCLEO_CONSOLIDADO\DUPLICADOS\posts_20251023T143310.json","51"
"C:\IOTEC\NUCLEO_CONSOLIDADO\DUPLICADOS\posts_20251023T144501.json","51"
"C:\IOTEC\NUCLEO_CONSOLIDADO\DUPLICADOS\posts_20251023T144356.json","51"
"C:\IOTEC\NUCLEO_CONSOLIDADO\DUPLICADOS\posts_20251023T144251.json","51"
"C:\IOTEC\NUCLEO_CONSOLIDADO\DUPLICADOS\posts_20251023T144606.json","51"
"C:\IOTEC\NUCLEO_CONSOLIDADO\DUPLICADOS\posts_20251023T144917.json","51"
"C:\IOTEC\NUCLEO_CONSOLIDADO\DUPLICADOS\posts_20251023T144817.json","51"
"C:\IOTEC\NUCLEO_CONSOLIDADO\DUPLICADOS\posts_20251023T144712.json","51"
"C:\IOTEC\NUCLEO_CONSOLIDADO\DUPLICADOS\posts_20251023T144146.json","51"
"C:\IOTEC\NUCLEO_CONSOLIDADO\DUPLICADOS\posts_20251023T143625.json","51"
"C:\IOTEC\NUCLEO_CONSOLIDADO\DUPLICADOS\posts_20251023T143520.json","51"
"C:\IOTEC\NUCLEO_CONSOLIDADO\DUPLICADOS\posts_20251023T143415.json","51"
"C:\IOTEC\NUCLEO_CONSOLIDADO\DUPLICADOS\posts_20251023T143730.json","51"
"C:\IOTEC\NUCLEO_CONSOLIDADO\DUPLICADOS\posts_20251023T144046.json","51"
"C:\IOTEC\NUCLEO_CONSOLIDADO\DUPLICADOS\posts_20251023T143940.json","51"
"C:\IOTEC\NUCLEO_CONSOLIDADO\DUPLICADOS\posts_20251023T143835.json","51"
"C:\IOTEC\NUCLEO_CONSOLIDADO\DUPLICADOS\posts_20251023T141357.json","51"
"C:\IOTEC\NUCLEO_CONSOLIDADO\DUPLICADOS\posts_20251023T135224.json","51"
"C:\IOTEC\NUCLEO_CONSOLIDADO\DUPLICADOS\posts_20251023T135124.json","51"
"C:\IOTEC\NUCLEO_CONSOLIDADO\DUPLICADOS\posts_20251023T135024.json","51"
"C:\IOTEC\NUCLEO_CONSOLIDADO\DUPLICADOS\posts_20251023T135336.json","51"
"C:\IOTEC\NUCLEO_CONSOLIDADO\DUPLICADOS\posts_20251023T135636.json","51"
"C:\IOTEC\NUCLEO_CONSOLIDADO\DUPLICADOS\posts_20251023T135536.json","51"
"C:\IOTEC\NUCLEO_CONSOLIDADO\DUPLICADOS\posts_20251023T135436.json","51"
"C:\IOTEC\NUCLEO_CONSOLIDADO\DUPLICADOS\posts_20251023T134923.json","51"
"C:\IOTEC\NUCLEO_CONSOLIDADO\DUPLICADOS\posts_20251023T134417.json","51"
"C:\IOTEC\NUCLEO_CONSOLIDADO\DUPLICADOS\posts_20251023T134317.json","51"
"C:\IOTEC\NUCLEO_CONSOLIDADO\DUPLICADOS\posts_20251023T134217.json","51"
"C:\IOTEC\NUCLEO_CONSOLIDADO\DUPLICADOS\posts_20251023T134518.json","51"
"C:\IOTEC\NUCLEO_CONSOLIDADO\DUPLICADOS\posts_20251023T134823.json","51"
"C:\IOTEC\NUCLEO_CONSOLIDADO\DUPLICADOS\posts_20251023T134718.json","51"
"C:\IOTEC\NUCLEO_CONSOLIDADO\DUPLICADOS\posts_20251023T134618.json","51"
"C:\IOTEC\NUCLEO_CONSOLIDADO\DUPLICADOS\posts_20251023T135736.json","51"
"C:\IOTEC\NUCLEO_CONSOLIDADO\DUPLICADOS\posts_20251023T140856.json","51"
"C:\IOTEC\NUCLEO_CONSOLIDADO\DUPLICADOS\posts_20251023T140756.json","51"
"C:\IOTEC\NUCLEO_CONSOLIDADO\DUPLICADOS\posts_20251023T140656.json","51"
"C:\IOTEC\NUCLEO_CONSOLIDADO\DUPLICADOS\posts_20251023T140956.json","51"
"C:\IOTEC\NUCLEO_CONSOLIDADO\DUPLICADOS\posts_20251023T141257.json","51"
"C:\IOTEC\NUCLEO_CONSOLIDADO\DUPLICADOS\posts_20251023T141157.json","51"
"C:\IOTEC\NUCLEO_CONSOLIDADO\DUPLICADOS\posts_20251023T141056.json","51"
"C:\IOTEC\NUCLEO_CONSOLIDADO\DUPLICADOS\posts_20251023T140556.json","51"
"C:\IOTEC\NUCLEO_CONSOLIDADO\DUPLICADOS\posts_20251023T140055.json","51"
"C:\IOTEC\NUCLEO_CONSOLIDADO\DUPLICADOS\posts_20251023T135947.json","51"
"C:\IOTEC\NUCLEO_CONSOLIDADO\DUPLICADOS\posts_20251023T135842.json","51"
"C:\IOTEC\NUCLEO_CONSOLIDADO\DUPLICADOS\posts_20251023T140155.json","51"
"C:\IOTEC\NUCLEO_CONSOLIDADO\DUPLICADOS\posts_20251023T140456.json","51"
"C:\IOTEC\NUCLEO_CONSOLIDADO\DUPLICADOS\posts_20251023T140356.json","51"
"C:\IOTEC\NUCLEO_CONSOLIDADO\DUPLICADOS\posts_20251023T140255.json","51"
"C:\IOTEC\NUCLEO_CONSOLIDADO\DUPLICADOS\posts_20251023T155312.json","51"
"C:\IOTEC\NUCLEO_CONSOLIDADO\DUPLICADOS\posts_20251023T155212.json","51"
"C:\IOTEC\NUCLEO_CONSOLIDADO\DUPLICADOS\posts_20251023T155112.json","51"
"C:\IOTEC\NUCLEO_CONSOLIDADO\DUPLICADOS\posts_20251023T155414.json","51"
"C:\IOTEC\NUCLEO_CONSOLIDADO\DUPLICADOS\posts_20251023T155715.json","51"
"C:\IOTEC\NUCLEO_CONSOLIDADO\DUPLICADOS\posts_20251023T155615.json","51"
"C:\IOTEC\NUCLEO_CONSOLIDADO\DUPLICADOS\posts_20251023T155515.json","51"
"C:\IOTEC\NUCLEO_CONSOLIDADO\DUPLICADOS\posts_20251023T155011.json","51"
"C:\IOTEC\NUCLEO_CONSOLIDADO\DUPLICADOS\posts_20251023T154510.json","51"
"C:\IOTEC\NUCLEO_CONSOLIDADO\DUPLICADOS\posts_20251023T154410.json","51"
"C:\IOTEC\NUCLEO_CONSOLIDADO\DUPLICADOS\posts_20251023T154310.json","51"
"C:\IOTEC\NUCLEO_CONSOLIDADO\DUPLICADOS\posts_20251023T154610.json","51"
"C:\IOTEC\NUCLEO_CONSOLIDADO\DUPLICADOS\posts_20251023T154911.json","51"
"C:\IOTEC\NUCLEO_CONSOLIDADO\DUPLICADOS\posts_20251023T154811.json","51"
"C:\IOTEC\NUCLEO_CONSOLIDADO\DUPLICADOS\posts_20251023T154711.json","51"
"C:\IOTEC\NUCLEO_CONSOLIDADO\DUPLICADOS\posts_20251023T155815.json","51"
"C:\IOTEC\NUCLEO_CONSOLIDADO\DUPLICADOS\posts_20251023T160917.json","51"
"C:\IOTEC\NUCLEO_CONSOLIDADO\DUPLICADOS\posts_20251023T160817.json","51"
"C:\IOTEC\NUCLEO_CONSOLIDADO\DUPLICADOS\posts_20251023T160717.json","51"
"C:\IOTEC\NUCLEO_CONSOLIDADO\DUPLICADOS\posts_20251023T161018.json","51"
"C:\IOTEC\MINERADORA_BRUTA\posts_20251023T092757.json","51"
"C:\IOTEC\NUCLEO_CONSOLIDADO\DUPLICADOS\posts_20251023T161219.json","51"
"C:\IOTEC\NUCLEO_CONSOLIDADO\DUPLICADOS\posts_20251023T161118.json","51"
"C:\IOTEC\NUCLEO_CONSOLIDADO\DUPLICADOS\posts_20251023T160617.json","51"
"C:\IOTEC\NUCLEO_CONSOLIDADO\DUPLICADOS\posts_20251023T160116.json","51"
"C:\IOTEC\NUCLEO_CONSOLIDADO\DUPLICADOS\posts_20251023T160015.json","51"
"C:\IOTEC\NUCLEO_CONSOLIDADO\DUPLICADOS\posts_20251023T155915.json","51"
"C:\IOTEC\NUCLEO_CONSOLIDADO\DUPLICADOS\posts_20251023T160216.json","51"
"C:\IOTEC\NUCLEO_CONSOLIDADO\DUPLICADOS\posts_20251023T160517.json","51"
"C:\IOTEC\NUCLEO_CONSOLIDADO\DUPLICADOS\posts_20251023T160416.json","51"
"C:\IOTEC\NUCLEO_CONSOLIDADO\DUPLICADOS\posts_20251023T160316.json","51"
"C:\IOTEC\NUCLEO_CONSOLIDADO\DUPLICADOS\posts_20251023T154209.json","51"
"C:\IOTEC\NUCLEO_CONSOLIDADO\DUPLICADOS\posts_20251023T150018.json","51"
"C:\IOTEC\NUCLEO_CONSOLIDADO\DUPLICADOS\posts_20251023T145918.json","51"
"C:\IOTEC\NUCLEO_CONSOLIDADO\DUPLICADOS\posts_20251023T145818.json","51"
"C:\IOTEC\NUCLEO_CONSOLIDADO\DUPLICADOS\posts_20251023T150118.json","51"
"C:\IOTEC\NUCLEO_CONSOLIDADO\DUPLICADOS\posts_20251023T150429.json","51"
"C:\IOTEC\NUCLEO_CONSOLIDADO\DUPLICADOS\posts_20251023T150324.json","51"
"C:\IOTEC\NUCLEO_CONSOLIDADO\DUPLICADOS\posts_20251023T150219.json","51"
"C:\IOTEC\NUCLEO_CONSOLIDADO\DUPLICADOS\posts_20251023T145718.json","51"
"C:\IOTEC\NUCLEO_CONSOLIDADO\DUPLICADOS\posts_20251023T145218.json","51"
"C:\IOTEC\NUCLEO_CONSOLIDADO\DUPLICADOS\posts_20251023T145117.json","51"
"C:\IOTEC\NUCLEO_CONSOLIDADO\DUPLICADOS\posts_20251023T145017.json","51"
"C:\IOTEC\NUCLEO_CONSOLIDADO\DUPLICADOS\posts_20251023T145318.json","51"
"C:\IOTEC\NUCLEO_CONSOLIDADO\DUPLICADOS\posts_20251023T145618.json","51"
"C:\IOTEC\NUCLEO_CONSOLIDADO\DUPLICADOS\posts_20251023T145518.json","51"
"C:\IOTEC\NUCLEO_CONSOLIDADO\DUPLICADOS\posts_20251023T145418.json","51"
"C:\IOTEC\NUCLEO_CONSOLIDADO\DUPLICADOS\posts_20251023T150534.json","51"
"C:\IOTEC\NUCLEO_CONSOLIDADO\DUPLICADOS\posts_20251023T153648.json","51"
"C:\IOTEC\NUCLEO_CONSOLIDADO\DUPLICADOS\posts_20251023T153548.json","51"
"C:\IOTEC\NUCLEO_CONSOLIDADO\DUPLICADOS\posts_20251023T152555.json","51"
"C:\IOTEC\NUCLEO_CONSOLIDADO\DUPLICADOS\posts_20251023T153809.json","51"
"C:\IOTEC\NUCLEO_CONSOLIDADO\DUPLICADOS\posts_20251023T154109.json","51"
"C:\IOTEC\NUCLEO_CONSOLIDADO\DUPLICADOS\posts_20251023T154009.json","51"
"C:\IOTEC\NUCLEO_CONSOLIDADO\DUPLICADOS\posts_20251023T153909.json","51"
"C:\IOTEC\NUCLEO_CONSOLIDADO\DUPLICADOS\posts_20251023T152455.json","51"
"C:\IOTEC\NUCLEO_CONSOLIDADO\DUPLICADOS\posts_20251023T150850.json","51"
"C:\IOTEC\NUCLEO_CONSOLIDADO\DUPLICADOS\posts_20251023T150744.json","51"
"C:\IOTEC\NUCLEO_CONSOLIDADO\DUPLICADOS\posts_20251023T150639.json","51"
"C:\IOTEC\NUCLEO_CONSOLIDADO\DUPLICADOS\posts_20251023T150955.json","51"
"C:\IOTEC\NUCLEO_CONSOLIDADO\DUPLICADOS\posts_20251023T152355.json","51"
"C:\IOTEC\NUCLEO_CONSOLIDADO\DUPLICADOS\posts_20251023T151205.json","51"
"C:\IOTEC\NUCLEO_CONSOLIDADO\DUPLICADOS\posts_20251023T151100.json","51"
"C:\IOTEC\NUCLEO_CONSOLIDADO\DUPLICADOS\posts_20251023T121529.json","51"
"C:\IOTEC\NUCLEO_CONSOLIDADO\DUPLICADOS\posts_20251023T121429.json","51"
"C:\IOTEC\NUCLEO_CONSOLIDADO\DUPLICADOS\posts_20251023T121329.json","51"
"C:\IOTEC\NUCLEO_CONSOLIDADO\DUPLICADOS\posts_20251023T121629.json","51"
"C:\IOTEC\NUCLEO_CONSOLIDADO\DUPLICADOS\posts_20251023T121930.json","51"
"C:\IOTEC\NUCLEO_CONSOLIDADO\DUPLICADOS\posts_20251023T121830.json","51"
"C:\IOTEC\NUCLEO_CONSOLIDADO\DUPLICADOS\posts_20251023T121730.json","51"
"C:\IOTEC\NUCLEO_CONSOLIDADO\DUPLICADOS\posts_20251023T121229.json","51"
"C:\IOTEC\NUCLEO_CONSOLIDADO\DUPLICADOS\posts_20251023T120728.json","51"
"C:\IOTEC\NUCLEO_CONSOLIDADO\DUPLICADOS\posts_20251023T120628.json","51"
"C:\IOTEC\NUCLEO_CONSOLIDADO\DUPLICADOS\posts_20251023T120527.json","51"
"C:\IOTEC\NUCLEO_CONSOLIDADO\DUPLICADOS\posts_20251023T120828.json","51"
"C:\IOTEC\NUCLEO_CONSOLIDADO\DUPLICADOS\posts_20251023T121129.json","51"
"C:\IOTEC\NUCLEO_CONSOLIDADO\DUPLICADOS\posts_20251023T121029.json","51"
"C:\IOTEC\NUCLEO_CONSOLIDADO\DUPLICADOS\posts_20251023T120928.json","51"
"C:\IOTEC\NUCLEO_CONSOLIDADO\DUPLICADOS\posts_20251023T123031.json","51"
"C:\IOTEC\NUCLEO_CONSOLIDADO\DUPLICADOS\posts_20251023T122931.json","51"
"C:\IOTEC\NUCLEO_CONSOLIDADO\DUPLICADOS\posts_20251023T122831.json","51"
"C:\IOTEC\NUCLEO_CONSOLIDADO\DUPLICADOS\posts_20251023T123131.json","51"
"C:\IOTEC\NUCLEO_CONSOLIDADO\DUPLICADOS\posts_20251023T123431.json","51"
"C:\IOTEC\NUCLEO_CONSOLIDADO\DUPLICADOS\posts_20251023T123331.json","51"
"C:\IOTEC\NUCLEO_CONSOLIDADO\DUPLICADOS\posts_20251023T123231.json","51"
"C:\IOTEC\NUCLEO_CONSOLIDADO\DUPLICADOS\posts_20251023T122730.json","51"
"C:\IOTEC\NUCLEO_CONSOLIDADO\DUPLICADOS\posts_20251023T122230.json","51"
"C:\IOTEC\NUCLEO_CONSOLIDADO\DUPLICADOS\posts_20251023T122130.json","51"
"C:\IOTEC\NUCLEO_CONSOLIDADO\DUPLICADOS\posts_20251023T122030.json","51"
"C:\IOTEC\NUCLEO_CONSOLIDADO\DUPLICADOS\posts_20251023T122330.json","51"
"C:\IOTEC\NUCLEO_CONSOLIDADO\DUPLICADOS\posts_20251023T122630.json","51"
"C:\IOTEC\NUCLEO_CONSOLIDADO\DUPLICADOS\posts_20251023T122530.json","51"
"C:\IOTEC\NUCLEO_CONSOLIDADO\DUPLICADOS\posts_20251023T122430.json","51"
"C:\IOTEC\NUCLEO_CONSOLIDADO\DUPLICADOS\posts_20251023T120427.json","51"
"C:\IOTEC\NUCLEO_CONSOLIDADO\DUPLICADOS\posts_20251023T114422.json","51"
"C:\IOTEC\NUCLEO_CONSOLIDADO\DUPLICADOS\posts_20251023T114322.json","51"
"C:\IOTEC\NUCLEO_CONSOLIDADO\DUPLICADOS\posts_20251023T114222.json","51"
"C:\IOTEC\NUCLEO_CONSOLIDADO\DUPLICADOS\posts_20251023T114522.json","51"
"C:\IOTEC\NUCLEO_CONSOLIDADO\DUPLICADOS\posts_20251023T114823.json","51"
"C:\IOTEC\NUCLEO_CONSOLIDADO\DUPLICADOS\posts_20251023T114723.json","51"
"C:\IOTEC\NUCLEO_CONSOLIDADO\DUPLICADOS\posts_20251023T114623.json","51"
"C:\IOTEC\NUCLEO_CONSOLIDADO\DUPLICADOS\posts_20251023T114122.json","51"
"C:\IOTEC\NUCLEO_CONSOLIDADO\DUPLICADOS\posts_20251023T113618.json","51"
"C:\IOTEC\NUCLEO_CONSOLIDADO\DUPLICADOS\posts_20251023T113518.json","51"
"C:\IOTEC\NUCLEO_CONSOLIDADO\DUPLICADOS\posts_20251023T113418.json","51"
"C:\IOTEC\NUCLEO_CONSOLIDADO\DUPLICADOS\posts_20251023T113719.json","51"
"C:\IOTEC\NUCLEO_CONSOLIDADO\DUPLICADOS\posts_20251023T114021.json","51"
"C:\IOTEC\NUCLEO_CONSOLIDADO\DUPLICADOS\posts_20251023T113921.json","51"
"C:\IOTEC\NUCLEO_CONSOLIDADO\DUPLICADOS\posts_20251023T113819.json","51"
"C:\IOTEC\NUCLEO_CONSOLIDADO\DUPLICADOS\posts_20251023T115926.json","51"
"C:\IOTEC\NUCLEO_CONSOLIDADO\DUPLICADOS\posts_20251023T115825.json","51"
"C:\IOTEC\NUCLEO_CONSOLIDADO\DUPLICADOS\posts_20251023T115725.json","51"
"C:\IOTEC\NUCLEO_CONSOLIDADO\DUPLICADOS\posts_20251023T120026.json","51"
"C:\IOTEC\NUCLEO_CONSOLIDADO\DUPLICADOS\posts_20251023T120327.json","51"
"C:\IOTEC\NUCLEO_CONSOLIDADO\DUPLICADOS\posts_20251023T120226.json","51"
"C:\IOTEC\NUCLEO_CONSOLIDADO\DUPLICADOS\posts_20251023T120126.json","51"
"C:\IOTEC\NUCLEO_CONSOLIDADO\DUPLICADOS\posts_20251023T115625.json","51"
"C:\IOTEC\NUCLEO_CONSOLIDADO\DUPLICADOS\posts_20251023T115124.json","51"
"C:\IOTEC\NUCLEO_CONSOLIDADO\DUPLICADOS\posts_20251023T115023.json","51"
"C:\IOTEC\NUCLEO_CONSOLIDADO\DUPLICADOS\posts_20251023T114923.json","51"
"C:\IOTEC\NUCLEO_CONSOLIDADO\DUPLICADOS\posts_20251023T115224.json","51"
"C:\IOTEC\NUCLEO_CONSOLIDADO\DUPLICADOS\posts_20251023T115525.json","51"
"C:\IOTEC\NUCLEO_CONSOLIDADO\DUPLICADOS\posts_20251023T115425.json","51"
"C:\IOTEC\NUCLEO_CONSOLIDADO\DUPLICADOS\posts_20251023T115324.json","51"
"C:\IOTEC\NUCLEO_CONSOLIDADO\DUPLICADOS\posts_20251023T132014.json","51"
"C:\IOTEC\NUCLEO_CONSOLIDADO\DUPLICADOS\posts_20251023T131908.json","51"
"C:\IOTEC\NUCLEO_CONSOLIDADO\DUPLICADOS\posts_20251023T131803.json","51"
"C:\IOTEC\NUCLEO_CONSOLIDADO\DUPLICADOS\posts_20251023T132114.json","51"
"C:\IOTEC\NUCLEO_CONSOLIDADO\DUPLICADOS\posts_20251023T132419.json","51"
"C:\IOTEC\NUCLEO_CONSOLIDADO\DUPLICADOS\posts_20251023T132319.json","51"
"C:\IOTEC\NUCLEO_CONSOLIDADO\DUPLICADOS\posts_20251023T132214.json","51"
"C:\IOTEC\NUCLEO_CONSOLIDADO\DUPLICADOS\posts_20251023T131651.json","51"
"C:\IOTEC\NUCLEO_CONSOLIDADO\DUPLICADOS\posts_20251023T131128.json","51"
"C:\IOTEC\NUCLEO_CONSOLIDADO\DUPLICADOS\posts_20251023T131027.json","51"
"C:\IOTEC\NUCLEO_CONSOLIDADO\DUPLICADOS\posts_20251023T130920.json","51"
"C:\IOTEC\NUCLEO_CONSOLIDADO\DUPLICADOS\posts_20251023T131233.json","51"
"C:\IOTEC\NUCLEO_CONSOLIDADO\DUPLICADOS\posts_20251023T131551.json","51"
"C:\IOTEC\NUCLEO_CONSOLIDADO\DUPLICADOS\posts_20251023T134112.json","51"
"C:\IOTEC\NUCLEO_CONSOLIDADO\DUPLICADOS\posts_20251023T131341.json","51"
"C:\IOTEC\NUCLEO_CONSOLIDADO\DUPLICADOS\posts_20251023T133556.json","51"
"C:\IOTEC\NUCLEO_CONSOLIDADO\DUPLICADOS\posts_20251023T133456.json","51"
"C:\IOTEC\NUCLEO_CONSOLIDADO\DUPLICADOS\posts_20251023T133356.json","51"
"C:\IOTEC\NUCLEO_CONSOLIDADO\DUPLICADOS\posts_20251023T133656.json","51"
"C:\IOTEC\NUCLEO_CONSOLIDADO\DUPLICADOS\posts_20251023T134007.json","51"
"C:\IOTEC\NUCLEO_CONSOLIDADO\DUPLICADOS\posts_20251023T133902.json","51"
"C:\IOTEC\NUCLEO_CONSOLIDADO\DUPLICADOS\posts_20251023T133756.json","51"
"C:\IOTEC\NUCLEO_CONSOLIDADO\DUPLICADOS\posts_20251023T133251.json","51"
"C:\IOTEC\NUCLEO_CONSOLIDADO\DUPLICADOS\posts_20251023T132730.json","51"
"C:\IOTEC\NUCLEO_CONSOLIDADO\DUPLICADOS\posts_20251023T132625.json","51"
"C:\IOTEC\NUCLEO_CONSOLIDADO\DUPLICADOS\posts_20251023T132520.json","51"
"C:\IOTEC\NUCLEO_CONSOLIDADO\DUPLICADOS\posts_20251023T132835.json","51"
"C:\IOTEC\NUCLEO_CONSOLIDADO\DUPLICADOS\posts_20251023T133146.json","51"
"C:\IOTEC\NUCLEO_CONSOLIDADO\DUPLICADOS\posts_20251023T133040.json","51"
"C:\IOTEC\NUCLEO_CONSOLIDADO\DUPLICADOS\posts_20251023T132940.json","51"
"C:\IOTEC\NUCLEO_CONSOLIDADO\DUPLICADOS\posts_20251023T124333.json","51"
"C:\IOTEC\NUCLEO_CONSOLIDADO\DUPLICADOS\posts_20251023T123531.json","51"
"C:\IOTEC\NUCLEO_CONSOLIDADO\DUPLICADOS\posts_20251023T124132.json","51"
"C:\IOTEC\NUCLEO_CONSOLIDADO\DUPLICADOS\posts_20251023T124533.json","51"
"C:\IOTEC\NUCLEO_CONSOLIDADO\DUPLICADOS\posts_20251023T124433.json","51"
"C:\IOTEC\NUCLEO_CONSOLIDADO\DUPLICADOS\posts_20251023T124232.json","51"
"C:\IOTEC\NUCLEO_CONSOLIDADO\DUPLICADOS\posts_20251023T123932.json","51"
"C:\IOTEC\NUCLEO_CONSOLIDADO\DUPLICADOS\posts_20251023T124032.json","51"
"C:\IOTEC\NUCLEO_CONSOLIDADO\DUPLICADOS\posts_20251023T123832.json","51"
"C:\IOTEC\NUCLEO_CONSOLIDADO\DUPLICADOS\posts_20251023T123632.json","51"
"C:\IOTEC\NUCLEO_CONSOLIDADO\DUPLICADOS\posts_20251023T123732.json","51"
"C:\IOTEC\NUCLEO_CONSOLIDADO\DUPLICADOS\posts_20251023T130604.json","51"
"C:\IOTEC\NUCLEO_CONSOLIDADO\DUPLICADOS\posts_20251023T125055.json","51"
"C:\IOTEC\NUCLEO_CONSOLIDADO\DUPLICADOS\posts_20251023T124950.json","51"
"C:\IOTEC\NUCLEO_CONSOLIDADO\DUPLICADOS\posts_20251023T130815.json","51"
"C:\IOTEC\NUCLEO_CONSOLIDADO\DUPLICADOS\posts_20251023T130710.json","51"
"C:\IOTEC\NUCLEO_CONSOLIDADO\DUPLICADOS\posts_20251023T131446.json","51"
"C:\IOTEC\NUCLEO_CONSOLIDADO\DUPLICADOS\posts_20251023T124739.json","51"
"C:\IOTEC\NUCLEO_CONSOLIDADO\DUPLICADOS\posts_20251023T124633.json","51"
"C:\IOTEC\NUCLEO_CONSOLIDADO\DUPLICADOS\posts_20251023T124845.json","51"
"C:\IOTEC\REGISTRY\registry.json","50"
"C:\IOTEC\MINERADORA_BRUTA\reparado_conciliação_resultado.json","45"
"C:\IOTEC\NUCLEO_CONSOLIDADO\DUPLICADOS\reparado_conciliação_resultado.json","45"
"C:\IOTEC\NUCLEO_CONSOLIDADO\LABORATORIO\reparado_conciliação_resultado.json","45"
"C:\IOTEC\MINERADORA_BRUTA\conciliação_resultado.json","41"
"C:\IOTEC\MINERADORA_BRUTA\conciliacao_resultado.json","41"
"C:\IOTEC\NUCLEO_CONSOLIDADO\LABORATORIO\conciliacao_resultado.json","41"
"C:\IOTEC\NUCLEO_CONSOLIDADO\DUPLICADOS\conciliacao_resultado.json","41"
"C:\IOTEC\NUCLEO_CONSOLIDADO\DUPLICADOS\conciliação_resultado.json","41"
"C:\IOTEC\MINERADORA_BRUTA\backup-20251209-105104.json","39"
"C:\IOTEC\MINERADORA_BRUTA\backup-20251209-123631.json","39"
"C:\IOTEC\MINERADORA_BRUTA\backup-20251209-105118.json","39"
"C:\IOTEC\MINERADORA_BRUTA\backup-20251209-105121.json","39"
"C:\IOTEC\NUCLEO_CONSOLIDADO\DUPLICADOS\backup-20251209-123631.json","39"
"C:\IOTEC\NUCLEO_CONSOLIDADO\DUPLICADOS\backup-20251209-105118.json","39"
"C:\IOTEC\NUCLEO_CONSOLIDADO\DUPLICADOS\backup-20251209-105104.json","39"
"C:\IOTEC\NUCLEO_CONSOLIDADO\DUPLICADOS\backup-20251209-105121.json","39"
"C:\IOTEC\NUCLEO_CONSOLIDADO\LABORATORIO\backup-20251209-105104.json","39"
"C:\IOTEC\REAL_SYSTEM\database\db.json","38"
"C:\IOTEC\REAL_SYSTEM\node_modules\math-intrinsics\tsconfig.json","36"
"C:\IOTEC\NUCLEO_CONSOLIDADO\LABORATORIO\page_config.json","30"
"C:\IOTEC\NUCLEO_CONSOLIDADO\DUPLICADOS\page_config.json","30"
"C:\IOTEC\MINERADORA_BRUTA\page_config.json","30"
"C:\IOTEC\NUCLEO_CONSOLIDADO\DUPLICADOS\windows-daemon.json","28"
"C:\IOTEC\MINERADORA_BRUTA\windows-daemon.json","28"
"C:\IOTEC\NUCLEO_CONSOLIDADO\LABORATORIO\windows-daemon.json","28"
"C:\IOTEC\node_modules\tslib\modules\package.json","26"
"C:\IOTEC\black-diamond\node_modules\tslib\modules\package.json","26"
"C:\IOTEC\black-diamond\node_modules\balanced-match\dist\commonjs\package.json","25"
"C:\IOTEC\black-diamond\node_modules\brace-expansion\dist\commonjs\package.json","25"
"C:\IOTEC\black-diamond\node_modules\minimatch\dist\commonjs\package.json","25"
"C:\IOTEC\MINERADORA_BRUTA\layout.json","24"
"C:\IOTEC\NUCLEO_CONSOLIDADO\DUPLICADOS\layout.json","24"
"C:\IOTEC\NUCLEO_CONSOLIDADO\LABORATORIO\layout.json","24"
"C:\IOTEC\black-diamond\node_modules\balanced-match\dist\esm\package.json","23"
"C:\IOTEC\black-diamond\node_modules\minimatch\dist\esm\package.json","23"
"C:\IOTEC\black-diamond\node_modules\.vite\deps\package.json","23"
"C:\IOTEC\black-diamond\node_modules\brace-expansion\dist\esm\package.json","23"
"C:\IOTEC\vite-project\node_modules\.vite\deps\package.json","23"
"C:\IOTEC\NUCLEO_CONSOLIDADO\DUPLICADOS\whitelist.json","22"
"C:\IOTEC\MINERADORA_BRUTA\whitelist.json","22"
"C:\IOTEC\NUCLEO_CONSOLIDADO\LABORATORIO\whitelist.json","22"
"C:\IOTEC\black-diamond\node_modules\flatted\cjs\package.json","19"
"C:\IOTEC\NUCLEO_CONSOLIDADO\DUPLICADOS\models.json","18"
"C:\IOTEC\MINERADORA_BRUTA\models.json","18"
"C:\IOTEC\NUCLEO_CONSOLIDADO\LABORATORIO\models.json","18"
"C:\IOTEC\MINERADORA_BRUTA\backup_clientes_2026-04-19_19-47-51.json","7"
"C:\IOTEC\NUCLEO_CONSOLIDADO\DUPLICADOS\backup_clientes_2026-04-19_19-47-51.json","7"
"C:\IOTEC\NUCLEO_CONSOLIDADO\LABORATORIO\backup_clientes_2026-04-19_19-47-51.json","7"
"C:\IOTEC\NUCLEO_CONSOLIDADO\DUPLICADOS\qt6quick3druntimerender_metatypes.json","6"
"C:\IOTEC\NUCLEO_CONSOLIDADO\DUPLICADOS\qt6quick3dparticleeffects_metatypes.json","6"
"C:\IOTEC\MINERADORA_BRUTA\qt6quick3dglslparserprivate_metatypes.json","6"
"C:\IOTEC\NUCLEO_CONSOLIDADO\DUPLICADOS\qt6quickvectorimagegeneratorprivate_metatypes.json","6"
"C:\IOTEC\NUCLEO_CONSOLIDADO\LABORATORIO\qt6axbaseprivate_metatypes.json","6"
"C:\IOTEC\NUCLEO_CONSOLIDADO\DUPLICADOS\qt6quick3deffects_metatypes.json","6"
"C:\IOTEC\NUCLEO_CONSOLIDADO\DUPLICADOS\qt6xml_metatypes.json","6"
"C:\IOTEC\NUCLEO_CONSOLIDADO\DUPLICADOS\qt6shadertools_metatypes.json","6"
"C:\IOTEC\NUCLEO_CONSOLIDADO\DUPLICADOS\qt6webenginequickdelegatesqml_metatypes.json","6"
"C:\IOTEC\NUCLEO_CONSOLIDADO\DUPLICADOS\qt6quick3diblbaker_metatypes.json","6"
"C:\IOTEC\MINERADORA_BRUTA\qt6quickvectorimagegeneratorprivate_metatypes.json","6"
"C:\IOTEC\MINERADORA_BRUTA\qt6quick3druntimerender_metatypes.json","6"
"C:\IOTEC\MINERADORA_BRUTA\qt6quick3dparticleeffects_metatypes.json","6"
"C:\IOTEC\MINERADORA_BRUTA\qt6shadertools_metatypes.json","6"
"C:\IOTEC\NUCLEO_CONSOLIDADO\DUPLICADOS\qt6axbaseprivate_metatypes.json","6"
"C:\IOTEC\MINERADORA_BRUTA\qt6xml_metatypes.json","6"
"C:\IOTEC\MINERADORA_BRUTA\qt6webenginequickdelegatesqml_metatypes.json","6"
"C:\IOTEC\MINERADORA_BRUTA\qt6quick3diblbaker_metatypes.json","6"
"C:\IOTEC\NUCLEO_CONSOLIDADO\DUPLICADOS\qt6axserver_metatypes.json","6"
"C:\IOTEC\NUCLEO_CONSOLIDADO\DUPLICADOS\qt6concurrent_metatypes.json","6"
"C:\IOTEC\NUCLEO_CONSOLIDADO\DUPLICADOS\qt6quick3dglslparserprivate_metatypes.json","6"
"C:\IOTEC\MINERADORA_BRUTA\qt6axbaseprivate_metatypes.json","6"
"C:\IOTEC\MINERADORA_BRUTA\qt6quick3deffects_metatypes.json","6"
"C:\IOTEC\MINERADORA_BRUTA\qt6concurrent_metatypes.json","6"
"C:\IOTEC\MINERADORA_BRUTA\qt6axserver_metatypes.json","6"
"C:\IOTEC\EVENTS\events.json","5"
"C:\IOTEC\DEPLOY_READY\CORE_RUNTIME\tower\events.json","5"
"C:\IOTEC\TOWER\EVENTS.json","5"
"C:\IOTEC\NUCLEO_CONSOLIDADO\DUPLICADOS\bokeh.ext.json","4"
"C:\IOTEC\state\pedidos.json","4"
"C:\IOTEC\MINERADORA_BRUTA\bokeh.ext.json","4"
"C:\IOTEC\NUCLEO_CONSOLIDADO\LABORATORIO\bokeh.ext.json","4"
"C:\IOTEC\NUCLEO_CONSOLIDADO\LABORATORIO\pedidos.json","4"
"C:\IOTEC\MINERADORA_BRUTA\0.2.0.json","2"
"C:\IOTEC\MINERADORA_BRUTA\0.1.0.json","2"
"C:\IOTEC\MINERADORA_BRUTA\pedidos.json","2"
"C:\IOTEC\NUCLEO_CONSOLIDADO\LABORATORIO\tasks.json","2"
"C:\IOTEC\MINERADORA_BRUTA\fluxo_operacional.json","2"
"C:\IOTEC\MINERADORA_BRUTA\pagamentos_encontrados.json","2"
"C:\IOTEC\NUCLEO_CONSOLIDADO\DUPLICADOS\validation_report.json","2"
"C:\IOTEC\tower_events.json","2"
"C:\IOTEC\NUCLEO_CONSOLIDADO\LABORATORIO\0.1.0.json","2"
"C:\IOTEC\MINERADORA_BRUTA\validation_report.json","2"
"C:\IOTEC\NUCLEO_CONSOLIDADO\DUPLICADOS\0.1.0.json","2"
"C:\IOTEC\NUCLEO_CONSOLIDADO\DUPLICADOS\extracted_interfaces.json","2"
"C:\IOTEC\NUCLEO_CONSOLIDADO\DUPLICADOS\eventos_nucleo.json","2"
"C:\IOTEC\crm_database.json","2"
"C:\IOTEC\NUCLEO_CONSOLIDADO\DUPLICADOS\0.2.0.json","2"
"C:\IOTEC\NUCLEO_CONSOLIDADO\DUPLICADOS\fluxo_operacional.json","2"
"C:\IOTEC\MINERADORA_BRUTA\regulus_operational_index.json","2"
"C:\IOTEC\MINERADORA_BRUTA\reparado_merlin_arpias_log.json","2"
"C:\IOTEC\MINERADORA_BRUTA\resultado.json","2"
"C:\IOTEC\MINERADORA_BRUTA\reparado_pedidos.json","2"
"C:\IOTEC\NUCLEO_CONSOLIDADO\DUPLICADOS\pedidos_recebidos_v2_premium.json","2"
"C:\IOTEC\MINERADORA_BRUTA\eventos_nucleo.json","2"
"C:\IOTEC\NUCLEO_CONSOLIDADO\DUPLICADOS\resultado.json","2"
"C:\IOTEC\NUCLEO_CONSOLIDADO\DUPLICADOS\pedidos_recebidos.json","2"
"C:\IOTEC\NUCLEO_CONSOLIDADO\DUPLICADOS\regulus_operational_index.json","2"
"C:\IOTEC\NUCLEO_CONSOLIDADO\DUPLICADOS\reparado_merlin_arpias_log.json","2"
"C:\IOTEC\NUCLEO_CONSOLIDADO\DUPLICADOS\reparado_pedidos.json","2"
"C:\IOTEC\MINERADORA_BRUTA\extracted_interfaces.json","2"
"C:\IOTEC\NUCLEO_CONSOLIDADO\DUPLICADOS\pagamentos_encontrados.json","2"
"C:\IOTEC\NUCLEO_CONSOLIDADO\DUPLICADOS\tasks.json","2"
"C:\IOTEC\NUCLEO_CONSOLIDADO\DUPLICADOS\pedidos.json","2"
"C:\IOTEC\MINERADORA_BRUTA\pedidos_recebidos.json","2"
"C:\IOTEC\MINERADORA_BRUTA\pedidos_recebidos_v2_premium.json","2"
"C:\IOTEC\tasks.json","2"
"C:\IOTEC\leads.json","2"
"C:\IOTEC\NUCLEO_CONSOLIDADO\DUPLICADOS\07_paineis_promissores.json","0"
"C:\IOTEC\NUCLEO_CONSOLIDADO\DUPLICADOS\06_portais_promissores.json","0"
"C:\IOTEC\NUCLEO_CONSOLIDADO\DUPLICADOS\10_apis_detectadas.json","0"
"C:\IOTEC\NUCLEO_CONSOLIDADO\DUPLICADOS\08_motores_promissores.json","0"
"C:\IOTEC\NUCLEO_CONSOLIDADO\DUPLICADOS\09_automacoes_promissoras.json","0"
"C:\IOTEC\NUCLEO_CONSOLIDADO\DUPLICADOS\11_interfaces_locais.json","0"
"C:\IOTEC\NUCLEO_CONSOLIDADO\DUPLICADOS\12_templates_detectados.json","0"
"C:\IOTEC\NUCLEO_CONSOLIDADO\DUPLICADOS\00_resumo_compatibilidade.json","0"
"C:\IOTEC\MINERADORA_BRUTA\catalog_entry.json","0"
"C:\IOTEC\NUCLEO_CONSOLIDADO\DUPLICADOS\01_mapa_raiz.json","0"
"C:\IOTEC\NUCLEO_CONSOLIDADO\DUPLICADOS\00_resumo_geral.json","0"
"C:\IOTEC\NUCLEO_CONSOLIDADO\DUPLICADOS\merlin_arpias_log.json","0"
"C:\IOTEC\NUCLEO_CONSOLIDADO\DUPLICADOS\catalogo_produtos_plugaveis.json","0"
"C:\IOTEC\MINERADORA_BRUTA\catalogo_produtos_plugaveis.json","0"
"C:\IOTEC\NUCLEO_CONSOLIDADO\DUPLICADOS\manifesto_produto.json","0"
"C:\IOTEC\NUCLEO_CONSOLIDADO\DUPLICADOS\04_conflitos_potenciais.json","0"
"C:\IOTEC\NUCLEO_CONSOLIDADO\DUPLICADOS\03_top_pastas.json","0"
"C:\IOTEC\NUCLEO_CONSOLIDADO\DUPLICADOS\05_analise_python.json","0"
"C:\IOTEC\NUCLEO_CONSOLIDADO\DUPLICADOS\04_top_arquivos_grandes.json","0"
"C:\IOTEC\NUCLEO_CONSOLIDADO\DUPLICADOS\02_densidade_pastas.json","0"
"C:\IOTEC\NUCLEO_CONSOLIDADO\DUPLICADOS\01_sinais_python.json","0"
"C:\IOTEC\NUCLEO_CONSOLIDADO\DUPLICADOS\03_sinais_estrutura.json","0"
"C:\IOTEC\NUCLEO_CONSOLIDADO\DUPLICADOS\02_extensoes.json","0"
"C:\IOTEC\MINERADORA_BRUTA\04_top_arquivos_grandes.json","0"
"C:\IOTEC\MINERADORA_BRUTA\05_analise_python.json","0"
"C:\IOTEC\MINERADORA_BRUTA\06_portais_promissores.json","0"
"C:\IOTEC\MINERADORA_BRUTA\03_sinais_estrutura.json","0"
"C:\IOTEC\MINERADORA_BRUTA\03_top_pastas.json","0"
"C:\IOTEC\MINERADORA_BRUTA\04_conflitos_potenciais.json","0"
"C:\IOTEC\MINERADORA_BRUTA\10_apis_detectadas.json","0"
"C:\IOTEC\MINERADORA_BRUTA\11_interfaces_locais.json","0"
"C:\IOTEC\MINERADORA_BRUTA\merlin_arpias_log.json","0"
"C:\IOTEC\MINERADORA_BRUTA\07_paineis_promissores.json","0"
"C:\IOTEC\MINERADORA_BRUTA\08_motores_promissores.json","0"
"C:\IOTEC\MINERADORA_BRUTA\09_automacoes_promissoras.json","0"
"C:\IOTEC\MINERADORA_BRUTA\02_extensoes.json","0"
"C:\IOTEC\MINERADORA_BRUTA\manifesto_produto.json","0"
"C:\IOTEC\MINERADORA_BRUTA\14_arquivos_configuracao.json","0"
"C:\IOTEC\MINERADORA_BRUTA\00_resumo_compatibilidade.json","0"
"C:\IOTEC\NUCLEO_CONSOLIDADO\DUPLICADOS\13_static_detectados.json","0"
"C:\IOTEC\NUCLEO_CONSOLIDADO\DUPLICADOS\14_arquivos_configuracao.json","0"
"C:\IOTEC\NUCLEO_CONSOLIDADO\DUPLICADOS\catalog_entry.json","0"
"C:\IOTEC\MINERADORA_BRUTA\13_static_detectados.json","0"
"C:\IOTEC\MINERADORA_BRUTA\12_templates_detectados.json","0"
"C:\IOTEC\MINERADORA_BRUTA\02_densidade_pastas.json","0"
"C:\IOTEC\MINERADORA_BRUTA\00_resumo_geral.json","0"
"C:\IOTEC\MINERADORA_BRUTA\01_mapa_raiz.json","0"
"C:\IOTEC\MINERADORA_BRUTA\01_sinais_python.json","0"
