[2026-05-30 18:13:11] TORRE ONLINE DETECTADA.
[2026-05-30 18:13:11] ESCANEANDO INTERFACES...
[2026-05-30 18:13:40] ONLINE: cockpit_iotec.html
[2026-05-30 18:13:40] ONLINE: cockpit_iotec_v2.html
[2026-05-30 18:13:57] ONLINE: index.html
[2026-05-30 18:13:58] ONLINE: IOTEC BL — Construtora de Inovações e Tecnologia.html
[2026-05-30 18:13:58] ONLINE: IOTEC BL — Construtora e Distribuidora de Inovação e Tecnologia.html
[2026-05-30 18:13:58] ONLINE: ShopTec — Tecnologia e Inovação Digital · IOTEC BL.html
[2026-05-30 18:14:03] ONLINE: api-error-handling.html
[2026-05-30 18:14:04] ONLINE: api-index.html
[2026-05-30 18:14:04] ONLINE: api-merge.html
[2026-05-30 18:14:04] ONLINE: api-parse-options.html
[2026-05-30 18:14:05] ONLINE: api-path-walk.html
[2026-05-30 18:14:05] ONLINE: api-simple-ipc.html
[2026-05-30 18:14:06] ONLINE: api-trace2.html
[2026-05-30 18:14:11] ONLINE: bitmap-format.html
[2026-05-30 18:14:12] ONLINE: BreakingChanges.html
[2026-05-30 18:14:12] ONLINE: build-systems.html
[2026-05-30 18:14:13] ONLINE: bundle-uri.html
[2026-05-30 18:14:18] ONLINE: bundle_078.html
[2026-05-30 18:14:20] ONLINE: bundle_10001.html
[2026-05-30 18:14:23] ONLINE: bundle_10065.html
[2026-05-30 18:14:49] ONLINE: bundle_10440.html
[2026-05-30 18:14:52] ONLINE: bundle_10519.html
[2026-05-30 18:14:55] ONLINE: bundle_10568.html
[2026-05-30 18:14:56] ONLINE: bundle_10606.html
[2026-05-30 18:14:57] ONLINE: bundle_10611.html
[2026-05-30 18:14:58] ONLINE: bundle_10636.html
[2026-05-30 18:15:00] ONLINE: bundle_10676.html
[2026-05-30 18:15:00] ONLINE: bundle_10678.html
[2026-05-30 18:15:01] ONLINE: bundle_10698.html
[2026-05-30 18:15:01] ONLINE: bundle_10699.html
[2026-05-30 18:15:01] ONLINE: bundle_10704.html
[2026-05-30 18:15:02] ONLINE: bundle_10716.html
[2026-05-30 18:15:04] ONLINE: bundle_10779.html
[2026-05-30 18:15:05] ONLINE: bundle_10791.html
[2026-05-30 18:15:05] ONLINE: bundle_10799.html
[2026-05-30 18:15:05] ONLINE: bundle_10807.html
[2026-05-30 18:15:07] ONLINE: bundle_10871.html
[2026-05-30 18:15:12] ONLINE: bundle_1098.html
[2026-05-30 18:15:22] ONLINE: bundle_11246.html
[2026-05-30 18:15:24] ONLINE: bundle_11325.html
[2026-05-30 18:15:27] ONLINE: bundle_11374.html
[2026-05-30 18:15:28] ONLINE: bundle_11412.html
[2026-05-30 18:15:28] ONLINE: bundle_11417.html
[2026-05-30 18:15:29] ONLINE: bundle_11442.html
[2026-05-30 18:15:31] ONLINE: bundle_11482.html
[2026-05-30 18:15:31] ONLINE: bundle_11483.html
[2026-05-30 18:15:33] ONLINE: bundle_11504.html
[2026-05-30 18:15:33] ONLINE: bundle_11505.html
[2026-05-30 18:15:33] ONLINE: bundle_11510.html
[2026-05-30 18:15:34] ONLINE: bundle_11522.html
[2026-05-30 18:15:37] ONLINE: bundle_11585.html
[2026-05-30 18:15:37] ONLINE: bundle_11596.html
[2026-05-30 18:15:37] ONLINE: bundle_11597.html
[2026-05-30 18:15:38] ONLINE: bundle_11605.html
[2026-05-30 18:15:38] ONLINE: bundle_11613.html
[2026-05-30 18:15:40] ONLINE: bundle_11676.html
[2026-05-30 18:15:57] ONLINE: bundle_12052.html
[2026-05-30 18:16:01] ONLINE: bundle_12131.html
[2026-05-30 18:16:10] ONLINE: bundle_12292.html
[2026-05-30 18:16:14] ONLINE: bundle_1253.html
[2026-05-30 18:16:14] ONLINE: bundle_1260.html
[2026-05-30 18:16:26] ONLINE: bundle_1432.html
[2026-05-30 18:16:32] ONLINE: bundle_1576.html
[2026-05-30 18:16:44] ONLINE: bundle_1842.html
[2026-05-30 18:16:46] ONLINE: bundle_1919.html
[2026-05-30 18:16:49] ONLINE: bundle_1984.html
[2026-05-30 18:16:49] ONLINE: bundle_1985.html
[2026-05-30 18:16:49] ONLINE: bundle_1993.html
[2026-05-30 18:17:11] ONLINE: bundle_252.html
[2026-05-30 18:17:13] ONLINE: bundle_260.html
[2026-05-30 18:17:37] ONLINE: bundle_3435.html
[2026-05-30 18:17:42] ONLINE: bundle_3578.html
[2026-05-30 18:17:42] ONLINE: bundle_3585.html
[2026-05-30 18:17:47] ONLINE: bundle_3743.html
[2026-05-30 18:17:53] ONLINE: bundle_3941.html
[2026-05-30 18:17:56] ONLINE: bundle_4020.html
[2026-05-30 18:17:58] ONLINE: bundle_4088.html
[2026-05-30 18:17:58] ONLINE: bundle_4089.html
[2026-05-30 18:18:00] ONLINE: bundle_4137.html
[2026-05-30 18:18:00] ONLINE: bundle_4138.html
[2026-05-30 18:18:06] ONLINE: bundle_4330.html
[2026-05-30 18:18:12] ONLINE: bundle_4492.html
[2026-05-30 18:18:13] ONLINE: bundle_4500.html
[2026-05-30 18:18:15] ONLINE: bundle_455.html
[2026-05-30 18:18:19] ONLINE: bundle_4683.html
[2026-05-30 18:18:26] ONLINE: bundle_4900.html
[2026-05-30 18:18:28] ONLINE: bundle_4979.html
[2026-05-30 18:18:30] ONLINE: bundle_5048.html
[2026-05-30 18:18:30] ONLINE: bundle_5049.html
[2026-05-30 18:18:32] ONLINE: bundle_5101.html
[2026-05-30 18:18:32] ONLINE: bundle_5102.html
[2026-05-30 18:18:38] ONLINE: bundle_5303.html
[2026-05-30 18:18:39] ONLINE: bundle_5341.html
[2026-05-30 18:18:39] ONLINE: bundle_5346.html
[2026-05-30 18:18:42] ONLINE: bundle_5444.html
[2026-05-30 18:18:42] ONLINE: bundle_5456.html
[2026-05-30 18:18:42] ONLINE: bundle_5457.html
[2026-05-30 18:18:43] ONLINE: bundle_5465.html
[2026-05-30 18:18:43] ONLINE: bundle_5471.html
[2026-05-30 18:18:45] ONLINE: bundle_5534.html
[2026-05-30 18:18:49] ONLINE: bundle_5684.html
[2026-05-30 18:18:50] ONLINE: bundle_5721.html
[2026-05-30 18:18:51] ONLINE: bundle_5726.html
[2026-05-30 18:18:53] ONLINE: bundle_5825.html
[2026-05-30 18:18:53] ONLINE: bundle_5837.html
[2026-05-30 18:18:54] ONLINE: bundle_5845.html
[2026-05-30 18:18:54] ONLINE: bundle_5852.html
[2026-05-30 18:18:55] ONLINE: bundle_5915.html
[2026-05-30 18:19:00] ONLINE: bundle_6066.html
[2026-05-30 18:19:01] ONLINE: bundle_6104.html
[2026-05-30 18:19:01] ONLINE: bundle_6109.html
[2026-05-30 18:19:04] ONLINE: bundle_6207.html
[2026-05-30 18:19:04] ONLINE: bundle_6219.html
[2026-05-30 18:19:04] ONLINE: bundle_6220.html
[2026-05-30 18:19:04] ONLINE: bundle_6228.html
[2026-05-30 18:19:05] ONLINE: bundle_6234.html
[2026-05-30 18:19:06] ONLINE: bundle_6297.html
[2026-05-30 18:19:11] ONLINE: bundle_6480.html
[2026-05-30 18:19:20] ONLINE: bundle_679.html
[2026-05-30 18:19:39] ONLINE: bundle_7404.html
[2026-05-30 18:19:44] ONLINE: bundle_7547.html
[2026-05-30 18:19:45] ONLINE: bundle_7554.html
[2026-05-30 18:19:45] ONLINE: bundle_758.html
[2026-05-30 18:19:49] ONLINE: bundle_7712.html
[2026-05-30 18:19:55] ONLINE: bundle_7910.html
[2026-05-30 18:19:58] ONLINE: bundle_7990.html
[2026-05-30 18:19:59] ONLINE: bundle_8057.html
[2026-05-30 18:19:59] ONLINE: bundle_8058.html
[2026-05-30 18:20:01] ONLINE: bundle_8106.html
[2026-05-30 18:20:01] ONLINE: bundle_8107.html
[2026-05-30 18:20:06] ONLINE: bundle_826.html
[2026-05-30 18:20:06] ONLINE: bundle_827.html
[2026-05-30 18:20:14] ONLINE: bundle_8559.html
[2026-05-30 18:20:20] ONLINE: bundle_8737.html
[2026-05-30 18:20:22] ONLINE: bundle_882.html
[2026-05-30 18:20:22] ONLINE: bundle_883.html
[2026-05-30 18:20:26] ONLINE: bundle_8948.html
[2026-05-30 18:20:29] ONLINE: bundle_9027.html
[2026-05-30 18:20:31] ONLINE: bundle_9095.html
[2026-05-30 18:20:31] ONLINE: bundle_9096.html
[2026-05-30 18:20:33] ONLINE: bundle_9147.html
[2026-05-30 18:20:37] ONLINE: bundle_9284.html
[2026-05-30 18:20:39] ONLINE: bundle_9355.html
[2026-05-30 18:20:45] ONLINE: bundle_9552.html
[2026-05-30 18:20:45] ONLINE: bundle_9558.html
[2026-05-30 18:20:52] ONLINE: bundle_9713.html
[2026-05-30 18:20:53] ONLINE: bundle_9763.html
[2026-05-30 18:20:56] ONLINE: bundle_9800.html
[2026-05-30 18:20:56] ONLINE: bundle_9805.html
[2026-05-30 18:20:56] ONLINE: bundle_9806.html
[2026-05-30 18:20:57] ONLINE: bundle_9830.html
[2026-05-30 18:20:59] ONLINE: bundle_9870.html
[2026-05-30 18:20:59] ONLINE: bundle_9872.html
[2026-05-30 18:20:59] ONLINE: bundle_9892.html
[2026-05-30 18:20:59] ONLINE: bundle_9893.html
[2026-05-30 18:20:59] ONLINE: bundle_9898.html
[2026-05-30 18:21:00] ONLINE: bundle_9910.html
[2026-05-30 18:21:03] ONLINE: bundle_9973.html
[2026-05-30 18:21:03] ONLINE: bundle_9985.html
[2026-05-30 18:21:03] ONLINE: bundle_9993.html
[2026-05-30 18:21:48] TOWER_CONNECTED: button.html
[2026-05-30 18:21:52] ONLINE: cliente.html
[2026-05-30 18:21:52] ONLINE: cobranca.html
[2026-05-30 18:21:55] ONLINE: cockpit_nucleo.html
[2026-05-30 18:21:56] ONLINE: commit-graph.html
[2026-05-30 18:21:57] ONLINE: coordinate-embargoed-releases.html
[2026-05-30 18:21:57] ONLINE: DecisionMaking.html
[2026-05-30 18:21:59] ONLINE: directory-rename-detection.html
[2026-05-30 18:22:00] ONLINE: everyday.html
[2026-05-30 18:22:01] ONLINE: ficha.html
[2026-05-30 18:22:01] ONLINE: ficha__dup1.html
[2026-05-30 18:22:01] ONLINE: ficha__dup2.html
[2026-05-30 18:22:03] ONLINE: git-add.html
[2026-05-30 18:22:03] ONLINE: git-am.html
[2026-05-30 18:22:03] ONLINE: git-annotate.html
[2026-05-30 18:22:03] ONLINE: git-apply.html
[2026-05-30 18:22:03] ONLINE: git-archive.html
[2026-05-30 18:22:04] ONLINE: git-backfill.html
[2026-05-30 18:22:04] ONLINE: git-bash.html
[2026-05-30 18:22:04] ONLINE: git-bisect-lk2009.html
[2026-05-30 18:22:04] ONLINE: git-bisect.html
[2026-05-30 18:22:04] ONLINE: git-blame.html
[2026-05-30 18:22:04] ONLINE: git-branch.html
[2026-05-30 18:22:04] ONLINE: git-bugreport.html
[2026-05-30 18:22:04] ONLINE: git-bundle.html
[2026-05-30 18:22:05] ONLINE: git-cat-file.html
[2026-05-30 18:22:05] ONLINE: git-check-attr.html
[2026-05-30 18:22:05] ONLINE: git-check-ignore.html
[2026-05-30 18:22:05] ONLINE: git-check-mailmap.html
[2026-05-30 18:22:05] ONLINE: git-check-ref-format.html
[2026-05-30 18:22:05] ONLINE: git-checkout-index.html
[2026-05-30 18:22:05] ONLINE: git-checkout.html
[2026-05-30 18:22:05] ONLINE: git-cherry-pick.html
[2026-05-30 18:22:05] ONLINE: git-cherry.html
[2026-05-30 18:22:05] ONLINE: git-citool.html
[2026-05-30 18:22:05] ONLINE: git-clean.html
[2026-05-30 18:22:06] ONLINE: git-clone.html
[2026-05-30 18:22:06] ONLINE: git-column.html
[2026-05-30 18:22:06] ONLINE: git-commit-graph.html
[2026-05-30 18:22:06] ONLINE: git-commit-tree.html
[2026-05-30 18:22:06] ONLINE: git-commit.html
[2026-05-30 18:22:07] ONLINE: git-config.html
[2026-05-30 18:22:07] ONLINE: git-count-objects.html
[2026-05-30 18:22:07] ONLINE: git-credential-cache--daemon.html
[2026-05-30 18:22:07] ONLINE: git-credential-cache.html
[2026-05-30 18:22:08] ONLINE: git-credential-store.html
[2026-05-30 18:22:08] ONLINE: git-credential.html
[2026-05-30 18:22:08] ONLINE: git-daemon.html
[2026-05-30 18:22:08] ONLINE: git-describe.html
[2026-05-30 18:22:08] ONLINE: git-diagnose.html
[2026-05-30 18:22:08] ONLINE: git-diff-files.html
[2026-05-30 18:22:08] ONLINE: git-diff-index.html
[2026-05-30 18:22:08] ONLINE: git-diff-pairs.html
[2026-05-30 18:22:09] ONLINE: git-diff-tree.html
[2026-05-30 18:22:09] ONLINE: git-diff.html
[2026-05-30 18:22:09] ONLINE: git-difftool.html
[2026-05-30 18:22:09] ONLINE: git-fast-export.html
[2026-05-30 18:22:09] ONLINE: git-fast-import.html
[2026-05-30 18:22:09] ONLINE: git-fetch-pack.html
[2026-05-30 18:22:09] ONLINE: git-fetch.html
[2026-05-30 18:22:09] ONLINE: git-filter-branch.html
[2026-05-30 18:22:09] ONLINE: git-fmt-merge-msg.html
[2026-05-30 18:22:09] ONLINE: git-for-each-ref.html
[2026-05-30 18:22:10] ONLINE: git-for-each-repo.html
[2026-05-30 18:22:10] ONLINE: git-format-patch.html
[2026-05-30 18:22:10] ONLINE: git-fsck-objects.html
[2026-05-30 18:22:10] ONLINE: git-fsck.html
[2026-05-30 18:22:10] ONLINE: git-fsmonitor--daemon.html
[2026-05-30 18:22:10] ONLINE: git-gc.html
[2026-05-30 18:22:10] ONLINE: git-get-tar-commit-id.html
[2026-05-30 18:22:10] ONLINE: git-grep.html
[2026-05-30 18:22:10] ONLINE: git-gui.html
[2026-05-30 18:22:10] ONLINE: git-hash-object.html
[2026-05-30 18:22:10] ONLINE: git-help.html
[2026-05-30 18:22:10] ONLINE: git-hook.html
[2026-05-30 18:22:10] ONLINE: git-http-backend.html
[2026-05-30 18:22:11] ONLINE: git-http-fetch.html
[2026-05-30 18:22:11] ONLINE: git-http-push.html
[2026-05-30 18:22:11] ONLINE: git-imap-send.html
[2026-05-30 18:22:11] ONLINE: git-index-pack.html
[2026-05-30 18:22:11] ONLINE: git-init-db.html
[2026-05-30 18:22:11] ONLINE: git-init.html
[2026-05-30 18:22:11] ONLINE: git-instaweb.html
[2026-05-30 18:22:11] ONLINE: git-interpret-trailers.html
[2026-05-30 18:22:11] ONLINE: git-last-modified.html
[2026-05-30 18:22:11] ONLINE: git-lfs-checkout.html
[2026-05-30 18:22:11] ONLINE: git-lfs-clean.html
[2026-05-30 18:22:12] ONLINE: git-lfs-clone.html
[2026-05-30 18:22:12] ONLINE: git-lfs-completion.html
[2026-05-30 18:22:12] ONLINE: git-lfs-dedup.html
[2026-05-30 18:22:12] ONLINE: git-lfs-env.html
[2026-05-30 18:22:12] ONLINE: git-lfs-ext.html
[2026-05-30 18:22:12] ONLINE: git-lfs-fetch.html
[2026-05-30 18:22:12] ONLINE: git-lfs-filter-process.html
[2026-05-30 18:22:12] ONLINE: git-lfs-fsck.html
[2026-05-30 18:22:12] ONLINE: git-lfs-install.html
[2026-05-30 18:22:12] ONLINE: git-lfs-lock.html
[2026-05-30 18:22:12] ONLINE: git-lfs-locks.html
[2026-05-30 18:22:12] ONLINE: git-lfs-logs.html
[2026-05-30 18:22:12] ONLINE: git-lfs-ls-files.html
[2026-05-30 18:22:13] ONLINE: git-lfs-merge-driver.html
[2026-05-30 18:22:13] ONLINE: git-lfs-migrate.html
[2026-05-30 18:22:13] ONLINE: git-lfs-pointer.html
[2026-05-30 18:22:13] ONLINE: git-lfs-post-checkout.html
[2026-05-30 18:22:13] ONLINE: git-lfs-post-commit.html
[2026-05-30 18:22:13] ONLINE: git-lfs-post-merge.html
[2026-05-30 18:22:13] ONLINE: git-lfs-pre-push.html
[2026-05-30 18:22:13] ONLINE: git-lfs-prune.html
[2026-05-30 18:22:13] ONLINE: git-lfs-pull.html
[2026-05-30 18:22:14] ONLINE: git-lfs-push.html
[2026-05-30 18:22:14] ONLINE: git-lfs-smudge.html
[2026-05-30 18:22:14] ONLINE: git-lfs-standalone-file.html
[2026-05-30 18:22:14] ONLINE: git-lfs-status.html
[2026-05-30 18:22:14] ONLINE: git-lfs-track.html
[2026-05-30 18:22:14] ONLINE: git-lfs-uninstall.html
[2026-05-30 18:22:14] ONLINE: git-lfs-unlock.html
[2026-05-30 18:22:14] ONLINE: git-lfs-untrack.html
[2026-05-30 18:22:14] ONLINE: git-lfs-update.html
[2026-05-30 18:22:14] ONLINE: git-lfs.html
[2026-05-30 18:22:14] ONLINE: git-log.html
[2026-05-30 18:22:14] ONLINE: git-ls-files.html
[2026-05-30 18:22:15] ONLINE: git-ls-remote.html
[2026-05-30 18:22:15] ONLINE: git-ls-tree.html
[2026-05-30 18:22:15] ONLINE: git-mailinfo.html
[2026-05-30 18:22:15] ONLINE: git-mailsplit.html
[2026-05-30 18:22:15] ONLINE: git-maintenance.html
[2026-05-30 18:22:15] ONLINE: git-merge-base.html
[2026-05-30 18:22:15] ONLINE: git-merge-file.html
[2026-05-30 18:22:15] ONLINE: git-merge-index.html
[2026-05-30 18:22:15] ONLINE: git-merge-one-file.html
[2026-05-30 18:22:15] ONLINE: git-merge-tree.html
[2026-05-30 18:22:16] ONLINE: git-merge.html
[2026-05-30 18:22:16] ONLINE: git-mergetool--lib.html
[2026-05-30 18:22:16] ONLINE: git-mergetool.html
[2026-05-30 18:22:16] ONLINE: git-mktag.html
[2026-05-30 18:22:16] ONLINE: git-mktree.html
[2026-05-30 18:22:16] ONLINE: git-multi-pack-index.html
[2026-05-30 18:22:16] ONLINE: git-mv.html
[2026-05-30 18:22:16] ONLINE: git-name-rev.html
[2026-05-30 18:22:17] ONLINE: git-notes.html
[2026-05-30 18:22:17] ONLINE: git-pack-objects.html
[2026-05-30 18:22:17] ONLINE: git-pack-redundant.html
[2026-05-30 18:22:17] ONLINE: git-pack-refs.html
[2026-05-30 18:22:17] ONLINE: git-patch-id.html
[2026-05-30 18:22:17] ONLINE: git-prune-packed.html
[2026-05-30 18:22:17] ONLINE: git-prune.html
[2026-05-30 18:22:17] ONLINE: git-pull.html
[2026-05-30 18:22:17] ONLINE: git-push.html
[2026-05-30 18:22:17] ONLINE: git-quiltimport.html
[2026-05-30 18:22:18] ONLINE: git-range-diff.html
[2026-05-30 18:22:18] ONLINE: git-read-tree.html
[2026-05-30 18:22:18] ONLINE: git-rebase.html
[2026-05-30 18:22:18] ONLINE: git-receive-pack.html
[2026-05-30 18:22:18] ONLINE: git-reflog.html
[2026-05-30 18:22:18] ONLINE: git-refs.html
[2026-05-30 18:22:18] ONLINE: git-remote-ext.html
[2026-05-30 18:22:18] ONLINE: git-remote-fd.html
[2026-05-30 18:22:18] ONLINE: git-remote-helpers.html
[2026-05-30 18:22:18] ONLINE: git-remote.html
[2026-05-30 18:22:18] ONLINE: git-repack.html
[2026-05-30 18:22:18] ONLINE: git-replace.html
[2026-05-30 18:22:19] ONLINE: git-replay.html
[2026-05-30 18:22:19] ONLINE: git-repo.html
[2026-05-30 18:22:19] ONLINE: git-request-pull.html
[2026-05-30 18:22:19] ONLINE: git-rerere.html
[2026-05-30 18:22:19] ONLINE: git-reset.html
[2026-05-30 18:22:19] ONLINE: git-restore.html
[2026-05-30 18:22:19] ONLINE: git-rev-list.html
[2026-05-30 18:22:19] ONLINE: git-rev-parse.html
[2026-05-30 18:22:19] ONLINE: git-revert.html
[2026-05-30 18:22:19] ONLINE: git-rm.html
[2026-05-30 18:22:19] ONLINE: git-send-email.html
[2026-05-30 18:22:19] ONLINE: git-send-pack.html
[2026-05-30 18:22:19] ONLINE: git-sh-i18n--envsubst.html
[2026-05-30 18:22:19] ONLINE: git-sh-i18n.html
[2026-05-30 18:22:20] ONLINE: git-sh-setup.html
[2026-05-30 18:22:20] ONLINE: git-shell.html
[2026-05-30 18:22:20] ONLINE: git-shortlog.html
[2026-05-30 18:22:20] ONLINE: git-show-branch.html
[2026-05-30 18:22:20] ONLINE: git-show-index.html
[2026-05-30 18:22:20] ONLINE: git-show-ref.html
[2026-05-30 18:22:20] ONLINE: git-show.html
[2026-05-30 18:22:20] ONLINE: git-sparse-checkout.html
[2026-05-30 18:22:20] ONLINE: git-stage.html
[2026-05-30 18:22:20] ONLINE: git-stash.html
[2026-05-30 18:22:21] ONLINE: git-status.html
[2026-05-30 18:22:21] ONLINE: git-stripspace.html
[2026-05-30 18:22:21] ONLINE: git-submodule.html
[2026-05-30 18:22:21] ONLINE: git-subtree.html
[2026-05-30 18:22:21] ONLINE: git-survey.html
[2026-05-30 18:22:21] ONLINE: git-svn.html
[2026-05-30 18:22:21] ONLINE: git-switch.html
[2026-05-30 18:22:21] ONLINE: git-symbolic-ref.html
[2026-05-30 18:22:21] ONLINE: git-tag.html
[2026-05-30 18:22:21] ONLINE: git-tools.html
[2026-05-30 18:22:21] ONLINE: git-unpack-file.html
[2026-05-30 18:22:22] ONLINE: git-unpack-objects.html
[2026-05-30 18:22:22] ONLINE: git-update-index.html
[2026-05-30 18:22:22] ONLINE: git-update-ref.html
[2026-05-30 18:22:22] ONLINE: git-update-server-info.html
[2026-05-30 18:22:22] ONLINE: git-upload-archive.html
[2026-05-30 18:22:22] ONLINE: git-upload-pack.html
[2026-05-30 18:22:22] ONLINE: git-var.html
[2026-05-30 18:22:22] ONLINE: git-verify-commit.html
[2026-05-30 18:22:22] ONLINE: git-verify-pack.html
[2026-05-30 18:22:23] ONLINE: git-verify-tag.html
[2026-05-30 18:22:23] ONLINE: git-version.html
[2026-05-30 18:22:23] ONLINE: git-web--browse.html
[2026-05-30 18:22:23] ONLINE: git-whatchanged.html
[2026-05-30 18:22:23] ONLINE: git-worktree.html
[2026-05-30 18:22:23] ONLINE: git-write-tree.html
[2026-05-30 18:22:23] ONLINE: git.html
[2026-05-30 18:22:23] ONLINE: gitattributes.html
[2026-05-30 18:22:23] ONLINE: gitcli.html
[2026-05-30 18:22:23] ONLINE: gitcore-tutorial.html
[2026-05-30 18:22:24] ONLINE: gitcredentials.html
[2026-05-30 18:22:24] ONLINE: gitdatamodel.html
[2026-05-30 18:22:24] ONLINE: gitdiffcore.html
[2026-05-30 18:22:24] ONLINE: giteveryday.html
[2026-05-30 18:22:24] ONLINE: gitfaq.html
[2026-05-30 18:22:24] ONLINE: gitformat-bundle.html
[2026-05-30 18:22:24] ONLINE: gitformat-chunk.html
[2026-05-30 18:22:24] ONLINE: gitformat-commit-graph.html
[2026-05-30 18:22:24] ONLINE: gitformat-index.html
[2026-05-30 18:22:24] ONLINE: gitformat-loose.html
[2026-05-30 18:22:25] ONLINE: gitformat-pack.html
[2026-05-30 18:22:25] ONLINE: gitformat-signature.html
[2026-05-30 18:22:25] ONLINE: gitglossary.html
[2026-05-30 18:22:25] ONLINE: githooks.html
[2026-05-30 18:22:25] ONLINE: gitignore.html
[2026-05-30 18:22:25] ONLINE: gitk.html
[2026-05-30 18:22:25] ONLINE: gitmailmap.html
[2026-05-30 18:22:25] ONLINE: gitmodules.html
[2026-05-30 18:22:25] ONLINE: gitnamespaces.html
[2026-05-30 18:22:25] ONLINE: gitpacking.html
[2026-05-30 18:22:25] ONLINE: gitprotocol-capabilities.html
[2026-05-30 18:22:25] ONLINE: gitprotocol-common.html
[2026-05-30 18:22:26] ONLINE: gitprotocol-http.html
[2026-05-30 18:22:26] ONLINE: gitprotocol-pack.html
[2026-05-30 18:22:26] ONLINE: gitprotocol-v2.html
[2026-05-30 18:22:26] ONLINE: gitremote-helpers.html
[2026-05-30 18:22:26] ONLINE: gitrepository-layout.html
[2026-05-30 18:22:26] ONLINE: gitrevisions.html
[2026-05-30 18:22:26] ONLINE: gitsubmodules.html
[2026-05-30 18:22:26] ONLINE: gittutorial-2.html
[2026-05-30 18:22:26] ONLINE: gittutorial.html
[2026-05-30 18:22:26] ONLINE: gitworkflows.html
[2026-05-30 18:22:28] ONLINE: hash-function-transition.html
[2026-05-30 18:22:29] ONLINE: help.html
[2026-05-30 18:22:29] ONLINE: howto-index.html
[2026-05-30 18:22:30] ONLINE: index_backup_20260402_180251.html
[2026-05-30 18:22:30] ONLINE: index_backup_20260402_181715.html
[2026-05-30 18:22:31] ONLINE: index__dup11.html
[2026-05-30 18:22:31] ONLINE: index__dup3.html
[2026-05-30 18:22:32] ONLINE: index__dup4.html
[2026-05-30 18:22:32] ONLINE: index__dup5.html
[2026-05-30 18:22:38] ONLINE: keep-canonical-history-correct.html
[2026-05-30 18:22:38] ONLINE: large-object-promisors.html
[2026-05-30 18:22:38] ONLINE: long-running-process-protocol.html
[2026-05-30 18:22:39] ONLINE: maintain-git.html
[2026-05-30 18:22:41] ONLINE: multi-pack-index.html
[2026-05-30 18:22:41] ONLINE: MyFirstContribution.html
[2026-05-30 18:22:41] ONLINE: MyFirstObjectWalk.html
[2026-05-30 18:22:41] ONLINE: new-command.html
[2026-05-30 18:22:47] ONLINE: Otimização Judicial com Séries Temporais.html
[2026-05-30 18:22:47] ONLINE: pack-heuristics.html
[2026-05-30 18:22:47] ONLINE: packfile-uri.html
[2026-05-30 18:22:48] ONLINE: parallel-checkout.html
[2026-05-30 18:22:48] ONLINE: partial-clone.html
[2026-05-30 18:22:48] ONLINE: platform-support.html
[2026-05-30 18:22:55] ONLINE: racy-git.html
[2026-05-30 18:22:55] ONLINE: rebase-from-internal-branch.html
[2026-05-30 18:22:55] ONLINE: rebuild-from-update-hook.html
[2026-05-30 18:22:55] ONLINE: recepcao.html
[2026-05-30 18:22:55] ONLINE: recepcao__dup1.html
[2026-05-30 18:22:55] ONLINE: recepcao__dup2.html
[2026-05-30 18:22:55] ONLINE: recover-corrupted-blob-object.html
[2026-05-30 18:22:55] ONLINE: recover-corrupted-object-harder.html
[2026-05-30 18:22:56] ONLINE: reftable.html
[2026-05-30 18:22:56] ONLINE: remembering-renames.html
[2026-05-30 18:22:56] ONLINE: repository-version.html
[2026-05-30 18:22:56] ONLINE: rerere.html
[2026-05-30 18:22:56] ONLINE: revert-a-faulty-merge.html
[2026-05-30 18:22:56] ONLINE: revert-branch-rebase.html
[2026-05-30 18:22:56] ONLINE: ReviewingGuidelines.html
[2026-05-30 18:22:57] ONLINE: scalar.html
[2026-05-30 18:22:57] ONLINE: scalar__dup1.html
[2026-05-30 18:22:57] ONLINE: send-pack-pipeline.html
[2026-05-30 18:22:57] ONLINE: separating-topic-branches.html
[2026-05-30 18:22:58] ONLINE: setup-git-server-over-http.html
[2026-05-30 18:22:58] ONLINE: shallow.html
[2026-05-30 18:22:58] ONLINE: sparse-checkout.html
[2026-05-30 18:22:58] ONLINE: sparse-index.html
[2026-05-30 18:23:01] ONLINE: SubmittingPatches.html
[2026-05-30 18:23:01] ONLINE: ToolsForGit.html
[2026-05-30 18:23:01] ONLINE: trivial-merge.html
[2026-05-30 18:23:02] ONLINE: unambiguous-types.html
[2026-05-30 18:23:02] ONLINE: unit-tests.html
[2026-05-30 18:23:02] ONLINE: update-hook-example.html
[2026-05-30 18:23:02] ONLINE: use-git-daemon.html
[2026-05-30 18:23:02] ONLINE: user-manual.html
[2026-05-30 18:23:02] ONLINE: using-merge-subtree.html
[2026-05-30 18:23:02] ONLINE: using-signed-tag-in-pull-request.html
[2026-05-30 18:23:06] ONLINE: 000C4180FC16BFD67C3F5875FE5C00C2_git-http-push.html
[2026-05-30 18:23:06] ONLINE: 02369438ED90BB5A90CAD90EF3CC0C8A_git-filter-branch.html
[2026-05-30 18:23:06] ONLINE: 02912BAA7A4026D8BCD46CA186C97614_gitrevisions.html
[2026-05-30 18:23:06] ONLINE: 033A4D55E73B840731FC00820516C608_git-rev-parse.html
[2026-05-30 18:23:06] ONLINE: 0491B30947A21F324ACDBC3DA9F520CB_user-manual.html
[2026-05-30 18:23:06] ONLINE: 04E9F45E8304D27F11A660CFD87185DC_git-reflog.html
[2026-05-30 18:23:07] ONLINE: 070C1173A395297C6E47A50CE921EC73_shallow.html
[2026-05-30 18:23:07] ONLINE: 0832BA91694A26654609CB58527065D3_git-write-tree.html
[2026-05-30 18:23:07] ONLINE: 09134D015EFE1110C49E5CAA42A51A7A_help.html
[2026-05-30 18:23:07] ONLINE: 09925F435488ABDE1B1399CB8A4EE255_git-verify-pack.html
[2026-05-30 18:23:07] ONLINE: 09941EC3A02B933573C1212739D9FC91_git-fetch-pack.html
[2026-05-30 18:23:07] ONLINE: 09C17DAD9EA57A17857F1F4474B2764B_git-merge-index.html
[2026-05-30 18:23:07] ONLINE: 0B7C5D1667CD722AE89C0BF26C2C3BDA_git-lfs-track.html
[2026-05-30 18:23:07] ONLINE: 0CC7CF706B53142266C0FEFDEB402358_bundle-uri.html
[2026-05-30 18:23:07] ONLINE: 0CF43461A7A8CA757A515970E757BD02_sparse-index.html
[2026-05-30 18:23:07] ONLINE: 0D885607B1E5B76C338274D064CB432E_git-diff-files.html
[2026-05-30 18:23:07] ONLINE: 0E10374EDCCAF302E16EFF6936977147_git-diff-index.html
[2026-05-30 18:23:07] ONLINE: 0E14D94919052CC02CBEFF997ECC9B11_git-count-objects.html
[2026-05-30 18:23:07] ONLINE: 0E1DDD5872FC204D242912846B976731_git-submodule.html
[2026-05-30 18:23:08] ONLINE: 0FB6D3BE5636AEC8684FC9CD8D4180E6_git-fast-export.html
[2026-05-30 18:23:08] ONLINE: 0FD19DC716A42043E8DB9289CE38CCD9_git-difftool.html
[2026-05-30 18:23:08] ONLINE: 10C8889AFFD9675317C28F8DB971DE44_git-merge-one-file.html
[2026-05-30 18:23:08] ONLINE: 10DF2D19411D2B9930CF2EF328DC6506_gitsubmodules.html
[2026-05-30 18:23:08] ONLINE: 112972EBC83E8BC505210ED8C9E17D62_git-lfs-completion.html
[2026-05-30 18:23:08] ONLINE: 11BC10B2A873FAA0384DBA3F29551C95_hash-function-transition.html
[2026-05-30 18:23:08] ONLINE: 13B7221C53BF60274C4E34DEE3CBEE4A_git-subtree.html
[2026-05-30 18:23:08] ONLINE: 14ED8F3C5B400A202E55BB43045D1A87_git-lfs-logs.html
[2026-05-30 18:23:08] ONLINE: 15B82D8166D26A6AC703C5562BBDA5F8_directory-rename-detection.html
[2026-05-30 18:23:09] ONLINE: 19DD0C64CD98A2000D1D0D7EB7F09800_ToolsForGit.html
[2026-05-30 18:23:09] ONLINE: 1CCDDEF5CAF41CD94B1A19305E2C2CD5_git-get-tar-commit-id.html
[2026-05-30 18:23:09] ONLINE: 1CD84239CBB995085AF69985C48C1709_gitprotocol-common.html
[2026-05-30 18:23:09] ONLINE: 1D87CFA07016AF867DF1FDB8D5FE8066_git-cat-file.html
[2026-05-30 18:23:09] ONLINE: 1F79A22C30087E4328DB70FA6EF68D15_gitdatamodel.html
[2026-05-30 18:23:09] ONLINE: 1FAF7D738C0EDFB4E033FCC04373856D_gitprotocol-v2.html
[2026-05-30 18:23:09] ONLINE: 204CAAD4DF4811026AD1FBD5D5C434B5_git-lfs-pre-push.html
[2026-05-30 18:23:09] ONLINE: 205ECD95528CDF3885BF33BF4E185B3F_git-commit.html
[2026-05-30 18:23:09] ONLINE: 207B3D6E8897C255EFBD61499A5F53A2_git-archive.html
[2026-05-30 18:23:09] ONLINE: 20CAD4F55866DA15B04EE2006B116F0A_git-pull.html
[2026-05-30 18:23:09] ONLINE: 22641CB9A46B414F1FBCE98CC2590F17_git-am.html
[2026-05-30 18:23:09] ONLINE: 2282A76C52549630F59500CF05E7FBA7_git-bundle.html
[2026-05-30 18:23:09] ONLINE: 23CD4A5A27778026BACDEFBA71D3F885_git-branch.html
[2026-05-30 18:23:09] ONLINE: 2401B11944B66679349750657EB1252B_git-lfs-pointer.html
[2026-05-30 18:23:09] ONLINE: 257C2C555886A45E55D26046FC50D4FE_git-index-pack.html
[2026-05-30 18:23:09] ONLINE: 26789DCC4E48B28C94385CC168A2C7C3_howto-index.html
[2026-05-30 18:23:10] ONLINE: 27DDD10B509B283A07A44631529D9C9E_gitdiffcore.html
[2026-05-30 18:23:10] ONLINE: 287B7D01E3A4039C53DFBABCEB0EB8CF_ReviewingGuidelines.html
[2026-05-30 18:23:10] ONLINE: 28CE11A766AAAB7DF75D1D12ED8FFE46_gitformat-index.html
[2026-05-30 18:23:10] ONLINE: 29574AFA7122A44F1ADDE57A853EAE86_separating-topic-branches.html
[2026-05-30 18:23:10] ONLINE: 295B1D83D99CFDECAE9469D22BC34C2E_git-lfs-prune.html
[2026-05-30 18:23:10] ONLINE: 2AF3D00233629D5737273801813CDEE4_gitpacking.html
[2026-05-30 18:23:10] ONLINE: 2B5529A3CE6974AA7D930EDD0A3F1E18_gitformat-pack.html
[2026-05-30 18:23:10] ONLINE: 2C7573D93B100C373A9CFDC8DBE173A6_gitmailmap.html
[2026-05-30 18:23:10] ONLINE: 2CCA62C88E3F72AB2DE08962201DC0C2_git-bisect-lk2009.html
[2026-05-30 18:23:10] ONLINE: 2CEBE94BA2FCA1614BF00F0F778DBDE8_MyFirstObjectWalk.html
[2026-05-30 18:23:10] ONLINE: 2D479398BB082D8F1A69200CBCC2F20A_git-fmt-merge-msg.html
[2026-05-30 18:23:10] ONLINE: 2DA8194F21D5BE8802EC5F668C84D0DF_git-lfs-locks.html
[2026-05-30 18:23:10] ONLINE: 2E844270323A72B4F7B73041B52FF9B1_git-lfs-lock.html
[2026-05-30 18:23:10] ONLINE: 2F11841D8CB8114CC88ED9C5F8947C7B_git-mktag.html
[2026-05-30 18:23:10] ONLINE: 2FC1ACE175ECFAF9BBDAF158D7DE08CC_rebuild-from-update-hook.html
[2026-05-30 18:23:10] ONLINE: 30898CC80834A61F1CCCD2FE501CB35A_git-cherry-pick.html
[2026-05-30 18:23:10] ONLINE: 338F67E75D1FE25DF72D3EF01AE5B87D_git-survey.html
[2026-05-30 18:23:10] ONLINE: 344A502B991B694DE5292EEEE342E99E_git-sh-setup.html
[2026-05-30 18:23:10] ONLINE: 34D655FC3DA93EF16F8B060F41C73F62_git-fsck-objects.html
[2026-05-30 18:23:10] ONLINE: 3514B96BDAE63E1B99979C443F86B5D0_giteveryday.html
[2026-05-30 18:23:10] ONLINE: 3567A1B9457035493E5A0DB80ECBE19B_api-trace2.html
[2026-05-30 18:23:11] ONLINE: 35D0FA0DD422628855C8D4FCB5781E78_git-var.html
[2026-05-30 18:23:11] ONLINE: 3652FBA8B27D9661882D7076493FC84B_git-send-email.html
[2026-05-30 18:23:11] ONLINE: 3968C850586C3E55213EF49FAA9E4454_git-lfs-smudge.html
[2026-05-30 18:23:11] ONLINE: 3BCA03105F625EE380D8468311301C47_git-revert.html
[2026-05-30 18:23:11] ONLINE: 3BFF77DC4C4EB83C7D38736E99E06952_git-http-backend.html
[2026-05-30 18:23:11] ONLINE: 3D2ADC3D859B2287A4039EBD52E99C95_git-mailinfo.html
[2026-05-30 18:23:11] ONLINE: 3E00F9012B4248F5DC6D6FC8676B5705_git-fast-import.html
[2026-05-30 18:23:11] ONLINE: 3E3DB1E0DEB5763EB305DBA543675D41_bitmap-format.html
[2026-05-30 18:23:11] ONLINE: 3E7872E478A3630971D7F4B6DF6F9C87_git-merge-file.html
[2026-05-30 18:23:11] ONLINE: 3EDEFD576439C301BAF026F3DD50652C_git-config.html
[2026-05-30 18:23:12] ONLINE: 40135774ED71C1C4148B2381D6EB2B59_git-merge-base.html
[2026-05-30 18:23:12] ONLINE: 403F3067756AEC458332EC58AB4DB0A8_build-systems.html
[2026-05-30 18:23:12] ONLINE: 42B721497E14D0D592B129CA15A4788C_gitattributes.html
[2026-05-30 18:23:12] ONLINE: 4360515BED7EDC4BC6D8FEF0B0576F63_git-check-ref-format.html
[2026-05-30 18:23:12] ONLINE: 446B292503EE4CF5A8FC84060261041A_git-maintenance.html
[2026-05-30 18:23:12] ONLINE: 45D45BCC709F5BE82D23E2DDF555BADD_git-blame.html
[2026-05-30 18:23:13] ONLINE: 479F219CA8FA124A0F7F79AE8D1AB0EC_git-worktree.html
[2026-05-30 18:23:13] ONLINE: 47CDE12956469354A36E3C69DE34B99C_gitworkflows.html
[2026-05-30 18:23:13] ONLINE: 485EDFAFD0E3847E3237D76F68534F6E_git-rebase.html
[2026-05-30 18:23:13] ONLINE: 48A36F54087187146796ABFFE0C3EBC2_git-bisect.html
[2026-05-30 18:23:14] TOWER_CONNECTED: 4A2C19FE715DAA1F45201ACC76BE79D6_button.html
[2026-05-30 18:23:14] ONLINE: 4BEB429E3065EF63B1ADFA2251794F2A_git-stash.html
[2026-05-30 18:23:14] ONLINE: 4C6E0B2B41FC4E63871671632D740EFB_git-credential-cache--daemon.html
[2026-05-30 18:23:14] ONLINE: 4C983D79F36F82D8D60FC06419AD0299_commit-graph.html
[2026-05-30 18:23:14] ONLINE: 4D3B787904991FEE50D44D58EF1AAC0E_git-lfs-post-merge.html
[2026-05-30 18:23:14] ONLINE: 4DFA373175F5BF486B73A0F793ED538C_git-whatchanged.html
[2026-05-30 18:23:14] ONLINE: 4E84C1159114E25163476ED46D16189F_git-prune.html
[2026-05-30 18:23:15] ONLINE: 4F720422033F3420C6CA853A72D48FBE_git-ls-tree.html
[2026-05-30 18:23:15] ONLINE: 4FFC0DF7324B1F5F4576F88A2ECD265A_long-running-process-protocol.html
[2026-05-30 18:23:15] ONLINE: 508A3AA5EB59907AED47994125D30C5E_git-http-fetch.html
[2026-05-30 18:23:15] ONLINE: 51003FEC9D48B58F64DAE9622A938E36_git-request-pull.html
[2026-05-30 18:23:15] ONLINE: 51CFD6301C1C9B9DC02019904714097A_git-pack-refs.html
[2026-05-30 18:23:15] ONLINE: 537AF001E6C641ED27954D00F8786449_git-log.html
[2026-05-30 18:23:15] ONLINE: 54F0B2D1F6952673A90F38ADD194C878_api-error-handling.html
[2026-05-30 18:23:15] ONLINE: 565A3E4D7E910D687D4FAFD22B368B22_git-shortlog.html
[2026-05-30 18:23:15] ONLINE: 566750A2DAB7C8CDCBD623790FA992D7_gitcredentials.html
[2026-05-30 18:23:15] ONLINE: 56ECAF9312865E790B433B3504A4EAA7_DecisionMaking.html
[2026-05-30 18:23:16] ONLINE: 589D71F775C6CC1A5D1C494EAC838F2B_git-checkout.html
[2026-05-30 18:23:16] ONLINE: 589FAC80F1052D7ABA72CDA28CFDB86B_git-lfs-update.html
[2026-05-30 18:23:16] ONLINE: 5932F6989D3A7553C17BBB33C47F4C60_racy-git.html
[2026-05-30 18:23:16] ONLINE: 59B724D3692C746306843751F1F34C2B_git-lfs-env.html
[2026-05-30 18:23:16] ONLINE: 59C3E1588C3319FD2C52785CD7C277A8_packfile-uri.html
[2026-05-30 18:23:16] ONLINE: 59E7020F3A3201469753B71BD398C4CA_gittutorial-2.html
[2026-05-30 18:23:16] ONLINE: 5A1A14B853A09299988E0C9E57F6B5F6_git-credential.html
[2026-05-30 18:23:16] ONLINE: 5B9EED782EAB7FB98C8975BE3E50DDC5_git-send-pack.html
[2026-05-30 18:23:16] ONLINE: 5C0B596DDE7803E74F0E977B05A1B34F_revert-branch-rebase.html
[2026-05-30 18:23:16] ONLINE: 5C34600A96296A8839781CB3B1BF2E9D_git-last-modified.html
[2026-05-30 18:23:16] ONLINE: 5E42B0E6AB2C94464F9803C1BFF735B6_git-multi-pack-index.html
[2026-05-30 18:23:16] ONLINE: 5EB9B88CE615AA83031C3DCDC25AF62D_git-check-attr.html
[2026-05-30 18:23:17] ONLINE: 60E882CD11EA1D5538F2D2F024704B7C_git-reset.html
[2026-05-30 18:23:17] ONLINE: 612CA83A31861C08A8AA0A8A366B2D67_git-fsck.html
[2026-05-30 18:23:17] ONLINE: 6130DEAF3F1F4E5C0BEC330A5945306B_gittutorial.html
[2026-05-30 18:23:17] ONLINE: 6134DA0D8B8B7FCC7D6ED6926A224FF1_git-lfs-ext.html
[2026-05-30 18:23:17] ONLINE: 61B99378FE66E367F980E711D81A4D52_gitprotocol-http.html
[2026-05-30 18:23:17] ONLINE: 62E5B4D821CD6CED8566C64F7208CC67_git-remote-fd.html
[2026-05-30 18:23:17] ONLINE: 63BF1EE3FBD177E5CB91C9EE0FA35B2C_git.html
[2026-05-30 18:23:17] ONLINE: 63C69129F340B7F0D5BE3579D241E640_git-bash.html
[2026-05-30 18:23:17] ONLINE: 63EA4BEBD362EAFCA9770A27D273FD1E_git-patch-id.html
[2026-05-30 18:23:17] ONLINE: 6485E7E56D7EADC808D4B1D170821E09_git-lfs-filter-process.html
[2026-05-30 18:23:17] ONLINE: 6495C11E8B2B9D7978BB2E2CE77F54A1_git-stripspace.html
[2026-05-30 18:23:17] ONLINE: 64BF4870A415088FD9091B2311EC2E6B_git-switch.html
[2026-05-30 18:23:18] ONLINE: 6609E80025670C3B138B6BC95D9AC0D3_git-sh-i18n--envsubst.html
[2026-05-30 18:23:18] ONLINE: 6670AE9F5422785A16374C2CB6B2CBF8_git-gc.html
[2026-05-30 18:23:18] ONLINE: 66C4538FCD31379062F42001C25D739B_git-apply.html
[2026-05-30 18:23:18] ONLINE: 673CD12251EF7C8C754F53E16F83784A_git-credential-cache.html
[2026-05-30 18:23:18] ONLINE: 674A0EB909749BB9A0C3B6B04249EBCB_git-hook.html
[2026-05-30 18:23:18] ONLINE: 6A9C8A82E2BE039AA969CDE3704B107F_git-fetch.html
[2026-05-30 18:23:18] ONLINE: 6B8BD2F20F7E896AC7EF2A30E5943B49_scalar.html
[2026-05-30 18:23:18] ONLINE: 6CB985CA9DEAE882326DC4B66BF0E732_git-sh-i18n.html
[2026-05-30 18:23:18] ONLINE: 6DD39D0F4653F4EAA56D17EF7285C3DA_git-name-rev.html
[2026-05-30 18:23:18] ONLINE: 6EE18C3AE503698E744DA4569479F63A_git-add.html
[2026-05-30 18:23:18] ONLINE: 702799CC525C6A47B10CB72DA3BD7703_git-rev-list.html
[2026-05-30 18:23:18] ONLINE: 70ABAE6C5FB99CB18FF681C993F395BC_git-clone.html
[2026-05-30 18:23:18] ONLINE: 70B41FBDE513C4429CB2E63D910420CD_git-lfs-standalone-file.html
[2026-05-30 18:23:18] ONLINE: 731810E4DE8A71F5D7AFBC5953846B65_git-upload-archive.html
[2026-05-30 18:23:18] ONLINE: 767D94BBB4AC884B0F4F7CBEF0F227CE_git-replay.html
[2026-05-30 18:23:18] ONLINE: 77466AE44B968CC954BD8BE64A53795C_git-verify-tag.html
[2026-05-30 18:23:18] ONLINE: 7914A53BE08CDEDE9845606C8D992F38_git-mergetool.html
[2026-05-30 18:23:18] ONLINE: 79D232702356E9C36452934FF9FAE4AE_git-fsmonitor--daemon.html
[2026-05-30 18:23:19] ONLINE: 7A0CC3E8EE15669A854F9F63097E54ED_gitk.html
[2026-05-30 18:23:19] ONLINE: 7AB33209D9E3E4B41072C883A1A93853_git-annotate.html
[2026-05-30 18:23:19] ONLINE: 7BF8C6E0906CD98A3C5EDA1EB77B5E05_git-daemon.html
[2026-05-30 18:23:19] ONLINE: 7E8FFBF735EFAEC1043E0AE150143BF1_remembering-renames.html
[2026-05-30 18:23:19] ONLINE: 7FEBB382C18614EC2EE4971A17BEBDFB_git-for-each-repo.html
[2026-05-30 18:23:19] ONLINE: 807B7737AA0968D11F52411AAAF61445_git-column.html
[2026-05-30 18:23:19] ONLINE: 80B5729BA4D5C70CA2B6B1AF00232F08_git-diff-pairs.html
[2026-05-30 18:23:19] ONLINE: 823E2EC6528562189F63EEDBA71C096D_git-imap-send.html
[2026-05-30 18:23:20] ONLINE: 82C7A1B36219F777A79CDEE80DD910FD_unit-tests.html
[2026-05-30 18:23:20] ONLINE: 83518560F318358D598AFD67B46C1374_git-lfs-migrate.html
[2026-05-30 18:23:20] ONLINE: 83D468AACA4EC7FDCB70C84A133B3284_git-lfs-dedup.html
[2026-05-30 18:23:20] ONLINE: 8608699353B8146C8B14673883450045_git-update-ref.html
[2026-05-30 18:23:20] ONLINE: 86D9656BE786DEF6129BFC9086353384_git-format-patch.html
[2026-05-30 18:23:20] ONLINE: 87C5F91117BC3C9A5B723B3C67302880_rerere.html
[2026-05-30 18:23:20] ONLINE: 89563001B99CDDF27E292ED46A71B287_api-simple-ipc.html
[2026-05-30 18:23:20] ONLINE: 8A0B1AB19BD2FBD3E4A201A565CF060D_git-receive-pack.html
[2026-05-30 18:23:20] ONLINE: 8A6BBDAFCC21D160C0F6DE4A2D55C863_git-lfs-checkout.html
[2026-05-30 18:23:21] ONLINE: 8B12A0E544BCED24A34BF73F0A57E6E0_reftable.html
[2026-05-30 18:23:21] ONLINE: 8BAA7D8C88B8F07FB5D172E814A3F37C_git-restore.html
[2026-05-30 18:23:21] ONLINE: 8BBA47A3B74EF62E7416FA77EE6F364D_large-object-promisors.html
[2026-05-30 18:23:21] ONLINE: 8BE0445F8AD07AF28018956F57FA74FA_using-signed-tag-in-pull-request.html
[2026-05-30 18:23:21] ONLINE: 8C0ED2699FE39B1D95394AA0F84CEDCD_git-repo.html
[2026-05-30 18:23:21] ONLINE: 8CFF9C482FA366C319D7F4F7BEC21EFC_git-unpack-objects.html
[2026-05-30 18:23:21] ONLINE: 8F2928BFE79C19EF97F438197B6BDA8A_update-hook-example.html
[2026-05-30 18:23:21] ONLINE: 8F5A0E476B46B117556724D579EABBC7_sparse-checkout.html
[2026-05-30 18:23:21] ONLINE: 9354AA7DC038D07C6E4094E31F4B6D9D_git-interpret-trailers.html
[2026-05-30 18:23:21] ONLINE: 938E07686243B9D904AFB99D12282D74_git-read-tree.html
[2026-05-30 18:23:22] ONLINE: 93FF979E8F9E1E5F181D61B17D88B515_git-show-ref.html
[2026-05-30 18:23:22] ONLINE: 944038E8AEEB9513B1208DF5E9DFF1CD_git-pack-redundant.html
[2026-05-30 18:23:22] ONLINE: 95A9F632B628CC29EF2402D8DDF24A02_parallel-checkout.html
[2026-05-30 18:23:23] ONLINE: 963E9BF0358EF37059B18937B129BD45_git-lfs-post-checkout.html
[2026-05-30 18:23:23] ONLINE: 97FA607851037B17D0AC9662C346D31B_everyday.html
[2026-05-30 18:23:24] ONLINE: 9ADE8DBEAB00D6B9FB7480CCBB01DFC0_git-mailsplit.html
[2026-05-30 18:23:24] ONLINE: 9B76A6CCF7D45B75EC9A4591935FA1D1_git-range-diff.html
[2026-05-30 18:23:24] ONLINE: 9C4C8A9525EE3E0AE5C58C7943EA9A2C_git-stage.html
[2026-05-30 18:23:24] ONLINE: 9D34795414BA346EF5C6702D392E7D08_git-version.html
[2026-05-30 18:23:24] ONLINE: 9ECD3A656E59DDBCC196D0F6F579369B_git-describe.html
[2026-05-30 18:23:24] ONLINE: 9F9765AEAD2FFD43B4F6D376C562C742_recover-corrupted-object-harder.html
[2026-05-30 18:23:24] ONLINE: 9FF4A038049CC64A216A04D0C0B84068_git-backfill.html
[2026-05-30 18:23:24] ONLINE: A0C287138F050D448281446340020D73_git-mv.html
[2026-05-30 18:23:24] ONLINE: A100225681AD93D199FC75145E2E5D61_git-remote.html
[2026-05-30 18:23:24] ONLINE: A169D5858429B3BEF1C92A2D3BA3ACD0_git-upload-pack.html
[2026-05-30 18:23:24] ONLINE: A1C1C77E74F934C8C7F8B5A376767A7B_git-citool.html
[2026-05-30 18:23:24] ONLINE: A1EAF11723B58757A6EF8B2B71C81133_git-init-db.html
[2026-05-30 18:23:24] ONLINE: A22306D797D0DFF1884D5AB0129FC265_revert-a-faulty-merge.html
[2026-05-30 18:23:24] ONLINE: A22C789DD99A2ECD3C4A1EB8A4D8DB2E_git-remote-ext.html
[2026-05-30 18:23:25] ONLINE: A2336E12ACA232E11E2F3040D20B0B5E_platform-support.html
[2026-05-30 18:23:25] ONLINE: A266A95E418934214EEDC57A64CB78F4_git-update-index.html
[2026-05-30 18:23:25] ONLINE: A304529A2907593D562B36B73DF02E86_gitcli.html
[2026-05-30 18:23:25] ONLINE: A362BBB1CC104AC2DF01AD8A036F8CCC_git-show-branch.html
[2026-05-30 18:23:25] ONLINE: A4A94B3B657DE86BD0840C834678CAFF_git-verify-commit.html
[2026-05-30 18:23:25] ONLINE: A4B370E6693B653404E4C35CC43D95C5_git-mktree.html
[2026-05-30 18:23:25] ONLINE: A61DE8772846780E65FBE5069E215A33_unambiguous-types.html
[2026-05-30 18:23:25] ONLINE: A7339E7608AA8F7B0E0B1DD8EAAB1318_githooks.html
[2026-05-30 18:23:25] ONLINE: A7C598F36BE40AF77123793884B8A127_git-lfs-install.html
[2026-05-30 18:23:25] ONLINE: A8734ABAC6A92E328FD7591502385FAA_git-lfs-clean.html
[2026-05-30 18:23:25] ONLINE: A96677E9737EB55C02CE9313A06A5778_git-commit-graph.html
[2026-05-30 18:23:25] ONLINE: A970D2CB393E5CCE20F12B1E69B39244_git-ls-files.html
[2026-05-30 18:23:25] ONLINE: A9D3A2DD36F370EEF933A5C088563F5E_pack-heuristics.html
[2026-05-30 18:23:25] ONLINE: AA0645B0F5FFD680BC7BC47903AE712D_api-merge.html
[2026-05-30 18:23:25] ONLINE: AAA068FF61685DDE253CA0FD8DB9ECFD_gitrepository-layout.html
[2026-05-30 18:23:25] ONLINE: AB5B6641D590F9EE562FFDBD2795104D_git-credential-store.html
[2026-05-30 18:23:25] ONLINE: ABA2BF06877A3C6713633259D1E2943A_git-repack.html
[2026-05-30 18:23:25] ONLINE: ABAACBDA745535A469EB949DB6ED450F_coordinate-embargoed-releases.html
[2026-05-30 18:23:30] ONLINE: AC4D3DA8F25C743820DAAC7E7BDCDED8_git-lfs.html
[2026-05-30 18:23:30] ONLINE: AC55BAE8DB3FA00280121D8651778D45_trivial-merge.html
[2026-05-30 18:23:30] ONLINE: AFD1C873FF8E08B614A7FB76DAC597F1_gitglossary.html
[2026-05-30 18:23:31] ONLINE: api-error-handling.html
[2026-05-30 18:23:31] ONLINE: api-index.html
[2026-05-30 18:23:31] ONLINE: api-merge.html
[2026-05-30 18:23:31] ONLINE: api-parse-options.html
[2026-05-30 18:23:31] ONLINE: api-path-walk.html
[2026-05-30 18:23:31] ONLINE: api-simple-ipc.html
[2026-05-30 18:23:31] ONLINE: api-trace2.html
[2026-05-30 18:23:32] ONLINE: B01FE98E7E915C82C1EDF731F757B19F_gitmodules.html
[2026-05-30 18:23:32] ONLINE: B0471BE3B2A8464818879556DCFBA5C6_git-symbolic-ref.html
[2026-05-30 18:23:32] ONLINE: B111DCBD5AB55E6B9B9560AA89CCD30C_git-check-ignore.html
[2026-05-30 18:23:32] ONLINE: B4BFA7E3F72101618F57EC83F1F641AC_git-show-index.html
[2026-05-30 18:23:32] ONLINE: B583B357AD9076DBCCF7518F911723A8_git-lfs-unlock.html
[2026-05-30 18:23:32] ONLINE: B75D36DE65FC2FE63D5AEF9D5F1ACAC0_gitformat-loose.html
[2026-05-30 18:23:32] ONLINE: B7E7F52DA880CE084D4BAEDFD35C01A2_recover-corrupted-blob-object.html
[2026-05-30 18:23:32] ONLINE: B81C896B2BC361725A982D2C648986E5_api-index.html
[2026-05-30 18:23:32] ONLINE: B95C5EE7B2CC0FFFCEA2CDD5BDADCA47_BreakingChanges.html
[2026-05-30 18:23:33] ONLINE: BA2B702F7E75C0B45817CD9D96CD30C9_git-instaweb.html
[2026-05-30 18:23:33] ONLINE: BA536EE1AF4CC2C35AE8EB98A82DAC91_using-merge-subtree.html
[2026-05-30 18:23:34] ONLINE: BD85DF27009D69C0A9A58BFF55FE38BD_git-web--browse.html
[2026-05-30 18:23:34] ONLINE: BE031DE679C9542AE050E772673EC1AD_new-command.html
[2026-05-30 18:23:34] ONLINE: BE17B2E863353742DE6B09546940917D_git-rerere.html
[2026-05-30 18:23:34] ONLINE: BEF6C103D8F5FBABCEFF76AA006FA7D1_git-tools.html
[2026-05-30 18:23:34] ONLINE: bitmap-format.html
[2026-05-30 18:23:34] ONLINE: BreakingChanges.html
[2026-05-30 18:23:34] ONLINE: build-systems.html
[2026-05-30 18:23:35] ONLINE: bundle-uri.html
[2026-05-30 18:23:37] ONLINE: bundle_078.html
[2026-05-30 18:23:38] ONLINE: bundle_10001.html
[2026-05-30 18:23:40] ONLINE: bundle_10065.html
[2026-05-30 18:23:52] ONLINE: bundle_10440.html
[2026-05-30 18:23:54] ONLINE: bundle_10519.html
[2026-05-30 18:23:56] ONLINE: bundle_10568.html
[2026-05-30 18:23:57] ONLINE: bundle_10606.html
[2026-05-30 18:23:57] ONLINE: bundle_10611.html
[2026-05-30 18:23:57] ONLINE: bundle_10636.html
[2026-05-30 18:23:59] ONLINE: bundle_10676.html
[2026-05-30 18:23:59] ONLINE: bundle_10678.html
[2026-05-30 18:23:59] ONLINE: bundle_10698.html
[2026-05-30 18:23:59] ONLINE: bundle_10699.html
[2026-05-30 18:23:59] ONLINE: bundle_10704.html
[2026-05-30 18:24:00] ONLINE: bundle_10716.html
[2026-05-30 18:24:01] ONLINE: bundle_10779.html
[2026-05-30 18:24:02] ONLINE: bundle_10791.html
[2026-05-30 18:24:02] ONLINE: bundle_10799.html
[2026-05-30 18:24:02] ONLINE: bundle_10807.html
[2026-05-30 18:24:04] ONLINE: bundle_10871.html
[2026-05-30 18:24:07] ONLINE: bundle_1098.html
[2026-05-30 18:24:14] ONLINE: bundle_11246.html
[2026-05-30 18:24:17] ONLINE: bundle_11325.html
[2026-05-30 18:24:18] ONLINE: bundle_11374.html
[2026-05-30 18:24:19] ONLINE: bundle_11412.html
[2026-05-30 18:24:19] ONLINE: bundle_11417.html
[2026-05-30 18:24:20] ONLINE: bundle_11442.html
[2026-05-30 18:24:21] ONLINE: bundle_11482.html
[2026-05-30 18:24:21] ONLINE: bundle_11483.html
[2026-05-30 18:24:22] ONLINE: bundle_11504.html
[2026-05-30 18:24:22] ONLINE: bundle_11505.html
[2026-05-30 18:24:22] ONLINE: bundle_11510.html
[2026-05-30 18:24:22] ONLINE: bundle_11522.html
[2026-05-30 18:24:24] ONLINE: bundle_11585.html
[2026-05-30 18:24:24] ONLINE: bundle_11596.html
[2026-05-30 18:24:24] ONLINE: bundle_11597.html
[2026-05-30 18:24:25] ONLINE: bundle_11605.html
[2026-05-30 18:24:25] ONLINE: bundle_11613.html
[2026-05-30 18:24:27] ONLINE: bundle_11676.html
[2026-05-30 18:24:39] ONLINE: bundle_12052.html
[2026-05-30 18:24:41] ONLINE: bundle_12131.html
[2026-05-30 18:24:46] ONLINE: bundle_12292.html
[2026-05-30 18:24:47] ONLINE: bundle_1253.html
[2026-05-30 18:24:48] ONLINE: bundle_1260.html
[2026-05-30 18:24:52] ONLINE: bundle_1432.html
[2026-05-30 18:24:58] ONLINE: bundle_1576.html
[2026-05-30 18:25:06] ONLINE: bundle_1842.html
[2026-05-30 18:25:08] ONLINE: bundle_1919.html
[2026-05-30 18:25:10] ONLINE: bundle_1984.html
[2026-05-30 18:25:10] ONLINE: bundle_1985.html
[2026-05-30 18:25:10] ONLINE: bundle_1993.html
[2026-05-30 18:25:25] ONLINE: bundle_252.html
[2026-05-30 18:25:27] ONLINE: bundle_260.html
[2026-05-30 18:25:50] ONLINE: bundle_3435.html
[2026-05-30 18:25:54] ONLINE: bundle_3578.html
[2026-05-30 18:25:54] ONLINE: bundle_3585.html
[2026-05-30 18:25:58] ONLINE: bundle_3743.html
[2026-05-30 18:26:04] ONLINE: bundle_3941.html
[2026-05-30 18:26:06] ONLINE: bundle_4020.html
[2026-05-30 18:26:08] ONLINE: bundle_4088.html
[2026-05-30 18:26:08] ONLINE: bundle_4089.html
[2026-05-30 18:26:09] ONLINE: bundle_4137.html
[2026-05-30 18:26:09] ONLINE: bundle_4138.html
[2026-05-30 18:26:15] ONLINE: bundle_4330.html
[2026-05-30 18:26:20] ONLINE: bundle_4492.html
[2026-05-30 18:26:20] ONLINE: bundle_4500.html
[2026-05-30 18:26:21] ONLINE: bundle_455.html
[2026-05-30 18:26:26] ONLINE: bundle_4683.html
[2026-05-30 18:26:33] ONLINE: bundle_4900.html
[2026-05-30 18:26:35] ONLINE: bundle_4979.html
[2026-05-30 18:26:37] ONLINE: bundle_5048.html
[2026-05-30 18:26:37] ONLINE: bundle_5049.html
[2026-05-30 18:26:38] ONLINE: bundle_5101.html
[2026-05-30 18:26:38] ONLINE: bundle_5102.html
[2026-05-30 18:26:44] ONLINE: bundle_5303.html
[2026-05-30 18:26:45] ONLINE: bundle_5341.html
[2026-05-30 18:26:45] ONLINE: bundle_5346.html
[2026-05-30 18:26:48] ONLINE: bundle_5444.html
[2026-05-30 18:26:49] ONLINE: bundle_5456.html
[2026-05-30 18:26:49] ONLINE: bundle_5457.html
[2026-05-30 18:26:49] ONLINE: bundle_5465.html
[2026-05-30 18:26:49] ONLINE: bundle_5471.html
[2026-05-30 18:26:51] ONLINE: bundle_5534.html
[2026-05-30 18:26:55] ONLINE: bundle_5684.html
[2026-05-30 18:26:56] ONLINE: bundle_5721.html
[2026-05-30 18:26:56] ONLINE: bundle_5726.html
[2026-05-30 18:26:59] ONLINE: bundle_5825.html
[2026-05-30 18:26:59] ONLINE: bundle_5837.html
[2026-05-30 18:27:00] ONLINE: bundle_5845.html
[2026-05-30 18:27:00] ONLINE: bundle_5852.html
[2026-05-30 18:27:01] ONLINE: bundle_5915.html
[2026-05-30 18:27:06] ONLINE: bundle_6066.html
[2026-05-30 18:27:07] ONLINE: bundle_6104.html
[2026-05-30 18:27:07] ONLINE: bundle_6109.html
[2026-05-30 18:27:09] ONLINE: bundle_6207.html
[2026-05-30 18:27:10] ONLINE: bundle_6219.html
[2026-05-30 18:27:10] ONLINE: bundle_6220.html
[2026-05-30 18:27:10] ONLINE: bundle_6228.html
[2026-05-30 18:27:10] ONLINE: bundle_6234.html
[2026-05-30 18:27:12] ONLINE: bundle_6297.html
[2026-05-30 18:27:17] ONLINE: bundle_6480.html
[2026-05-30 18:27:26] ONLINE: bundle_679.html
[2026-05-30 18:27:43] ONLINE: bundle_7404.html
[2026-05-30 18:27:47] ONLINE: bundle_7547.html
[2026-05-30 18:27:47] ONLINE: bundle_7554.html
[2026-05-30 18:27:48] ONLINE: bundle_758.html
[2026-05-30 18:27:51] ONLINE: bundle_7712.html
[2026-05-30 18:27:57] ONLINE: bundle_7910.html
[2026-05-30 18:27:59] ONLINE: bundle_7990.html
[2026-05-30 18:28:01] ONLINE: bundle_8057.html
[2026-05-30 18:28:01] ONLINE: bundle_8058.html
[2026-05-30 18:28:03] ONLINE: bundle_8106.html
[2026-05-30 18:28:03] ONLINE: bundle_8107.html
[2026-05-30 18:28:07] ONLINE: bundle_826.html
[2026-05-30 18:28:07] ONLINE: bundle_827.html
[2026-05-30 18:28:17] ONLINE: bundle_8559.html
[2026-05-30 18:28:22] ONLINE: bundle_8737.html
[2026-05-30 18:28:24] ONLINE: bundle_882.html
[2026-05-30 18:28:25] ONLINE: bundle_883.html
[2026-05-30 18:28:28] ONLINE: bundle_8948.html
[2026-05-30 18:28:30] ONLINE: bundle_9027.html
[2026-05-30 18:28:33] ONLINE: bundle_9095.html
[2026-05-30 18:28:33] ONLINE: bundle_9096.html
[2026-05-30 18:28:34] ONLINE: bundle_9147.html
[2026-05-30 18:28:39] ONLINE: bundle_9284.html
[2026-05-30 18:28:41] ONLINE: bundle_9355.html
[2026-05-30 18:28:47] ONLINE: bundle_9552.html
[2026-05-30 18:28:48] ONLINE: bundle_9558.html
[2026-05-30 18:28:52] ONLINE: bundle_9713.html
[2026-05-30 18:28:54] ONLINE: bundle_9763.html
[2026-05-30 18:28:55] ONLINE: bundle_9800.html
[2026-05-30 18:28:55] ONLINE: bundle_9805.html
[2026-05-30 18:28:55] ONLINE: bundle_9806.html
[2026-05-30 18:28:55] ONLINE: bundle_9830.html
[2026-05-30 18:28:56] ONLINE: bundle_9870.html
[2026-05-30 18:28:56] ONLINE: bundle_9872.html
[2026-05-30 18:28:57] ONLINE: bundle_9892.html
[2026-05-30 18:28:57] ONLINE: bundle_9893.html
[2026-05-30 18:28:57] ONLINE: bundle_9898.html
[2026-05-30 18:29:01] ONLINE: bundle_9910.html
[2026-05-30 18:29:03] ONLINE: bundle_9973.html
[2026-05-30 18:29:03] ONLINE: bundle_9985.html
[2026-05-30 18:29:03] ONLINE: bundle_9993.html
[2026-05-30 18:29:16] TOWER_CONNECTED: button.html
[2026-05-30 18:29:16] ONLINE: C0CD2E22C085C787565F6B305DA4F041_git-diagnose.html
[2026-05-30 18:29:17] ONLINE: C116118D15C7E8AD727D015EE9C8BEA3_gitcore-tutorial.html
[2026-05-30 18:29:17] ONLINE: C12272CECEDA5F91CB1D2B55F233A42C_git-svn.html
[2026-05-30 18:29:17] ONLINE: C28DAC01AFF7CFCEFBA205CBAFF4AA13_maintain-git.html
[2026-05-30 18:29:17] ONLINE: C302F1C501115D1387A3BA54A0BFE34D_git-check-mailmap.html
[2026-05-30 18:29:17] ONLINE: C389BD3B61289734401914BF356E9973_gitfaq.html
[2026-05-30 18:29:17] ONLINE: C3B9E866C897D42000CCE19BA8DAC3DE_git-lfs-pull.html
[2026-05-30 18:29:18] ONLINE: C4C6D647396066B992B123E39E77948D_keep-canonical-history-correct.html
[2026-05-30 18:29:18] ONLINE: C52BA917DCB80E02F2077233CA4040BA_git-remote-helpers.html
[2026-05-30 18:29:18] ONLINE: C7BEA5E8039E562A37C6314EFD87228D_git-pack-objects.html
[2026-05-30 18:29:18] ONLINE: C9F79E36853602446D11673D9EE78BED_multi-pack-index.html
[2026-05-30 18:29:18] ONLINE: CA3CA5468B62DD406F4B9F9ED4204B9A_git-lfs-push.html
[2026-05-30 18:29:18] ONLINE: CA5155B68DD4DF0AD8F966EA076B208C_git-lfs-merge-driver.html
[2026-05-30 18:29:18] ONLINE: CA53F4260D10E038D1627A63EADBECFF_git-diff-tree.html
[2026-05-30 18:29:19] ONLINE: CAF11829A7007236605C307607D958B8_git-lfs-untrack.html
[2026-05-30 18:29:19] ONLINE: CCA4FDB1DC63381319B9943A59377AA5_git-quiltimport.html
[2026-05-30 18:29:19] ONLINE: CFC1752D1141297E43FB96D7A1A47304_git-bugreport.html
[2026-05-30 18:29:21] ONLINE: cliente.html
[2026-05-30 18:29:21] ONLINE: cobranca.html
[2026-05-30 18:29:21] ONLINE: cockpit_iotec.html
[2026-05-30 18:29:22] ONLINE: cockpit_iotec_v2.html
[2026-05-30 18:29:24] ONLINE: cockpit_nucleo.html
[2026-05-30 18:29:25] ONLINE: commit-graph.html
[2026-05-30 18:29:26] ONLINE: coordinate-embargoed-releases.html
[2026-05-30 18:29:26] ONLINE: D057C0008B17E705A7C5E4CA69990A5B_git-notes.html
[2026-05-30 18:29:26] ONLINE: D2D0AB81AAC216131531AB0846896F3A_git-sparse-checkout.html
[2026-05-30 18:29:26] ONLINE: D318CF781BB4EF120103E347AAB03045_git-init.html
[2026-05-30 18:29:26] ONLINE: D5AA8666D5420104A073AED6BC9DF7CD_gitformat-commit-graph.html
[2026-05-30 18:29:27] ONLINE: D68B279CA426149C4D55539F14508B39_use-git-daemon.html
[2026-05-30 18:29:27] ONLINE: D71B260802A35BF6E4E179361EBF5E93_repository-version.html
[2026-05-30 18:29:27] ONLINE: D7FE0ABA330D4F323F521CE83B48465E_git-refs.html
[2026-05-30 18:29:27] ONLINE: DA03F6E4BF6C3C09EFAE0DE7E4193A17_git-status.html
[2026-05-30 18:29:27] ONLINE: DBB4D27C9D024A172893AEDA696EAA4B_git-replace.html
[2026-05-30 18:29:28] ONLINE: DCB44D9B686546DAB282A79BA03A1D3E_send-pack-pipeline.html
[2026-05-30 18:29:28] ONLINE: DecisionMaking.html
[2026-05-30 18:29:29] ONLINE: DF287884FF1B1D57C80EACF889719CA8_git-for-each-ref.html
[2026-05-30 18:29:29] ONLINE: directory-rename-detection.html
[2026-05-30 18:29:30] ONLINE: E046685A9F1AC490A911719D1C6E0C11_gitformat-signature.html
[2026-05-30 18:29:30] ONLINE: E061773B25BA2D8DD808FF4D54143349_git-clean.html
[2026-05-30 18:29:30] ONLINE: E070905299D6BFF7C1BFD80DEE2A9150_MyFirstContribution.html
[2026-05-30 18:29:30] ONLINE: E21A3D31B8F5B4102D2313846A9ABF90_git-ls-remote.html
[2026-05-30 18:29:30] ONLINE: E2658B7CC9D06EDA7B246381B4BA12E8_git-lfs-ls-files.html
[2026-05-30 18:29:30] ONLINE: E3E87F50F69E19536E7D9FF634DCDF3C_git-help.html
[2026-05-30 18:29:30] ONLINE: E528398561D05A74C6D60DE62EF07522_git-prune-packed.html
[2026-05-30 18:29:30] ONLINE: E635A83CDD0845464032EA19CF4BBE10_scalar.html
[2026-05-30 18:29:30] ONLINE: E6BE4F97087A2EF8BAD0DD55C1569CC0_gitprotocol-capabilities.html
[2026-05-30 18:29:30] ONLINE: E71F82E6E8EE76573D74C2E7D397962E_git-checkout-index.html
[2026-05-30 18:29:30] ONLINE: E7214B3ABCCE24E129E20B97AE43DFAA_api-parse-options.html
[2026-05-30 18:29:30] ONLINE: E7610863A50F77374662A8F549EFDEA3_git-gui.html
[2026-05-30 18:29:30] ONLINE: E7CAC97796537B61BC2347B14E0CD52A_git-commit-tree.html
[2026-05-30 18:29:30] ONLINE: E8A6F48C7AFFEAB7C6DC916332B267A5_git-merge-tree.html
[2026-05-30 18:29:30] ONLINE: EA5A3CB77A0D9A2E9740935AE5A19E53_git-unpack-file.html
[2026-05-30 18:29:30] ONLINE: EABA5AE114108A8F42EBEEF1EBE97DD5_git-update-server-info.html
[2026-05-30 18:29:30] ONLINE: EACE21D9C22082B14332923EDF967745_git-merge.html
[2026-05-30 18:29:30] ONLINE: EBBD96234A52A055FD0B4E48976F561C_partial-clone.html
[2026-05-30 18:29:30] ONLINE: EC0D42C620381DB0DB6642022E233024_git-lfs-fetch.html
[2026-05-30 18:29:31] ONLINE: ECC9874B3FC8D388AEAF1E2B4BE3F702_gitignore.html
[2026-05-30 18:29:31] ONLINE: ECD44F8400A5C71A7C4E5D1F6E7FB161_git-shell.html
[2026-05-30 18:29:31] ONLINE: ED0B7D711E79C94F5B471458D4A084E8_git-hash-object.html
[2026-05-30 18:29:31] ONLINE: EE4D03E2BAAB2FCABD7CDB4A89461F70_gitprotocol-pack.html
[2026-05-30 18:29:31] ONLINE: EF615C00B5CD51025E59FFC2602EB3A9_SubmittingPatches.html
[2026-05-30 18:29:32] ONLINE: EF65E492117F24F392E4F6AE2A1E767B_git-push.html
[2026-05-30 18:29:32] ONLINE: EFD774BEECB89A2C46C4738610FFB9E4_git-show.html
[2026-05-30 18:29:32] ONLINE: everyday.html
[2026-05-30 18:29:32] ONLINE: F0CD051BAB35F2A5F2E357F0997F5F09_setup-git-server-over-http.html
[2026-05-30 18:29:33] ONLINE: F6E716A78DBAB4FB48CCD681EBB5E6B1_git-tag.html
[2026-05-30 18:29:35] ONLINE: FC5927D203E81BF10D5B7D6B1D93799A_Otimização Judicial com Séries Temporais.html
[2026-05-30 18:29:35] ONLINE: FE339CC04679426F6D1FB288D8160548_gitnamespaces.html
[2026-05-30 18:29:35] ONLINE: FF16620411680009437A67CC61A765EA_gitremote-helpers.html
[2026-05-30 18:29:35] ONLINE: ficha.html
[2026-05-30 18:29:36] ONLINE: ficha__dup1.html
[2026-05-30 18:29:36] ONLINE: ficha__dup2.html
[2026-05-30 18:29:37] ONLINE: git-add.html
[2026-05-30 18:29:37] ONLINE: git-am.html
[2026-05-30 18:29:37] ONLINE: git-annotate.html
[2026-05-30 18:29:38] ONLINE: git-apply.html
[2026-05-30 18:29:38] ONLINE: git-archive.html
[2026-05-30 18:29:38] ONLINE: git-backfill.html
[2026-05-30 18:29:38] ONLINE: git-bash.html
[2026-05-30 18:29:38] ONLINE: git-bisect-lk2009.html
[2026-05-30 18:29:38] ONLINE: git-bisect.html
[2026-05-30 18:29:38] ONLINE: git-blame.html
[2026-05-30 18:29:38] ONLINE: git-branch.html
[2026-05-30 18:29:38] ONLINE: git-bugreport.html
[2026-05-30 18:29:38] ONLINE: git-bundle.html
[2026-05-30 18:29:38] ONLINE: git-cat-file.html
[2026-05-30 18:29:38] ONLINE: git-check-attr.html
[2026-05-30 18:29:38] ONLINE: git-check-ignore.html
[2026-05-30 18:29:38] ONLINE: git-check-mailmap.html
[2026-05-30 18:29:39] ONLINE: git-check-ref-format.html
[2026-05-30 18:29:39] ONLINE: git-checkout-index.html
[2026-05-30 18:29:39] ONLINE: git-checkout.html
[2026-05-30 18:29:39] ONLINE: git-cherry-pick.html
[2026-05-30 18:29:39] ONLINE: git-cherry.html
[2026-05-30 18:29:39] ONLINE: git-citool.html
[2026-05-30 18:29:39] ONLINE: git-clean.html
[2026-05-30 18:29:39] ONLINE: git-clone.html
[2026-05-30 18:29:39] ONLINE: git-column.html
[2026-05-30 18:29:39] ONLINE: git-commit-graph.html
[2026-05-30 18:29:39] ONLINE: git-commit-tree.html
[2026-05-30 18:29:40] ONLINE: git-commit.html
[2026-05-30 18:29:40] ONLINE: git-config.html
[2026-05-30 18:29:40] ONLINE: git-count-objects.html
[2026-05-30 18:29:41] ONLINE: git-credential-cache--daemon.html
[2026-05-30 18:29:41] ONLINE: git-credential-cache.html
[2026-05-30 18:29:41] ONLINE: git-credential-store.html
[2026-05-30 18:29:41] ONLINE: git-credential.html
[2026-05-30 18:29:41] ONLINE: git-daemon.html
[2026-05-30 18:29:41] ONLINE: git-describe.html
[2026-05-30 18:29:41] ONLINE: git-diagnose.html
[2026-05-30 18:29:41] ONLINE: git-diff-files.html
[2026-05-30 18:29:41] ONLINE: git-diff-index.html
[2026-05-30 18:29:41] ONLINE: git-diff-pairs.html
[2026-05-30 18:29:41] ONLINE: git-diff-tree.html
[2026-05-30 18:29:42] ONLINE: git-diff.html
[2026-05-30 18:29:42] ONLINE: git-difftool.html
[2026-05-30 18:29:42] ONLINE: git-fast-export.html
[2026-05-30 18:29:42] ONLINE: git-fast-import.html
[2026-05-30 18:29:42] ONLINE: git-fetch-pack.html
[2026-05-30 18:29:42] ONLINE: git-fetch.html
[2026-05-30 18:29:42] ONLINE: git-filter-branch.html
[2026-05-30 18:29:42] ONLINE: git-fmt-merge-msg.html
[2026-05-30 18:29:42] ONLINE: git-for-each-ref.html
[2026-05-30 18:29:42] ONLINE: git-for-each-repo.html
[2026-05-30 18:29:42] ONLINE: git-format-patch.html
[2026-05-30 18:29:42] ONLINE: git-fsck-objects.html
[2026-05-30 18:29:42] ONLINE: git-fsck.html
[2026-05-30 18:29:43] ONLINE: git-fsmonitor--daemon.html
[2026-05-30 18:29:43] ONLINE: git-gc.html
[2026-05-30 18:29:43] ONLINE: git-get-tar-commit-id.html
[2026-05-30 18:29:43] ONLINE: git-grep.html
[2026-05-30 18:29:43] ONLINE: git-gui.html
[2026-05-30 18:29:43] ONLINE: git-hash-object.html
[2026-05-30 18:29:43] ONLINE: git-help.html
[2026-05-30 18:29:43] ONLINE: git-hook.html
[2026-05-30 18:29:43] ONLINE: git-http-backend.html
[2026-05-30 18:29:43] ONLINE: git-http-fetch.html
[2026-05-30 18:29:43] ONLINE: git-http-push.html
[2026-05-30 18:29:43] ONLINE: git-imap-send.html
[2026-05-30 18:29:44] ONLINE: git-index-pack.html
[2026-05-30 18:29:44] ONLINE: git-init-db.html
[2026-05-30 18:29:44] ONLINE: git-init.html
[2026-05-30 18:29:44] ONLINE: git-instaweb.html
[2026-05-30 18:29:44] ONLINE: git-interpret-trailers.html
[2026-05-30 18:29:44] ONLINE: git-last-modified.html
[2026-05-30 18:29:44] ONLINE: git-lfs-checkout.html
[2026-05-30 18:29:44] ONLINE: git-lfs-clean.html
[2026-05-30 18:29:44] ONLINE: git-lfs-clone.html
[2026-05-30 18:29:44] ONLINE: git-lfs-completion.html
[2026-05-30 18:29:44] ONLINE: git-lfs-dedup.html
[2026-05-30 18:29:44] ONLINE: git-lfs-env.html
[2026-05-30 18:29:44] ONLINE: git-lfs-ext.html
[2026-05-30 18:29:44] ONLINE: git-lfs-fetch.html
[2026-05-30 18:29:44] ONLINE: git-lfs-filter-process.html
[2026-05-30 18:29:45] ONLINE: git-lfs-fsck.html
[2026-05-30 18:29:45] ONLINE: git-lfs-install.html
[2026-05-30 18:29:45] ONLINE: git-lfs-lock.html
[2026-05-30 18:29:45] ONLINE: git-lfs-locks.html
[2026-05-30 18:29:45] ONLINE: git-lfs-logs.html
[2026-05-30 18:29:45] ONLINE: git-lfs-ls-files.html
[2026-05-30 18:29:45] ONLINE: git-lfs-merge-driver.html
[2026-05-30 18:29:45] ONLINE: git-lfs-migrate.html
[2026-05-30 18:29:45] ONLINE: git-lfs-pointer.html
[2026-05-30 18:29:45] ONLINE: git-lfs-post-checkout.html
[2026-05-30 18:29:45] ONLINE: git-lfs-post-commit.html
[2026-05-30 18:29:45] ONLINE: git-lfs-post-merge.html
[2026-05-30 18:29:45] ONLINE: git-lfs-pre-push.html
[2026-05-30 18:29:45] ONLINE: git-lfs-prune.html
[2026-05-30 18:29:45] ONLINE: git-lfs-pull.html
[2026-05-30 18:29:45] ONLINE: git-lfs-push.html
[2026-05-30 18:29:46] ONLINE: git-lfs-smudge.html
[2026-05-30 18:29:46] ONLINE: git-lfs-standalone-file.html
[2026-05-30 18:29:46] ONLINE: git-lfs-status.html
[2026-05-30 18:29:46] ONLINE: git-lfs-track.html
[2026-05-30 18:29:46] ONLINE: git-lfs-uninstall.html
[2026-05-30 18:29:46] ONLINE: git-lfs-unlock.html
[2026-05-30 18:29:46] ONLINE: git-lfs-untrack.html
[2026-05-30 18:29:46] ONLINE: git-lfs-update.html
[2026-05-30 18:29:46] ONLINE: git-lfs.html
[2026-05-30 18:29:46] ONLINE: git-log.html
[2026-05-30 18:29:46] ONLINE: git-ls-files.html
[2026-05-30 18:29:46] ONLINE: git-ls-remote.html
[2026-05-30 18:29:46] ONLINE: git-ls-tree.html
[2026-05-30 18:29:46] ONLINE: git-mailinfo.html
[2026-05-30 18:29:47] ONLINE: git-mailsplit.html
[2026-05-30 18:29:47] ONLINE: git-maintenance.html
[2026-05-30 18:29:47] ONLINE: git-merge-base.html
[2026-05-30 18:29:47] ONLINE: git-merge-file.html
[2026-05-30 18:29:47] ONLINE: git-merge-index.html
[2026-05-30 18:29:47] ONLINE: git-merge-one-file.html
[2026-05-30 18:29:47] ONLINE: git-merge-tree.html
[2026-05-30 18:29:47] ONLINE: git-merge.html
[2026-05-30 18:29:47] ONLINE: git-mergetool.html
[2026-05-30 18:29:47] ONLINE: git-mktag.html
[2026-05-30 18:29:48] ONLINE: git-mktree.html
[2026-05-30 18:29:48] ONLINE: git-multi-pack-index.html
[2026-05-30 18:29:48] ONLINE: git-mv.html
[2026-05-30 18:29:48] ONLINE: git-name-rev.html
[2026-05-30 18:29:48] ONLINE: git-notes.html
[2026-05-30 18:29:48] ONLINE: git-pack-objects.html
[2026-05-30 18:29:48] ONLINE: git-pack-redundant.html
[2026-05-30 18:29:48] ONLINE: git-pack-refs.html
[2026-05-30 18:29:48] ONLINE: git-patch-id.html
[2026-05-30 18:29:48] ONLINE: git-prune-packed.html
[2026-05-30 18:29:49] ONLINE: git-prune.html
[2026-05-30 18:29:49] ONLINE: git-pull.html
[2026-05-30 18:29:49] ONLINE: git-push.html
[2026-05-30 18:29:49] ONLINE: git-quiltimport.html
[2026-05-30 18:29:49] ONLINE: git-range-diff.html
[2026-05-30 18:29:49] ONLINE: git-read-tree.html
[2026-05-30 18:29:49] ONLINE: git-rebase.html
[2026-05-30 18:29:49] ONLINE: git-receive-pack.html
[2026-05-30 18:29:49] ONLINE: git-reflog.html
[2026-05-30 18:29:49] ONLINE: git-refs.html
[2026-05-30 18:29:49] ONLINE: git-remote-ext.html
[2026-05-30 18:29:49] ONLINE: git-remote-fd.html
[2026-05-30 18:29:49] ONLINE: git-remote-helpers.html
[2026-05-30 18:29:49] ONLINE: git-remote.html
[2026-05-30 18:29:49] ONLINE: git-repack.html
[2026-05-30 18:29:49] ONLINE: git-replace.html
[2026-05-30 18:29:49] ONLINE: git-replay.html
[2026-05-30 18:29:50] ONLINE: git-repo.html
[2026-05-30 18:29:50] ONLINE: git-request-pull.html
[2026-05-30 18:29:50] ONLINE: git-rerere.html
[2026-05-30 18:29:50] ONLINE: git-reset.html
[2026-05-30 18:29:50] ONLINE: git-restore.html
[2026-05-30 18:29:50] ONLINE: git-rev-list.html
[2026-05-30 18:29:50] ONLINE: git-rev-parse.html
[2026-05-30 18:29:50] ONLINE: git-revert.html
[2026-05-30 18:29:50] ONLINE: git-rm.html
[2026-05-30 18:29:50] ONLINE: git-send-email.html
[2026-05-30 18:29:50] ONLINE: git-send-pack.html
[2026-05-30 18:29:50] ONLINE: git-sh-i18n--envsubst.html
[2026-05-30 18:29:50] ONLINE: git-sh-i18n.html
[2026-05-30 18:29:50] ONLINE: git-sh-setup.html
[2026-05-30 18:29:51] ONLINE: git-shell.html
[2026-05-30 18:29:51] ONLINE: git-shortlog.html
[2026-05-30 18:29:51] ONLINE: git-show-branch.html
[2026-05-30 18:29:51] ONLINE: git-show-index.html
[2026-05-30 18:29:51] ONLINE: git-show-ref.html
[2026-05-30 18:29:51] ONLINE: git-show.html
[2026-05-30 18:29:51] ONLINE: git-sparse-checkout.html
[2026-05-30 18:29:51] ONLINE: git-stage.html
[2026-05-30 18:29:51] ONLINE: git-stash.html
[2026-05-30 18:29:51] ONLINE: git-status.html
[2026-05-30 18:29:51] ONLINE: git-stripspace.html
[2026-05-30 18:29:51] ONLINE: git-submodule.html
[2026-05-30 18:29:51] ONLINE: git-subtree.html
[2026-05-30 18:29:51] ONLINE: git-survey.html
[2026-05-30 18:29:51] ONLINE: git-svn.html
[2026-05-30 18:29:51] ONLINE: git-switch.html
[2026-05-30 18:29:52] ONLINE: git-symbolic-ref.html
[2026-05-30 18:29:52] ONLINE: git-tag.html
[2026-05-30 18:29:52] ONLINE: git-tools.html
[2026-05-30 18:29:52] ONLINE: git-unpack-file.html
[2026-05-30 18:29:52] ONLINE: git-unpack-objects.html
[2026-05-30 18:29:52] ONLINE: git-update-index.html
[2026-05-30 18:29:52] ONLINE: git-update-ref.html
[2026-05-30 18:29:52] ONLINE: git-update-server-info.html
[2026-05-30 18:29:52] ONLINE: git-upload-archive.html
[2026-05-30 18:29:52] ONLINE: git-upload-pack.html
[2026-05-30 18:29:52] ONLINE: git-var.html
[2026-05-30 18:29:52] ONLINE: git-verify-commit.html
[2026-05-30 18:29:52] ONLINE: git-verify-pack.html
[2026-05-30 18:29:52] ONLINE: git-verify-tag.html
[2026-05-30 18:29:52] ONLINE: git-version.html
[2026-05-30 18:29:53] ONLINE: git-web--browse.html
[2026-05-30 18:29:53] ONLINE: git-whatchanged.html
[2026-05-30 18:29:53] ONLINE: git-worktree.html
[2026-05-30 18:29:53] ONLINE: git-write-tree.html
[2026-05-30 18:29:53] ONLINE: git.html
[2026-05-30 18:29:53] ONLINE: gitattributes.html
[2026-05-30 18:29:53] ONLINE: gitcli.html
[2026-05-30 18:29:53] ONLINE: gitcore-tutorial.html
[2026-05-30 18:29:53] ONLINE: gitcredentials.html
[2026-05-30 18:29:53] ONLINE: gitdatamodel.html
[2026-05-30 18:29:54] ONLINE: gitdiffcore.html
[2026-05-30 18:29:54] ONLINE: giteveryday.html
[2026-05-30 18:29:54] ONLINE: gitfaq.html
[2026-05-30 18:29:54] ONLINE: gitformat-bundle.html
[2026-05-30 18:29:54] ONLINE: gitformat-chunk.html
[2026-05-30 18:29:54] ONLINE: gitformat-commit-graph.html
[2026-05-30 18:29:54] ONLINE: gitformat-index.html
[2026-05-30 18:29:54] ONLINE: gitformat-loose.html
[2026-05-30 18:29:55] ONLINE: gitformat-pack.html
[2026-05-30 18:29:55] ONLINE: gitformat-signature.html
[2026-05-30 18:29:55] ONLINE: gitglossary.html
[2026-05-30 18:29:55] ONLINE: githooks.html
[2026-05-30 18:29:55] ONLINE: gitignore.html
[2026-05-30 18:29:55] ONLINE: gitk.html
[2026-05-30 18:29:55] ONLINE: gitmailmap.html
[2026-05-30 18:29:55] ONLINE: gitmodules.html
[2026-05-30 18:29:55] ONLINE: gitnamespaces.html
[2026-05-30 18:29:55] ONLINE: gitpacking.html
[2026-05-30 18:29:55] ONLINE: gitprotocol-capabilities.html
[2026-05-30 18:29:55] ONLINE: gitprotocol-common.html
[2026-05-30 18:29:56] ONLINE: gitprotocol-http.html
[2026-05-30 18:29:56] ONLINE: gitprotocol-pack.html
[2026-05-30 18:29:56] ONLINE: gitprotocol-v2.html
[2026-05-30 18:29:56] ONLINE: gitremote-helpers.html
[2026-05-30 18:29:56] ONLINE: gitrepository-layout.html
[2026-05-30 18:29:56] ONLINE: gitrevisions.html
[2026-05-30 18:29:56] ONLINE: gitsubmodules.html
[2026-05-30 18:29:56] ONLINE: gittutorial-2.html
[2026-05-30 18:29:56] ONLINE: gittutorial.html
[2026-05-30 18:29:56] ONLINE: gitworkflows.html
[2026-05-30 18:30:00] ONLINE: hash-function-transition.html
[2026-05-30 18:30:00] ONLINE: help.html
[2026-05-30 18:30:01] ONLINE: howto-index.html
[2026-05-30 18:30:02] ONLINE: index_backup_20260402_180251.html
[2026-05-30 18:30:02] ONLINE: index_backup_20260402_181715.html
[2026-05-30 18:30:02] ONLINE: index__dup11.html
[2026-05-30 18:30:03] ONLINE: index__dup3.html
[2026-05-30 18:30:03] ONLINE: index__dup4.html
[2026-05-30 18:30:03] ONLINE: index__dup5.html
[2026-05-30 18:30:04] ONLINE: IOTEC BL — Construtora de Inovações e Tecnologia.html
[2026-05-30 18:30:05] ONLINE: IOTEC BL — Construtora e Distribuidora de Inovação e Tecnologia.html
[2026-05-30 18:30:08] ONLINE: keep-canonical-history-correct.html
[2026-05-30 18:30:08] ONLINE: large-object-promisors.html
[2026-05-30 18:30:09] ONLINE: long-running-process-protocol.html
[2026-05-30 18:30:09] ONLINE: maintain-git.html
[2026-05-30 18:30:12] ONLINE: multi-pack-index.html
[2026-05-30 18:30:12] ONLINE: MyFirstContribution.html
[2026-05-30 18:30:12] ONLINE: MyFirstObjectWalk.html
[2026-05-30 18:30:12] ONLINE: new-command.html
[2026-05-30 18:30:15] ONLINE: Otimização Judicial com Séries Temporais.html
[2026-05-30 18:30:15] ONLINE: pack-heuristics.html
[2026-05-30 18:30:15] ONLINE: packfile-uri.html
[2026-05-30 18:30:16] ONLINE: parallel-checkout.html
[2026-05-30 18:30:16] ONLINE: partial-clone.html
[2026-05-30 18:30:16] ONLINE: platform-support.html
[2026-05-30 18:30:21] ONLINE: racy-git.html
[2026-05-30 18:30:22] ONLINE: rebase-from-internal-branch.html
[2026-05-30 18:30:22] ONLINE: rebuild-from-update-hook.html
[2026-05-30 18:30:22] ONLINE: recepcao.html
[2026-05-30 18:30:22] ONLINE: recepcao__dup1.html
[2026-05-30 18:30:22] ONLINE: recepcao__dup2.html
[2026-05-30 18:30:22] ONLINE: recover-corrupted-blob-object.html
[2026-05-30 18:30:22] ONLINE: recover-corrupted-object-harder.html
[2026-05-30 18:30:22] ONLINE: reftable.html
[2026-05-30 18:30:22] ONLINE: remembering-renames.html
[2026-05-30 18:30:23] ONLINE: repository-version.html
[2026-05-30 18:30:23] ONLINE: rerere.html
[2026-05-30 18:30:23] ONLINE: revert-a-faulty-merge.html
[2026-05-30 18:30:23] ONLINE: revert-branch-rebase.html
[2026-05-30 18:30:23] ONLINE: ReviewingGuidelines.html
[2026-05-30 18:30:23] ONLINE: scalar.html
[2026-05-30 18:30:23] ONLINE: scalar__dup1.html
[2026-05-30 18:30:24] ONLINE: send-pack-pipeline.html
[2026-05-30 18:30:24] ONLINE: separating-topic-branches.html
[2026-05-30 18:30:24] ONLINE: setup-git-server-over-http.html
[2026-05-30 18:30:24] ONLINE: shallow.html
[2026-05-30 18:30:24] ONLINE: ShopTec — Tecnologia e Inovação Digital · IOTEC BL.html
[2026-05-30 18:30:25] ONLINE: sparse-checkout.html
[2026-05-30 18:30:25] ONLINE: sparse-index.html
[2026-05-30 18:30:28] ONLINE: SubmittingPatches.html
[2026-05-30 18:30:29] ONLINE: ToolsForGit.html
[2026-05-30 18:30:29] ONLINE: trivial-merge.html
[2026-05-30 18:30:29] ONLINE: unambiguous-types.html
[2026-05-30 18:30:29] ONLINE: unit-tests.html
[2026-05-30 18:30:29] ONLINE: update-hook-example.html
[2026-05-30 18:30:29] ONLINE: use-git-daemon.html
[2026-05-30 18:30:30] ONLINE: user-manual.html
[2026-05-30 18:30:30] ONLINE: using-merge-subtree.html
[2026-05-30 18:30:30] ONLINE: using-signed-tag-in-pull-request.html
[2026-05-30 18:30:32] ONLINE: 4BDFD0B8CD4A4844518D329E756A032F_help.html
[2026-05-30 18:30:33] ONLINE: api-error-handling.html
[2026-05-30 18:30:33] ONLINE: api-index.html
[2026-05-30 18:30:33] ONLINE: api-merge.html
[2026-05-30 18:30:33] ONLINE: api-parse-options.html
[2026-05-30 18:30:33] ONLINE: api-path-walk.html
[2026-05-30 18:30:33] ONLINE: api-simple-ipc.html
[2026-05-30 18:30:33] ONLINE: api-trace2.html
[2026-05-30 18:30:34] ONLINE: bitmap-format.html
[2026-05-30 18:30:35] ONLINE: BreakingChanges.html
[2026-05-30 18:30:35] ONLINE: build-systems.html
[2026-05-30 18:30:35] ONLINE: bundle-uri.html
[2026-05-30 18:30:37] ONLINE: bundle_078.html
[2026-05-30 18:30:37] ONLINE: bundle_10001.html
[2026-05-30 18:30:39] ONLINE: bundle_10065.html
[2026-05-30 18:30:50] ONLINE: bundle_10440.html
[2026-05-30 18:30:52] ONLINE: bundle_10519.html
[2026-05-30 18:30:54] ONLINE: bundle_10568.html
[2026-05-30 18:30:55] ONLINE: bundle_10606.html
[2026-05-30 18:30:55] ONLINE: bundle_10611.html
[2026-05-30 18:30:56] ONLINE: bundle_10636.html
[2026-05-30 18:30:57] ONLINE: bundle_10676.html
[2026-05-30 18:30:57] ONLINE: bundle_10678.html
[2026-05-30 18:30:57] ONLINE: bundle_10698.html
[2026-05-30 18:30:57] ONLINE: bundle_10699.html
[2026-05-30 18:30:58] ONLINE: bundle_10704.html
[2026-05-30 18:30:58] ONLINE: bundle_10716.html
[2026-05-30 18:31:00] ONLINE: bundle_10779.html
[2026-05-30 18:31:00] ONLINE: bundle_10791.html
[2026-05-30 18:31:00] ONLINE: bundle_10799.html
[2026-05-30 18:31:01] ONLINE: bundle_10807.html
[2026-05-30 18:31:02] ONLINE: bundle_10871.html
[2026-05-30 18:31:05] ONLINE: bundle_1098.html
[2026-05-30 18:31:13] ONLINE: bundle_11246.html
[2026-05-30 18:31:15] ONLINE: bundle_11325.html
[2026-05-30 18:31:17] ONLINE: bundle_11374.html
[2026-05-30 18:31:18] ONLINE: bundle_11412.html
[2026-05-30 18:31:18] ONLINE: bundle_11417.html
[2026-05-30 18:31:19] ONLINE: bundle_11442.html
[2026-05-30 18:31:20] ONLINE: bundle_11482.html
[2026-05-30 18:31:20] ONLINE: bundle_11483.html
[2026-05-30 18:31:20] ONLINE: bundle_11504.html
[2026-05-30 18:31:20] ONLINE: bundle_11505.html
[2026-05-30 18:31:20] ONLINE: bundle_11510.html
[2026-05-30 18:31:21] ONLINE: bundle_11522.html
[2026-05-30 18:31:23] ONLINE: bundle_11585.html
[2026-05-30 18:31:23] ONLINE: bundle_11596.html
[2026-05-30 18:31:23] ONLINE: bundle_11597.html
[2026-05-30 18:31:23] ONLINE: bundle_11605.html
[2026-05-30 18:31:24] ONLINE: bundle_11613.html
[2026-05-30 18:31:26] ONLINE: bundle_11676.html
[2026-05-30 18:31:38] ONLINE: bundle_12052.html
[2026-05-30 18:31:41] ONLINE: bundle_12131.html
[2026-05-30 18:31:47] ONLINE: bundle_12292.html
[2026-05-30 18:31:50] ONLINE: bundle_1253.html
[2026-05-30 18:31:51] ONLINE: bundle_1260.html
[2026-05-30 18:31:58] ONLINE: bundle_1432.html
[2026-05-30 18:32:07] ONLINE: bundle_1576.html
[2026-05-30 18:32:16] ONLINE: bundle_1842.html
[2026-05-30 18:32:18] ONLINE: bundle_1919.html
[2026-05-30 18:32:20] ONLINE: bundle_1984.html
[2026-05-30 18:32:20] ONLINE: bundle_1985.html
[2026-05-30 18:32:20] ONLINE: bundle_1993.html
[2026-05-30 18:32:36] ONLINE: bundle_252.html
[2026-05-30 18:32:38] ONLINE: bundle_260.html
[2026-05-30 18:33:04] ONLINE: bundle_3435.html
[2026-05-30 18:33:10] ONLINE: bundle_3578.html
[2026-05-30 18:33:11] ONLINE: bundle_3585.html
[2026-05-30 18:33:17] ONLINE: bundle_3743.html
[2026-05-30 18:33:24] ONLINE: bundle_3941.html
[2026-05-30 18:33:27] ONLINE: bundle_4020.html
[2026-05-30 18:33:29] ONLINE: bundle_4088.html
[2026-05-30 18:33:29] ONLINE: bundle_4089.html
[2026-05-30 18:33:30] ONLINE: bundle_4137.html
[2026-05-30 18:33:30] ONLINE: bundle_4138.html
[2026-05-30 18:33:38] ONLINE: bundle_4330.html
[2026-05-30 18:33:43] ONLINE: bundle_4492.html
[2026-05-30 18:33:43] ONLINE: bundle_4500.html
[2026-05-30 18:33:44] ONLINE: bundle_455.html
[2026-05-30 18:33:48] ONLINE: bundle_4683.html
[2026-05-30 18:33:54] ONLINE: bundle_4900.html
[2026-05-30 18:33:56] ONLINE: bundle_4979.html
[2026-05-30 18:33:58] ONLINE: bundle_5048.html
[2026-05-30 18:33:58] ONLINE: bundle_5049.html
[2026-05-30 18:33:59] ONLINE: bundle_5101.html
[2026-05-30 18:34:00] ONLINE: bundle_5102.html
[2026-05-30 18:34:05] ONLINE: bundle_5303.html
[2026-05-30 18:34:06] ONLINE: bundle_5341.html
[2026-05-30 18:34:06] ONLINE: bundle_5346.html
[2026-05-30 18:34:09] ONLINE: bundle_5444.html
[2026-05-30 18:34:09] ONLINE: bundle_5456.html
[2026-05-30 18:34:09] ONLINE: bundle_5457.html
[2026-05-30 18:34:09] ONLINE: bundle_5465.html
[2026-05-30 18:34:10] ONLINE: bundle_5471.html
[2026-05-30 18:34:11] ONLINE: bundle_5534.html
[2026-05-30 18:34:15] ONLINE: bundle_5684.html
[2026-05-30 18:34:16] ONLINE: bundle_5721.html
[2026-05-30 18:34:17] ONLINE: bundle_5726.html
[2026-05-30 18:34:19] ONLINE: bundle_5825.html
[2026-05-30 18:34:19] ONLINE: bundle_5837.html
[2026-05-30 18:34:20] ONLINE: bundle_5845.html
[2026-05-30 18:34:20] ONLINE: bundle_5852.html
[2026-05-30 18:34:22] ONLINE: bundle_5915.html
[2026-05-30 18:34:26] ONLINE: bundle_6066.html
[2026-05-30 18:34:27] ONLINE: bundle_6104.html
[2026-05-30 18:34:27] ONLINE: bundle_6109.html
[2026-05-30 18:34:29] ONLINE: bundle_6207.html
[2026-05-30 18:34:30] ONLINE: bundle_6219.html
[2026-05-30 18:34:30] ONLINE: bundle_6220.html
[2026-05-30 18:34:30] ONLINE: bundle_6228.html
[2026-05-30 18:34:30] ONLINE: bundle_6234.html
[2026-05-30 18:34:32] ONLINE: bundle_6297.html
[2026-05-30 18:34:37] ONLINE: bundle_6480.html
[2026-05-30 18:34:46] ONLINE: bundle_679.html
[2026-05-30 18:35:05] ONLINE: bundle_7404.html
[2026-05-30 18:35:09] ONLINE: bundle_7547.html
[2026-05-30 18:35:09] ONLINE: bundle_7554.html
[2026-05-30 18:35:10] ONLINE: bundle_758.html
[2026-05-30 18:35:14] ONLINE: bundle_7712.html
[2026-05-30 18:35:20] ONLINE: bundle_7910.html
[2026-05-30 18:35:22] ONLINE: bundle_7990.html
[2026-05-30 18:35:24] ONLINE: bundle_8057.html
[2026-05-30 18:35:24] ONLINE: bundle_8058.html
[2026-05-30 18:35:25] ONLINE: bundle_8106.html
[2026-05-30 18:35:25] ONLINE: bundle_8107.html
[2026-05-30 18:35:29] ONLINE: bundle_826.html
[2026-05-30 18:35:29] ONLINE: bundle_827.html
[2026-05-30 18:35:37] ONLINE: bundle_8559.html
[2026-05-30 18:35:42] ONLINE: bundle_8737.html
[2026-05-30 18:35:45] ONLINE: bundle_882.html
[2026-05-30 18:35:45] ONLINE: bundle_883.html
[2026-05-30 18:35:48] ONLINE: bundle_8948.html
[2026-05-30 18:35:50] ONLINE: bundle_9027.html
[2026-05-30 18:35:52] ONLINE: bundle_9095.html
[2026-05-30 18:35:53] ONLINE: bundle_9096.html
[2026-05-30 18:35:54] ONLINE: bundle_9147.html
[2026-05-30 18:35:58] ONLINE: bundle_9284.html
[2026-05-30 18:36:00] ONLINE: bundle_9355.html
[2026-05-30 18:36:06] ONLINE: bundle_9552.html
[2026-05-30 18:36:06] ONLINE: bundle_9558.html
[2026-05-30 18:36:10] ONLINE: bundle_9713.html
[2026-05-30 18:36:12] ONLINE: bundle_9763.html
[2026-05-30 18:36:13] ONLINE: bundle_9800.html
[2026-05-30 18:36:13] ONLINE: bundle_9805.html
[2026-05-30 18:36:13] ONLINE: bundle_9806.html
[2026-05-30 18:36:14] ONLINE: bundle_9830.html
[2026-05-30 18:36:15] ONLINE: bundle_9870.html
[2026-05-30 18:36:15] ONLINE: bundle_9872.html
[2026-05-30 18:36:15] ONLINE: bundle_9892.html
[2026-05-30 18:36:15] ONLINE: bundle_9893.html
[2026-05-30 18:36:15] ONLINE: bundle_9898.html
[2026-05-30 18:36:16] ONLINE: bundle_9910.html
[2026-05-30 18:36:18] ONLINE: bundle_9973.html
[2026-05-30 18:36:18] ONLINE: bundle_9985.html
[2026-05-30 18:36:18] ONLINE: bundle_9993.html
[2026-05-30 18:36:24] TOWER_CONNECTED: button.html
[2026-05-30 18:36:25] ONLINE: cliente.html
[2026-05-30 18:36:25] ONLINE: cobranca.html
[2026-05-30 18:36:26] ONLINE: cockpit_iotec.html
[2026-05-30 18:36:26] ONLINE: cockpit_iotec_v2.html
[2026-05-30 18:36:28] ONLINE: cockpit_nucleo.html
[2026-05-30 18:36:29] ONLINE: commit-graph.html
[2026-05-30 18:36:30] ONLINE: coordinate-embargoed-releases.html
[2026-05-30 18:36:30] ONLINE: DecisionMaking.html
[2026-05-30 18:36:31] ONLINE: directory-rename-detection.html
[2026-05-30 18:36:32] ONLINE: everyday.html
[2026-05-30 18:36:32] ONLINE: ficha.html
[2026-05-30 18:36:33] ONLINE: ficha__dup1.html
[2026-05-30 18:36:33] ONLINE: ficha__dup2.html
[2026-05-30 18:36:34] ONLINE: git-add.html
[2026-05-30 18:36:34] ONLINE: git-am.html
[2026-05-30 18:36:34] ONLINE: git-annotate.html
[2026-05-30 18:36:34] ONLINE: git-apply.html
[2026-05-30 18:36:34] ONLINE: git-archive.html
[2026-05-30 18:36:34] ONLINE: git-backfill.html
[2026-05-30 18:36:34] ONLINE: git-bash.html
[2026-05-30 18:36:35] ONLINE: git-bisect-lk2009.html
[2026-05-30 18:36:35] ONLINE: git-bisect.html
[2026-05-30 18:36:35] ONLINE: git-blame.html
[2026-05-30 18:36:35] ONLINE: git-branch.html
[2026-05-30 18:36:35] ONLINE: git-bugreport.html
[2026-05-30 18:36:35] ONLINE: git-bundle.html
[2026-05-30 18:36:35] ONLINE: git-cat-file.html
[2026-05-30 18:36:35] ONLINE: git-check-attr.html
[2026-05-30 18:36:35] ONLINE: git-check-ignore.html
[2026-05-30 18:36:35] ONLINE: git-check-mailmap.html
[2026-05-30 18:36:35] ONLINE: git-check-ref-format.html
[2026-05-30 18:36:35] ONLINE: git-checkout-index.html
[2026-05-30 18:36:35] ONLINE: git-checkout.html
[2026-05-30 18:36:36] ONLINE: git-cherry-pick.html
[2026-05-30 18:36:36] ONLINE: git-cherry.html
[2026-05-30 18:36:36] ONLINE: git-citool.html
[2026-05-30 18:36:36] ONLINE: git-clean.html
[2026-05-30 18:36:36] ONLINE: git-clone.html
[2026-05-30 18:36:36] ONLINE: git-column.html
[2026-05-30 18:36:36] ONLINE: git-commit-graph.html
[2026-05-30 18:36:36] ONLINE: git-commit-tree.html
[2026-05-30 18:36:36] ONLINE: git-commit.html
[2026-05-30 18:36:37] ONLINE: git-config.html
[2026-05-30 18:36:37] ONLINE: git-count-objects.html
[2026-05-30 18:36:37] ONLINE: git-credential-cache--daemon.html
[2026-05-30 18:36:37] ONLINE: git-credential-cache.html
[2026-05-30 18:36:38] ONLINE: git-credential-store.html
[2026-05-30 18:36:38] ONLINE: git-credential.html
[2026-05-30 18:36:38] ONLINE: git-daemon.html
[2026-05-30 18:36:38] ONLINE: git-describe.html
[2026-05-30 18:36:38] ONLINE: git-diagnose.html
[2026-05-30 18:36:38] ONLINE: git-diff-files.html
[2026-05-30 18:36:38] ONLINE: git-diff-index.html
[2026-05-30 18:36:38] ONLINE: git-diff-pairs.html
[2026-05-30 18:36:38] ONLINE: git-diff-tree.html
[2026-05-30 18:36:38] ONLINE: git-diff.html
[2026-05-30 18:36:38] ONLINE: git-difftool.html
[2026-05-30 18:36:38] ONLINE: git-fast-export.html
[2026-05-30 18:36:38] ONLINE: git-fast-import.html
[2026-05-30 18:36:39] ONLINE: git-fetch-pack.html
[2026-05-30 18:36:39] ONLINE: git-fetch.html
[2026-05-30 18:36:39] ONLINE: git-filter-branch.html
[2026-05-30 18:36:39] ONLINE: git-fmt-merge-msg.html
[2026-05-30 18:36:39] ONLINE: git-for-each-ref.html
[2026-05-30 18:36:39] ONLINE: git-for-each-repo.html
[2026-05-30 18:36:39] ONLINE: git-format-patch.html
[2026-05-30 18:36:39] ONLINE: git-fsck-objects.html
[2026-05-30 18:36:39] ONLINE: git-fsck.html
[2026-05-30 18:36:39] ONLINE: git-fsmonitor--daemon.html
[2026-05-30 18:36:39] ONLINE: git-gc.html
[2026-05-30 18:36:39] ONLINE: git-get-tar-commit-id.html
[2026-05-30 18:36:40] ONLINE: git-grep.html
[2026-05-30 18:36:40] ONLINE: git-gui.html
[2026-05-30 18:36:40] ONLINE: git-hash-object.html
[2026-05-30 18:36:40] ONLINE: git-help.html
[2026-05-30 18:36:40] ONLINE: git-hook.html
[2026-05-30 18:36:40] ONLINE: git-http-backend.html
[2026-05-30 18:36:40] ONLINE: git-http-fetch.html
[2026-05-30 18:36:40] ONLINE: git-http-push.html
[2026-05-30 18:36:40] ONLINE: git-imap-send.html
[2026-05-30 18:36:40] ONLINE: git-index-pack.html
[2026-05-30 18:36:41] ONLINE: git-init-db.html
[2026-05-30 18:36:41] ONLINE: git-init.html
[2026-05-30 18:36:41] ONLINE: git-instaweb.html
[2026-05-30 18:36:41] ONLINE: git-interpret-trailers.html
[2026-05-30 18:36:41] ONLINE: git-last-modified.html
[2026-05-30 18:36:41] ONLINE: git-lfs-checkout.html
[2026-05-30 18:36:41] ONLINE: git-lfs-clean.html
[2026-05-30 18:36:41] ONLINE: git-lfs-clone.html
[2026-05-30 18:36:41] ONLINE: git-lfs-completion.html
[2026-05-30 18:36:41] ONLINE: git-lfs-dedup.html
[2026-05-30 18:36:41] ONLINE: git-lfs-env.html
[2026-05-30 18:36:41] ONLINE: git-lfs-ext.html
[2026-05-30 18:36:41] ONLINE: git-lfs-fetch.html
[2026-05-30 18:36:41] ONLINE: git-lfs-filter-process.html
[2026-05-30 18:36:41] ONLINE: git-lfs-fsck.html
[2026-05-30 18:36:42] ONLINE: git-lfs-install.html
[2026-05-30 18:36:42] ONLINE: git-lfs-lock.html
[2026-05-30 18:36:42] ONLINE: git-lfs-locks.html
[2026-05-30 18:36:42] ONLINE: git-lfs-logs.html
[2026-05-30 18:36:42] ONLINE: git-lfs-ls-files.html
[2026-05-30 18:36:42] ONLINE: git-lfs-merge-driver.html
[2026-05-30 18:36:42] ONLINE: git-lfs-migrate.html
[2026-05-30 18:36:42] ONLINE: git-lfs-pointer.html
[2026-05-30 18:36:42] ONLINE: git-lfs-post-checkout.html
[2026-05-30 18:36:42] ONLINE: git-lfs-post-commit.html
[2026-05-30 18:36:42] ONLINE: git-lfs-post-merge.html
[2026-05-30 18:36:42] ONLINE: git-lfs-pre-push.html
[2026-05-30 18:36:42] ONLINE: git-lfs-prune.html
[2026-05-30 18:36:43] ONLINE: git-lfs-pull.html
[2026-05-30 18:36:43] ONLINE: git-lfs-push.html
[2026-05-30 18:36:43] ONLINE: git-lfs-smudge.html
[2026-05-30 18:36:43] ONLINE: git-lfs-standalone-file.html
[2026-05-30 18:36:43] ONLINE: git-lfs-status.html
[2026-05-30 18:36:43] ONLINE: git-lfs-track.html
[2026-05-30 18:36:43] ONLINE: git-lfs-uninstall.html
[2026-05-30 18:36:43] ONLINE: git-lfs-unlock.html
[2026-05-30 18:36:43] ONLINE: git-lfs-untrack.html
[2026-05-30 18:36:43] ONLINE: git-lfs-update.html
[2026-05-30 18:36:43] ONLINE: git-lfs.html
[2026-05-30 18:36:43] ONLINE: git-log.html
[2026-05-30 18:36:43] ONLINE: git-ls-files.html
[2026-05-30 18:36:43] ONLINE: git-ls-remote.html
[2026-05-30 18:36:44] ONLINE: git-ls-tree.html
[2026-05-30 18:36:44] ONLINE: git-mailinfo.html
[2026-05-30 18:36:44] ONLINE: git-mailsplit.html
[2026-05-30 18:36:44] ONLINE: git-maintenance.html
[2026-05-30 18:36:44] ONLINE: git-merge-base.html
[2026-05-30 18:36:44] ONLINE: git-merge-file.html
[2026-05-30 18:36:44] ONLINE: git-merge-index.html
[2026-05-30 18:36:44] ONLINE: git-merge-one-file.html
[2026-05-30 18:36:44] ONLINE: git-merge-tree.html
[2026-05-30 18:36:44] ONLINE: git-merge.html
[2026-05-30 18:36:44] ONLINE: git-mergetool.html
[2026-05-30 18:36:44] ONLINE: git-mktag.html
[2026-05-30 18:36:44] ONLINE: git-mktree.html
[2026-05-30 18:36:44] ONLINE: git-multi-pack-index.html
[2026-05-30 18:36:45] ONLINE: git-mv.html
[2026-05-30 18:36:45] ONLINE: git-name-rev.html
[2026-05-30 18:36:45] ONLINE: git-notes.html
[2026-05-30 18:36:45] ONLINE: git-pack-objects.html
[2026-05-30 18:36:45] ONLINE: git-pack-redundant.html
[2026-05-30 18:36:45] ONLINE: git-pack-refs.html
[2026-05-30 18:36:45] ONLINE: git-patch-id.html
[2026-05-30 18:36:45] ONLINE: git-prune-packed.html
[2026-05-30 18:36:45] ONLINE: git-prune.html
[2026-05-30 18:36:45] ONLINE: git-pull.html
[2026-05-30 18:36:45] ONLINE: git-push.html
[2026-05-30 18:36:45] ONLINE: git-quiltimport.html
[2026-05-30 18:36:45] ONLINE: git-range-diff.html
[2026-05-30 18:36:45] ONLINE: git-read-tree.html
[2026-05-30 18:36:45] ONLINE: git-rebase.html
[2026-05-30 18:36:45] ONLINE: git-receive-pack.html
[2026-05-30 18:36:45] ONLINE: git-reflog.html
[2026-05-30 18:36:45] ONLINE: git-refs.html
[2026-05-30 18:36:45] ONLINE: git-remote-ext.html
[2026-05-30 18:36:46] ONLINE: git-remote-fd.html
[2026-05-30 18:36:46] ONLINE: git-remote-helpers.html
[2026-05-30 18:36:46] ONLINE: git-remote.html
[2026-05-30 18:36:46] ONLINE: git-repack.html
[2026-05-30 18:36:46] ONLINE: git-replace.html
[2026-05-30 18:36:46] ONLINE: git-replay.html
[2026-05-30 18:36:46] ONLINE: git-repo.html
[2026-05-30 18:36:46] ONLINE: git-request-pull.html
[2026-05-30 18:36:46] ONLINE: git-rerere.html
[2026-05-30 18:36:46] ONLINE: git-reset.html
[2026-05-30 18:36:46] ONLINE: git-restore.html
[2026-05-30 18:36:46] ONLINE: git-rev-list.html
[2026-05-30 18:36:46] ONLINE: git-rev-parse.html
[2026-05-30 18:36:46] ONLINE: git-revert.html
[2026-05-30 18:36:46] ONLINE: git-rm.html
[2026-05-30 18:36:46] ONLINE: git-send-email.html
[2026-05-30 18:36:47] ONLINE: git-send-pack.html
[2026-05-30 18:36:47] ONLINE: git-sh-i18n--envsubst.html
[2026-05-30 18:36:47] ONLINE: git-sh-i18n.html
[2026-05-30 18:36:47] ONLINE: git-sh-setup.html
[2026-05-30 18:36:47] ONLINE: git-shell.html
[2026-05-30 18:36:47] ONLINE: git-shortlog.html
[2026-05-30 18:36:47] ONLINE: git-show-branch.html
[2026-05-30 18:36:47] ONLINE: git-show-index.html
[2026-05-30 18:36:47] ONLINE: git-show-ref.html
[2026-05-30 18:36:47] ONLINE: git-show.html
[2026-05-30 18:36:47] ONLINE: git-sparse-checkout.html
[2026-05-30 18:36:47] ONLINE: git-stage.html
[2026-05-30 18:36:47] ONLINE: git-stash.html
[2026-05-30 18:36:47] ONLINE: git-status.html
[2026-05-30 18:36:48] ONLINE: git-stripspace.html
[2026-05-30 18:36:48] ONLINE: git-submodule.html
[2026-05-30 18:36:48] ONLINE: git-subtree.html
[2026-05-30 18:36:48] ONLINE: git-survey.html
[2026-05-30 18:36:48] ONLINE: git-svn.html
[2026-05-30 18:36:48] ONLINE: git-switch.html
[2026-05-30 18:36:48] ONLINE: git-symbolic-ref.html
[2026-05-30 18:36:48] ONLINE: git-tag.html
[2026-05-30 18:36:48] ONLINE: git-tools.html
[2026-05-30 18:36:48] ONLINE: git-unpack-file.html
[2026-05-30 18:36:48] ONLINE: git-unpack-objects.html
[2026-05-30 18:36:48] ONLINE: git-update-index.html
[2026-05-30 18:36:48] ONLINE: git-update-ref.html
[2026-05-30 18:36:49] ONLINE: git-update-server-info.html
[2026-05-30 18:36:49] ONLINE: git-upload-archive.html
[2026-05-30 18:36:49] ONLINE: git-upload-pack.html
[2026-05-30 18:36:49] ONLINE: git-var.html
[2026-05-30 18:36:49] ONLINE: git-verify-commit.html
[2026-05-30 18:36:49] ONLINE: git-verify-pack.html
[2026-05-30 18:36:49] ONLINE: git-verify-tag.html
[2026-05-30 18:36:49] ONLINE: git-version.html
[2026-05-30 18:36:49] ONLINE: git-web--browse.html
[2026-05-30 18:36:49] ONLINE: git-whatchanged.html
[2026-05-30 18:36:49] ONLINE: git-worktree.html
[2026-05-30 18:36:49] ONLINE: git-write-tree.html
[2026-05-30 18:36:50] ONLINE: git.html
[2026-05-30 18:36:50] ONLINE: gitattributes.html
[2026-05-30 18:36:50] ONLINE: gitcli.html
[2026-05-30 18:36:50] ONLINE: gitcore-tutorial.html
[2026-05-30 18:36:50] ONLINE: gitcredentials.html
[2026-05-30 18:36:50] ONLINE: gitdatamodel.html
[2026-05-30 18:36:50] ONLINE: gitdiffcore.html
[2026-05-30 18:36:50] ONLINE: giteveryday.html
[2026-05-30 18:36:50] ONLINE: gitfaq.html
[2026-05-30 18:36:50] ONLINE: gitformat-bundle.html
[2026-05-30 18:36:50] ONLINE: gitformat-chunk.html
[2026-05-30 18:36:50] ONLINE: gitformat-commit-graph.html
[2026-05-30 18:36:50] ONLINE: gitformat-index.html
[2026-05-30 18:36:50] ONLINE: gitformat-loose.html
[2026-05-30 18:36:50] ONLINE: gitformat-pack.html
[2026-05-30 18:36:50] ONLINE: gitformat-signature.html
[2026-05-30 18:36:51] ONLINE: gitglossary.html
[2026-05-30 18:36:51] ONLINE: githooks.html
[2026-05-30 18:36:51] ONLINE: gitignore.html
[2026-05-30 18:36:51] ONLINE: gitk.html
[2026-05-30 18:36:51] ONLINE: gitmailmap.html
[2026-05-30 18:36:51] ONLINE: gitmodules.html
[2026-05-30 18:36:51] ONLINE: gitnamespaces.html
[2026-05-30 18:36:51] ONLINE: gitpacking.html
[2026-05-30 18:36:51] ONLINE: gitprotocol-capabilities.html
[2026-05-30 18:36:51] ONLINE: gitprotocol-common.html
[2026-05-30 18:36:51] ONLINE: gitprotocol-http.html
[2026-05-30 18:36:51] ONLINE: gitprotocol-pack.html
[2026-05-30 18:36:51] ONLINE: gitprotocol-v2.html
[2026-05-30 18:36:51] ONLINE: gitremote-helpers.html
[2026-05-30 18:36:51] ONLINE: gitrepository-layout.html
[2026-05-30 18:36:52] ONLINE: gitrevisions.html
[2026-05-30 18:36:52] ONLINE: gitsubmodules.html
[2026-05-30 18:36:52] ONLINE: gittutorial-2.html
[2026-05-30 18:36:52] ONLINE: gittutorial.html
[2026-05-30 18:36:52] ONLINE: gitworkflows.html
[2026-05-30 18:36:53] ONLINE: hash-function-transition.html
[2026-05-30 18:36:54] ONLINE: help.html
[2026-05-30 18:36:54] ONLINE: howto-index.html
[2026-05-30 18:36:55] ONLINE: index_backup_20260402_180251.html
[2026-05-30 18:36:55] ONLINE: index_backup_20260402_181715.html
[2026-05-30 18:36:56] ONLINE: index__dup3.html
[2026-05-30 18:36:56] ONLINE: index__dup4.html
[2026-05-30 18:36:56] ONLINE: index__dup5.html
[2026-05-30 18:36:57] ONLINE: IOTEC BL — Construtora de Inovações e Tecnologia.html
[2026-05-30 18:36:57] ONLINE: IOTEC BL — Construtora e Distribuidora de Inovação e Tecnologia.html
[2026-05-30 18:37:00] ONLINE: keep-canonical-history-correct.html
[2026-05-30 18:37:01] ONLINE: large-object-promisors.html
[2026-05-30 18:37:01] ONLINE: long-running-process-protocol.html
[2026-05-30 18:37:01] ONLINE: maintain-git.html
[2026-05-30 18:37:04] ONLINE: multi-pack-index.html
[2026-05-30 18:37:04] ONLINE: MyFirstContribution.html
[2026-05-30 18:37:04] ONLINE: MyFirstObjectWalk.html
[2026-05-30 18:37:04] ONLINE: new-command.html
[2026-05-30 18:37:07] ONLINE: Otimização Judicial com Séries Temporais.html
[2026-05-30 18:37:08] ONLINE: pack-heuristics.html
[2026-05-30 18:37:08] ONLINE: packfile-uri.html
[2026-05-30 18:37:08] ONLINE: parallel-checkout.html
[2026-05-30 18:37:08] ONLINE: partial-clone.html
[2026-05-30 18:37:09] ONLINE: platform-support.html
[2026-05-30 18:37:14] ONLINE: racy-git.html
[2026-05-30 18:37:14] ONLINE: rebase-from-internal-branch.html
[2026-05-30 18:37:14] ONLINE: rebuild-from-update-hook.html
[2026-05-30 18:37:14] ONLINE: recepcao.html
[2026-05-30 18:37:14] ONLINE: recepcao__dup1.html
[2026-05-30 18:37:14] ONLINE: recepcao__dup2.html
[2026-05-30 18:37:14] ONLINE: recover-corrupted-blob-object.html
[2026-05-30 18:37:14] ONLINE: recover-corrupted-object-harder.html
[2026-05-30 18:37:15] ONLINE: reftable.html
[2026-05-30 18:37:15] ONLINE: remembering-renames.html
[2026-05-30 18:37:15] ONLINE: repository-version.html
[2026-05-30 18:37:15] ONLINE: rerere.html
[2026-05-30 18:37:15] ONLINE: revert-a-faulty-merge.html
[2026-05-30 18:37:15] ONLINE: revert-branch-rebase.html
[2026-05-30 18:37:15] ONLINE: ReviewingGuidelines.html
[2026-05-30 18:37:16] ONLINE: scalar.html
[2026-05-30 18:37:16] ONLINE: scalar__dup1.html
[2026-05-30 18:37:16] ONLINE: send-pack-pipeline.html
[2026-05-30 18:37:16] ONLINE: separating-topic-branches.html
[2026-05-30 18:37:16] ONLINE: setup-git-server-over-http.html
[2026-05-30 18:37:16] ONLINE: shallow.html
[2026-05-30 18:37:17] ONLINE: sparse-checkout.html
[2026-05-30 18:37:17] ONLINE: sparse-index.html
[2026-05-30 18:37:20] ONLINE: SubmittingPatches.html
[2026-05-30 18:37:20] ONLINE: ToolsForGit.html
[2026-05-30 18:37:20] ONLINE: trivial-merge.html
[2026-05-30 18:37:20] ONLINE: unambiguous-types.html
[2026-05-30 18:37:20] ONLINE: unit-tests.html
[2026-05-30 18:37:20] ONLINE: update-hook-example.html
[2026-05-30 18:37:21] ONLINE: use-git-daemon.html
[2026-05-30 18:37:21] ONLINE: user-manual.html
[2026-05-30 18:37:21] ONLINE: using-merge-subtree.html
[2026-05-30 18:37:21] ONLINE: using-signed-tag-in-pull-request.html
[2026-05-30 18:37:24] ONLINE: api-error-handling.html
[2026-05-30 18:37:24] ONLINE: api-index.html
[2026-05-30 18:37:24] ONLINE: api-merge.html
[2026-05-30 18:37:24] ONLINE: api-parse-options.html
[2026-05-30 18:37:24] ONLINE: api-path-walk.html
[2026-05-30 18:37:24] ONLINE: api-simple-ipc.html
[2026-05-30 18:37:24] ONLINE: api-trace2.html
[2026-05-30 18:37:24] ONLINE: bitmap-format.html
[2026-05-30 18:37:25] ONLINE: BreakingChanges.html
[2026-05-30 18:37:25] ONLINE: build-systems.html
[2026-05-30 18:37:25] ONLINE: bundle-uri.html
[2026-05-30 18:37:26] TOWER_CONNECTED: button.html
[2026-05-30 18:37:26] ONLINE: commit-graph.html
[2026-05-30 18:37:27] ONLINE: coordinate-embargoed-releases.html
[2026-05-30 18:37:27] ONLINE: DecisionMaking.html
[2026-05-30 18:37:27] ONLINE: directory-rename-detection.html
[2026-05-30 18:37:28] ONLINE: everyday.html
[2026-05-30 18:37:29] ONLINE: git-add.html
[2026-05-30 18:37:29] ONLINE: git-am.html
[2026-05-30 18:37:29] ONLINE: git-annotate.html
[2026-05-30 18:37:29] ONLINE: git-apply.html
[2026-05-30 18:37:29] ONLINE: git-archive.html
[2026-05-30 18:37:29] ONLINE: git-backfill.html
[2026-05-30 18:37:29] ONLINE: git-bash.html
[2026-05-30 18:37:29] ONLINE: git-bisect-lk2009.html
[2026-05-30 18:37:29] ONLINE: git-bisect.html
[2026-05-30 18:37:29] ONLINE: git-blame.html
[2026-05-30 18:37:29] ONLINE: git-branch.html
[2026-05-30 18:37:29] ONLINE: git-bugreport.html
[2026-05-30 18:37:29] ONLINE: git-bundle.html
[2026-05-30 18:37:29] ONLINE: git-cat-file.html
[2026-05-30 18:37:29] ONLINE: git-check-attr.html
[2026-05-30 18:37:29] ONLINE: git-check-ignore.html
[2026-05-30 18:37:29] ONLINE: git-check-mailmap.html
[2026-05-30 18:37:30] ONLINE: git-check-ref-format.html
[2026-05-30 18:37:30] ONLINE: git-checkout-index.html
[2026-05-30 18:37:30] ONLINE: git-checkout.html
[2026-05-30 18:37:30] ONLINE: git-cherry-pick.html
[2026-05-30 18:37:30] ONLINE: git-cherry.html
[2026-05-30 18:37:30] ONLINE: git-citool.html
[2026-05-30 18:37:30] ONLINE: git-clean.html
[2026-05-30 18:37:30] ONLINE: git-clone.html
[2026-05-30 18:37:30] ONLINE: git-column.html
[2026-05-30 18:37:30] ONLINE: git-commit-graph.html
[2026-05-30 18:37:30] ONLINE: git-commit-tree.html
[2026-05-30 18:37:30] ONLINE: git-commit.html
[2026-05-30 18:37:30] ONLINE: git-config.html
[2026-05-30 18:37:30] ONLINE: git-count-objects.html
[2026-05-30 18:37:30] ONLINE: git-credential-cache--daemon.html
[2026-05-30 18:37:30] ONLINE: git-credential-cache.html
[2026-05-30 18:37:30] ONLINE: git-credential-store.html
[2026-05-30 18:37:31] ONLINE: git-credential.html
[2026-05-30 18:37:31] ONLINE: git-daemon.html
[2026-05-30 18:37:31] ONLINE: git-describe.html
[2026-05-30 18:37:31] ONLINE: git-diagnose.html
[2026-05-30 18:37:31] ONLINE: git-diff-files.html
[2026-05-30 18:37:31] ONLINE: git-diff-index.html
[2026-05-30 18:37:31] ONLINE: git-diff-pairs.html
[2026-05-30 18:37:31] ONLINE: git-diff-tree.html
[2026-05-30 18:37:31] ONLINE: git-diff.html
[2026-05-30 18:37:31] ONLINE: git-difftool.html
[2026-05-30 18:37:31] ONLINE: git-fast-export.html
[2026-05-30 18:37:31] ONLINE: git-fast-import.html
[2026-05-30 18:37:31] ONLINE: git-fetch-pack.html
[2026-05-30 18:37:31] ONLINE: git-fetch.html
[2026-05-30 18:37:31] ONLINE: git-filter-branch.html
[2026-05-30 18:37:31] ONLINE: git-fmt-merge-msg.html
[2026-05-30 18:37:31] ONLINE: git-for-each-ref.html
[2026-05-30 18:37:31] ONLINE: git-for-each-repo.html
[2026-05-30 18:37:31] ONLINE: git-format-patch.html
[2026-05-30 18:37:31] ONLINE: git-fsck-objects.html
[2026-05-30 18:37:31] ONLINE: git-fsck.html
[2026-05-30 18:37:31] ONLINE: git-fsmonitor--daemon.html
[2026-05-30 18:37:31] ONLINE: git-gc.html
[2026-05-30 18:37:32] ONLINE: git-get-tar-commit-id.html
[2026-05-30 18:37:32] ONLINE: git-grep.html
[2026-05-30 18:37:32] ONLINE: git-gui.html
[2026-05-30 18:37:32] ONLINE: git-hash-object.html
[2026-05-30 18:37:32] ONLINE: git-help.html
[2026-05-30 18:37:32] ONLINE: git-hook.html
[2026-05-30 18:37:32] ONLINE: git-http-backend.html
[2026-05-30 18:37:32] ONLINE: git-http-fetch.html
[2026-05-30 18:37:32] ONLINE: git-http-push.html
[2026-05-30 18:37:32] ONLINE: git-imap-send.html
[2026-05-30 18:37:32] ONLINE: git-index-pack.html
[2026-05-30 18:37:32] ONLINE: git-init-db.html
[2026-05-30 18:37:32] ONLINE: git-init.html
[2026-05-30 18:37:32] ONLINE: git-instaweb.html
[2026-05-30 18:37:32] ONLINE: git-interpret-trailers.html
[2026-05-30 18:37:32] ONLINE: git-last-modified.html
[2026-05-30 18:37:32] ONLINE: git-lfs-checkout.html
[2026-05-30 18:37:32] ONLINE: git-lfs-clean.html
[2026-05-30 18:37:32] ONLINE: git-lfs-clone.html
[2026-05-30 18:37:32] ONLINE: git-lfs-completion.html
[2026-05-30 18:37:32] ONLINE: git-lfs-dedup.html
[2026-05-30 18:37:32] ONLINE: git-lfs-env.html
[2026-05-30 18:37:32] ONLINE: git-lfs-ext.html
[2026-05-30 18:37:32] ONLINE: git-lfs-fetch.html
[2026-05-30 18:37:32] ONLINE: git-lfs-filter-process.html
[2026-05-30 18:37:32] ONLINE: git-lfs-fsck.html
[2026-05-30 18:37:32] ONLINE: git-lfs-install.html
[2026-05-30 18:37:33] ONLINE: git-lfs-lock.html
[2026-05-30 18:37:33] ONLINE: git-lfs-locks.html
[2026-05-30 18:37:33] ONLINE: git-lfs-logs.html
[2026-05-30 18:37:33] ONLINE: git-lfs-ls-files.html
[2026-05-30 18:37:33] ONLINE: git-lfs-merge-driver.html
[2026-05-30 18:37:33] ONLINE: git-lfs-migrate.html
[2026-05-30 18:37:33] ONLINE: git-lfs-pointer.html
[2026-05-30 18:37:33] ONLINE: git-lfs-post-checkout.html
[2026-05-30 18:37:33] ONLINE: git-lfs-post-commit.html
[2026-05-30 18:37:33] ONLINE: git-lfs-post-merge.html
[2026-05-30 18:37:33] ONLINE: git-lfs-pre-push.html
[2026-05-30 18:37:33] ONLINE: git-lfs-prune.html
[2026-05-30 18:37:33] ONLINE: git-lfs-pull.html
[2026-05-30 18:37:33] ONLINE: git-lfs-push.html
[2026-05-30 18:37:33] ONLINE: git-lfs-smudge.html
[2026-05-30 18:37:33] ONLINE: git-lfs-standalone-file.html
[2026-05-30 18:37:33] ONLINE: git-lfs-status.html
[2026-05-30 18:37:33] ONLINE: git-lfs-track.html
[2026-05-30 18:37:33] ONLINE: git-lfs-uninstall.html
[2026-05-30 18:37:33] ONLINE: git-lfs-unlock.html
[2026-05-30 18:37:33] ONLINE: git-lfs-untrack.html
[2026-05-30 18:37:33] ONLINE: git-lfs-update.html
[2026-05-30 18:37:33] ONLINE: git-lfs.html
[2026-05-30 18:37:33] ONLINE: git-log.html
[2026-05-30 18:37:33] ONLINE: git-ls-files.html
[2026-05-30 18:37:33] ONLINE: git-ls-remote.html
[2026-05-30 18:37:33] ONLINE: git-ls-tree.html
[2026-05-30 18:37:33] ONLINE: git-mailinfo.html
[2026-05-30 18:37:33] ONLINE: git-mailsplit.html
[2026-05-30 18:37:34] ONLINE: git-maintenance.html
[2026-05-30 18:37:34] ONLINE: git-merge-base.html
[2026-05-30 18:37:34] ONLINE: git-merge-file.html
[2026-05-30 18:37:34] ONLINE: git-merge-index.html
[2026-05-30 18:37:34] ONLINE: git-merge-one-file.html
[2026-05-30 18:37:34] ONLINE: git-merge-tree.html
[2026-05-30 18:37:34] ONLINE: git-merge.html
[2026-05-30 18:37:34] ONLINE: git-mergetool--lib.html
[2026-05-30 18:37:34] ONLINE: git-mergetool.html
[2026-05-30 18:37:34] ONLINE: git-mktag.html
[2026-05-30 18:37:34] ONLINE: git-mktree.html
[2026-05-30 18:37:34] ONLINE: git-multi-pack-index.html
[2026-05-30 18:37:34] ONLINE: git-mv.html
[2026-05-30 18:37:34] ONLINE: git-name-rev.html
[2026-05-30 18:37:34] ONLINE: git-notes.html
[2026-05-30 18:37:34] ONLINE: git-pack-objects.html
[2026-05-30 18:37:34] ONLINE: git-pack-redundant.html
[2026-05-30 18:37:34] ONLINE: git-pack-refs.html
[2026-05-30 18:37:34] ONLINE: git-patch-id.html
[2026-05-30 18:37:34] ONLINE: git-prune-packed.html
[2026-05-30 18:37:34] ONLINE: git-prune.html
[2026-05-30 18:37:34] ONLINE: git-pull.html
[2026-05-30 18:37:34] ONLINE: git-push.html
[2026-05-30 18:37:34] ONLINE: git-quiltimport.html
[2026-05-30 18:37:34] ONLINE: git-range-diff.html
[2026-05-30 18:37:34] ONLINE: git-read-tree.html
[2026-05-30 18:37:34] ONLINE: git-rebase.html
[2026-05-30 18:37:35] ONLINE: git-receive-pack.html
[2026-05-30 18:37:35] ONLINE: git-reflog.html
[2026-05-30 18:37:35] ONLINE: git-refs.html
[2026-05-30 18:37:35] ONLINE: git-remote-ext.html
[2026-05-30 18:37:35] ONLINE: git-remote-fd.html
[2026-05-30 18:37:35] ONLINE: git-remote-helpers.html
[2026-05-30 18:37:35] ONLINE: git-remote.html
[2026-05-30 18:37:35] ONLINE: git-repack.html
[2026-05-30 18:37:35] ONLINE: git-replace.html
[2026-05-30 18:37:35] ONLINE: git-replay.html
[2026-05-30 18:37:35] ONLINE: git-repo.html
[2026-05-30 18:37:35] ONLINE: git-request-pull.html
[2026-05-30 18:37:35] ONLINE: git-rerere.html
[2026-05-30 18:37:35] ONLINE: git-reset.html
[2026-05-30 18:37:35] ONLINE: git-restore.html
[2026-05-30 18:37:35] ONLINE: git-rev-list.html
[2026-05-30 18:37:35] ONLINE: git-rev-parse.html
[2026-05-30 18:37:35] ONLINE: git-revert.html
[2026-05-30 18:37:35] ONLINE: git-rm.html
[2026-05-30 18:37:35] ONLINE: git-send-email.html
[2026-05-30 18:37:35] ONLINE: git-send-pack.html
[2026-05-30 18:37:35] ONLINE: git-sh-i18n--envsubst.html
[2026-05-30 18:37:35] ONLINE: git-sh-i18n.html
[2026-05-30 18:37:36] ONLINE: git-sh-setup.html
[2026-05-30 18:37:36] ONLINE: git-shell.html
[2026-05-30 18:37:36] ONLINE: git-shortlog.html
[2026-05-30 18:37:36] ONLINE: git-show-branch.html
[2026-05-30 18:37:36] ONLINE: git-show-index.html
[2026-05-30 18:37:36] ONLINE: git-show-ref.html
[2026-05-30 18:37:36] ONLINE: git-show.html
[2026-05-30 18:37:36] ONLINE: git-sparse-checkout.html
[2026-05-30 18:37:36] ONLINE: git-stage.html
[2026-05-30 18:37:36] ONLINE: git-stash.html
[2026-05-30 18:37:36] ONLINE: git-status.html
[2026-05-30 18:37:36] ONLINE: git-stripspace.html
[2026-05-30 18:37:36] ONLINE: git-submodule.html
[2026-05-30 18:37:36] ONLINE: git-subtree.html
[2026-05-30 18:37:36] ONLINE: git-survey.html
[2026-05-30 18:37:36] ONLINE: git-svn.html
[2026-05-30 18:37:36] ONLINE: git-switch.html
[2026-05-30 18:37:36] ONLINE: git-symbolic-ref.html
[2026-05-30 18:37:36] ONLINE: git-tag.html
[2026-05-30 18:37:36] ONLINE: git-tools.html
[2026-05-30 18:37:36] ONLINE: git-unpack-file.html
[2026-05-30 18:37:36] ONLINE: git-unpack-objects.html
[2026-05-30 18:37:36] ONLINE: git-update-index.html
[2026-05-30 18:37:36] ONLINE: git-update-ref.html
[2026-05-30 18:37:36] ONLINE: git-update-server-info.html
[2026-05-30 18:37:36] ONLINE: git-upload-archive.html
[2026-05-30 18:37:36] ONLINE: git-upload-pack.html
[2026-05-30 18:37:36] ONLINE: git-var.html
[2026-05-30 18:37:37] ONLINE: git-verify-commit.html
[2026-05-30 18:37:37] ONLINE: git-verify-pack.html
[2026-05-30 18:37:37] ONLINE: git-verify-tag.html
[2026-05-30 18:37:37] ONLINE: git-version.html
[2026-05-30 18:37:37] ONLINE: git-web--browse.html
[2026-05-30 18:37:37] ONLINE: git-whatchanged.html
[2026-05-30 18:37:37] ONLINE: git-worktree.html
[2026-05-30 18:37:37] ONLINE: git-write-tree.html
[2026-05-30 18:37:37] ONLINE: git.html
[2026-05-30 18:37:37] ONLINE: gitattributes.html
[2026-05-30 18:37:37] ONLINE: gitcli.html
[2026-05-30 18:37:37] ONLINE: gitcore-tutorial.html
[2026-05-30 18:37:37] ONLINE: gitcredentials.html
[2026-05-30 18:37:37] ONLINE: gitdatamodel.html
[2026-05-30 18:37:37] ONLINE: gitdiffcore.html
[2026-05-30 18:37:37] ONLINE: giteveryday.html
[2026-05-30 18:37:37] ONLINE: gitfaq.html
[2026-05-30 18:37:37] ONLINE: gitformat-bundle.html
[2026-05-30 18:37:37] ONLINE: gitformat-chunk.html
[2026-05-30 18:37:37] ONLINE: gitformat-commit-graph.html
[2026-05-30 18:37:37] ONLINE: gitformat-index.html
[2026-05-30 18:37:37] ONLINE: gitformat-loose.html
[2026-05-30 18:37:38] ONLINE: gitformat-pack.html
[2026-05-30 18:37:38] ONLINE: gitformat-signature.html
[2026-05-30 18:37:38] ONLINE: gitglossary.html
[2026-05-30 18:37:38] ONLINE: githooks.html
[2026-05-30 18:37:38] ONLINE: gitignore.html
[2026-05-30 18:37:38] ONLINE: gitk.html
[2026-05-30 18:37:38] ONLINE: gitmailmap.html
[2026-05-30 18:37:38] ONLINE: gitmodules.html
[2026-05-30 18:37:38] ONLINE: gitnamespaces.html
[2026-05-30 18:37:38] ONLINE: gitpacking.html
[2026-05-30 18:37:38] ONLINE: gitprotocol-capabilities.html
[2026-05-30 18:37:38] ONLINE: gitprotocol-common.html
[2026-05-30 18:37:38] ONLINE: gitprotocol-http.html
[2026-05-30 18:37:38] ONLINE: gitprotocol-pack.html
[2026-05-30 18:37:38] ONLINE: gitprotocol-v2.html
[2026-05-30 18:37:38] ONLINE: gitremote-helpers.html
[2026-05-30 18:37:38] ONLINE: gitrepository-layout.html
[2026-05-30 18:37:38] ONLINE: gitrevisions.html
[2026-05-30 18:37:38] ONLINE: gitsubmodules.html
[2026-05-30 18:37:38] ONLINE: gittutorial-2.html
[2026-05-30 18:37:38] ONLINE: gittutorial.html
[2026-05-30 18:37:38] ONLINE: gitworkflows.html
[2026-05-30 18:37:40] ONLINE: hash-function-transition.html
[2026-05-30 18:37:40] ONLINE: help.html
[2026-05-30 18:37:40] ONLINE: howto-index.html
[2026-05-30 18:37:41] ONLINE: keep-canonical-history-correct.html
[2026-05-30 18:37:41] ONLINE: large-object-promisors.html
[2026-05-30 18:37:41] ONLINE: long-running-process-protocol.html
[2026-05-30 18:37:41] ONLINE: maintain-git.html
[2026-05-30 18:37:41] ONLINE: multi-pack-index.html
[2026-05-30 18:37:41] ONLINE: MyFirstContribution.html
[2026-05-30 18:37:41] ONLINE: MyFirstObjectWalk.html
[2026-05-30 18:37:41] ONLINE: new-command.html
[2026-05-30 18:37:43] ONLINE: Otimização Judicial com Séries Temporais.html
[2026-05-30 18:37:44] ONLINE: pack-heuristics.html
[2026-05-30 18:37:44] ONLINE: packfile-uri.html
[2026-05-30 18:37:44] ONLINE: parallel-checkout.html
[2026-05-30 18:37:44] ONLINE: partial-clone.html
[2026-05-30 18:37:44] ONLINE: platform-support.html
[2026-05-30 18:37:44] ONLINE: racy-git.html
[2026-05-30 18:37:44] ONLINE: rebase-from-internal-branch.html
[2026-05-30 18:37:44] ONLINE: rebuild-from-update-hook.html
[2026-05-30 18:37:44] ONLINE: recover-corrupted-blob-object.html
[2026-05-30 18:37:44] ONLINE: recover-corrupted-object-harder.html
[2026-05-30 18:37:44] ONLINE: reftable.html
[2026-05-30 18:37:44] ONLINE: remembering-renames.html
[2026-05-30 18:37:44] ONLINE: repository-version.html
[2026-05-30 18:37:44] ONLINE: rerere.html
[2026-05-30 18:37:44] ONLINE: revert-a-faulty-merge.html
[2026-05-30 18:37:44] ONLINE: revert-branch-rebase.html
[2026-05-30 18:37:44] ONLINE: ReviewingGuidelines.html
[2026-05-30 18:37:45] ONLINE: scalar.html
[2026-05-30 18:37:45] ONLINE: send-pack-pipeline.html
[2026-05-30 18:37:45] ONLINE: separating-topic-branches.html
[2026-05-30 18:37:45] ONLINE: setup-git-server-over-http.html
[2026-05-30 18:37:45] ONLINE: shallow.html
[2026-05-30 18:37:45] ONLINE: sparse-checkout.html
[2026-05-30 18:37:45] ONLINE: sparse-index.html
[2026-05-30 18:37:47] ONLINE: SubmittingPatches.html
[2026-05-30 18:37:47] ONLINE: ToolsForGit.html
[2026-05-30 18:37:47] ONLINE: trivial-merge.html
[2026-05-30 18:37:47] ONLINE: unambiguous-types.html
[2026-05-30 18:37:47] ONLINE: unit-tests.html
[2026-05-30 18:37:47] ONLINE: update-hook-example.html
[2026-05-30 18:37:48] ONLINE: use-git-daemon.html
[2026-05-30 18:37:48] ONLINE: user-manual.html
[2026-05-30 18:37:48] ONLINE: using-merge-subtree.html
[2026-05-30 18:37:48] ONLINE: using-signed-tag-in-pull-request.html
[2026-05-30 18:37:50] TOWER SIGNAL MAPPER FINALIZADO.
