[2026-05-30 16:58:02] VERIFICANDO NOMES DE ARQUIVOS...
[2026-05-30 16:58:12] RENOMEANDO:
[2026-05-30 16:58:12] RENOMEANDO:
[2026-05-30 16:58:12] RENOMEANDO:
[2026-05-30 16:58:12] RENOMEANDO:
[2026-05-30 16:58:12] RENOMEANDO:
[2026-05-30 16:58:12] RENOMEANDO:
[2026-05-30 16:58:12] RENOMEANDO:
[2026-05-30 16:58:12] RENOMEANDO:
[2026-05-30 16:58:12] RENOMEANDO:
[2026-05-30 16:58:12] RENOMEANDO:
[2026-05-30 16:58:12] RENOMEANDO:
[2026-05-30 16:58:13] RENOMEANDO:
[2026-05-30 16:58:13] RENOMEANDO:
[2026-05-30 16:58:13] RENOMEANDO:
[2026-05-30 16:58:14] RENOMEANDO:
[2026-05-30 16:58:14] RENOMEANDO:
[2026-05-30 16:58:14] RENOMEANDO:
[2026-05-30 16:58:14] RENOMEANDO:
[2026-05-30 16:58:14] RENOMEANDO:
[2026-05-30 16:58:14] RENOMEANDO:
[2026-05-30 16:58:14] RENOMEANDO:
[2026-05-30 16:58:14] RENOMEANDO:
[2026-05-30 16:58:14] RENOMEANDO:
[2026-05-30 16:58:14] RENOMEANDO:
[2026-05-30 16:58:14] RENOMEANDO:
[2026-05-30 16:58:14] RENOMEANDO:
[2026-05-30 16:58:15] RENOMEANDO:
[2026-05-30 16:58:15] RENOMEANDO:
[2026-05-30 16:58:15] RENOMEANDO:
[2026-05-30 16:58:15] RENOMEANDO:
[2026-05-30 16:58:15] RENOMEANDO:
[2026-05-30 16:58:15] RENOMEANDO:
[2026-05-30 16:58:15] RENOMEANDO:
[2026-05-30 16:58:15] RENOMEANDO:
[2026-05-30 16:58:15] RENOMEANDO:
[2026-05-30 16:58:15] RENOMEANDO:
[2026-05-30 16:58:15] RENOMEANDO:
[2026-05-30 16:58:15] RENOMEANDO:
[2026-05-30 16:58:16] RENOMEANDO:
[2026-05-30 16:58:16] RENOMEANDO:
[2026-05-30 16:58:16] RENOMEANDO:
[2026-05-30 16:58:16] RENOMEANDO:
[2026-05-30 16:58:16] RENOMEANDO:
[2026-05-30 16:58:16] RENOMEANDO:
[2026-05-30 16:58:16] RENOMEANDO:
[2026-05-30 16:58:16] RENOMEANDO:
[2026-05-30 16:58:16] RENOMEANDO:
[2026-05-30 16:58:16] RENOMEANDO:
[2026-05-30 16:58:16] RENOMEANDO:
[2026-05-30 16:58:16] RENOMEANDO:
[2026-05-30 16:58:16] RENOMEANDO:
[2026-05-30 16:58:16] RENOMEANDO:
[2026-05-30 16:58:16] RENOMEANDO:
[2026-05-30 16:58:16] RENOMEANDO:
[2026-05-30 16:58:16] RENOMEANDO:
[2026-05-30 16:58:16] RENOMEANDO:
[2026-05-30 16:58:16] RENOMEANDO:
[2026-05-30 16:58:16] RENOMEANDO:
[2026-05-30 16:58:16] RENOMEANDO:
[2026-05-30 16:58:16] RENOMEANDO:
[2026-05-30 16:58:16] RENOMEANDO:
[2026-05-30 16:58:16] RENOMEANDO:
[2026-05-30 16:58:16] RENOMEANDO:
[2026-05-30 16:58:16] RENOMEANDO:
[2026-05-30 16:58:16] RENOMEANDO:
[2026-05-30 16:58:16] RENOMEANDO:
[2026-05-30 16:58:16] RENOMEANDO:
[2026-05-30 16:58:16] RENOMEANDO:
[2026-05-30 16:58:16] RENOMEANDO:
[2026-05-30 16:58:16] RENOMEANDO:
[2026-05-30 16:58:16] RENOMEANDO:
[2026-05-30 16:58:16] RENOMEANDO:
[2026-05-30 16:58:17] RENOMEANDO:
[2026-05-30 16:58:17] RENOMEANDO:
[2026-05-30 16:58:17] RENOMEANDO:
[2026-05-30 16:58:17] RENOMEANDO:
[2026-05-30 16:58:17] RENOMEANDO:
[2026-05-30 16:58:17] RENOMEANDO:
[2026-05-30 16:58:17] RENOMEANDO:
[2026-05-30 16:58:17] RENOMEANDO:
[2026-05-30 16:58:17] RENOMEANDO:
[2026-05-30 16:58:17] RENOMEANDO:
[2026-05-30 16:58:17] RENOMEANDO:
[2026-05-30 16:58:17] RENOMEANDO:
[2026-05-30 16:58:17] RENOMEANDO:
[2026-05-30 16:58:17] RENOMEANDO:
[2026-05-30 16:58:17] RENOMEANDO:
[2026-05-30 16:58:17] RENOMEANDO:
[2026-05-30 16:58:17] RENOMEANDO:
[2026-05-30 16:58:17] RENOMEANDO:
[2026-05-30 16:58:17] RENOMEANDO:
[2026-05-30 16:58:17] RENOMEANDO:
[2026-05-30 16:58:17] RENOMEANDO:
[2026-05-30 16:58:17] RENOMEANDO:
[2026-05-30 16:58:17] RENOMEANDO:
[2026-05-30 16:58:17] RENOMEANDO:
[2026-05-30 16:58:17] RENOMEANDO:
[2026-05-30 16:58:17] RENOMEANDO:
[2026-05-30 16:58:17] RENOMEANDO:
[2026-05-30 16:58:17] RENOMEANDO:
[2026-05-30 16:58:17] RENOMEANDO:
[2026-05-30 16:58:17] RENOMEANDO:
[2026-05-30 16:58:17] RENOMEANDO:
[2026-05-30 16:58:17] RENOMEANDO:
[2026-05-30 16:58:17] RENOMEANDO:
[2026-05-30 16:58:17] RENOMEANDO:
[2026-05-30 16:58:17] RENOMEANDO:
[2026-05-30 16:58:17] RENOMEANDO:
[2026-05-30 16:58:17] RENOMEANDO:
[2026-05-30 16:58:17] RENOMEANDO:
[2026-05-30 16:58:17] RENOMEANDO:
[2026-05-30 16:58:17] RENOMEANDO:
[2026-05-30 16:58:17] RENOMEANDO:
[2026-05-30 16:58:17] RENOMEANDO:
[2026-05-30 16:58:17] RENOMEANDO:
[2026-05-30 16:58:17] RENOMEANDO:
[2026-05-30 16:58:17] RENOMEANDO:
[2026-05-30 16:58:17] RENOMEANDO:
[2026-05-30 16:58:17] RENOMEANDO:
[2026-05-30 16:58:17] RENOMEANDO:
[2026-05-30 16:58:17] RENOMEANDO:
[2026-05-30 16:58:17] RENOMEANDO:
[2026-05-30 16:58:17] RENOMEANDO:
[2026-05-30 16:58:17] RENOMEANDO:
[2026-05-30 16:58:17] RENOMEANDO:
[2026-05-30 16:58:18] RENOMEANDO:
[2026-05-30 16:58:18] RENOMEANDO:
[2026-05-30 16:58:18] RENOMEANDO:
[2026-05-30 16:58:18] RENOMEANDO:
[2026-05-30 16:58:18] RENOMEANDO:
[2026-05-30 16:58:18] RENOMEANDO:
[2026-05-30 16:58:18] RENOMEANDO:
[2026-05-30 16:58:18] RENOMEANDO:
[2026-05-30 16:58:18] RENOMEANDO:
[2026-05-30 16:58:18] RENOMEANDO:
[2026-05-30 16:58:18] RENOMEANDO:
[2026-05-30 16:58:18] RENOMEANDO:
[2026-05-30 16:58:18] RENOMEANDO:
[2026-05-30 16:58:18] RENOMEANDO:
[2026-05-30 16:58:18] RENOMEANDO:
[2026-05-30 16:58:18] RENOMEANDO:
[2026-05-30 16:58:18] RENOMEANDO:
[2026-05-30 16:58:18] RENOMEANDO:
[2026-05-30 16:58:18] RENOMEANDO:
[2026-05-30 16:58:18] RENOMEANDO:
[2026-05-30 16:58:18] RENOMEANDO:
[2026-05-30 16:58:18] RENOMEANDO:
[2026-05-30 16:58:18] RENOMEANDO:
[2026-05-30 16:58:18] RENOMEANDO:
[2026-05-30 16:58:18] RENOMEANDO:
[2026-05-30 16:58:18] RENOMEANDO:
[2026-05-30 16:58:18] RENOMEANDO:
[2026-05-30 16:58:18] RENOMEANDO:
[2026-05-30 16:58:18] RENOMEANDO:
[2026-05-30 16:58:18] RENOMEANDO:
[2026-05-30 16:58:18] RENOMEANDO:
[2026-05-30 16:58:18] RENOMEANDO:
[2026-05-30 16:58:18] RENOMEANDO:
[2026-05-30 16:58:18] RENOMEANDO:
[2026-05-30 16:58:18] RENOMEANDO:
[2026-05-30 16:58:18] RENOMEANDO:
[2026-05-30 16:58:18] RENOMEANDO:
[2026-05-30 16:58:18] RENOMEANDO:
[2026-05-30 16:58:18] RENOMEANDO:
[2026-05-30 16:58:18] RENOMEANDO:
[2026-05-30 16:58:19] RENOMEANDO:
[2026-05-30 16:58:19] RENOMEANDO:
[2026-05-30 16:58:19] RENOMEANDO:
[2026-05-30 16:58:19] RENOMEANDO:
[2026-05-30 16:58:19] RENOMEANDO:
[2026-05-30 16:58:19] RENOMEANDO:
[2026-05-30 16:58:19] RENOMEANDO:
[2026-05-30 16:58:19] RENOMEANDO:
[2026-05-30 16:58:19] RENOMEANDO:
[2026-05-30 16:58:19] RENOMEANDO:
[2026-05-30 16:58:19] RENOMEANDO:
[2026-05-30 16:58:19] RENOMEANDO:
[2026-05-30 16:58:19] RENOMEANDO:
[2026-05-30 16:58:19] RENOMEANDO:
[2026-05-30 16:58:19] RENOMEANDO:
[2026-05-30 16:58:19] RENOMEANDO:
[2026-05-30 16:58:19] RENOMEANDO:
[2026-05-30 16:58:19] RENOMEANDO:
[2026-05-30 16:58:19] RENOMEANDO:
[2026-05-30 16:58:19] RENOMEANDO:
[2026-05-30 16:58:19] RENOMEANDO:
[2026-05-30 16:58:19] RENOMEANDO:
[2026-05-30 16:58:19] RENOMEANDO:
[2026-05-30 16:58:19] RENOMEANDO:
[2026-05-30 16:58:19] RENOMEANDO:
[2026-05-30 16:58:19] RENOMEANDO:
[2026-05-30 16:58:19] VALIDANDO SINTAXE...
[2026-05-30 16:58:28] ERRO DE SINTAXE: deploy.py
[2026-05-30 16:58:58] ERRO DE SINTAXE: abrir_Servico.py
[2026-05-30 16:59:06] OK: ACROPOLE_CITY.py
[2026-05-30 16:59:31] OK: ACROPOLE_COSMOS.py
[2026-05-30 16:59:34] OK: ACROPOLE_GLOBAL.py
[2026-05-30 16:59:34] OK: ACROPOLE_INFINITY.py
[2026-05-30 16:59:35] OK: ACROPOLE_NEXUS.py
[2026-05-30 16:59:37] OK: ACROPOLE_OMEGA.py
[2026-05-30 16:59:38] OK: ACROPOLE_PRIME.py
[2026-05-30 16:59:40] OK: ACROPOLE_VISUAL.py
[2026-05-30 16:59:50] ERRO DE SINTAXE: ADAPTADOR_DE_ROTAS.py
[2026-05-30 16:59:52] OK: agente.py
[2026-05-30 16:59:53] OK: ajustar_zoom_inteligente.py
[2026-05-30 16:59:54] OK: analisar_cenario.py
[2026-05-30 16:59:54] OK: analise_nucleo.py
[2026-05-30 16:59:56] OK: api.py
[2026-05-30 16:59:57] OK: APOCALYPSE_ENGINE.py
[2026-05-30 16:59:58] OK: app.py
[2026-05-30 16:59:58] OK: app_cerebro_comercial.py
[2026-05-30 16:59:59] OK: ARQUEOLOGIA_DIGITAL.py
[2026-05-30 17:00:00] OK: ARQUITETURA_MODULAR_OPERACIONAL.py
[2026-05-30 17:00:01] OK: ATUALIZACAO_NO_NUCLEO.py
[2026-05-30 17:00:02] OK: auditoria_estrategica.py
[2026-05-30 17:00:02] OK: auditoria_nucleo.py
[2026-05-30 17:00:04] OK: auto_injector.py
[2026-05-30 17:00:05] OK: auto_patch.py
[2026-05-30 17:00:06] OK: AUTO_PORT.py
[2026-05-30 17:00:07] OK: BACKEND_COM_FLUXO_COMPLETO.py
[2026-05-30 17:00:08] OK: BACKUP_20260511_185831.py
[2026-05-30 17:00:09] OK: BACKUP_NEURAL_MAP_ENGINE.py
[2026-05-30 17:00:09] OK: bootstrap_safe.py
[2026-05-30 17:00:10] OK: boot_iotec.py
[2026-05-30 17:00:11] OK: BRAIN.py
[2026-05-30 17:00:12] ERRO DE SINTAXE: broker.py
[2026-05-30 17:00:14] OK: calcular_score.py
[2026-05-30 17:00:14] OK: CENTRAL_CORE.py
[2026-05-30 17:00:16] ERRO DE SINTAXE: Central_Operacional.py
[2026-05-30 17:00:16] ERRO DE SINTAXE: cerebro_comercial.py
[2026-05-30 17:00:17] ERRO DE SINTAXE: CHAT_GLOBAL.py
[2026-05-30 17:00:18] OK: CINEMATIC_ENTERPRISE.py
[2026-05-30 17:00:19] OK: CINEMATIC_OPERATIONS.py
[2026-05-30 17:00:19] ERRO DE SINTAXE: CLIENTE_INTERNACIONAL.py
[2026-05-30 17:00:20] OK: cluster_bootstrap.py
[2026-05-30 17:00:20] OK: coletor_api.py
[2026-05-30 17:00:21] OK: COMUNICAAO_NULEO.PY
[2026-05-30 17:00:21] OK: conciencia_do_nucleo.py
[2026-05-30 17:00:22] OK: config.py
[2026-05-30 17:00:22] OK: CONFIGURADOR_AUTOMATICO.py
[2026-05-30 17:00:24] OK: CONSOLIDADOR_E_FILTRO.py
[2026-05-30 17:00:25] OK: CONSOLIDATION_ENGINE.py
[2026-05-30 17:00:26] ERRO DE SINTAXE: CONTEUDO_REAL_DOS_SERVICOS.py
[2026-05-30 17:00:26] OK: CONTINUOUS_OPERATION.py
[2026-05-30 17:00:34] OK: CONTINUOUS_PROGRAMMING.py
[2026-05-30 17:00:34] OK: CONTROLE_DE_CUSTOS.py
[2026-05-30 17:00:35] OK: Conversacional_Moderna.py
[2026-05-30 17:00:35] OK: CORE_BUSINESS.py
[2026-05-30 17:00:36] OK: CORE_MASTER.py
[2026-05-30 17:00:36] OK: CORE_STRESS_TEST.py
[2026-05-30 17:00:37] OK: CORE_VERSAO_CALIBRADA.py
[2026-05-30 17:00:38] OK: CPU_SHIELD.py
[2026-05-30 17:00:42] OK: CREATIVE_EXPLORER.py
[2026-05-30 17:00:43] OK: criar_entrega.py
[2026-05-30 17:00:45] OK: DASHBOARD_AUTO_INSTALLER.py
[2026-05-30 17:00:46] OK: DASHBOARD_BACKUP_20260511_193717.py
[2026-05-30 17:00:47] ERRO DE SINTAXE: DASHBOARD_INSTALLER.py
[2026-05-30 17:00:47] OK: DATA_REFINERY_SYSTEM.py
[2026-05-30 17:00:48] OK: DEEP_CORE_SCANNER.py
[2026-05-30 17:00:49] OK: definir_plano.py
[2026-05-30 17:00:50] OK: DETECCAO_DE_ALTO_RETORNO.py
[2026-05-30 17:00:50] OK: detectar_idioma.py
[2026-05-30 17:00:52] OK: DETECTAR_INTERFACES_EXTERNNAS.py
[2026-05-30 17:00:53] OK: diagnostico.py
[2026-05-30 17:00:53] OK: dialogo.py
[2026-05-30 17:00:55] OK: DISPARAR_DEPLOY.py
[2026-05-30 17:00:55] ERRO DE SINTAXE: ECOSSISTEMA_DE_IA_ASSISTIVA.py
[2026-05-30 17:01:00] OK: ECOSYSTEM_ACTIVATION.py
[2026-05-30 17:01:01] OK: eh_pagamento_paypal.py
[2026-05-30 17:01:02] OK: email_bridge.py
[2026-05-30 17:01:03] OK: engine.py
[2026-05-30 17:01:05] OK: ENTERPRISE_ENGINE.py
[2026-05-30 17:01:05] OK: ENTERPRISE_WEB_CORE.py
[2026-05-30 17:01:06] OK: entrada_principal_main.py
[2026-05-30 17:01:07] OK: EVENT_BUS.py
[2026-05-30 17:01:08] OK: event_bus_v4.py
[2026-05-30 17:01:08] OK: event_bus_v5.py
[2026-05-30 17:01:09] OK: event_bus_v6.py
[2026-05-30 17:01:09] OK: event_bus_v7.py
[2026-05-30 17:01:09] OK: event_bus_v8.py
[2026-05-30 17:01:10] OK: event_bus_v9.py
[2026-05-30 17:01:11] OK: EXECUTION_CORE.py
[2026-05-30 17:01:11] OK: EXECUTIVE_COMMAND_ENTER.py
[2026-05-30 17:01:12] OK: EXECUTIVE_DASHBOARD.py
[2026-05-30 17:01:15] ERRO DE SINTAXE: EXPANSAO_COMPLETA.py
[2026-05-30 17:01:15] OK: extrair_valor.py
[2026-05-30 17:01:16] OK: FAILURE_DETECTION.py
[2026-05-30 17:01:16] OK: FILA_DE_EXPERIMENTACAO.py
[2026-05-30 17:01:17] OK: fix_broker.py
[2026-05-30 17:01:18] OK: fix_heartbeat_server.py
[2026-05-30 17:01:19] OK: fix_iotec.py
[2026-05-30 17:01:19] OK: fix_iotec_final.py
[2026-05-30 17:01:20] OK: fix_nodes_protocol.py
[2026-05-30 17:01:21] OK: fix_orchestrator_v2.py
[2026-05-30 17:01:21] OK: FLUXO_COMPLETO.py
[2026-05-30 17:01:23] ERRO DE SINTAXE: FLUXO_REAL.py
[2026-05-30 17:01:24] OK: gerar_dossie.py
[2026-05-30 17:01:25] OK: Gerar_entreg.py
[2026-05-30 17:01:25] OK: gerar_excel.py
[2026-05-30 17:01:26] ERRO DE SINTAXE: gerar_login.py
[2026-05-30 17:01:27] OK: gerar_ordem.py
[2026-05-30 17:01:41] OK: gerar_pacote.py
[2026-05-30 17:01:43] OK: gerar_texto_contextual.py
[2026-05-30 17:01:45] OK: GLOBAL_ASSETS.py
[2026-05-30 17:01:49] OK: GLOBAL_OPERATIONAL_CORE.py
[2026-05-30 17:01:51] OK: GLOBAL_REALTY.py
[2026-05-30 17:01:52] OK: GLOBAL_REALTY_01.py
[2026-05-30 17:01:55] OK: Global_Realty_Connected.py
[2026-05-30 17:01:57] ERRO DE SINTAXE: Global_Realty_Fullscreen_Interface.py
[2026-05-30 17:01:58] OK: GOVERNANA_OPERACIONAL.py
[2026-05-30 17:01:58] OK: GOVERNANA_OPERACIONAL_AUTOMATIZADA.py
[2026-05-30 17:01:59] OK: grafico_barras_premium.py
[2026-05-30 17:02:00] OK: grafico_gauge_risco.py
[2026-05-30 17:02:00] OK: gTTS.py
[2026-05-30 17:02:01] OK: HEAVY_STRESS.py
[2026-05-30 17:02:01] OK: HIERARCHICA_ESCALATION.py
[2026-05-30 17:02:04] OK: HYPERCORE_SHIELD.py
[2026-05-30 17:02:05] OK: HYPERSCALE_LAB.py
[2026-05-30 17:02:06] OK: IBEX_DASHBOARD.py
[2026-05-30 17:02:16] OK: IBEX_UNIVERSAL.py
[2026-05-30 17:02:16] OK: IBEX_UNIVERSAL_RECEPTION.py
[2026-05-30 17:02:16] OK: IDENTIDADE_DINMICA_DO_NUCLEO.py
[2026-05-30 17:02:18] OK: INIT_BACKUP_20260511_190622.py
[2026-05-30 17:02:19] OK: INTEGRACAO_COMPLETA.py
[2026-05-30 17:02:20] OK: integracao_executar_nucleo.py
[2026-05-30 17:02:20] OK: INTEGRACAO_FINAL_DO_NUCLEO.py
[2026-05-30 17:02:21] OK: Inteligncia_de_Valorizao.py
[2026-05-30 17:02:22] OK: INTELLIGENT_CURATOR.py
[2026-05-30 17:02:25] OK: Interface_Restoration.py
[2026-05-30 17:02:26] OK: INVENTRIO_CORPORATIVO.py
[2026-05-30 17:02:26] OK: INVENTRIO_CORPORATIVO_IMPERIAL.py
[2026-05-30 17:02:27] OK: INVENTRIO_INTELIGENTE.py
[2026-05-30 17:02:28] OK: INVESTIGADOR_EMPRESARIAL.py
[2026-05-30 17:02:29] OK: INVESTIGATOR_TECHNICAL_TUTOR.py
[2026-05-30 17:02:35] ERRO DE SINTAXE: iotec.py
[2026-05-30 17:02:36] OK: IOTEC_ADAPTIVE_CORE_MANAGER.py
[2026-05-30 17:02:38] ERRO DE SINTAXE: IOTEC_ADAPTIVE_ECOSYSTEM_CORE.py
[2026-05-30 17:02:39] OK: IOTEC_ADVANCEMENT_CONTROL_TOWER.py
[2026-05-30 17:02:39] OK: IOTEC_AI_ATENDENTE.py
[2026-05-30 17:02:40] ERRO DE SINTAXE: IOTEC_AI_BRIDGE_CONNECTOR.py
[2026-05-30 17:02:40] OK: IOTEC_AI_CORE.py
[2026-05-30 17:02:41] OK: IOTEC_AI_SECURITY.py
[2026-05-30 17:02:42] OK: iotec_alma_core.py
[2026-05-30 17:02:43] OK: iotec_alma_core_v2.py
[2026-05-30 17:02:45] OK: iotec_alma_core_v3.py
[2026-05-30 17:02:47] OK: iotec_alma_core_v4_governador.py
[2026-05-30 17:02:47] OK: iotec_alma_core_v5_consolidador.py
[2026-05-30 17:02:53] OK: IOTEC_API_INTEGRACAO.py
[2026-05-30 17:02:54] OK: IOTEC_ARTERIA_8787.py
[2026-05-30 17:02:55] OK: IOTEC_AUTOMATED_STRUCTURE_ENGINE.py
[2026-05-30 17:02:56] OK: IOTEC_AUTONOMOUS.py
[2026-05-30 17:02:58] OK: IOTEC_BILLING_INTELLIGENCE_ENGINE.py
[2026-05-30 17:03:00] OK: IOTEC_CAPABILITY_HUNTER.py
[2026-05-30 17:03:01] OK: IOTEC_CENTRAL_BRAIN.py
[2026-05-30 17:03:01] OK: IOTEC_CONTEXT_AI.py
[2026-05-30 17:03:02] OK: IOTEC_CONTROL_PANEL.py
[2026-05-30 17:03:04] OK: IOTEC_CONTROL_TOWER_ENGINE.py
[2026-05-30 17:03:05] OK: iotec_core.py
[2026-05-30 17:03:05] OK: IOTEC_CORE_24H.py
[2026-05-30 17:03:07] OK: IOTEC_CORE_DIRECTIVE_SYSTEM.py
[2026-05-30 17:03:08] OK: IOTEC_CORE_EMAIL_24H.py
[2026-05-30 17:03:08] OK: IOTEC_CORE_LIVE_QUEUE.py
[2026-05-30 17:03:09] OK: IOTEC_CORE_MANAGER.py
[2026-05-30 17:03:10] OK: IOTEC_CORE_QUEUE_PANEL.py
[2026-05-30 17:03:11] OK: IOTEC_CORE_RUNNER.py
[2026-05-30 17:03:12] OK: IOTEC_CUSTOMER_SERVICE_CORE.py
[2026-05-30 17:03:13] OK: IOTEC_DASHBOARD.py
[2026-05-30 17:03:15] OK: IOTEC_DATABASE_CORE.py
[2026-05-30 17:03:16] OK: IOTEC_DEPLOYMENT_DIAGNOSTIC.py
[2026-05-30 17:03:17] OK: IOTEC_DEPLOY_MASTER.py
[2026-05-30 17:03:18] OK: IOTEC_DEPLOY_MASTER_V2.py
[2026-05-30 17:03:18] OK: IOTEC_DEPLOY_MASTER_V3.py
[2026-05-30 17:03:20] OK: IOTEC_DEPLOY_NETLIFY.py
[2026-05-30 17:03:21] OK: IOTEC_DEPLOY_ORQUESTRADOR.py
[2026-05-30 17:03:22] OK: IOTEC_DUAL_MAIL_DASHBOARD.py
[2026-05-30 17:03:22] OK: IOTEC_EXECUTION_XRAY.py
[2026-05-30 17:03:24] OK: IOTEC_FIRST_REVENUE_ENGINE.py
[2026-05-30 17:03:24] OK: IOTEC_FORM_TO_EMAIL.py
[2026-05-30 17:03:25] OK: IOTEC_FULL_FLOW.py
[2026-05-30 17:03:26] OK: IOTEC_GATEWAY_CORE.py
[2026-05-30 17:03:28] OK: IOTEC_GLOBAL_CORE.py
[2026-05-30 17:03:29] OK: IOTEC_GLOBAL_OPERATIONAL_CORE.py
[2026-05-30 17:03:31] OK: IOTEC_GLOBAL_READINESS_CHECK.py
[2026-05-30 17:03:32] OK: iotec_governor_layer.py
[2026-05-30 17:03:34] OK: IOTEC_GOVTECH_PIPELINE_DASHBOARD.py
[2026-05-30 17:03:35] OK: IOTEC_INTELLIGENT_CURATOR.py
[2026-05-30 17:03:36] OK: IOTEC_MAIL_CORE_INTELIGENTE.py
[2026-05-30 17:03:37] OK: IOTEC_MAIL_FILTER.py
[2026-05-30 17:03:38] OK: IOTEC_MAIL_HUB.py
[2026-05-30 17:03:38] OK: IOTEC_MAIL_MANAGER.py
[2026-05-30 17:03:40] OK: IOTEC_MAIL_TO_CORE.py
[2026-05-30 17:03:40] OK: IOTEC_MASTER_CORE.py
[2026-05-30 17:03:41] OK: IOTEC_MASTER_CORE_BACKUP.py
[2026-05-30 17:03:42] OK: IOTEC_MEDIA.py
[2026-05-30 17:03:44] OK: IOTEC_MEDIA_ORCHESTRATION_CORE.py
[2026-05-30 17:03:45] OK: IOTEC_MEMORY_ENGINE.py
[2026-05-30 17:03:46] OK: IOTEC_MINIMAL_REAL_CORE.py
[2026-05-30 17:03:47] OK: IOTEC_MULTI_MAIL_CORE.py
[2026-05-30 17:03:47] OK: IOTEC_MULTI_SECTOR_RADAR.py
[2026-05-30 17:03:48] OK: IOTEC_NEURAL_BRAIN_CLEAN_AUTO.py
[2026-05-30 17:03:49] OK: IOTEC_NEURAL_ECOSYSTEM_CORE_FINAL.py
[2026-05-30 17:03:49] OK: IOTEC_NEURAL_MAP_AUTO_FIX.py
[2026-05-30 17:03:50] OK: IOTEC_NEURAL_MAP_ENGINE.py
[2026-05-30 17:03:50] OK: IOTEC_NEURAL_MAP_SAFE_AUTO_FIX.py
[2026-05-30 17:03:52] OK: IOTEC_OPERATIONAL_WORKFLOW_ARCHITECTURE.py
[2026-05-30 17:03:52] OK: IOTEC_ORCHESTRATION_AUDITOR.py
[2026-05-30 17:03:52] OK: iotec_orchestrator_master.py
[2026-05-30 17:03:53] OK: iotec_orchestrator_master_v2.py
[2026-05-30 17:03:53] OK: IOTEC_PANEL_24H.py
[2026-05-30 17:03:54] OK: IOTEC_PAYPAL_MONITOR.py
[2026-05-30 17:03:55] OK: IOTEC_PERSISTENT_OPERATIONAL_CORE.py
[2026-05-30 17:03:55] OK: IOTEC_PREPARSER_FIXER.py
[2026-05-30 17:03:56] OK: IOTEC_PROGRAMMING_GRID_ENGINE.py
[2026-05-30 17:03:57] OK: IOTEC_Revenue_Strategy_Engine.py
[2026-05-30 17:03:57] OK: IOTEC_RUNTIME_REORGANIZER.py
[2026-05-30 17:03:57] OK: IOTEC_SAFE_PATCHER_V2.py
[2026-05-30 17:03:58] OK: iotec_sonda_arquitetural.py
[2026-05-30 17:03:59] OK: iotec_sonda_core.py
[2026-05-30 17:03:59] OK: Iotec_Spine.py
[2026-05-30 17:04:00] OK: Iotec_Spine_Core.py
[2026-05-30 17:04:00] OK: Iotec_Spine_Core_Architecture.py
[2026-05-30 17:04:01] OK: IOTEC_STABILITY_CORE.py
[2026-05-30 17:04:01] OK: IOTEC_STABILITY_ENGINE.py
[2026-05-30 17:04:02] OK: IOTEC_STARTUP_CHECKLIST_ENGINE.py
[2026-05-30 17:04:02] OK: IOTEC_STRUCTURE_RECOVERY_ENGINE.py
[2026-05-30 17:04:03] OK: IOTEC_SYSTEM_FLOW_PANEL.py
[2026-05-30 17:04:04] OK: IOTEC_TEMPLATE.py
[2026-05-30 17:04:05] OK: IOTEC_TRAFFIC_CONTROLLER.py
[2026-05-30 17:04:05] OK: IOTEC_TTS.py
[2026-05-30 17:04:05] OK: IOTEC_ULTRACORE_ARCHITECTURE.py
[2026-05-30 17:04:06] OK: IOTEC_UNIFIED_BRAIN.py
[2026-05-30 17:04:07] OK: IOTEC_UNIFIED_BRAIN_BACKUP.py
[2026-05-30 17:04:09] OK: IOTEC_WEB_OBSERVER.py
[2026-05-30 17:04:09] OK: IOTEC_WHATSAPP_AUTOMATION.py
[2026-05-30 17:04:10] OK: IOTEC_WHATS_LINK.py
[2026-05-30 17:04:10] OK: ler_emails.py
[2026-05-30 17:04:22] OK: LIVE_EXECUTIVE_VISUAL.py
[2026-05-30 17:04:26] OK: LIVE_OPERATING.py
[2026-05-30 17:04:26] OK: LIVE_OPERATIONAL_CORE.py
[2026-05-30 17:04:29] ERRO DE SINTAXE: live_tower_monitor.py
[2026-05-30 17:04:29] OK: log_writer.py
[2026-05-30 17:04:29] OK: main.py
[2026-05-30 17:04:30] ERRO DE SINTAXE: MAPA_DO_ECOSSISTEMA.py
[2026-05-30 17:04:30] OK: MASTER_GOVERNANCE.py
[2026-05-30 17:04:31] OK: memoria_cliente.py
[2026-05-30 17:04:31] OK: MEMORIA_DE_PERFORMACE.py
[2026-05-30 17:04:32] OK: MEMORY_FORTRESS.py
[2026-05-30 17:04:32] OK: mensagem_automatica.py
[2026-05-30 17:04:32] OK: META_ENGINE.py
[2026-05-30 17:04:32] OK: miner_nucleus.py
[2026-05-30 17:04:33] OK: models.py
[2026-05-30 17:04:33] OK: MODULAR_ARCHITECTURE.py
[2026-05-30 17:04:33] OK: modulo_exemplo.py
[2026-05-30 17:04:33] OK: modulo_interface.py
[2026-05-30 17:04:34] OK: monitor_paypal.py
[2026-05-30 17:04:34] OK: montar_texto.py
[2026-05-30 17:04:34] OK: MOTOR_DE_SIMILARIDADE.py
[2026-05-30 17:04:35] OK: MOTOR_DE_SIMILARIDADE_AVANADO.py
[2026-05-30 17:04:35] OK: MOTOR_SEMANTICO.py
[2026-05-30 17:04:35] OK: MOTOR_SEMANTICO_COM_SCORE_DE_RELEVANCIA.py
[2026-05-30 17:04:36] OK: MOTOR_SEMANTICO_EMPRESARIAL_INTELIGENTE.py
[2026-05-30 17:04:36] OK: msg_cliente.py
[2026-05-30 17:04:37] OK: NAVEGACAO_DE_OPORTUNIDADES.py
[2026-05-30 17:04:37] OK: NCLEO_CENTRAL.py
[2026-05-30 17:04:37] OK: ncleo_real.py
[2026-05-30 17:04:37] OK: NEXUS_CORE.py
[2026-05-30 17:04:38] OK: NEXUS_REALTIME.py
[2026-05-30 17:04:38] OK: nodes_cluster.py
[2026-05-30 17:04:38] OK: nodes_distribuido.py
[2026-05-30 17:04:39] OK: NODE_CHECK.py
[2026-05-30 17:04:39] OK: notificar_cliente.py
[2026-05-30 17:04:39] OK: NTERPRETADOR_INTELIGENTE.py
[2026-05-30 17:04:40] OK: nucleo.py
[2026-05-30 17:04:40] OK: nucleo_api.py
[2026-05-30 17:04:41] OK: nucleo_estabilizador.py
[2026-05-30 17:04:41] OK: nucleo_estabilizador_v2.py
[2026-05-30 17:04:41] OK: nucleo_financeiro.py
[2026-05-30 17:04:42] OK: nucleo_iotec.py
[2026-05-30 17:04:42] OK: NUCLEO_REAL.py
[2026-05-30 17:04:42] OK: NUCLEUS_INVESTIGATION.py
[2026-05-30 17:04:42] OK: NUCLEUS_LIVE.py
[2026-05-30 17:04:43] OK: nucleus_orchestrator.py
[2026-05-30 17:04:43] OK: NUCLEUS_STRESS_TEST.py
[2026-05-30 17:04:44] OK: NUCLEU_ENTERPRISE.py
[2026-05-30 17:04:44] OK: OCCUPY_CORE.py
[2026-05-30 17:04:45] OK: OFICINA_DE_INTERFACES.py
[2026-05-30 17:04:45] OK: OMEGA _X.py
[2026-05-30 17:04:45] OK: OMEGA_CINEMATIC.py
[2026-05-30 17:04:46] OK: OMEGA_X.py
[2026-05-30 17:04:46] OK: ORBITAL_EVOLUTION.py
[2026-05-30 17:04:46] OK: orchestrator.py
[2026-05-30 17:04:47] OK: orchestrator_cluster.py
[2026-05-30 17:04:47] OK: ORCHESTRATOR_ENGINE.py
[2026-05-30 17:04:48] OK: orchestrator_fixed.py
[2026-05-30 17:04:48] OK: orchestrator_fsm.py
[2026-05-30 17:04:48] OK: organizar_cliente.py
[2026-05-30 17:04:48] OK: ORGANIZATIONAL_KERNEL.py
[2026-05-30 17:04:49] OK: ORQUESTRADOR_COMPLETO.py
[2026-05-30 17:04:49] OK: Orquestrador_Inteligente.py
[2026-05-30 17:04:49] OK: ORQUESTRADOR_OPERACIONA_ EMPRESARIAL.py
[2026-05-30 17:04:49] OK: ORQUESTRADOR_OPERACIONA_EMPRESARIAL.py
[2026-05-30 17:04:50] ERRO DE SINTAXE: PAINEL_BILNGUE.py
[2026-05-30 17:04:50] ERRO DE SINTAXE: painel_IOTEC.py
[2026-05-30 17:04:50] ERRO DE SINTAXE: PARA_A_OFICINA.py
[2026-05-30 17:04:51] OK: PATCH_ADD_DISPATCH.py
[2026-05-30 17:04:51] OK: paypal_server.py
[2026-05-30 17:04:51] OK: payroll.py
[2026-05-30 17:04:51] OK: PERSISTENCE_BACKUP_20260511_193031.py
[2026-05-30 17:04:52] OK: pipeline.py
[2026-05-30 17:04:52] OK: Plataforma_Seguranca_Publica.py
[2026-05-30 17:04:53] OK: plotly.graph_objects.py
[2026-05-30 17:04:53] OK: plotly.graph_objects01.py
[2026-05-30 17:04:57] OK: plotly.graph_objects_01.py
[2026-05-30 17:05:02] OK: plotly.graph_objects_02.py
[2026-05-30 17:05:03] OK: PREMIUM_ASCENSION.py
[2026-05-30 17:05:04] OK: PREPARAR_DEPLOY.py
[2026-05-30 17:05:04] OK: previdencia.py
[2026-05-30 17:05:05] OK: processar_interface.py
[2026-05-30 17:05:06] OK: processar_modulo.py
[2026-05-30 17:05:06] OK: processar_pagamento.py
[2026-05-30 17:05:06] OK: Processo.py
[2026-05-30 17:05:07] OK: PRODUCT_TRANSLATION.py
[2026-05-30 17:05:07] ERRO DE SINTAXE: PROGRAMACAO_AUTOMATICA.py
[2026-05-30 17:05:07] OK: p_m_u.py
[2026-05-30 17:05:08] OK: QUALITY_GATE.py
[2026-05-30 17:05:08] OK: QUANTUM_GOVERNANCE.py
[2026-05-30 17:05:08] OK: REALITY_EXECUTION.py
[2026-05-30 17:05:09] OK: REALTIME_EXECUTIVE.py
[2026-05-30 17:05:09] OK: REBUILD_VISIBLE_CORE.py
[2026-05-30 17:05:10] OK: recomendacao_de_plano.py
[2026-05-30 17:05:11] OK: recomendar_plano.py
[2026-05-30 17:05:13] OK: reportlab.lib.pagesizes.py
[2026-05-30 17:05:15] OK: RESPOSTAS_INTELIGENTES.py
[2026-05-30 17:05:15] OK: RESPOSTA_AUTOMTICA_BILNGUE.py
[2026-05-30 17:05:16] OK: resposta_segura.py
[2026-05-30 17:05:16] OK: RESUMO_EXECUTIVO.py
[2026-05-30 17:05:16] OK: REVELATION_ENGINE.py
[2026-05-30 17:05:17] OK: REVELATION_ENGINE_01.py
[2026-05-30 17:05:18] OK: risco.py
[2026-05-30 17:05:18] OK: ROCKBOOST_CENTRAL.py
[2026-05-30 17:05:18] OK: ROCKBOOST_DOCKER.py
[2026-05-30 17:05:19] OK: ROCKBOOST_GOVERNANCE.py
[2026-05-30 17:05:19] OK: ROCKBOOST_LIVE.py
[2026-05-30 17:05:19] OK: ROCKBOOST_MEMORY.py
[2026-05-30 17:05:20] OK: ROCKBOOST_ORBITAL.py
[2026-05-30 17:05:20] OK: ROCKBOOST_ORBITAL_.py
[2026-05-30 17:05:20] OK: ROCKBOOST_ORBITAL_ENGINE.py
[2026-05-30 17:05:20] OK: ROCKBOOST_RECOVERY.py
[2026-05-30 17:05:21] OK: RUNTIME_GOVERNOR.py
[2026-05-30 17:05:22] OK: run_iotec_safe.py
[2026-05-30 17:05:22] OK: SAFE_REPAIR_ENGINE.py
[2026-05-30 17:05:23] OK: SALES_EXPERIENCE.py
[2026-05-30 17:05:24] OK: SENTINEL_PRO.py
[2026-05-30 17:05:24] OK: SERVER.py
[2026-05-30 17:05:24] OK: simulador.py
[2026-05-30 17:05:24] OK: single_core_test.py
[2026-05-30 17:05:25] OK: SISTEMA_DE_SEGURANCA_PUBLICA.py
[2026-05-30 17:05:25] OK: SISTEMA_ESTRUTURADO_COM_VOZ.py
[2026-05-30 17:05:25] OK: SMART_CORE_EXPORT.py
[2026-05-30 17:05:26] OK: sonda_interna_de_integridade.py
[2026-05-30 17:05:26] OK: stability_core.py
[2026-05-30 17:05:26] OK: SUPERVISOR_DE_INTEGRIDADE.py
[2026-05-30 17:05:27] OK: syntax_repairer.py
[2026-05-30 17:05:27] OK: teste_injecao.py
[2026-05-30 17:05:27] OK: TESTE_OPERACIONAL_COMPLETO.py
[2026-05-30 17:05:27] OK: TITAN_ENGINE.py
[2026-05-30 17:05:28] OK: UNIVERSAL_RECEPTION_EMAIL.py
[2026-05-30 17:05:28] OK: URBANISMO_SISTMICO.py
[2026-05-30 17:05:28] OK: validar_dossie.py
[2026-05-30 17:05:28] OK: validar_servico.py
[2026-05-30 17:05:29] OK: ValuationEngine.py
[2026-05-30 17:05:29] OK: VERIFICADOR_AUTOMATICO_DE_PORTAS.py
[2026-05-30 17:05:30] OK: verificar_produto.py
[2026-05-30 17:05:30] OK: VERIFY_REAL_CORE.py
[2026-05-30 17:05:30] OK: VISUALIZADOR_ESTRATGICO.py
[2026-05-30 17:05:30] OK: VISUAL_OPERATIONS_CENTER.py
[2026-05-30 17:05:31] OK: app.py
[2026-05-30 17:05:31] OK: 20260512_183920_Iotec_Spine_Core.py
[2026-05-30 17:05:32] OK: iotec_cockpit_pleno.py
[2026-05-30 17:05:32] OK: iotec_cockpit_pleno_v2.py
[2026-05-30 17:05:32] OK: advisor.py
[2026-05-30 17:05:33] OK: alignment.py
[2026-05-30 17:05:33] OK: app.py
[2026-05-30 17:05:33] OK: coletor_email.py
[2026-05-30 17:05:33] OK: command_center.py
[2026-05-30 17:05:34] OK: concierge.py
[2026-05-30 17:05:34] OK: experience.py
[2026-05-30 17:05:34] OK: governance.py
[2026-05-30 17:05:35] OK: midas.py
[2026-05-30 17:05:35] OK: module.py
[2026-05-30 17:05:35] OK: motor_producao.py
[2026-05-30 17:05:36] OK: nucleo_loop.py
[2026-05-30 17:05:36] OK: orchestrator.py
[2026-05-30 17:05:36] OK: orquestrador.py
[2026-05-30 17:05:36] OK: painel_vivo.py
[2026-05-30 17:05:37] OK: perception.py
[2026-05-30 17:05:37] OK: persistence.py
[2026-05-30 17:05:38] OK: prospection.py
[2026-05-30 17:05:38] OK: registry.py
[2026-05-30 17:05:38] OK: revenue.py
[2026-05-30 17:05:39] OK: email_bridge.py
[2026-05-30 17:05:39] OK: visible_core_api.py
[2026-05-30 17:05:39] OK: iotec_nucleus.py
[2026-05-30 17:05:40] OK: visible_core_router.py
[2026-05-30 17:05:40] OK: full_test.py
[2026-05-30 17:05:40] OK: run_demo_cycle.py
[2026-05-30 17:05:41] OK: seal_guard.py
[2026-05-30 17:05:41] OK: app.py
[2026-05-30 17:05:41] OK: adapter_erp_cliente.py
[2026-05-30 17:05:42] OK: IOTEC_ADAPTIVE_CORE_MANAGER.py
[2026-05-30 17:05:42] OK: IOTEC_BL_PORTAL_PAGAMENTOS_AUTOMATICO.py
[2026-05-30 17:05:42] OK: IOTEC_CORE_MANAGER.py
[2026-05-30 17:05:43] OK: iotec_nucleus.py
[2026-05-30 17:05:43] ERRO DE SINTAXE: visible_core_router.AUTO_BACKUP.py
[2026-05-30 17:05:43] ERRO DE SINTAXE: visible_core_router.backup.py
[2026-05-30 17:05:44] ERRO DE SINTAXE: visible_core_router.PREPARSER_BACKUP.py
[2026-05-30 17:05:44] ERRO DE SINTAXE: visible_core_router.py
[2026-05-30 17:05:44] ERRO DE SINTAXE: visible_core_router.rebuild_backup.py
[2026-05-30 17:05:44] ERRO DE SINTAXE: visible_core_router.SAFE_BACKUP.py
[2026-05-30 17:05:45] ERRO DE SINTAXE: visible_core_router.STRUCTURE_BACKUP.py
[2026-05-30 17:05:45] OK: app.py
[2026-05-30 17:05:45] OK: dossie.py
[2026-05-30 17:05:45] OK: engine.py
[2026-05-30 17:05:46] OK: pagamentos.py
[2026-05-30 17:05:46] OK: app.py
[2026-05-30 17:05:46] OK: enviar_email.py
[2026-05-30 17:05:47] ERRO DE SINTAXE: NOVO_PEDIDO_IOTEC.py
[2026-05-30 17:05:47] OK: app.py
[2026-05-30 17:05:47] OK: CONSOLIDATION_ENGINE.py
[2026-05-30 17:05:47] OK: DASHBOARD_BACKUP_20260511_193717.py
[2026-05-30 17:05:48] OK: DEEP_CORE_SCANNER.py
[2026-05-30 17:05:48] ERRO DE SINTAXE: ECOSSISTEMA_DE_IA_ASSISTIVA.py
[2026-05-30 17:05:48] OK: INVENTRIO_INTELIGENTE.py
[2026-05-30 17:05:49] OK: IOTEC_CORE_LIVE_QUEUE.py
[2026-05-30 17:05:49] OK: IOTEC_CORE_QUEUE_PANEL.py
[2026-05-30 17:05:49] OK: IOTEC_DUAL_MAIL_DASHBOARD.py
[2026-05-30 17:05:49] OK: IOTEC_GLOBAL_READINESS_CHECK.py
[2026-05-30 17:05:50] OK: IOTEC_GOVTECH_PIPELINE_DASHBOARD.py
[2026-05-30 17:05:50] OK: IOTEC_MULTI_SECTOR_RADAR.py
[2026-05-30 17:05:50] OK: IOTEC_PANEL_24H.py
[2026-05-30 17:05:51] OK: IOTEC_RUNTIME_REORGANIZER.py
[2026-05-30 17:05:51] OK: Iotec_Spine_Core_Architecture.py
[2026-05-30 17:05:51] OK: IOTEC_SYSTEM_FLOW_PANEL.py
[2026-05-30 17:05:52] OK: plotly.graph_objects_01.py
[2026-05-30 17:05:52] OK: plotly.graph_objects_02.py
[2026-05-30 17:05:52] ERRO DE SINTAXE: BACKUPS.AUTOMATIZADOS.py
[2026-05-30 17:05:52] OK: BACKUP_20260511_185831.py
[2026-05-30 17:05:53] OK: BACKUP_NEURAL_MAP_ENGINE.py
[2026-05-30 17:05:53] OK: full_test.py
[2026-05-30 17:05:53] OK: INIT_BACKUP_20260511_190622.py
[2026-05-30 17:05:54] OK: IOTEC_MASTER_CORE_BACKUP.py
[2026-05-30 17:05:54] OK: IOTEC_UNIFIED_BRAIN_BACKUP.py
[2026-05-30 17:05:54] OK: NUCLEUS_STRESS_TEST.py
[2026-05-30 17:05:55] OK: PERSISTENCE_BACKUP_20260511_193031.py
[2026-05-30 17:05:55] OK: teste_injecao.py
[2026-05-30 17:05:55] OK: TESTE_OPERACIONAL_COMPLETO.py
[2026-05-30 17:05:56] OK: helpers.py
[2026-05-30 17:05:56] OK: models.py
[2026-05-30 17:05:56] OK: corporate_nucleus.py
[2026-05-30 17:05:57] OK: integration_nucleus.py
[2026-05-30 17:05:57] OK: miner_nucleus.py
[2026-05-30 17:05:57] OK: telemetry_nucleus.py
[2026-05-30 17:05:58] OK: validation_nucleus.py
[2026-05-30 17:05:58] OK: visual_nucleus.py
[2026-05-30 17:05:58] OK: DASHBOARD_AUTO_INSTALLER.py
[2026-05-30 17:05:58] OK: DASHBOARD_BACKUP_20260511_193717.py
[2026-05-30 17:05:59] OK: dashboard_engine.py
[2026-05-30 17:05:59] ERRO DE SINTAXE: DASHBOARD_INSTALLER.py
[2026-05-30 17:05:59] OK: IOTEC_DASHBOARD.py
[2026-05-30 17:06:00] OK: IOTEC_DUAL_MAIL_DASHBOARD.py
[2026-05-30 17:06:00] OK: IOTEC_GOVTECH_PIPELINE_DASHBOARD.py
[2026-05-30 17:06:00] ERRO DE SINTAXE: api.py
[2026-05-30 17:06:00] OK: coletor_api.py
[2026-05-30 17:06:01] OK: demoserver.py
[2026-05-30 17:06:01] OK: FastAPI.py
[2026-05-30 17:06:01] OK: IOTEC_API_INTEGRACAO.py
[2026-05-30 17:06:02] OK: IOTEC_WEB_OBSERVER.py
[2026-05-30 17:06:02] OK: nucleo_api.py
[2026-05-30 17:06:02] OK: paypal_server.py
[2026-05-30 17:06:02] OK: server.py
[2026-05-30 17:06:02] OK: visible_core_api.py
[2026-05-30 17:06:03] ERRO DE SINTAXE: .py
[2026-05-30 17:06:03] OK: 20260512_183920_Iotec_Spine_Core.py
[2026-05-30 17:06:03] OK: 50000.py
[2026-05-30 17:06:04] ERRO DE SINTAXE: abrir_Servico.py
[2026-05-30 17:06:04] ERRO DE SINTAXE: ADAPTADOR_DE_ROTAS.py
[2026-05-30 17:06:04] OK: adapter_erp_cliente.py
[2026-05-30 17:06:05] OK: advisor.py
[2026-05-30 17:06:05] OK: agente.py
[2026-05-30 17:06:05] OK: ajustar_zoom_inteligente.py
[2026-05-30 17:06:05] OK: alignment.py
[2026-05-30 17:06:06] OK: analisar_cenario.py
[2026-05-30 17:06:06] OK: analise_nucleo.py
[2026-05-30 17:06:06] ERRO DE SINTAXE: ao_detectarsistema_central.py
[2026-05-30 17:06:07] OK: api.py
[2026-05-30 17:06:07] OK: app.py
[2026-05-30 17:06:07] OK: ARQUEOLOGIA_DIGITAL.py
[2026-05-30 17:06:08] OK: ARQUITETURA_MODULAR_OPERACIONAL.py
[2026-05-30 17:06:08] OK: ATUALIZACAO_NO_NUCLEO.py
[2026-05-30 17:06:09] OK: auditoria_estrategica.py
[2026-05-30 17:06:09] OK: auditoria_nucleo.py
[2026-05-30 17:06:09] OK: auto_patch.py
[2026-05-30 17:06:10] OK: BACKEND_COM_FLUXO_COMPLETO.py
[2026-05-30 17:06:10] OK: BACKUP_20260511_185831.py
[2026-05-30 17:06:10] ERRO DE SINTAXE: Bifrst.py
[2026-05-30 17:06:10] OK: calcular_score.py
[2026-05-30 17:06:11] OK: Caminho.da.pasta.py
[2026-05-30 17:06:11] ERRO DE SINTAXE: CARTO.MESTRE.VK.py
[2026-05-30 17:06:11] ERRO DE SINTAXE: ccd_nucleo.py
[2026-05-30 17:06:12] ERRO DE SINTAXE: Cdigo.VK.SEC.001.py
[2026-05-30 17:06:12] ERRO DE SINTAXE: Cdigo.VK.TAX.py
[2026-05-30 17:06:12] OK: CENTRAL_CORE.py
[2026-05-30 17:06:13] ERRO DE SINTAXE: Central_Operacional.py
[2026-05-30 17:06:13] ERRO DE SINTAXE: CHAT_GLOBAL.py
[2026-05-30 17:06:13] OK: chave.py
[2026-05-30 17:06:14] OK: CINEMATIC_OPERATIONS.py
[2026-05-30 17:06:14] OK: classAsmita.py
[2026-05-30 17:06:14] ERRO DE SINTAXE: CLIENTE_INTERNACIONAL.py
[2026-05-30 17:06:14] OK: coletor_api.py
[2026-05-30 17:06:15] OK: coletor_email.py
[2026-05-30 17:06:15] OK: command_center.py
[2026-05-30 17:06:15] OK: ComplexoNucleo.py
[2026-05-30 17:06:15] OK: COMUNICAAO_NULEO.PY
[2026-05-30 17:06:16] OK: conciencia_do_nucleo.py
[2026-05-30 17:06:17] OK: concierge.py
[2026-05-30 17:06:17] OK: config.py
[2026-05-30 17:06:17] OK: CONFIGURADOR_AUTOMATICO.py
[2026-05-30 17:06:18] OK: CONSOLIDADOR_E_FILTRO.py
[2026-05-30 17:06:18] OK: CONSOLIDATION_ENGINE.py
[2026-05-30 17:06:18] ERRO DE SINTAXE: CONTEUDO_REAL_DOS_SERVICOS.py
[2026-05-30 17:06:19] OK: CONTROLE_DE_CUSTOS.py
[2026-05-30 17:06:19] OK: Conversacional_Moderna.py
[2026-05-30 17:06:19] OK: CORE_MASTER.py
[2026-05-30 17:06:20] OK: corporate_nucleus.py
[2026-05-30 17:06:20] OK: CREATIVE_EXPLORER.py
[2026-05-30 17:06:20] OK: criar_entrega.py
[2026-05-30 17:06:21] OK: DASHBOARD_AUTO_INSTALLER.py
[2026-05-30 17:06:21] OK: DASHBOARD_BACKUP_20260511_193717.py
[2026-05-30 17:06:21] ERRO DE SINTAXE: DASHBOARD_INSTALLER.py
[2026-05-30 17:06:22] OK: DATA_REFINERY_SYSTEM.py
[2026-05-30 17:06:22] OK: DEEP_CORE_SCANNER.py
[2026-05-30 17:06:22] OK: Defina.sua.chave.mestra.py
[2026-05-30 17:06:22] OK: definir_plano.py
[2026-05-30 17:06:23] OK: DETECCAO_DE_ALTO_RETORNO.py
[2026-05-30 17:06:23] OK: detectar_idioma.py
[2026-05-30 17:06:23] OK: DETECTAR_INTERFACES_EXTERNNAS.py
[2026-05-30 17:06:23] OK: diagnostico.py
[2026-05-30 17:06:24] OK: dialogo.py
[2026-05-30 17:06:24] OK: DISPARAR_DEPLOY.py
[2026-05-30 17:06:24] OK: dossie.py
[2026-05-30 17:06:25] ERRO DE SINTAXE: ECOSSISTEMA_DE_IA_ASSISTIVA.py
[2026-05-30 17:06:25] OK: eh_pagamento_paypal.py
[2026-05-30 17:06:25] OK: email_bridge.py
[2026-05-30 17:06:25] OK: engine.py
[2026-05-30 17:06:25] OK: entrada_principal_main.py
[2026-05-30 17:06:26] OK: enviar_email.py
[2026-05-30 17:06:26] ERRO DE SINTAXE: EQUIPORG.py
[2026-05-30 17:06:26] ERRO DE SINTAXE: Escanear.py
[2026-05-30 17:06:27] OK: EXECUTIVE_COMMAND_ENTER.py
[2026-05-30 17:06:27] ERRO DE SINTAXE: EXPANSAO_COMPLETA.py
[2026-05-30 17:06:27] OK: experience.py
[2026-05-30 17:06:27] OK: extrair_valor.py
[2026-05-30 17:06:28] ERRO DE SINTAXE: Fazendo.varredura.py
[2026-05-30 17:06:28] OK: FILA_DE_EXPERIMENTACAO.py
[2026-05-30 17:06:28] OK: FLUXO_COMPLETO.py
[2026-05-30 17:06:29] ERRO DE SINTAXE: FLUXO_REAL.py
[2026-05-30 17:06:29] OK: full_test.py
[2026-05-30 17:06:29] OK: funcoes.py
[2026-05-30 17:06:29] OK: gerar_dossie.py
[2026-05-30 17:06:30] OK: Gerar_entreg.py
[2026-05-30 17:06:30] OK: gerar_excel.py
[2026-05-30 17:06:31] ERRO DE SINTAXE: gerar_login.py
[2026-05-30 17:06:31] OK: gerar_ordem.py
[2026-05-30 17:06:32] OK: gerar_pacote.py
[2026-05-30 17:06:32] OK: gerar_texto_contextual.py
[2026-05-30 17:06:32] OK: GLOBAL_OPERATIONAL_CORE.py
[2026-05-30 17:06:32] OK: GOVERNANA_OPERACIONAL.py
[2026-05-30 17:06:32] OK: GOVERNANA_OPERACIONAL_AUTOMATIZADA.py
[2026-05-30 17:06:33] OK: governance.py
[2026-05-30 17:06:33] OK: grafico_barras_premium.py
[2026-05-30 17:06:33] OK: grafico_gauge_risco.py
[2026-05-30 17:06:34] ERRO DE SINTAXE: graph.TD.py
[2026-05-30 17:06:34] OK: gTTS.py
[2026-05-30 17:06:34] ERRO DE SINTAXE: HARMONIZAO_EXPANSO.py
[2026-05-30 17:06:34] OK: helpers.py
[2026-05-30 17:06:35] OK: IDENTIDADE_DINMICA_DO_NUCLEO.py
[2026-05-30 17:06:35] OK: ilusao.py
[2026-05-30 17:06:35] OK: import.re.py
[2026-05-30 17:06:36] OK: import.time.py
[2026-05-30 17:06:36] OK: INIT_BACKUP_20260511_190622.py
[2026-05-30 17:06:36] OK: integracao.py
[2026-05-30 17:06:37] OK: INTEGRACAO_COMPLETA.py
[2026-05-30 17:06:37] OK: integracao_executar_nucleo.py
[2026-05-30 17:06:37] OK: INTEGRACAO_FINAL_DO_NUCLEO.py
[2026-05-30 17:06:37] OK: integration_nucleus.py
[2026-05-30 17:06:38] OK: Inteligncia_de_Valorizao.py
[2026-05-30 17:06:38] OK: INTELLIGENT_CURATOR.py
[2026-05-30 17:06:39] OK: Interface_Restoration.py
[2026-05-30 17:06:39] OK: INVENTRIO_CORPORATIVO.py
[2026-05-30 17:06:39] OK: INVENTRIO_CORPORATIVO_IMPERIAL.py
[2026-05-30 17:06:40] OK: INVENTRIO_INTELIGENTE.py
[2026-05-30 17:06:40] OK: INVESTIGADOR_EMPRESARIAL.py
[2026-05-30 17:06:40] ERRO DE SINTAXE: iotec.py
[2026-05-30 17:06:41] OK: IOTEC_ADAPTIVE_CORE_MANAGER.py
[2026-05-30 17:06:41] ERRO DE SINTAXE: IOTEC_ADAPTIVE_ECOSYSTEM_CORE.py
[2026-05-30 17:06:42] OK: IOTEC_ADVANCEMENT_CONTROL_TOWER.py
[2026-05-30 17:06:42] OK: IOTEC_AI_ATENDENTE.py
[2026-05-30 17:06:42] ERRO DE SINTAXE: IOTEC_AI_BRIDGE_CONNECTOR.py
[2026-05-30 17:06:43] OK: IOTEC_AI_CORE.py
[2026-05-30 17:06:43] OK: IOTEC_AI_SECURITY.py
[2026-05-30 17:06:43] OK: IOTEC_API_INTEGRACAO.py
[2026-05-30 17:06:44] OK: IOTEC_ARTERIA_8787.py
[2026-05-30 17:06:44] OK: IOTEC_AUTOMATED_STRUCTURE_ENGINE.py
[2026-05-30 17:06:44] OK: IOTEC_AUTONOMOUS.py
[2026-05-30 17:06:45] OK: IOTEC_BILLING_INTELLIGENCE_ENGINE.py
[2026-05-30 17:06:45] OK: iotec_cockpit_pleno.py
[2026-05-30 17:06:45] OK: iotec_cockpit_pleno_v2.py
[2026-05-30 17:06:45] OK: IOTEC_CONTEXT_AI.py
[2026-05-30 17:06:46] OK: IOTEC_CONTROL_TOWER_ENGINE.py
[2026-05-30 17:06:46] OK: iotec_core.py
[2026-05-30 17:06:46] OK: IOTEC_CORE_24H.py
[2026-05-30 17:06:47] OK: IOTEC_CORE_DIRECTIVE_SYSTEM.py
[2026-05-30 17:06:47] OK: IOTEC_CORE_EMAIL_24H.py
[2026-05-30 17:06:47] OK: IOTEC_CORE_LIVE_QUEUE.py
[2026-05-30 17:06:48] OK: IOTEC_CORE_MANAGER.py
[2026-05-30 17:06:48] OK: IOTEC_CORE_QUEUE_PANEL.py
[2026-05-30 17:06:48] OK: IOTEC_CORE_RUNNER.py
[2026-05-30 17:06:49] OK: IOTEC_CUSTOMER_SERVICE_CORE.py
[2026-05-30 17:06:49] OK: IOTEC_DASHBOARD.py
[2026-05-30 17:06:50] OK: IOTEC_DATABASE_CORE.py
[2026-05-30 17:06:50] OK: IOTEC_DEPLOYMENT_DIAGNOSTIC.py
[2026-05-30 17:06:50] OK: IOTEC_DEPLOY_MASTER.py
[2026-05-30 17:06:52] OK: IOTEC_DEPLOY_MASTER_V2.py
[2026-05-30 17:06:52] OK: IOTEC_DEPLOY_MASTER_V3.py
[2026-05-30 17:06:54] OK: IOTEC_DEPLOY_NETLIFY.py
[2026-05-30 17:06:55] OK: IOTEC_DEPLOY_ORQUESTRADOR.py
[2026-05-30 17:06:55] OK: IOTEC_DUAL_MAIL_DASHBOARD.py
[2026-05-30 17:06:55] OK: IOTEC_FIRST_REVENUE_ENGINE.py
[2026-05-30 17:06:56] OK: IOTEC_FORM_TO_EMAIL.py
[2026-05-30 17:06:56] OK: IOTEC_FULL_FLOW.py
[2026-05-30 17:06:56] OK: IOTEC_GATEWAY_CORE.py
[2026-05-30 17:06:57] OK: IOTEC_GLOBAL_CORE.py
[2026-05-30 17:06:58] OK: IOTEC_GLOBAL_OPERATIONAL_CORE.py
[2026-05-30 17:06:58] OK: IOTEC_GLOBAL_READINESS_CHECK.py
[2026-05-30 17:06:59] OK: IOTEC_GOVTECH_PIPELINE_DASHBOARD.py
[2026-05-30 17:06:59] OK: IOTEC_INTELLIGENT_CURATOR.py
[2026-05-30 17:06:59] OK: IOTEC_MAIL_CORE_INTELIGENTE.py
[2026-05-30 17:07:00] OK: IOTEC_MAIL_FILTER.py
[2026-05-30 17:07:00] OK: IOTEC_MAIL_HUB.py
[2026-05-30 17:07:00] OK: IOTEC_MAIL_MANAGER.py
[2026-05-30 17:07:01] OK: IOTEC_MAIL_TO_CORE.py
[2026-05-30 17:07:01] OK: IOTEC_MEDIA.py
[2026-05-30 17:07:01] OK: IOTEC_MEDIA_ORCHESTRATION_CORE.py
[2026-05-30 17:07:02] OK: IOTEC_MEMORY_ENGINE.py
[2026-05-30 17:07:02] OK: IOTEC_MINIMAL_REAL_CORE.py
[2026-05-30 17:07:02] OK: IOTEC_MULTI_MAIL_CORE.py
[2026-05-30 17:07:03] OK: IOTEC_MULTI_SECTOR_RADAR.py
[2026-05-30 17:07:03] OK: IOTEC_NEURAL_ECOSYSTEM_CORE_FINAL.py
[2026-05-30 17:07:04] OK: iotec_nucleus.py
[2026-05-30 17:07:05] OK: IOTEC_OPERATIONAL_WORKFLOW_ARCHITECTURE.py
[2026-05-30 17:07:05] OK: IOTEC_PANEL_24H.py
[2026-05-30 17:07:06] OK: IOTEC_PAYPAL_MONITOR.py
[2026-05-30 17:07:06] OK: IOTEC_PERSISTENT_OPERATIONAL_CORE.py
[2026-05-30 17:07:06] OK: IOTEC_PROGRAMMING_GRID_ENGINE.py
[2026-05-30 17:07:07] OK: IOTEC_Revenue_Strategy_Engine.py
[2026-05-30 17:07:07] OK: Iotec_Spine.py
[2026-05-30 17:07:08] OK: Iotec_Spine_Core.py
[2026-05-30 17:07:08] OK: Iotec_Spine_Core_Architecture.py
[2026-05-30 17:07:08] OK: IOTEC_STARTUP_CHECKLIST_ENGINE.py
[2026-05-30 17:07:09] OK: IOTEC_SYSTEM_FLOW_PANEL.py
[2026-05-30 17:07:10] OK: IOTEC_TEMPLATE.py
[2026-05-30 17:07:10] OK: IOTEC_TRAFFIC_CONTROLLER.py
[2026-05-30 17:07:11] OK: IOTEC_TTS.py
[2026-05-30 17:07:12] OK: IOTEC_ULTRACORE_ARCHITECTURE.py
[2026-05-30 17:07:12] OK: IOTEC_WEB_OBSERVER.py
[2026-05-30 17:07:13] OK: IOTEC_WHATSAPP_AUTOMATION.py
[2026-05-30 17:07:13] OK: IOTEC_WHATS_LINK.py
[2026-05-30 17:07:14] OK: ler_emails.py
[2026-05-30 17:07:14] OK: LIVE_EXECUTIVE_VISUAL.py
[2026-05-30 17:07:15] OK: LIVE_OPERATIONAL_CORE.py
[2026-05-30 17:07:15] OK: log_writer.py
[2026-05-30 17:07:16] OK: lucro.py
[2026-05-30 17:07:16] OK: main.py
[2026-05-30 17:07:16] ERRO DE SINTAXE: MAPA_DO_ECOSSISTEMA.py
[2026-05-30 17:07:17] OK: MASTER_GOVERNANCE.py
[2026-05-30 17:07:17] OK: memoria_cliente.py
[2026-05-30 17:07:17] OK: MEMORIA_DE_PERFORMACE.py
[2026-05-30 17:07:18] OK: mensagem_automatica.py
[2026-05-30 17:07:18] OK: midas.py
[2026-05-30 17:07:18] OK: miner_nucleus.py
[2026-05-30 17:07:19] OK: models.py
[2026-05-30 17:07:19] OK: module.py
[2026-05-30 17:07:20] OK: modulo_exemplo.py
[2026-05-30 17:07:20] OK: modulo_interface.py
[2026-05-30 17:07:21] OK: monitor_paypal.py
[2026-05-30 17:07:21] OK: montar_texto.py
[2026-05-30 17:07:21] OK: MOTOR_DE_SIMILARIDADE.py
[2026-05-30 17:07:22] OK: MOTOR_DE_SIMILARIDADE_AVANADO.py
[2026-05-30 17:07:22] OK: motor_producao.py
[2026-05-30 17:07:22] OK: MOTOR_SEMANTICO.py
[2026-05-30 17:07:23] OK: MOTOR_SEMANTICO_COM_SCORE_DE_RELEVANCIA.py
[2026-05-30 17:07:23] OK: MOTOR_SEMANTICO_EMPRESARIAL_INTELIGENTE.py
[2026-05-30 17:07:23] OK: msg_cliente.py
[2026-05-30 17:07:23] OK: NAVEGACAO_DE_OPORTUNIDADES.py
[2026-05-30 17:07:24] OK: NCLEO_CENTRAL.py
[2026-05-30 17:07:24] OK: NODE_CHECK.py
[2026-05-30 17:07:24] OK: notificar_cliente.py
[2026-05-30 17:07:25] ERRO DE SINTAXE: NOVO_PEDIDO_IOTEC.py
[2026-05-30 17:07:25] OK: NTERPRETADOR_INTELIGENTE.py
[2026-05-30 17:07:25] OK: nucleo.py
[2026-05-30 17:07:26] OK: nucleo_api.py
[2026-05-30 17:07:26] OK: nucleo_financeiro.py
[2026-05-30 17:07:26] OK: nucleo_iotec.py
[2026-05-30 17:07:27] OK: nucleo_loop.py
[2026-05-30 17:07:28] OK: NUCLEO_REAL.py
[2026-05-30 17:07:28] OK: nucleus_orchestrator.py
[2026-05-30 17:07:28] OK: OFICINA_DE_INTERFACES.py
[2026-05-30 17:07:29] OK: Omega.py
[2026-05-30 17:07:29] OK: orchestrator.py
[2026-05-30 17:07:29] OK: ORCHESTRATOR_ENGINE.py
[2026-05-30 17:07:30] OK: organizar_cliente.py
[2026-05-30 17:07:30] OK: ORGANIZATIONAL_KERNEL.py
[2026-05-30 17:07:32] OK: orquestrador.py
[2026-05-30 17:07:32] OK: ORQUESTRADOR_COMPLETO.py
[2026-05-30 17:07:32] OK: Orquestrador_Inteligente.py
[2026-05-30 17:07:32] OK: ORQUESTRADOR_OPERACIONA_ EMPRESARIAL.py
[2026-05-30 17:07:33] OK: ORQUESTRADOR_OPERACIONA_EMPRESARIAL.py
[2026-05-30 17:07:33] OK: pagamentos.py
[2026-05-30 17:07:33] ERRO DE SINTAXE: painel.futurista.py
[2026-05-30 17:07:34] ERRO DE SINTAXE: PAINEL_BILNGUE.py
[2026-05-30 17:07:34] ERRO DE SINTAXE: painel_IOTEC.py
[2026-05-30 17:07:35] OK: painel_vivo.py
[2026-05-30 17:07:35] ERRO DE SINTAXE: PARA_A_OFICINA.py
[2026-05-30 17:07:35] OK: paypal_server.py
[2026-05-30 17:07:36] OK: payroll.py
[2026-05-30 17:07:36] OK: perception.py
[2026-05-30 17:07:37] OK: persistence.py
[2026-05-30 17:07:37] OK: PERSISTENCE_BACKUP_20260511_193031.py
[2026-05-30 17:07:37] OK: pipeline.py
[2026-05-30 17:07:38] ERRO DE SINTAXE: plataformas.py
[2026-05-30 17:07:38] OK: Plataforma_Seguranca_Publica.py
[2026-05-30 17:07:39] OK: plotly.graph_objects.py
[2026-05-30 17:07:39] OK: plotly.graph_objects01.py
[2026-05-30 17:07:39] OK: plotly.graph_objects_01.py
[2026-05-30 17:07:40] OK: plotly.graph_objects_02.py
[2026-05-30 17:07:40] OK: PREPARAR_DEPLOY.py
[2026-05-30 17:07:40] OK: previdencia.py
[2026-05-30 17:07:40] OK: processar_interface.py
[2026-05-30 17:07:41] OK: processar_modulo.py
[2026-05-30 17:07:41] OK: processar_pagamento.py
[2026-05-30 17:07:41] OK: Processo.py
[2026-05-30 17:07:42] OK: prospection.py
[2026-05-30 17:07:42] OK: QUALITY_GATE.py
[2026-05-30 17:07:43] OK: QVBoxL.py
[2026-05-30 17:07:43] OK: recomendacao_de_plano.py
[2026-05-30 17:07:43] OK: recomendar_plano.py
[2026-05-30 17:07:44] OK: registry.py
[2026-05-30 17:07:44] OK: Repasse.adiado.py
[2026-05-30 17:07:44] OK: RESILIENCIA.FINANCEIRA.py
[2026-05-30 17:07:45] OK: RESPOSTAS_INTELIGENTES.py
[2026-05-30 17:07:45] OK: RESPOSTA_AUTOMTICA_BILNGUE.py
[2026-05-30 17:07:45] OK: resposta_segura.py
[2026-05-30 17:07:45] OK: revenue.py
[2026-05-30 17:07:46] OK: risco.py
[2026-05-30 17:07:46] OK: run_demo_cycle.py
[2026-05-30 17:07:46] OK: seal_guard.py
[2026-05-30 17:07:47] ERRO DE SINTAXE: sentinel.guard.py
[2026-05-30 17:07:47] OK: SENTINEL_PRO.py
[2026-05-30 17:07:48] OK: simulador.py
[2026-05-30 17:07:48] ERRO DE SINTAXE: Sistema.GV16.py
[2026-05-30 17:07:48] OK: SISTEMA_DE_SEGURANCA_PUBLICA.py
[2026-05-30 17:07:49] OK: SISTEMA_ESTRUTURADO_COM_VOZ.py
[2026-05-30 17:07:49] OK: sklearn.py
[2026-05-30 17:07:49] OK: sobrevivencia.py
[2026-05-30 17:07:50] OK: SUPERVISOR_DE_INTEGRIDADE.py
[2026-05-30 17:07:50] OK: telemetry_nucleus.py
[2026-05-30 17:07:50] OK: teste_injecao.py
[2026-05-30 17:07:51] OK: TESTE_OPERACIONAL_COMPLETO.py
[2026-05-30 17:07:51] OK: URBANISMO_SISTMICO.py
[2026-05-30 17:07:52] OK: validar_dossie.py
[2026-05-30 17:07:52] OK: validar_servico.py
[2026-05-30 17:07:53] OK: validation_nucleus.py
[2026-05-30 17:07:53] OK: ValuationEngine.py
[2026-05-30 17:07:54] OK: VERIFICADOR_AUTOMATICO_DE_PORTAS.py
[2026-05-30 17:07:54] OK: verificar_produto.py
[2026-05-30 17:07:54] OK: visible_core_api.py
[2026-05-30 17:07:55] OK: visible_core_router.py
[2026-05-30 17:07:55] OK: VISUALIZADOR_ESTRATGICO.py
[2026-05-30 17:07:55] OK: visual_nucleus.py
[2026-05-30 17:07:56] OK: VISUAL_OPERATIONS_CENTER.py
[2026-05-30 17:07:56] ERRO DE SINTAXE: VK.AX.py
[2026-05-30 17:07:56] ERRO DE SINTAXE: VK.DEF.py
[2026-05-30 17:07:57] ERRO DE SINTAXE: VK.MOD.005.py
[2026-05-30 17:07:57] ERRO DE SINTAXE: VK.SEC.001.py
[2026-05-30 17:07:57] ERRO DE SINTAXE: Voo.Digital.py
[2026-05-30 17:07:58] ERRO DE SINTAXE: [Entrada no Sistema].py
[2026-05-30 17:07:58] OK: Chakras.Financeiros.py
[2026-05-30 17:07:59] OK: eh_pagamento_paypal.py
[2026-05-30 17:07:59] OK: financeiro_empresa.py
[2026-05-30 17:07:59] OK: IOTEC_AUDITOR_PAYPAL.py
[2026-05-30 17:08:00] OK: IOTEC_PAYPAL_MONITOR.py
[2026-05-30 17:08:00] ERRO DE SINTAXE: modulo.financeiro.py
[2026-05-30 17:08:00] OK: monitor_paypal.py
[2026-05-30 17:08:00] OK: nucleo_financeiro.py
[2026-05-30 17:08:01] OK: RESILIENCIA.FINANCEIRA.py
[2026-05-30 17:08:01] ERRO DE SINTAXE: static_client.html.py
[2026-05-30 17:08:01] ERRO DE SINTAXE: static_dashboard.html.py
[2026-05-30 17:08:02] OK: GOVERNANA_OPERACIONAL.py
[2026-05-30 17:08:02] OK: GOVERNANA_OPERACIONAL_AUTOMATIZADA.py
[2026-05-30 17:08:02] OK: governance.py
[2026-05-30 17:08:02] OK: MASTER_GOVERNANCE.py
[2026-05-30 17:08:03] OK: 0982XZ.py
[2026-05-30 17:08:03] OK: 20260512_183920_Iotec_Spine_Core.py
[2026-05-30 17:08:03] OK: 50000.py
[2026-05-30 17:08:07] ERRO DE SINTAXE: 900.py
[2026-05-30 17:08:08] ERRO DE SINTAXE: abrir_Servico.py
[2026-05-30 17:08:08] OK: ACESSO.AO.SISTEMA.PRIVADO.PY
[2026-05-30 17:08:09] OK: Acesso.py
[2026-05-30 17:08:09] OK: Acesso_Neocomplex.py
[2026-05-30 17:08:09] ERRO DE SINTAXE: ACTION.py
[2026-05-30 17:08:09] OK: activate.py
[2026-05-30 17:08:10] ERRO DE SINTAXE: ADAPTADOR_DE_ROTAS.py
[2026-05-30 17:08:10] OK: adapter_erp_cliente.py
[2026-05-30 17:08:10] ERRO DE SINTAXE: ADICIONADO.py
[2026-05-30 17:08:11] OK: advisor.py
[2026-05-30 17:08:11] OK: agente.py
[2026-05-30 17:08:12] OK: ajustar_zoom_inteligente.py
[2026-05-30 17:08:12] OK: ALDEIA.DA.TERRA.py
[2026-05-30 17:08:13] ERRO DE SINTAXE: Alerta.Fiscal.py
[2026-05-30 17:08:13] OK: alignment.py
[2026-05-30 17:08:13] ERRO DE SINTAXE: Ambu.py
[2026-05-30 17:08:13] OK: Analisar.os.blocos.py
[2026-05-30 17:08:14] OK: analisar_cenario.py
[2026-05-30 17:08:14] OK: analise_nucleo.py
[2026-05-30 17:08:14] ERRO DE SINTAXE: Anlise.tributria.py
[2026-05-30 17:08:15] OK: anomalias.py
[2026-05-30 17:08:15] OK: app.py
[2026-05-30 17:08:15] OK: Architecture.Module.py
[2026-05-30 17:08:16] OK: ARQUEOLOGIA_DIGITAL.py
[2026-05-30 17:08:16] OK: ARQUITETURA_MODULAR_OPERACIONAL.py
[2026-05-30 17:08:17] ERRO DE SINTAXE: Arquitetura_sugerida.py
[2026-05-30 17:08:17] ERRO DE SINTAXE: asmita.key.py
[2026-05-30 17:08:17] ERRO DE SINTAXE: asmitacore.py
[2026-05-30 17:08:18] ERRO DE SINTAXE: ATIVAO.py
[2026-05-30 17:08:18] OK: ATUALIZACAO_NO_NUCLEO.py
[2026-05-30 17:08:18] OK: auditoria_estrategica.py
[2026-05-30 17:08:19] OK: auditoria_nucleo.py
[2026-05-30 17:08:19] ERRO DE SINTAXE: AUTENTICAO.FINAL.py
[2026-05-30 17:08:19] ERRO DE SINTAXE: AUTENTICAO.SUPREMA.py
[2026-05-30 17:08:20] ERRO DE SINTAXE: Autoanlise.py
[2026-05-30 17:08:20] OK: auto_execucao.py
[2026-05-30 17:08:21] OK: auto_patch.py
[2026-05-30 17:08:21] OK: BACKEND_COM_FLUXO_COMPLETO.py
[2026-05-30 17:08:22] ERRO DE SINTAXE: BACKUPS.AUTOMATIZADOS.py
[2026-05-30 17:08:22] OK: BACKUP_20260511_185831.py
[2026-05-30 17:08:22] ERRO DE SINTAXE: Banco.de.Dados.de.Credenciais.py
[2026-05-30 17:08:23] OK: BeautifulSoup.py
[2026-05-30 17:08:23] ERRO DE SINTAXE: Biblioteca.Matricial.py
[2026-05-30 17:08:24] ERRO DE SINTAXE: biblioteca.nacional.py
[2026-05-30 17:08:24] ERRO DE SINTAXE: Blocos.py
[2026-05-30 17:08:24] ERRO DE SINTAXE: Blueprint.py
[2026-05-30 17:08:25] OK: bot.py
[2026-05-30 17:08:25] OK: calcular_score.py
[2026-05-30 17:08:25] ERRO DE SINTAXE: CAMADA_01.py
[2026-05-30 17:08:26] ERRO DE SINTAXE: Captao.Multinvel.py
[2026-05-30 17:08:26] ERRO DE SINTAXE: CAPTAR.dados.py
[2026-05-30 17:08:26] ERRO DE SINTAXE: CardContent.py
[2026-05-30 17:08:27] ERRO DE SINTAXE: CARREGAR.interface.py
[2026-05-30 17:08:27] ERRO DE SINTAXE: CARTO.MESTRE.VK.DNA.py
[2026-05-30 17:08:28] OK: Cdigo.001.py
[2026-05-30 17:08:28] OK: Cdigo.de.Domnio.e.Apropriao.py
[2026-05-30 17:08:28] ERRO DE SINTAXE: Cdigo.VK.CLOUD.004.py
[2026-05-30 17:08:29] ERRO DE SINTAXE: Cdigo.VK.DEF.006.py
[2026-05-30 17:08:29] ERRO DE SINTAXE: Cdigo.VK.FIN.003.py
[2026-05-30 17:08:30] ERRO DE SINTAXE: Cdigo.VK.py
[2026-05-30 17:08:30] ERRO DE SINTAXE: CDIGO_MATRIZ.py
[2026-05-30 17:08:30] OK: CENTRAL_CORE.py
[2026-05-30 17:08:31] ERRO DE SINTAXE: Central_Operacional.py
[2026-05-30 17:08:31] ERRO DE SINTAXE: CHAT_GLOBAL.py
[2026-05-30 17:08:32] OK: chave.de.integracao.py
[2026-05-30 17:08:32] OK: CINEMATIC_OPERATIONS.py
[2026-05-30 17:08:33] OK: class.Ambu.Guard.py
[2026-05-30 17:08:33] OK: class.Asmita.Guardian.py
[2026-05-30 17:08:34] OK: class.Assistente.IO.py
[2026-05-30 17:08:34] OK: class.Complexo.py
[2026-05-30 17:08:34] ERRO DE SINTAXE: class.Modulo.py
[2026-05-30 17:08:35] OK: class.Omega.AWS.py
[2026-05-30 17:08:35] ERRO DE SINTAXE: class.Omega.Permissao.py
[2026-05-30 17:08:36] OK: classificar_conteudo_e_textos.py
[2026-05-30 17:08:36] ERRO DE SINTAXE: CLIENTE_INTERNACIONAL.py
[2026-05-30 17:08:36] ERRO DE SINTAXE: COD.JAG.TI.FIN.py
[2026-05-30 17:08:37] OK: Cognitivo.Karenage.py
[2026-05-30 17:08:37] OK: coletor_email.py
[2026-05-30 17:08:38] ERRO DE SINTAXE: Comando.de.Voz.py
[2026-05-30 17:08:38] OK: comando.entrada.py
[2026-05-30 17:08:39] ERRO DE SINTAXE: Como.usar.interface.no.Firebase.py
[2026-05-30 17:08:39] ERRO DE SINTAXE: COMPLEXO.DIGITAL.GLOBAL.py
[2026-05-30 17:08:39] OK: Complexo.Nucleo.py
[2026-05-30 17:08:39] OK: complexo_digital.py
[2026-05-30 17:08:40] ERRO DE SINTAXE: Complexo_IO_Ncleo.de.dados.py
[2026-05-30 17:08:40] ERRO DE SINTAXE: components.py
[2026-05-30 17:08:40] OK: COMPORTAMENTO_DO_ASSISTENTE.py
[2026-05-30 17:08:41] OK: COMUNICAAO_NULEO.PY
[2026-05-30 17:08:41] OK: conciencia_do_nucleo.py
[2026-05-30 17:08:41] OK: concierge.py
[2026-05-30 17:08:42] OK: config.py
[2026-05-30 17:08:42] OK: CONFIGURADOR_AUTOMATICO.py
[2026-05-30 17:08:42] ERRO DE SINTAXE: CONFORMIDADE.py
[2026-05-30 17:08:42] OK: CONSOLIDADOR_E_FILTRO.py
[2026-05-30 17:08:43] OK: CONSOLIDATION_ENGINE.py
[2026-05-30 17:08:43] OK: contador.py
[2026-05-30 17:08:44] ERRO DE SINTAXE: container.isolado.py
[2026-05-30 17:08:44] ERRO DE SINTAXE: CONTEUDO_REAL_DOS_SERVICOS.py
[2026-05-30 17:08:44] ERRO DE SINTAXE: contratado.py
[2026-05-30 17:08:45] OK: Controle.Central.py
[2026-05-30 17:08:45] ERRO DE SINTAXE: CONTROLE.DINMICO.py
[2026-05-30 17:08:45] OK: CONTROLE_DE_CUSTOS.py
[2026-05-30 17:08:46] OK: Conversacional_Moderna.py
[2026-05-30 17:08:46] OK: core_ai_engine.py
[2026-05-30 17:08:46] OK: CORE_MASTER.py
[2026-05-30 17:08:47] OK: corporate_nucleus.py
[2026-05-30 17:08:47] OK: CREATIVE_EXPLORER.py
[2026-05-30 17:08:47] OK: criar_entrega.py
[2026-05-30 17:08:48] OK: d5f3c831.py
[2026-05-30 17:08:48] OK: Dados.Estratgicos.py
[2026-05-30 17:08:48] OK: database.py
[2026-05-30 17:08:49] OK: data_harvester.py
[2026-05-30 17:08:49] OK: DATA_REFINERY_SYSTEM.py
[2026-05-30 17:08:50] OK: date.time.py
[2026-05-30 17:08:50] OK: datetime.datetime.now.py
[2026-05-30 17:08:50] OK: datetime.py
[2026-05-30 17:08:51] OK: DEEP_CORE_SCANNER.py
[2026-05-30 17:08:51] OK: def.activate.py
[2026-05-30 17:08:52] OK: def.deploy.py
[2026-05-30 17:08:52] OK: def.trigger.py
[2026-05-30 17:08:53] OK: definir_plano.py
[2026-05-30 17:08:53] OK: destinatario.py
[2026-05-30 17:08:54] OK: DETECCAO_DE_ALTO_RETORNO.py
[2026-05-30 17:08:54] OK: detectar_idioma.py
[2026-05-30 17:08:54] OK: DETECTAR_INTERFACES_EXTERNNAS.py
[2026-05-30 17:08:55] OK: diagnostico.py
[2026-05-30 17:08:55] OK: dialogo.py
[2026-05-30 17:08:56] ERRO DE SINTAXE: Digital_Exam_App.py
[2026-05-30 17:08:56] ERRO DE SINTAXE: diretor.py
[2026-05-30 17:08:56] OK: DISPARAR_DEPLOY.py
[2026-05-30 17:08:57] ERRO DE SINTAXE: DOCTYPE.py
[2026-05-30 17:08:57] ERRO DE SINTAXE: documentos.mestre.py
[2026-05-30 17:08:57] OK: dossie.py
[2026-05-30 17:08:58] ERRO DE SINTAXE: ECOSSISTEMA_DE_IA_ASSISTIVA.py
[2026-05-30 17:08:58] OK: email_bridge.py
[2026-05-30 17:08:58] ERRO DE SINTAXE: Emergency.Layout.jsx.py
[2026-05-30 17:08:59] ERRO DE SINTAXE: Empacotador.py
[2026-05-30 17:08:59] OK: engine.py
[2026-05-30 17:09:00] ERRO DE SINTAXE: engines.py
[2026-05-30 17:09:00] ERRO DE SINTAXE: Enquanto.Cu.Digital.Ativo.PY
[2026-05-30 17:09:01] OK: entidade.responsiva.py
[2026-05-30 17:09:01] ERRO DE SINTAXE: Entrada_no_Sistema.py
[2026-05-30 17:09:01] OK: entrada_principal_main.py
[2026-05-30 17:09:02] OK: enviar_email.py
[2026-05-30 17:09:02] ERRO DE SINTAXE: EQUIP.ORG.py
[2026-05-30 17:09:03] ERRO DE SINTAXE: Escanear.py
[2026-05-30 17:09:03] ERRO DE SINTAXE: esqueleto.py
[2026-05-30 17:09:04] OK: estrategia_mercado.py
[2026-05-30 17:09:04] ERRO DE SINTAXE: Estrutura.py
[2026-05-30 17:09:05] OK: EXECUTIVE_COMMAND_ENTER.py
[2026-05-30 17:09:05] ERRO DE SINTAXE: EXPANSAO_COMPLETA.py
[2026-05-30 17:09:05] OK: experience.py
[2026-05-30 17:09:06] OK: extrair_valor.py
[2026-05-30 17:09:06] OK: falha.py
[2026-05-30 17:09:07] OK: FAQ__.py
[2026-05-30 17:09:07] ERRO DE SINTAXE: faturamento.py
[2026-05-30 17:09:08] OK: FILA_DE_EXPERIMENTACAO.py
[2026-05-30 17:09:08] ERRO DE SINTAXE: firewall.py
[2026-05-30 17:09:08] ERRO DE SINTAXE: flask.py
[2026-05-30 17:09:09] OK: fluxo_atendimento.py
[2026-05-30 17:09:09] OK: FLUXO_COMPLETO.py
[2026-05-30 17:09:10] ERRO DE SINTAXE: FLUXO_REAL.py
[2026-05-30 17:09:10] OK: from.core.py
[2026-05-30 17:09:10] OK: from.docx.import.py
[2026-05-30 17:09:11] OK: full_test.py
[2026-05-30 17:09:11] OK: Funo.de.Minerao.Simulada.py
[2026-05-30 17:09:12] ERRO DE SINTAXE: futurista.py
[2026-05-30 17:09:12] ERRO DE SINTAXE: generate.py
[2026-05-30 17:09:12] OK: gerar_dossie.py
[2026-05-30 17:09:13] OK: Gerar_entreg.py
[2026-05-30 17:09:13] OK: gerar_excel.py
[2026-05-30 17:09:13] ERRO DE SINTAXE: gerar_login.py
[2026-05-30 17:09:14] OK: gerar_ordem.py
[2026-05-30 17:09:14] OK: gerar_pacote.py
[2026-05-30 17:09:14] OK: gerar_texto_contextual.py
[2026-05-30 17:09:15] OK: GLOBAL_OPERATIONAL_CORE.py
[2026-05-30 17:09:15] OK: grafico_barras_premium.py
[2026-05-30 17:09:15] OK: grafico_gauge_risco.py
[2026-05-30 17:09:16] OK: gTTS.py
[2026-05-30 17:09:16] OK: Guardiao.PAI.py
[2026-05-30 17:09:16] ERRO DE SINTAXE: GV16.py
[2026-05-30 17:09:17] OK: helpers.py
[2026-05-30 17:09:17] OK: Hermes.py
[2026-05-30 17:09:17] OK: ID.py
[2026-05-30 17:09:17] OK: IDENTIDADE_DINMICA_DO_NUCLEO.py
[2026-05-30 17:09:18] OK: import.datetime.py
[2026-05-30 17:09:18] OK: import.requests.py
[2026-05-30 17:09:18] OK: import.speech.py
[2026-05-30 17:09:19] OK: imposto.py
[2026-05-30 17:09:19] OK: income_engine.py
[2026-05-30 17:09:20] ERRO DE SINTAXE: INICIAR_COMPLEXO_DIGITAL.py
[2026-05-30 17:09:20] ERRO DE SINTAXE: INICIO.CARTAO.MESTRE.VK.py
[2026-05-30 17:09:20] OK: init.py
[2026-05-30 17:09:21] OK: initiate.py
[2026-05-30 17:09:21] OK: INIT_BACKUP_20260511_190622.py
[2026-05-30 17:09:21] ERRO DE SINTAXE: INJEAO.ONIBUS.02.PY
[2026-05-30 17:09:22] OK: input.py
[2026-05-30 17:09:22] OK: INTEGRACAO_COMPLETA.py
[2026-05-30 17:09:22] OK: integracao_executar_nucleo.py
[2026-05-30 17:09:23] OK: INTEGRACAO_FINAL_DO_NUCLEO.py
[2026-05-30 17:09:23] OK: integration_nucleus.py
[2026-05-30 17:09:23] OK: Inteligncia.de.Sobrevivncia.03.py
[2026-05-30 17:09:24] OK: Inteligncia_de_Valorizao.py
[2026-05-30 17:09:24] OK: INTELLIGENT_CURATOR.py
[2026-05-30 17:09:25] OK: Interface_Restoration.py
[2026-05-30 17:09:25] OK: interpretar.py
[2026-05-30 17:09:25] OK: INVENTRIO_CORPORATIVO.py
[2026-05-30 17:09:25] OK: INVENTRIO_CORPORATIVO_IMPERIAL.py
[2026-05-30 17:09:26] OK: INVENTRIO_INTELIGENTE.py
[2026-05-30 17:09:26] OK: INVESTIGADOR_EMPRESARIAL.py
[2026-05-30 17:09:26] ERRO DE SINTAXE: Investimento.alto.py
[2026-05-30 17:09:27] OK: invocar.hashirama.py
[2026-05-30 17:09:27] ERRO DE SINTAXE: IO..py
[2026-05-30 17:09:27] ERRO DE SINTAXE: IO.Abelha.py
[2026-05-30 17:09:27] ERRO DE SINTAXE: IO.classifica.py
[2026-05-30 17:09:28] OK: IO.py
[2026-05-30 17:09:28] ERRO DE SINTAXE: iotec.py
[2026-05-30 17:09:28] OK: IOTEC_ADAPTIVE_CORE_MANAGER.py
[2026-05-30 17:09:28] ERRO DE SINTAXE: IOTEC_ADAPTIVE_ECOSYSTEM_CORE.py
[2026-05-30 17:09:29] OK: IOTEC_ADVANCEMENT_CONTROL_TOWER.py
[2026-05-30 17:09:29] OK: IOTEC_AI_ATENDENTE.py
[2026-05-30 17:09:29] ERRO DE SINTAXE: IOTEC_AI_BRIDGE_CONNECTOR.py
[2026-05-30 17:09:30] OK: IOTEC_AI_CORE.py
[2026-05-30 17:09:30] OK: IOTEC_AI_SECURITY.py
[2026-05-30 17:09:30] OK: IOTEC_ARTERIA_8787.py
[2026-05-30 17:09:31] OK: IOTEC_AUTOMATED_STRUCTURE_ENGINE.py
[2026-05-30 17:09:31] OK: IOTEC_AUTONOMOUS.py
[2026-05-30 17:09:31] OK: IOTEC_BILLING_INTELLIGENCE_ENGINE.py
[2026-05-30 17:09:31] OK: IOTEC_BL_PORTAL_PAGAMENTOS_AUTOMATICO.py
[2026-05-30 17:09:32] OK: iotec_cockpit_pleno.py
[2026-05-30 17:09:32] OK: iotec_cockpit_pleno_v2.py
[2026-05-30 17:09:32] OK: IOTEC_CONTEXT_AI.py
[2026-05-30 17:09:33] OK: IOTEC_CONTROL_TOWER_ENGINE.py
[2026-05-30 17:09:33] OK: iotec_core.py
[2026-05-30 17:09:33] OK: IOTEC_CORE_24H.py
[2026-05-30 17:09:33] OK: IOTEC_CORE_DIRECTIVE_SYSTEM.py
[2026-05-30 17:09:34] OK: IOTEC_CORE_EMAIL_24H.py
[2026-05-30 17:09:34] OK: IOTEC_CORE_LIVE_QUEUE.py
[2026-05-30 17:09:34] OK: IOTEC_CORE_MANAGER.py
[2026-05-30 17:09:35] OK: IOTEC_CORE_QUEUE_PANEL.py
[2026-05-30 17:09:35] OK: IOTEC_CORE_RUNNER.py
[2026-05-30 17:09:35] OK: IOTEC_CUSTOMER_SERVICE_CORE.py
[2026-05-30 17:09:36] OK: IOTEC_DATABASE_CORE.py
[2026-05-30 17:09:36] OK: IOTEC_DEPLOYMENT_DIAGNOSTIC.py
[2026-05-30 17:09:36] OK: IOTEC_DEPLOY_MASTER.py
[2026-05-30 17:09:37] OK: IOTEC_DEPLOY_MASTER_V2.py
[2026-05-30 17:09:37] OK: IOTEC_DEPLOY_MASTER_V3.py
[2026-05-30 17:09:38] OK: IOTEC_DEPLOY_NETLIFY.py
[2026-05-30 17:09:38] OK: IOTEC_DEPLOY_ORQUESTRADOR.py
[2026-05-30 17:09:38] OK: IOTEC_DUAL_EXPERIENCE.py
[2026-05-30 17:09:39] OK: IOTEC_FIRST_REVENUE_ENGINE.py
[2026-05-30 17:09:39] OK: IOTEC_FORM_TO_EMAIL.py
[2026-05-30 17:09:40] OK: IOTEC_FULL_FLOW.py
[2026-05-30 17:09:40] OK: IOTEC_GATEWAY_CORE.py
[2026-05-30 17:09:40] OK: IOTEC_GLOBAL_CORE.py
[2026-05-30 17:09:40] OK: IOTEC_GLOBAL_OPERATIONAL_CORE.py
[2026-05-30 17:09:41] OK: IOTEC_GLOBAL_READINESS_CHECK.py
[2026-05-30 17:09:41] OK: IOTEC_GLOBAL_SHOPPING_PLATFORM.py
[2026-05-30 17:09:42] OK: IOTEC_INTELLIGENT_CURATOR.py
[2026-05-30 17:09:42] OK: IOTEC_MAIL_CORE_INTELIGENTE.py
[2026-05-30 17:09:42] OK: IOTEC_MAIL_FILTER.py
[2026-05-30 17:09:42] OK: IOTEC_MAIL_HUB.py
[2026-05-30 17:09:43] OK: IOTEC_MAIL_MANAGER.py
[2026-05-30 17:09:43] OK: IOTEC_MAIL_TO_CORE.py
[2026-05-30 17:09:43] OK: IOTEC_MEDIA.py
[2026-05-30 17:09:44] OK: IOTEC_MEDIA_ORCHESTRATION_CORE.py
[2026-05-30 17:09:44] OK: IOTEC_MEMORY_ENGINE.py
[2026-05-30 17:09:45] OK: IOTEC_MINIMAL_REAL_CORE.py
[2026-05-30 17:09:45] OK: IOTEC_MULTI_MAIL_CORE.py
[2026-05-30 17:09:45] OK: IOTEC_MULTI_SECTOR_RADAR.py
[2026-05-30 17:09:46] OK: IOTEC_NEURAL_ECOSYSTEM_CORE_FINAL.py
[2026-05-30 17:09:46] OK: iotec_nucleus.py
[2026-05-30 17:09:46] OK: IOTEC_OPERATIONAL_WORKFLOW_ARCHITECTURE.py
[2026-05-30 17:09:47] OK: IOTEC_PANEL_24H.py
[2026-05-30 17:09:47] OK: IOTEC_PERSISTENT_OPERATIONAL_CORE.py
[2026-05-30 17:09:47] OK: IOTEC_PROGRAMMING_GRID_ENGINE.py
[2026-05-30 17:09:48] OK: IOTEC_Revenue_Strategy_Engine.py
[2026-05-30 17:09:48] OK: Iotec_Spine.py
[2026-05-30 17:09:48] OK: Iotec_Spine_Core.py
[2026-05-30 17:09:49] OK: Iotec_Spine_Core_Architecture.py
[2026-05-30 17:09:49] OK: IOTEC_STARTUP_CHECKLIST_ENGINE.py
[2026-05-30 17:09:50] OK: IOTEC_SYSTEM_FLOW_PANEL.py
[2026-05-30 17:09:50] OK: IOTEC_TEMPLATE.py
[2026-05-30 17:09:50] OK: IOTEC_TRAFFIC_CONTROLLER.py
[2026-05-30 17:09:51] OK: IOTEC_TTS.py
[2026-05-30 17:09:51] OK: IOTEC_ULTRACORE_ARCHITECTURE.py
[2026-05-30 17:09:51] OK: IOTEC_WHATSAPP_AUTOMATION.py
[2026-05-30 17:09:52] OK: IOTEC_WHATS_LINK.py
[2026-05-30 17:09:52] OK: JAGUAR.py
[2026-05-30 17:09:53] OK: jaguar.py.servidor.py
[2026-05-30 17:09:53] ERRO DE SINTAXE: JGR.py
[2026-05-30 17:09:54] OK: KYC.py
[2026-05-30 17:09:54] OK: ler.py
[2026-05-30 17:09:54] OK: ler_emails.py
[2026-05-30 17:09:55] OK: LIVE_EXECUTIVE_VISUAL.py
[2026-05-30 17:09:55] OK: LIVE_OPERATIONAL_CORE.py
[2026-05-30 17:09:56] OK: log_writer.py
[2026-05-30 17:09:56] OK: lucro.01.py
[2026-05-30 17:09:57] ERRO DE SINTAXE: main.py
[2026-05-30 17:09:57] ERRO DE SINTAXE: MALWARE.py
[2026-05-30 17:09:57] OK: manifesto.entradas.py
[2026-05-30 17:09:57] OK: Mapa.Digital.Multicamadas.py
[2026-05-30 17:09:58] ERRO DE SINTAXE: MAPA_DO_ECOSSISTEMA.py
[2026-05-30 17:09:58] OK: mares.de.dados.py
[2026-05-30 17:09:59] ERRO DE SINTAXE: margin.py
[2026-05-30 17:09:59] ERRO DE SINTAXE: Martim.Voador.py
[2026-05-30 17:10:00] OK: memoria_cliente.py
[2026-05-30 17:10:00] OK: MEMORIA_DE_PERFORMACE.py
[2026-05-30 17:10:00] OK: mensagem_automatica.py
[2026-05-30 17:10:01] OK: midas.py
[2026-05-30 17:10:01] OK: Minerador.Digital.py
[2026-05-30 17:10:01] OK: minerao.digital.py
[2026-05-30 17:10:02] OK: miner_nucleus.py
[2026-05-30 17:10:02] OK: models.py
[2026-05-30 17:10:03] ERRO DE SINTAXE: MODO.EXPANSO.ATIVO.py
[2026-05-30 17:10:03] ERRO DE SINTAXE: Modo.Sabio.py.py
[2026-05-30 17:10:03] OK: module.py
[2026-05-30 17:10:04] ERRO DE SINTAXE: MODULO.ALDEIA.DO.AR.py
[2026-05-30 17:10:04] OK: modulo_exemplo.py
[2026-05-30 17:10:04] OK: modulo_interface.py
[2026-05-30 17:10:05] OK: monitoramento.py
[2026-05-30 17:10:05] OK: montar_texto.py
[2026-05-30 17:10:06] OK: MOTOR_DE_SIMILARIDADE.py
[2026-05-30 17:10:06] OK: MOTOR_DE_SIMILARIDADE_AVANADO.py
[2026-05-30 17:10:06] OK: motor_producao.py
[2026-05-30 17:10:07] OK: MOTOR_SEMANTICO.py
[2026-05-30 17:10:07] OK: MOTOR_SEMANTICO_COM_SCORE_DE_RELEVANCIA.py
[2026-05-30 17:10:08] OK: MOTOR_SEMANTICO_EMPRESARIAL_INTELIGENTE.py
[2026-05-30 17:10:08] OK: Movimentao.Atpica.py
[2026-05-30 17:10:09] ERRO DE SINTAXE: ms.py
[2026-05-30 17:10:09] OK: msg_cliente.py
[2026-05-30 17:10:10] OK: NAVEGACAO_DE_OPORTUNIDADES.py
[2026-05-30 17:10:10] OK: Ncleo.IA.VIVA.py
[2026-05-30 17:10:11] OK: NCLEO_CENTRAL.py
[2026-05-30 17:10:11] OK: Neo_CompleX_Nova_Ia_Pasta_Mestre.py
[2026-05-30 17:10:11] OK: Neo_CompleX_Nova_Ia_Placa_Mae.py
[2026-05-30 17:10:12] OK: Neo_System_Core.py
[2026-05-30 17:10:12] OK: NODE_CHECK.py
[2026-05-30 17:10:13] OK: node_connector.py
[2026-05-30 17:10:13] OK: notificar_cliente.py
[2026-05-30 17:10:14] ERRO DE SINTAXE: NOVO_PEDIDO_IOTEC.py
[2026-05-30 17:10:14] ERRO DE SINTAXE: NSC.420X.py
[2026-05-30 17:10:14] OK: NTERPRETADOR_INTELIGENTE.py
[2026-05-30 17:10:15] ERRO DE SINTAXE: nucleo.py
[2026-05-30 17:10:15] ERRO DE SINTAXE: NUCLEO.VIVO.PY
[2026-05-30 17:10:16] OK: nucleo_iotec.py
[2026-05-30 17:10:16] OK: nucleo_loop.py
[2026-05-30 17:10:16] OK: NUCLEO_REAL.py
[2026-05-30 17:10:17] OK: nucleus_orchestrator.py
[2026-05-30 17:10:17] OK: OFICINA_DE_INTERFACES.py
[2026-05-30 17:10:17] ERRO DE SINTAXE: Omeg.Py
[2026-05-30 17:10:18] ERRO DE SINTAXE: Omega.py
[2026-05-30 17:10:18] ERRO DE SINTAXE: OmegaPy.py
[2026-05-30 17:10:18] ERRO DE SINTAXE: ON.OFF.py
[2026-05-30 17:10:19] OK: orchestrator.py
[2026-05-30 17:10:19] OK: ORCHESTRATOR_ENGINE.py
[2026-05-30 17:10:19] OK: organismo.py
[2026-05-30 17:10:19] OK: organizador.py
[2026-05-30 17:10:20] OK: organizar_cliente.py
[2026-05-30 17:10:21] OK: ORGANIZATIONAL_KERNEL.py
[2026-05-30 17:10:21] OK: orquestrador.py
[2026-05-30 17:10:21] OK: ORQUESTRADOR_COMPLETO.py
[2026-05-30 17:10:22] OK: Orquestrador_Inteligente.py
[2026-05-30 17:10:22] OK: ORQUESTRADOR_OPERACIONA_EMPRESARIAL.py
[2026-05-30 17:10:22] OK: OTIMISMO.ALGORITMICO.py
[2026-05-30 17:10:23] OK: pagamentos.py
[2026-05-30 17:10:23] ERRO DE SINTAXE: painel.clicvel.py
[2026-05-30 17:10:24] OK: Painel.replicador.py
[2026-05-30 17:10:24] ERRO DE SINTAXE: PAINEL_BILNGUE.py
[2026-05-30 17:10:25] ERRO DE SINTAXE: painel_IOTEC.py
[2026-05-30 17:10:25] OK: painel_vivo.py
[2026-05-30 17:10:26] OK: PARAMETRIZVEIS.01.py
[2026-05-30 17:10:26] OK: PARAMETRIZVEIS.py
[2026-05-30 17:10:26] ERRO DE SINTAXE: parametros.design.py
[2026-05-30 17:10:26] ERRO DE SINTAXE: PARA_A_OFICINA.py
[2026-05-30 17:10:27] OK: payroll.py
[2026-05-30 17:10:27] OK: perception.py
[2026-05-30 17:10:27] ERRO DE SINTAXE: Permissao.Necessaria.py
[2026-05-30 17:10:28] OK: persistence.py
[2026-05-30 17:10:28] OK: PERSISTENCE_BACKUP_20260511_193031.py
[2026-05-30 17:10:28] OK: pipeline.py
[2026-05-30 17:10:29] OK: pipplowd.py
[2026-05-30 17:10:29] ERRO DE SINTAXE: Placa_Me.py
[2026-05-30 17:10:30] ERRO DE SINTAXE: Plano.bsico.py
[2026-05-30 17:10:30] OK: Plataforma_Seguranca_Publica.py
[2026-05-30 17:10:30] OK: platform.system.py
[2026-05-30 17:10:31] OK: plotly.graph_objects.py
[2026-05-30 17:10:31] OK: plotly.graph_objects01.py
[2026-05-30 17:10:32] OK: plotly.graph_objects_01.py
[2026-05-30 17:10:32] OK: plotly.graph_objects_02.py
[2026-05-30 17:10:33] OK: Ponte.Multiverso.py
[2026-05-30 17:10:33] OK: portal_visual_iotec.py
[2026-05-30 17:10:33] OK: PREPARAR_DEPLOY.py
[2026-05-30 17:10:34] ERRO DE SINTAXE: PRESTAO.py
[2026-05-30 17:10:34] OK: previdencia.py
[2026-05-30 17:10:34] OK: print.py
[2026-05-30 17:10:35] ERRO DE SINTAXE: PROCEDURE.py
[2026-05-30 17:10:35] OK: processar_interface.py
[2026-05-30 17:10:35] OK: processar_modulo.py
[2026-05-30 17:10:36] OK: processar_pagamento.py
[2026-05-30 17:10:36] OK: Processo.py
[2026-05-30 17:10:37] ERRO DE SINTAXE: PROTOCOLO.ASMITA.py
[2026-05-30 17:10:37] ERRO DE SINTAXE: PROTOCOLO.ENCERRADO.COM_SUCESSO.py
[2026-05-30 17:10:37] ERRO DE SINTAXE: Protocolo.Sigma.py
[2026-05-30 17:10:38] OK: psutil.py
[2026-05-30 17:10:38] OK: PyPDF2.py
[2026-05-30 17:10:38] ERRO DE SINTAXE: PyQt6.py
[2026-05-30 17:10:39] ERRO DE SINTAXE: pyt.py
[2026-05-30 17:10:39] ERRO DE SINTAXE: python.painel.jaguar.py
[2026-05-30 17:10:39] ERRO DE SINTAXE: python.painel.py
[2026-05-30 17:10:39] ERRO DE SINTAXE: python.painel_web.py
[2026-05-30 17:10:40] OK: QApplication.py
[2026-05-30 17:10:40] OK: QUALITY_GATE.py
[2026-05-30 17:10:40] OK: ranking_iotec.py
[2026-05-30 17:10:41] OK: readonly.py
[2026-05-30 17:10:41] ERRO DE SINTAXE: Realizado.py
[2026-05-30 17:10:41] OK: recomendacao_de_plano.py
[2026-05-30 17:10:42] OK: recomendar_plano.py
[2026-05-30 17:10:42] ERRO DE SINTAXE: Registro_Oficial_de_Gratido__Farabulini_Lopes_Saraiva.py
[2026-05-30 17:10:42] OK: registry.py
[2026-05-30 17:10:43] ERRO DE SINTAXE: reinvestimento.py
[2026-05-30 17:10:43] OK: REJ.py
[2026-05-30 17:10:43] OK: relatorio.diario.py
[2026-05-30 17:10:44] ERRO DE SINTAXE: REMOVE.py
[2026-05-30 17:10:44] ERRO DE SINTAXE: replicador.py
[2026-05-30 17:10:44] ERRO DE SINTAXE: reservatorios.py
[2026-05-30 17:10:45] ERRO DE SINTAXE: Reservatrio.Operacional.py
[2026-05-30 17:10:45] OK: RESPOSTAS_INTELIGENTES.py
[2026-05-30 17:10:45] OK: RESPOSTA_AUTOMTICA_BILNGUE.py
[2026-05-30 17:10:45] OK: resposta_segura.py
[2026-05-30 17:10:46] OK: return.py
[2026-05-30 17:10:46] OK: revenue.py
[2026-05-30 17:10:47] OK: risco.detectado.py
[2026-05-30 17:10:47] OK: risco.py
[2026-05-30 17:10:48] OK: run_demo_cycle.py
[2026-05-30 17:10:48] OK: saldo.py
[2026-05-30 17:10:48] OK: scraper.py
[2026-05-30 17:10:48] ERRO DE SINTAXE: SE.py
[2026-05-30 17:10:49] OK: seal_guard.py
[2026-05-30 17:10:49] OK: security_hub.py
[2026-05-30 17:10:49] OK: self.nome.py
[2026-05-30 17:10:50] OK: self.portas.py
[2026-05-30 17:10:50] ERRO DE SINTAXE: self.tipo.py
[2026-05-30 17:10:51] OK: Sensoriamento.Vibracional.py
[2026-05-30 17:10:51] OK: SENTINEL_PRO.py
[2026-05-30 17:10:52] OK: seo..py
[2026-05-30 17:10:52] OK: shutil.py
[2026-05-30 17:10:52] OK: sigma.py
[2026-05-30 17:10:53] OK: simulador.py
[2026-05-30 17:10:53] OK: SISTEMA.DESLIGADO.py
[2026-05-30 17:10:53] ERRO DE SINTAXE: Sistema.VK.PAI.py
[2026-05-30 17:10:54] OK: SistemaIntegrado.py
[2026-05-30 17:10:54] OK: sistema_autonomo.py
[2026-05-30 17:10:55] ERRO DE SINTAXE: sistema_central.py
[2026-05-30 17:10:55] ERRO DE SINTAXE: SISTEMA_DECLARA.py
[2026-05-30 17:10:55] OK: SISTEMA_DE_SEGURANCA_PUBLICA.py
[2026-05-30 17:10:56] OK: SISTEMA_ESTRUTURADO_COM_VOZ.py
[2026-05-30 17:10:56] OK: Specter.Fortress.py
[2026-05-30 17:10:56] OK: sqlalchemy.import.py
[2026-05-30 17:10:57] ERRO DE SINTAXE: start.ignition.py
[2026-05-30 17:10:57] ERRO DE SINTAXE: STATUS.py
[2026-05-30 17:10:57] OK: Stripe.py
[2026-05-30 17:10:58] OK: SUA.SENHA.py
[2026-05-30 17:10:58] OK: subprocess.py
[2026-05-30 17:10:58] OK: sucesso.py
[2026-05-30 17:10:59] OK: SUPERVISOR_DE_INTEGRIDADE.py
[2026-05-30 17:10:59] OK: sys.py
[2026-05-30 17:11:00] ERRO DE SINTAXE: system.py
[2026-05-30 17:11:00] OK: SystemCore.py
[2026-05-30 17:11:01] ERRO DE SINTAXE: tarefas.py
[2026-05-30 17:11:01] ERRO DE SINTAXE: tecla.especial.py
[2026-05-30 17:11:01] ERRO DE SINTAXE: Teclado.Mutante.Jaguar.py
[2026-05-30 17:11:02] OK: telemetry_nucleus.py
[2026-05-30 17:11:02] OK: teste_injecao.py
[2026-05-30 17:11:03] OK: TESTE_OPERACIONAL_COMPLETO.py
[2026-05-30 17:11:03] OK: tipo_dados.py
[2026-05-30 17:11:04] OK: tk.py
[2026-05-30 17:11:04] OK: TOKEN.py
[2026-05-30 17:11:05] ERRO DE SINTAXE: Topo.do.Sistema.py
[2026-05-30 17:11:05] OK: Torre.Inteligente.py
[2026-05-30 17:11:05] OK: tradutor.py
[2026-05-30 17:11:06] OK: tradutor_deepl.py
[2026-05-30 17:11:06] ERRO DE SINTAXE: transferncia.py
[2026-05-30 17:11:07] OK: True.py
[2026-05-30 17:11:07] ERRO DE SINTAXE: useEffect.py
[2026-05-30 17:11:07] ERRO DE SINTAXE: Validador.Modular.py
[2026-05-30 17:11:08] OK: validar_dossie.py
[2026-05-30 17:11:08] OK: validar_fo.py
[2026-05-30 17:11:08] OK: validar_servico.py
[2026-05-30 17:11:08] OK: validation_nucleus.py
[2026-05-30 17:11:09] OK: ValuationEngine.py
[2026-05-30 17:11:09] OK: VERIFICADOR_AUTOMATICO_DE_PORTAS.py
[2026-05-30 17:11:10] OK: verificar_produto.py
[2026-05-30 17:11:10] OK: VIRALIZADOR.PY
[2026-05-30 17:11:10] OK: visible_core_router.py
[2026-05-30 17:11:11] OK: VISUALIZADOR_ESTRATGICO.py
[2026-05-30 17:11:11] OK: visual_nucleus.py
[2026-05-30 17:11:11] OK: VISUAL_OPERATIONS_CENTER.py
[2026-05-30 17:11:12] ERRO DE SINTAXE: VK.CLOUD.py
[2026-05-30 17:11:12] ERRO DE SINTAXE: VK.PAI.py
[2026-05-30 17:11:12] OK: vortice.py
[2026-05-30 17:11:13] ERRO DE SINTAXE: webbrowser.py
[2026-05-30 17:11:13] ERRO DE SINTAXE: yagmail.py
[2026-05-30 17:11:13] ERRO DE SINTAXE: [Power ON].py
[2026-05-30 17:11:13] ERRO DE SINTAXE: _.py
[2026-05-30 17:11:14] OK: _main.py
[2026-05-30 17:11:14] OK: _modulo_consciencia.py
[2026-05-30 17:11:15] OK: _modulo_relatorios.py
[2026-05-30 17:11:15] OK: _modulo_varredura.py
[2026-05-30 17:11:15] OK: __modulo_acao.py
[2026-05-30 17:11:15] OK: IOTEC_AUDITOR_PAYPAL.py
[2026-05-30 17:11:16] OK: _init_.py
[2026-05-30 17:11:16] OK: _main_.py
[2026-05-30 17:11:16] OK: _pip_runner_.py
[2026-05-30 17:11:17] OK: build_env.py
[2026-05-30 17:11:17] OK: cache.py
[2026-05-30 17:11:17] OK: configuration.py
[2026-05-30 17:11:18] OK: exceptions.py
[2026-05-30 17:11:18] OK: main.py
[2026-05-30 17:11:18] OK: pyproject.py
[2026-05-30 17:11:19] OK: self_outdated_check.py
[2026-05-30 17:11:19] OK: wheel_builder.py
[2026-05-30 17:11:19] OK: _init_.py
[2026-05-30 17:11:19] OK: autocompletion.py
[2026-05-30 17:11:20] OK: base_command.py
[2026-05-30 17:11:20] OK: cmdoptions.py
[2026-05-30 17:11:20] OK: command_context.py
[2026-05-30 17:11:21] OK: main.py
[2026-05-30 17:11:21] OK: main_parser.py
[2026-05-30 17:11:21] OK: parser.py
[2026-05-30 17:11:22] OK: progress_bars.py
[2026-05-30 17:11:22] OK: req_command.py
[2026-05-30 17:11:23] OK: spinners.py
[2026-05-30 17:11:23] OK: status_codes.py
[2026-05-30 17:11:23] OK: _init_.py
[2026-05-30 17:11:24] OK: cache.py
[2026-05-30 17:11:24] OK: check.py
[2026-05-30 17:11:24] OK: completion.py
[2026-05-30 17:11:25] OK: configuration.py
[2026-05-30 17:11:25] OK: debug.py
[2026-05-30 17:11:26] OK: download.py
[2026-05-30 17:11:26] OK: freeze.py
[2026-05-30 17:11:26] OK: hash.py
[2026-05-30 17:11:27] OK: help.py
[2026-05-30 17:11:27] OK: index.py
[2026-05-30 17:11:27] OK: inspect.py
[2026-05-30 17:11:28] OK: install.py
[2026-05-30 17:11:28] OK: list.py
[2026-05-30 17:11:28] OK: search.py
[2026-05-30 17:11:29] OK: show.py
[2026-05-30 17:11:29] OK: uninstall.py
[2026-05-30 17:11:30] OK: wheel.py
[2026-05-30 17:11:30] OK: _init_.py
[2026-05-30 17:11:30] OK: base.py
[2026-05-30 17:11:31] OK: installed.py
[2026-05-30 17:11:31] OK: sdist.py
[2026-05-30 17:11:32] OK: wheel.py
[2026-05-30 17:11:32] OK: _init_.py
[2026-05-30 17:11:32] OK: collector.py
[2026-05-30 17:11:33] OK: package_finder.py
[2026-05-30 17:11:33] OK: sources.py
[2026-05-30 17:11:33] OK: _init_.py
[2026-05-30 17:11:34] OK: base.py
[2026-05-30 17:11:34] OK: _distutils.py
[2026-05-30 17:11:35] OK: _init_.py
[2026-05-30 17:11:35] OK: _sysconfig.py
[2026-05-30 17:11:35] OK: base.py
[2026-05-30 17:11:36] OK: pkg_resources.py
[2026-05-30 17:11:36] OK: _init_.py
[2026-05-30 17:11:36] OK: _json.py
[2026-05-30 17:11:37] OK: _compat.py
[2026-05-30 17:11:37] OK: _dists.py
[2026-05-30 17:11:37] OK: _envs.py
[2026-05-30 17:11:38] OK: _init_.py
[2026-05-30 17:11:38] OK: candidate.py
[2026-05-30 17:11:38] OK: direct_url.py
[2026-05-30 17:11:39] OK: format_control.py
[2026-05-30 17:11:39] OK: index.py
[2026-05-30 17:11:40] OK: installation_report.py
[2026-05-30 17:11:40] OK: link.py
[2026-05-30 17:11:40] OK: scheme.py
[2026-05-30 17:11:41] OK: search_scope.py
[2026-05-30 17:11:41] OK: selection_prefs.py
[2026-05-30 17:11:41] OK: target_python.py
[2026-05-30 17:11:41] OK: wheel.py
[2026-05-30 17:11:42] OK: _init_.py
[2026-05-30 17:11:42] OK: auth.py
[2026-05-30 17:11:43] OK: cache.py
[2026-05-30 17:11:43] OK: download.py
[2026-05-30 17:11:43] OK: lazy_wheel.py
[2026-05-30 17:11:43] OK: session.py
[2026-05-30 17:11:44] OK: utils.py
[2026-05-30 17:11:44] OK: xmlrpc.py
[2026-05-30 17:11:44] OK: _init_.py
[2026-05-30 17:11:45] OK: check.py
[2026-05-30 17:11:45] OK: freeze.py
[2026-05-30 17:11:45] OK: prepare.py
[2026-05-30 17:11:46] OK: _init_.py
[2026-05-30 17:11:46] OK: build_tracker.py
[2026-05-30 17:11:47] OK: metadata.py
[2026-05-30 17:11:47] OK: metadata_editable.py
[2026-05-30 17:11:47] OK: metadata_legacy.py
[2026-05-30 17:11:48] OK: wheel.py
[2026-05-30 17:11:48] OK: wheel_editable.py
[2026-05-30 17:11:48] OK: wheel_legacy.py
[2026-05-30 17:11:49] OK: _init_.py
[2026-05-30 17:11:49] OK: editable_legacy.py
[2026-05-30 17:11:49] OK: wheel.py
[2026-05-30 17:11:50] OK: _init_.py
[2026-05-30 17:11:50] OK: constructors.py
[2026-05-30 17:11:50] OK: req_file.py
[2026-05-30 17:11:51] OK: req_install.py
[2026-05-30 17:11:51] OK: req_set.py
[2026-05-30 17:11:52] OK: req_uninstall.py
[2026-05-30 17:11:52] OK: _init_.py
[2026-05-30 17:11:52] OK: base.py
[2026-05-30 17:11:53] OK: _init_.py
[2026-05-30 17:11:53] OK: resolver.py
[2026-05-30 17:11:53] OK: _init_.py
[2026-05-30 17:11:54] OK: base.py
[2026-05-30 17:11:54] OK: candidates.py
[2026-05-30 17:11:54] OK: factory.py
[2026-05-30 17:11:54] OK: found_candidates.py
[2026-05-30 17:11:55] OK: provider.py
[2026-05-30 17:11:55] OK: reporter.py
[2026-05-30 17:11:56] OK: requirements.py
[2026-05-30 17:11:56] OK: resolver.py
[2026-05-30 17:11:56] OK: _init_.py
[2026-05-30 17:11:57] OK: appdirs.py
[2026-05-30 17:11:57] OK: compat.py
[2026-05-30 17:11:57] OK: compatibility_tags.py
[2026-05-30 17:11:58] OK: datetime.py
[2026-05-30 17:11:58] OK: deprecation.py
[2026-05-30 17:11:58] OK: direct_url_helpers.py
[2026-05-30 17:11:59] OK: egg_link.py
[2026-05-30 17:11:59] OK: encoding.py
[2026-05-30 17:11:59] OK: entrypoints.py
[2026-05-30 17:12:00] OK: filesystem.py
[2026-05-30 17:12:00] OK: filetypes.py
[2026-05-30 17:12:00] OK: glibc.py
[2026-05-30 17:12:01] OK: hashes.py
[2026-05-30 17:12:01] OK: logging.py
[2026-05-30 17:12:01] OK: misc.py
[2026-05-30 17:12:02] OK: models.py
[2026-05-30 17:12:02] OK: packaging.py
[2026-05-30 17:12:02] OK: setuptools_build.py
[2026-05-30 17:12:03] OK: subprocess.py
[2026-05-30 17:12:03] OK: temp_dir.py
[2026-05-30 17:12:03] OK: unpacking.py
[2026-05-30 17:12:03] OK: urls.py
[2026-05-30 17:12:04] OK: virtualenv.py
[2026-05-30 17:12:04] OK: wheel.py
[2026-05-30 17:12:04] OK: _init_.py
[2026-05-30 17:12:04] OK: _jaraco_text.py
[2026-05-30 17:12:05] OK: _log.py
[2026-05-30 17:12:05] OK: bazaar.py
[2026-05-30 17:12:05] OK: git.py
[2026-05-30 17:12:06] OK: mercurial.py
[2026-05-30 17:12:06] OK: subversion.py
[2026-05-30 17:12:06] OK: versioncontrol.py
[2026-05-30 17:12:07] OK: _init_.py
[2026-05-30 17:12:07] OK: six.py
[2026-05-30 17:12:07] OK: typing_extensions.py
[2026-05-30 17:12:08] OK: _init_.py
[2026-05-30 17:12:08] OK: adapter.py
[2026-05-30 17:12:08] OK: cache.py
[2026-05-30 17:12:08] OK: controller.py
[2026-05-30 17:12:09] OK: filewrapper.py
[2026-05-30 17:12:09] OK: heuristics.py
[2026-05-30 17:12:09] OK: serialize.py
[2026-05-30 17:12:10] OK: wrapper.py
[2026-05-30 17:12:10] OK: _cmd.py
[2026-05-30 17:12:11] OK: _init_.py
[2026-05-30 17:12:11] OK: file_cache.py
[2026-05-30 17:12:11] OK: redis_cache.py
[2026-05-30 17:12:12] OK: _init_.py
[2026-05-30 17:12:12] OK: core.py
[2026-05-30 17:12:12] OK: _init_.py
[2026-05-30 17:12:12] OK: _main_.py
[2026-05-30 17:12:13] OK: big5freq.py
[2026-05-30 17:12:13] OK: big5prober.py
[2026-05-30 17:12:13] OK: chardistribution.py
[2026-05-30 17:12:14] OK: charsetgroupprober.py
[2026-05-30 17:12:14] OK: charsetprober.py
[2026-05-30 17:12:14] OK: codingstatemachine.py
[2026-05-30 17:12:15] OK: codingstatemachinedict.py
[2026-05-30 17:12:15] OK: cp949prober.py
[2026-05-30 17:12:15] OK: enums.py
[2026-05-30 17:12:16] OK: escprober.py
[2026-05-30 17:12:16] OK: escsm.py
[2026-05-30 17:12:16] OK: eucjpprober.py
[2026-05-30 17:12:17] OK: euckrfreq.py
[2026-05-30 17:12:17] OK: euckrprober.py
[2026-05-30 17:12:17] OK: euctwfreq.py
[2026-05-30 17:12:18] OK: euctwprober.py
[2026-05-30 17:12:18] OK: gb2312freq.py
[2026-05-30 17:12:18] OK: gb2312prober.py
[2026-05-30 17:12:19] OK: hebrewprober.py
[2026-05-30 17:12:19] OK: jisfreq.py
[2026-05-30 17:12:19] OK: johabfreq.py
[2026-05-30 17:12:20] OK: johabprober.py
[2026-05-30 17:12:20] OK: jpcntx.py
[2026-05-30 17:12:20] OK: langbulgarianmodel.py
[2026-05-30 17:12:21] OK: langgreekmodel.py
[2026-05-30 17:12:22] OK: langhebrewmodel.py
[2026-05-30 17:12:22] OK: langhungarianmodel.py
[2026-05-30 17:12:23] OK: langrussianmodel.py
[2026-05-30 17:12:23] OK: langthaimodel.py
[2026-05-30 17:12:23] OK: langturkishmodel.py
[2026-05-30 17:12:24] OK: latin1prober.py
[2026-05-30 17:12:24] OK: macromanprober.py
[2026-05-30 17:12:24] OK: mbcharsetprober.py
[2026-05-30 17:12:25] OK: mbcsgroupprober.py
[2026-05-30 17:12:25] OK: mbcssm.py
[2026-05-30 17:12:26] OK: resultdict.py
[2026-05-30 17:12:26] OK: sbcharsetprober.py
[2026-05-30 17:12:26] OK: sbcsgroupprober.py
[2026-05-30 17:12:27] OK: sjisprober.py
[2026-05-30 17:12:27] OK: universaldetector.py
[2026-05-30 17:12:27] OK: utf1632prober.py
[2026-05-30 17:12:28] OK: utf8prober.py
[2026-05-30 17:12:28] OK: version.py
[2026-05-30 17:12:28] OK: _init_.py
[2026-05-30 17:12:28] OK: chardetect.py
[2026-05-30 17:12:29] OK: _init_.py
[2026-05-30 17:12:29] OK: languages.py
[2026-05-30 17:12:29] OK: _init_.py
[2026-05-30 17:12:30] OK: ansi.py
[2026-05-30 17:12:30] OK: ansitowin32.py
[2026-05-30 17:12:31] OK: initialise.py
[2026-05-30 17:12:31] OK: win32.py
[2026-05-30 17:12:31] OK: winterm.py
[2026-05-30 17:12:32] OK: _init_.py
[2026-05-30 17:12:32] OK: ansitowin32_test.py
[2026-05-30 17:12:32] OK: ansi_test.py
[2026-05-30 17:12:33] OK: initialise_test.py
[2026-05-30 17:12:33] OK: isatty_test.py
[2026-05-30 17:12:34] OK: utils.py
[2026-05-30 17:12:34] OK: winterm_test.py
[2026-05-30 17:12:34] OK: _init_.py
[2026-05-30 17:12:35] OK: compat.py
[2026-05-30 17:12:35] OK: database.py
[2026-05-30 17:12:35] OK: index.py
[2026-05-30 17:12:36] OK: locators.py
[2026-05-30 17:12:36] OK: manifest.py
[2026-05-30 17:12:37] OK: markers.py
[2026-05-30 17:12:37] OK: metadata.py
[2026-05-30 17:12:38] OK: resources.py
[2026-05-30 17:12:38] OK: scripts.py
[2026-05-30 17:12:39] OK: util.py
[2026-05-30 17:12:39] OK: version.py
[2026-05-30 17:12:39] OK: wheel.py
[2026-05-30 17:12:40] OK: _init_.py
[2026-05-30 17:12:40] OK: distro.py
[2026-05-30 17:12:40] OK: _init_.py
[2026-05-30 17:12:41] OK: _main_.py
[2026-05-30 17:12:41] OK: codec.py
[2026-05-30 17:12:42] OK: compat.py
[2026-05-30 17:12:42] OK: core.py
[2026-05-30 17:12:43] OK: idnadata.py
[2026-05-30 17:12:43] OK: intranges.py
[2026-05-30 17:12:43] OK: package_data.py
[2026-05-30 17:12:44] OK: uts46data.py
[2026-05-30 17:12:44] OK: _init_.py
[2026-05-30 17:12:45] OK: exceptions.py
[2026-05-30 17:12:45] OK: ext.py
[2026-05-30 17:12:45] OK: fallback.py
[2026-05-30 17:12:46] OK: _init_.py
[2026-05-30 17:12:46] OK: markers.py
[2026-05-30 17:12:47] OK: requirements.py
[2026-05-30 17:12:47] OK: specifiers.py
[2026-05-30 17:12:48] OK: tags.py
[2026-05-30 17:12:48] OK: utils.py
[2026-05-30 17:12:49] OK: version.py
[2026-05-30 17:12:49] OK: _about_.py
[2026-05-30 17:12:50] OK: _init_.py
[2026-05-30 17:12:50] OK: _manylinux.py
[2026-05-30 17:12:50] OK: _musllinux.py
[2026-05-30 17:12:51] OK: _structures.py
[2026-05-30 17:12:51] OK: _init_.py
[2026-05-30 17:12:52] OK: android.py
[2026-05-30 17:12:52] OK: api.py
[2026-05-30 17:12:53] OK: macos.py
[2026-05-30 17:12:53] OK: unix.py
[2026-05-30 17:12:53] OK: version.py
[2026-05-30 17:12:54] OK: windows.py
[2026-05-30 17:12:54] OK: _init_.py
[2026-05-30 17:12:54] OK: _main_.py
[2026-05-30 17:12:55] OK: cmdline.py
[2026-05-30 17:12:55] OK: console.py
[2026-05-30 17:12:56] OK: filter.py
[2026-05-30 17:12:56] OK: formatter.py
[2026-05-30 17:12:56] OK: lexer.py
[2026-05-30 17:12:57] OK: modeline.py
[2026-05-30 17:12:57] OK: plugin.py
[2026-05-30 17:12:57] OK: regexopt.py
[2026-05-30 17:12:57] OK: scanner.py
[2026-05-30 17:12:58] OK: sphinxext.py
[2026-05-30 17:12:58] OK: style.py
[2026-05-30 17:12:58] OK: token.py
[2026-05-30 17:12:58] OK: unistring.py
[2026-05-30 17:12:59] OK: util.py
[2026-05-30 17:12:59] OK: _init_.py
[2026-05-30 17:12:59] OK: _main_.py
[2026-05-30 17:13:00] OK: _init_.py
[2026-05-30 17:13:00] OK: bbcode.py
[2026-05-30 17:13:00] OK: groff.py
[2026-05-30 17:13:01] OK: html.py
[2026-05-30 17:13:01] OK: img.py
[2026-05-30 17:13:02] OK: irc.py
[2026-05-30 17:13:02] OK: latex.py
[2026-05-30 17:13:02] OK: other.py
[2026-05-30 17:13:03] OK: pangomarkup.py
[2026-05-30 17:13:03] OK: rtf.py
[2026-05-30 17:13:04] OK: svg.py
[2026-05-30 17:13:04] OK: terminal.py
[2026-05-30 17:13:04] OK: terminal256.py
[2026-05-30 17:13:05] OK: _init_.py
[2026-05-30 17:13:05] OK: _mapping.py
[2026-05-30 17:13:05] OK: python.py
[2026-05-30 17:13:05] OK: _init_.py
[2026-05-30 17:13:06] OK: _mapping.py
[2026-05-30 17:13:06] OK: _init_.py
[2026-05-30 17:13:06] OK: actions.py
[2026-05-30 17:13:07] OK: common.py
[2026-05-30 17:13:07] OK: core.py
[2026-05-30 17:13:08] OK: exceptions.py
[2026-05-30 17:13:08] OK: helpers.py
[2026-05-30 17:13:08] OK: results.py
[2026-05-30 17:13:08] OK: testing.py
[2026-05-30 17:13:09] ERRO DE SINTAXE: unicode.py
[2026-05-30 17:13:09] OK: util.py
[2026-05-30 17:13:09] OK: _init_.py
[2026-05-30 17:13:10] OK: _init_.py
[2026-05-30 17:13:10] OK: _compat.py
[2026-05-30 17:13:10] OK: _impl.py
[2026-05-30 17:13:11] OK: _init_.py
[2026-05-30 17:13:11] OK: _init_.py
[2026-05-30 17:13:11] OK: _in_process.py
[2026-05-30 17:13:12] OK: adapters.py
[2026-05-30 17:13:12] OK: api.py
[2026-05-30 17:13:12] OK: auth.py
[2026-05-30 17:13:13] OK: certs.py
[2026-05-30 17:13:13] OK: compat.py
[2026-05-30 17:13:14] OK: cookies.py
[2026-05-30 17:13:14] OK: exceptions.py
[2026-05-30 17:13:14] OK: help.py
[2026-05-30 17:13:15] OK: hooks.py
[2026-05-30 17:13:15] OK: models.py
[2026-05-30 17:13:15] OK: packages.py
[2026-05-30 17:13:16] OK: sessions.py
[2026-05-30 17:13:16] OK: status_codes.py
[2026-05-30 17:13:17] OK: structures.py
[2026-05-30 17:13:17] OK: utils.py
[2026-05-30 17:13:17] OK: _init_.py
[2026-05-30 17:13:18] OK: _internal_utils.py
[2026-05-30 17:13:18] OK: _version_.py
[2026-05-30 17:13:18] OK: providers.py
[2026-05-30 17:13:19] OK: reporters.py
[2026-05-30 17:13:19] OK: resolvers.py
[2026-05-30 17:13:19] OK: structs.py
[2026-05-30 17:13:20] OK: _init_.py
[2026-05-30 17:13:20] OK: collections_abc.py
[2026-05-30 17:13:21] OK: _init_.py
[2026-05-30 17:13:21] OK: abc.py
[2026-05-30 17:13:22] OK: align.py
[2026-05-30 17:13:22] OK: ansi.py
[2026-05-30 17:13:22] OK: bar.py
[2026-05-30 17:13:23] OK: box.py
[2026-05-30 17:13:23] OK: cells.py
[2026-05-30 17:13:24] OK: color.py
[2026-05-30 17:13:24] OK: color_triplet.py
[2026-05-30 17:13:24] OK: columns.py
[2026-05-30 17:13:25] OK: console.py
[2026-05-30 17:13:25] OK: constrain.py
[2026-05-30 17:13:25] OK: containers.py
[2026-05-30 17:13:26] OK: control.py
[2026-05-30 17:13:26] OK: default_styles.py
[2026-05-30 17:13:27] OK: diagnose.py
[2026-05-30 17:13:27] OK: emoji.py
[2026-05-30 17:13:27] OK: errors.py
[2026-05-30 17:13:28] OK: filesize.py
[2026-05-30 17:13:28] OK: file_proxy.py
[2026-05-30 17:13:29] OK: highlighter.py
[2026-05-30 17:13:29] OK: json.py
[2026-05-30 17:13:29] OK: jupyter.py
[2026-05-30 17:13:30] OK: layout.py
[2026-05-30 17:13:30] OK: live.py
[2026-05-30 17:13:31] OK: live_render.py
[2026-05-30 17:13:31] OK: logging.py
[2026-05-30 17:13:32] OK: markup.py
[2026-05-30 17:13:32] OK: measure.py
[2026-05-30 17:13:33] OK: padding.py
[2026-05-30 17:13:33] OK: pager.py
[2026-05-30 17:13:33] OK: palette.py
[2026-05-30 17:13:34] OK: panel.py
[2026-05-30 17:13:34] OK: pretty.py
[2026-05-30 17:13:35] OK: progress.py
[2026-05-30 17:13:35] OK: progress_bar.py
[2026-05-30 17:13:35] OK: prompt.py
[2026-05-30 17:13:36] OK: protocol.py
[2026-05-30 17:13:36] OK: region.py
[2026-05-30 17:13:37] OK: repr.py
[2026-05-30 17:13:37] OK: rule.py
[2026-05-30 17:13:38] OK: scope.py
[2026-05-30 17:13:38] OK: screen.py
[2026-05-30 17:13:38] OK: segment.py
[2026-05-30 17:13:39] OK: spinner.py
[2026-05-30 17:13:39] OK: status.py
[2026-05-30 17:13:39] OK: style.py
[2026-05-30 17:13:40] OK: styled.py
[2026-05-30 17:13:40] OK: syntax.py
[2026-05-30 17:13:41] OK: table.py
[2026-05-30 17:13:41] OK: terminal_theme.py
[2026-05-30 17:13:41] OK: text.py
[2026-05-30 17:13:42] OK: theme.py
[2026-05-30 17:13:42] OK: themes.py
[2026-05-30 17:13:42] OK: traceback.py
[2026-05-30 17:13:43] OK: tree.py
[2026-05-30 17:13:43] OK: _cell_widths.py
[2026-05-30 17:13:44] OK: _emoji_codes.py
[2026-05-30 17:13:44] OK: _emoji_replace.py
[2026-05-30 17:13:44] OK: _export_format.py
[2026-05-30 17:13:45] OK: _extension.py
[2026-05-30 17:13:45] OK: _fileno.py
[2026-05-30 17:13:46] OK: _init_.py
[2026-05-30 17:13:46] OK: _inspect.py
[2026-05-30 17:13:46] OK: _log_render.py
[2026-05-30 17:13:47] OK: _loop.py
[2026-05-30 17:13:47] OK: _main_.py
[2026-05-30 17:13:48] OK: _null_file.py
[2026-05-30 17:13:48] OK: _palettes.py
[2026-05-30 17:13:48] OK: _pick.py
[2026-05-30 17:13:48] OK: _ratio.py
[2026-05-30 17:13:49] OK: _spinners.py
[2026-05-30 17:13:49] OK: _stack.py
[2026-05-30 17:13:49] OK: _timer.py
[2026-05-30 17:13:50] OK: _win32_console.py
[2026-05-30 17:13:50] OK: _windows.py
[2026-05-30 17:13:51] OK: _windows_renderer.py
[2026-05-30 17:13:51] OK: _wrap.py
[2026-05-30 17:13:52] OK: after.py
[2026-05-30 17:13:52] OK: before.py
[2026-05-30 17:13:52] OK: before_sleep.py
[2026-05-30 17:13:53] OK: nap.py
[2026-05-30 17:13:53] OK: retry.py
[2026-05-30 17:13:53] OK: stop.py
[2026-05-30 17:13:54] OK: tornadoweb.py
[2026-05-30 17:13:54] OK: wait.py
[2026-05-30 17:13:54] OK: _asyncio.py
[2026-05-30 17:13:55] OK: _init_.py
[2026-05-30 17:13:55] OK: _utils.py
[2026-05-30 17:13:56] OK: _init_.py
[2026-05-30 17:13:56] OK: _parser.py
[2026-05-30 17:13:57] OK: _re.py
[2026-05-30 17:14:01] OK: _types.py
[2026-05-30 17:14:02] OK: _api.py
[2026-05-30 17:14:02] OK: _init_.py
[2026-05-30 17:14:02] OK: _macos.py
[2026-05-30 17:14:03] OK: _openssl.py
[2026-05-30 17:14:03] OK: _ssl_constants.py
[2026-05-30 17:14:03] OK: _windows.py
[2026-05-30 17:14:04] OK: connection.py
[2026-05-30 17:14:04] OK: connectionpool.py
[2026-05-30 17:14:04] OK: exceptions.py
[2026-05-30 17:14:05] OK: fields.py
[2026-05-30 17:14:05] OK: filepost.py
[2026-05-30 17:14:05] OK: poolmanager.py
[2026-05-30 17:14:06] OK: request.py
[2026-05-30 17:14:06] OK: response.py
[2026-05-30 17:14:07] OK: _collections.py
[2026-05-30 17:14:07] OK: _init_.py
[2026-05-30 17:14:07] OK: _version.py
[2026-05-30 17:14:08] OK: appengine.py
[2026-05-30 17:14:08] OK: ntlmpool.py
[2026-05-30 17:14:08] OK: pyopenssl.py
[2026-05-30 17:14:09] OK: securetransport.py
[2026-05-30 17:14:09] OK: socks.py
[2026-05-30 17:14:09] OK: _appengine_environ.py
[2026-05-30 17:14:10] OK: _init_.py
[2026-05-30 17:14:10] OK: bindings.py
[2026-05-30 17:14:10] OK: low_level.py
[2026-05-30 17:14:11] OK: _init_.py
[2026-05-30 17:14:11] OK: six.py
[2026-05-30 17:14:11] OK: _init_.py
[2026-05-30 17:14:12] OK: makefile.py
[2026-05-30 17:14:12] OK: weakref_finalize.py
[2026-05-30 17:14:12] OK: _init_.py
[2026-05-30 17:14:13] OK: connection.py
[2026-05-30 17:14:13] OK: proxy.py
[2026-05-30 17:14:13] OK: queue.py
[2026-05-30 17:14:14] OK: request.py
[2026-05-30 17:14:14] OK: response.py
[2026-05-30 17:14:15] OK: retry.py
[2026-05-30 17:14:15] OK: ssltransport.py
[2026-05-30 17:14:16] OK: ssl_.py
[2026-05-30 17:14:17] OK: ssl_match_hostname.py
[2026-05-30 17:14:18] OK: timeout.py
[2026-05-30 17:14:18] OK: url.py
[2026-05-30 17:14:18] OK: wait.py
[2026-05-30 17:14:19] OK: _init_.py
[2026-05-30 17:14:19] OK: labels.py
[2026-05-30 17:14:21] OK: mklabels.py
[2026-05-30 17:14:21] OK: tests.py
[2026-05-30 17:14:21] OK: x_user_defined.py
[2026-05-30 17:14:22] OK: _init_.py
[2026-05-30 17:14:22] OK: _init_.py
[2026-05-30 17:14:22] OK: _init_.py
[2026-05-30 17:14:23] OK: appdirs.py
[2026-05-30 17:14:23] OK: zipp.py
[2026-05-30 17:14:23] OK: _init_.py
[2026-05-30 17:14:24] OK: abc.py
[2026-05-30 17:14:24] OK: readers.py
[2026-05-30 17:14:25] OK: simple.py
[2026-05-30 17:14:25] OK: _adapters.py
[2026-05-30 17:14:25] OK: _common.py
[2026-05-30 17:14:26] OK: _compat.py
[2026-05-30 17:14:26] OK: _init_.py
[2026-05-30 17:14:26] OK: _itertools.py
[2026-05-30 17:14:27] OK: _legacy.py
[2026-05-30 17:14:27] OK: context.py
[2026-05-30 17:14:28] OK: functools.py
[2026-05-30 17:14:28] OK: _init_.py
[2026-05-30 17:14:28] OK: _init_.py
[2026-05-30 17:14:29] OK: more.py
[2026-05-30 17:14:29] OK: recipes.py
[2026-05-30 17:14:29] OK: _init_.py
[2026-05-30 17:14:29] OK: markers.py
[2026-05-30 17:14:30] OK: requirements.py
[2026-05-30 17:14:30] OK: specifiers.py
[2026-05-30 17:14:30] OK: tags.py
[2026-05-30 17:14:31] OK: utils.py
[2026-05-30 17:14:32] OK: version.py
[2026-05-30 17:14:32] OK: _about_.py
[2026-05-30 17:14:32] OK: _init_.py
[2026-05-30 17:14:33] OK: _manylinux.py
[2026-05-30 17:14:33] OK: _musllinux.py
[2026-05-30 17:14:33] OK: _structures.py
[2026-05-30 17:14:34] OK: actions.py
[2026-05-30 17:14:34] OK: common.py
[2026-05-30 17:14:34] OK: core.py
[2026-05-30 17:14:35] OK: exceptions.py
[2026-05-30 17:14:35] OK: helpers.py
[2026-05-30 17:14:35] OK: results.py
[2026-05-30 17:14:36] OK: testing.py
[2026-05-30 17:14:36] ERRO DE SINTAXE: unicode.py
[2026-05-30 17:14:36] OK: util.py
[2026-05-30 17:14:37] OK: _init_.py
[2026-05-30 17:14:37] OK: _init_.py
[2026-05-30 17:14:37] OK: archive_util.py
[2026-05-30 17:14:38] OK: build_meta.py
[2026-05-30 17:14:38] OK: depends.py
[2026-05-30 17:14:38] OK: dep_util.py
[2026-05-30 17:14:39] OK: discovery.py
[2026-05-30 17:14:39] OK: dist.py
[2026-05-30 17:14:39] OK: errors.py
[2026-05-30 17:14:40] OK: extension.py
[2026-05-30 17:14:40] OK: glob.py
[2026-05-30 17:14:40] OK: installer.py
[2026-05-30 17:14:41] OK: launch.py
[2026-05-30 17:14:41] OK: logging.py
[2026-05-30 17:14:41] OK: monkey.py
[2026-05-30 17:14:41] OK: msvc.py
[2026-05-30 17:14:42] OK: namespaces.py
[2026-05-30 17:14:42] OK: package_index.py
[2026-05-30 17:14:43] OK: py34compat.py
[2026-05-30 17:14:43] OK: sandbox.py
[2026-05-30 17:14:43] OK: unicode_utils.py
[2026-05-30 17:14:44] OK: version.py
[2026-05-30 17:14:44] OK: wheel.py
[2026-05-30 17:14:45] OK: windows_support.py
[2026-05-30 17:14:46] OK: _deprecation_warning.py
[2026-05-30 17:14:46] OK: _entry_points.py
[2026-05-30 17:14:47] OK: _imp.py
[2026-05-30 17:14:47] OK: _importlib.py
[2026-05-30 17:14:48] OK: _init_.py
[2026-05-30 17:14:48] OK: _itertools.py
[2026-05-30 17:14:48] OK: _path.py
[2026-05-30 17:14:49] OK: _reqs.py
[2026-05-30 17:14:49] OK: alias.py
[2026-05-30 17:14:50] OK: bdist_egg.py
[2026-05-30 17:14:50] OK: bdist_rpm.py
[2026-05-30 17:14:50] OK: build.py
[2026-05-30 17:14:51] OK: build_clib.py
[2026-05-30 17:14:51] OK: build_ext.py
[2026-05-30 17:14:51] OK: build_py.py
[2026-05-30 17:14:52] OK: develop.py
[2026-05-30 17:14:52] OK: dist_info.py
[2026-05-30 17:14:53] OK: easy_install.py
[2026-05-30 17:14:53] OK: editable_wheel.py
[2026-05-30 17:14:54] OK: egg_info.py
[2026-05-30 17:14:54] OK: install.py
[2026-05-30 17:14:54] OK: install_egg_info.py
[2026-05-30 17:14:55] OK: install_lib.py
[2026-05-30 17:14:55] OK: install_scripts.py
[2026-05-30 17:14:56] OK: py36compat.py
[2026-05-30 17:14:56] OK: register.py
[2026-05-30 17:14:56] OK: rotate.py
[2026-05-30 17:14:57] OK: saveopts.py
[2026-05-30 17:14:57] OK: sdist.py
[2026-05-30 17:14:57] OK: setopt.py
[2026-05-30 17:14:58] OK: test.py
[2026-05-30 17:14:58] OK: upload.py
[2026-05-30 17:14:58] OK: upload_docs.py
[2026-05-30 17:14:59] OK: _init_.py
[2026-05-30 17:14:59] OK: expand.py
[2026-05-30 17:15:00] OK: pyprojecttoml.py
[2026-05-30 17:15:00] OK: setupcfg.py
[2026-05-30 17:15:00] OK: _apply_pyprojecttoml.py
[2026-05-30 17:15:00] OK: _init_.py
[2026-05-30 17:15:01] OK: error_reporting.py
[2026-05-30 17:15:01] OK: extra_validations.py
[2026-05-30 17:15:02] OK: fastjsonschema_exceptions.py
[2026-05-30 17:15:02] OK: fastjsonschema_validations.py
[2026-05-30 17:15:03] OK: formats.py
[2026-05-30 17:15:03] OK: _init_.py
[2026-05-30 17:15:03] OK: _init_.py
[2026-05-30 17:15:04] OK: archive_util.py
[2026-05-30 17:15:04] OK: bcppcompiler.py
[2026-05-30 17:15:04] OK: ccompiler.py
[2026-05-30 17:15:05] OK: cmd.py
[2026-05-30 17:15:05] OK: config.py
[2026-05-30 17:15:05] OK: core.py
[2026-05-30 17:15:06] OK: cygwinccompiler.py
[2026-05-30 17:15:06] OK: debug.py
[2026-05-30 17:15:06] OK: dep_util.py
[2026-05-30 17:15:07] OK: dir_util.py
[2026-05-30 17:15:08] OK: dist.py
[2026-05-30 17:15:08] OK: errors.py
[2026-05-30 17:15:08] OK: extension.py
[2026-05-30 17:15:09] OK: fancy_getopt.py
[2026-05-30 17:15:09] OK: filelist.py
[2026-05-30 17:15:10] OK: file_util.py
[2026-05-30 17:15:10] OK: log.py
[2026-05-30 17:15:10] OK: msvc9compiler.py
[2026-05-30 17:15:11] OK: msvccompiler.py
[2026-05-30 17:15:11] OK: py38compat.py
[2026-05-30 17:15:11] OK: py39compat.py
[2026-05-30 17:15:11] OK: spawn.py
[2026-05-30 17:15:12] OK: sysconfig.py
[2026-05-30 17:15:12] OK: text_file.py
[2026-05-30 17:15:12] OK: unixccompiler.py
[2026-05-30 17:15:13] OK: util.py
[2026-05-30 17:15:13] OK: version.py
[2026-05-30 17:15:13] OK: versionpredicate.py
[2026-05-30 17:15:14] OK: _collections.py
[2026-05-30 17:15:14] OK: _functools.py
[2026-05-30 17:15:14] OK: _init_.py
[2026-05-30 17:15:15] OK: _macos_compat.py
[2026-05-30 17:15:15] OK: _msvccompiler.py
[2026-05-30 17:15:16] OK: bdist.py
[2026-05-30 17:15:16] OK: bdist_dumb.py
[2026-05-30 17:15:17] OK: bdist_rpm.py
[2026-05-30 17:15:17] OK: build.py
[2026-05-30 17:15:18] OK: build_clib.py
[2026-05-30 17:15:18] OK: build_ext.py
[2026-05-30 17:15:18] OK: build_py.py
[2026-05-30 17:15:19] OK: build_scripts.py
[2026-05-30 17:15:19] OK: check.py
[2026-05-30 17:15:20] OK: clean.py
[2026-05-30 17:15:20] OK: config.py
[2026-05-30 17:15:21] OK: install.py
[2026-05-30 17:15:21] OK: install_data.py
[2026-05-30 17:15:22] OK: install_egg_info.py
[2026-05-30 17:15:22] OK: install_headers.py
[2026-05-30 17:15:23] OK: install_lib.py
[2026-05-30 17:15:23] OK: install_scripts.py
[2026-05-30 17:15:24] OK: py37compat.py
[2026-05-30 17:15:24] OK: register.py
[2026-05-30 17:15:24] OK: sdist.py
[2026-05-30 17:15:25] OK: upload.py
[2026-05-30 17:15:25] OK: _framework_compat.py
[2026-05-30 17:15:26] OK: _init_.py
[2026-05-30 17:15:26] OK: ordered_set.py
[2026-05-30 17:15:26] OK: typing_extensions.py
[2026-05-30 17:15:27] OK: zipp.py
[2026-05-30 17:15:27] OK: _init_.py
[2026-05-30 17:15:28] OK: _adapters.py
[2026-05-30 17:15:28] OK: _collections.py
[2026-05-30 17:15:29] OK: _compat.py
[2026-05-30 17:15:29] OK: _functools.py
[2026-05-30 17:15:30] OK: _init_.py
[2026-05-30 17:15:30] OK: _itertools.py
[2026-05-30 17:15:30] OK: _meta.py
[2026-05-30 17:15:31] OK: _text.py
[2026-05-30 17:15:31] OK: abc.py
[2026-05-30 17:15:31] OK: readers.py
[2026-05-30 17:15:31] OK: simple.py
[2026-05-30 17:15:32] OK: _adapters.py
[2026-05-30 17:15:32] OK: _common.py
[2026-05-30 17:15:33] OK: _compat.py
[2026-05-30 17:15:33] OK: _init_.py
[2026-05-30 17:15:34] OK: _itertools.py
[2026-05-30 17:15:34] OK: _legacy.py
[2026-05-30 17:15:34] OK: context.py
[2026-05-30 17:15:35] OK: functools.py
[2026-05-30 17:15:35] OK: _init_.py
[2026-05-30 17:15:36] OK: _init_.py
[2026-05-30 17:15:36] OK: more.py
[2026-05-30 17:15:36] OK: recipes.py
[2026-05-30 17:15:37] OK: _init_.py
[2026-05-30 17:15:38] OK: markers.py
[2026-05-30 17:15:38] OK: requirements.py
[2026-05-30 17:15:38] OK: specifiers.py
[2026-05-30 17:15:39] OK: tags.py
[2026-05-30 17:15:39] OK: utils.py
[2026-05-30 17:15:40] OK: version.py
[2026-05-30 17:15:40] OK: _about_.py
[2026-05-30 17:15:40] OK: _init_.py
[2026-05-30 17:15:41] OK: _manylinux.py
[2026-05-30 17:15:41] OK: _musllinux.py
[2026-05-30 17:15:41] OK: _structures.py
[2026-05-30 17:15:42] OK: actions.py
[2026-05-30 17:15:42] OK: common.py
[2026-05-30 17:15:43] OK: core.py
[2026-05-30 17:15:43] OK: exceptions.py
[2026-05-30 17:15:43] OK: helpers.py
[2026-05-30 17:15:44] OK: results.py
[2026-05-30 17:15:44] OK: testing.py
[2026-05-30 17:15:44] ERRO DE SINTAXE: unicode.py
[2026-05-30 17:15:45] OK: util.py
[2026-05-30 17:15:45] OK: _init_.py
[2026-05-30 17:15:46] OK: _init_.py
[2026-05-30 17:15:46] OK: _init_.py
[2026-05-30 17:15:47] OK: _parser.py
[2026-05-30 17:15:47] OK: _re.py
[2026-05-30 17:15:48] OK: _types.py
[2026-05-30 17:15:48] OK: override.py
[2026-05-30 17:15:49] OK: _init_.py
[2026-05-30 17:15:58] PROCURANDO FLASK DEBUG=True...
[2026-05-30 17:16:11] CORRIGINDO WATCHDOG:
[2026-05-30 17:16:12] CORRIGINDO WATCHDOG:
[2026-05-30 17:16:12] CORRIGINDO WATCHDOG:
[2026-05-30 17:16:12] CORRIGINDO WATCHDOG:
[2026-05-30 17:16:12] CORRIGINDO WATCHDOG:
[2026-05-30 17:16:13] CORRIGINDO WATCHDOG:
[2026-05-30 17:16:13] CORRIGINDO WATCHDOG:
[2026-05-30 17:16:20] CORRIGINDO WATCHDOG:
[2026-05-30 17:16:21] CORRIGINDO WATCHDOG:
[2026-05-30 17:16:25] CORRIGINDO WATCHDOG:
[2026-05-30 17:16:25] CORRIGINDO WATCHDOG:
[2026-05-30 17:16:25] CORRIGINDO WATCHDOG:
[2026-05-30 17:16:28] CORRIGINDO WATCHDOG:
[2026-05-30 17:16:29] CORRIGINDO WATCHDOG:
[2026-05-30 17:16:30] CORRIGINDO WATCHDOG:
[2026-05-30 17:16:30] PROCURANDO ROTA /lead...
[2026-05-30 17:16:31] ROTA /lead ENCONTRADA:
[2026-05-30 17:16:33] ROTA /lead ENCONTRADA:
[2026-05-30 17:16:33] ROTA /lead ENCONTRADA:
[2026-05-30 17:16:34] ROTA /lead ENCONTRADA:
[2026-05-30 17:16:34] ROTA /lead ENCONTRADA:
[2026-05-30 17:16:35] ROTA /lead ENCONTRADA:
[2026-05-30 17:16:35] ROTA /lead ENCONTRADA:
[2026-05-30 17:16:37] VERIFICANDO TORRE...
[2026-05-30 17:16:39] TORRE LOCALIZADA.
[2026-05-30 17:16:39] VERIFICANDO INTEGRA플O PAYPAL...
[2026-05-30 17:16:40] INTEGRA플O PAYPAL DETECTADA:
[2026-05-30 17:16:40] INTEGRA플O PAYPAL DETECTADA:
[2026-05-30 17:16:40] INTEGRA플O PAYPAL DETECTADA:
[2026-05-30 17:16:40] INTEGRA플O PAYPAL DETECTADA:
[2026-05-30 17:16:40] INTEGRA플O PAYPAL DETECTADA:
[2026-05-30 17:16:40] INTEGRA플O PAYPAL DETECTADA:
[2026-05-30 17:16:40] INTEGRA플O PAYPAL DETECTADA:
[2026-05-30 17:16:40] INTEGRA플O PAYPAL DETECTADA:
[2026-05-30 17:16:40] INTEGRA플O PAYPAL DETECTADA:
[2026-05-30 17:16:40] INTEGRA플O PAYPAL DETECTADA:
[2026-05-30 17:16:40] INTEGRA플O PAYPAL DETECTADA:
[2026-05-30 17:16:40] INTEGRA플O PAYPAL DETECTADA:
[2026-05-30 17:16:40] INTEGRA플O PAYPAL DETECTADA:
[2026-05-30 17:16:40] INTEGRA플O PAYPAL DETECTADA:
[2026-05-30 17:16:40] INTEGRA플O PAYPAL DETECTADA:
[2026-05-30 17:16:40] INTEGRA플O PAYPAL DETECTADA:
[2026-05-30 17:16:40] INTEGRA플O PAYPAL DETECTADA:
[2026-05-30 17:16:40] INTEGRA플O PAYPAL DETECTADA:
[2026-05-30 17:16:40] INTEGRA플O PAYPAL DETECTADA:
[2026-05-30 17:16:40] INTEGRA플O PAYPAL DETECTADA:
[2026-05-30 17:16:40] INTEGRA플O PAYPAL DETECTADA:
[2026-05-30 17:16:40] INTEGRA플O PAYPAL DETECTADA:
[2026-05-30 17:16:41] INTEGRA플O PAYPAL DETECTADA:
[2026-05-30 17:16:41] INTEGRA플O PAYPAL DETECTADA:
[2026-05-30 17:16:41] INTEGRA플O PAYPAL DETECTADA:
[2026-05-30 17:16:41] INTEGRA플O PAYPAL DETECTADA:
[2026-05-30 17:16:41] INTEGRA플O PAYPAL DETECTADA:
[2026-05-30 17:16:41] INTEGRA플O PAYPAL DETECTADA:
[2026-05-30 17:16:41] INTEGRA플O PAYPAL DETECTADA:
[2026-05-30 17:16:41] INTEGRA플O PAYPAL DETECTADA:
[2026-05-30 17:16:41] INTEGRA플O PAYPAL DETECTADA:
[2026-05-30 17:16:41] INTEGRA플O PAYPAL DETECTADA:
[2026-05-30 17:16:41] INTEGRA플O PAYPAL DETECTADA:
[2026-05-30 17:16:41] INTEGRA플O PAYPAL DETECTADA:
[2026-05-30 17:16:41] INTEGRA플O PAYPAL DETECTADA:
[2026-05-30 17:16:41] INTEGRA플O PAYPAL DETECTADA:
[2026-05-30 17:16:41] INTEGRA플O PAYPAL DETECTADA:
[2026-05-30 17:16:41] INTEGRA플O PAYPAL DETECTADA:
[2026-05-30 17:16:41] INTEGRA플O PAYPAL DETECTADA:
[2026-05-30 17:16:41] INTEGRA플O PAYPAL DETECTADA:
[2026-05-30 17:16:42] INTEGRA플O PAYPAL DETECTADA:
[2026-05-30 17:16:42] INTEGRA플O PAYPAL DETECTADA:
[2026-05-30 17:16:42] INTEGRA플O PAYPAL DETECTADA:
[2026-05-30 17:16:42] INTEGRA플O PAYPAL DETECTADA:
[2026-05-30 17:16:42] INTEGRA플O PAYPAL DETECTADA:
[2026-05-30 17:16:42] INTEGRA플O PAYPAL DETECTADA:
[2026-05-30 17:16:42] INTEGRA플O PAYPAL DETECTADA:
[2026-05-30 17:16:42] INTEGRA플O PAYPAL DETECTADA:
[2026-05-30 17:16:42] INTEGRA플O PAYPAL DETECTADA:
[2026-05-30 17:16:42] INTEGRA플O PAYPAL DETECTADA:
[2026-05-30 17:16:42] INTEGRA플O PAYPAL DETECTADA:
[2026-05-30 17:16:42] INTEGRA플O PAYPAL DETECTADA:
[2026-05-30 17:16:42] INTEGRA플O PAYPAL DETECTADA:
[2026-05-30 17:16:42] INTEGRA플O PAYPAL DETECTADA:
[2026-05-30 17:16:42] INTEGRA플O PAYPAL DETECTADA:
[2026-05-30 17:16:42] INTEGRA플O PAYPAL DETECTADA:
[2026-05-30 17:16:42] INTEGRA플O PAYPAL DETECTADA:
[2026-05-30 17:16:42] INTEGRA플O PAYPAL DETECTADA:
[2026-05-30 17:16:42] INTEGRA플O PAYPAL DETECTADA:
[2026-05-30 17:16:42] INTEGRA플O PAYPAL DETECTADA:
[2026-05-30 17:16:42] INTEGRA플O PAYPAL DETECTADA:
[2026-05-30 17:16:42] INTEGRA플O PAYPAL DETECTADA:
[2026-05-30 17:16:42] INTEGRA플O PAYPAL DETECTADA:
[2026-05-30 17:16:42] INTEGRA플O PAYPAL DETECTADA:
[2026-05-30 17:16:42] INTEGRA플O PAYPAL DETECTADA:
[2026-05-30 17:16:42] INTEGRA플O PAYPAL DETECTADA:
[2026-05-30 17:16:42] INTEGRA플O PAYPAL DETECTADA:
[2026-05-30 17:16:42] INTEGRA플O PAYPAL DETECTADA:
[2026-05-30 17:16:42] INTEGRA플O PAYPAL DETECTADA:
[2026-05-30 17:16:42] INTEGRA플O PAYPAL DETECTADA:
[2026-05-30 17:16:42] INTEGRA플O PAYPAL DETECTADA:
[2026-05-30 17:16:42] INTEGRA플O PAYPAL DETECTADA:
[2026-05-30 17:16:43] INTEGRA플O PAYPAL DETECTADA:
[2026-05-30 17:16:43] INTEGRA플O PAYPAL DETECTADA:
[2026-05-30 17:16:43] INTEGRA플O PAYPAL DETECTADA:
[2026-05-30 17:16:43] INTEGRA플O PAYPAL DETECTADA:
[2026-05-30 17:16:43] INTEGRA플O PAYPAL DETECTADA:
[2026-05-30 17:16:43] INTEGRA플O PAYPAL DETECTADA:
[2026-05-30 17:16:43] INTEGRA플O PAYPAL DETECTADA:
[2026-05-30 17:16:43] INTEGRA플O PAYPAL DETECTADA:
[2026-05-30 17:16:43] INTEGRA플O PAYPAL DETECTADA:
[2026-05-30 17:16:43] INTEGRA플O PAYPAL DETECTADA:
[2026-05-30 17:16:43] INTEGRA플O PAYPAL DETECTADA:
[2026-05-30 17:16:43] INTEGRA플O PAYPAL DETECTADA:
[2026-05-30 17:16:43] INTEGRA플O PAYPAL DETECTADA:
[2026-05-30 17:16:43] INTEGRA플O PAYPAL DETECTADA:
[2026-05-30 17:16:43] INTEGRA플O PAYPAL DETECTADA:
[2026-05-30 17:16:43] INTEGRA플O PAYPAL DETECTADA:
[2026-05-30 17:16:43] INTEGRA플O PAYPAL DETECTADA:
[2026-05-30 17:16:43] INTEGRA플O PAYPAL DETECTADA:
[2026-05-30 17:16:43] INTEGRA플O PAYPAL DETECTADA:
[2026-05-30 17:16:44] INTEGRA플O PAYPAL DETECTADA:
[2026-05-30 17:16:44] INTEGRA플O PAYPAL DETECTADA:
[2026-05-30 17:16:44] INTEGRA플O PAYPAL DETECTADA:
[2026-05-30 17:16:44] INTEGRA플O PAYPAL DETECTADA:
[2026-05-30 17:16:46] VERIFICANDO INTERFACES...
[2026-05-30 17:16:53] INTERFACE POSSIVELMENTE QUEBRADA:
[2026-05-30 17:16:53] INTERFACE POSSIVELMENTE QUEBRADA:
[2026-05-30 17:16:53] INTERFACE POSSIVELMENTE QUEBRADA:
[2026-05-30 17:16:53] INTERFACE POSSIVELMENTE QUEBRADA:
[2026-05-30 17:16:53] INTERFACE POSSIVELMENTE QUEBRADA:
[2026-05-30 17:16:53] INTERFACE POSSIVELMENTE QUEBRADA:
[2026-05-30 17:16:53] INTERFACE POSSIVELMENTE QUEBRADA:
[2026-05-30 17:16:53] INTERFACE POSSIVELMENTE QUEBRADA:
[2026-05-30 17:16:53] INTERFACE POSSIVELMENTE QUEBRADA:
[2026-05-30 17:16:53] INTERFACE POSSIVELMENTE QUEBRADA:
[2026-05-30 17:16:53] INTERFACE POSSIVELMENTE QUEBRADA:
[2026-05-30 17:16:53] INTERFACE POSSIVELMENTE QUEBRADA:
[2026-05-30 17:16:53] INTERFACE POSSIVELMENTE QUEBRADA:
[2026-05-30 17:16:53] INTERFACE POSSIVELMENTE QUEBRADA:
[2026-05-30 17:16:53] INTERFACE POSSIVELMENTE QUEBRADA:
[2026-05-30 17:16:53] INTERFACE POSSIVELMENTE QUEBRADA:
[2026-05-30 17:16:53] INTERFACE POSSIVELMENTE QUEBRADA:
[2026-05-30 17:16:53] INTERFACE POSSIVELMENTE QUEBRADA:
[2026-05-30 17:16:53] INTERFACE POSSIVELMENTE QUEBRADA:
[2026-05-30 17:16:53] INTERFACE POSSIVELMENTE QUEBRADA:
[2026-05-30 17:16:53] INTERFACE POSSIVELMENTE QUEBRADA:
[2026-05-30 17:16:53] INTERFACE POSSIVELMENTE QUEBRADA:
[2026-05-30 17:16:53] INTERFACE POSSIVELMENTE QUEBRADA:
[2026-05-30 17:16:53] INTERFACE POSSIVELMENTE QUEBRADA:
[2026-05-30 17:16:53] INTERFACE POSSIVELMENTE QUEBRADA:
[2026-05-30 17:16:53] INTERFACE POSSIVELMENTE QUEBRADA:
[2026-05-30 17:16:53] INTERFACE POSSIVELMENTE QUEBRADA:
[2026-05-30 17:16:53] INTERFACE POSSIVELMENTE QUEBRADA:
[2026-05-30 17:16:53] INTERFACE POSSIVELMENTE QUEBRADA:
[2026-05-30 17:16:53] INTERFACE POSSIVELMENTE QUEBRADA:
[2026-05-30 17:16:53] INTERFACE POSSIVELMENTE QUEBRADA:
[2026-05-30 17:16:53] INTERFACE POSSIVELMENTE QUEBRADA:
[2026-05-30 17:16:53] INTERFACE POSSIVELMENTE QUEBRADA:
[2026-05-30 17:16:53] INTERFACE POSSIVELMENTE QUEBRADA:
[2026-05-30 17:16:53] INTERFACE POSSIVELMENTE QUEBRADA:
[2026-05-30 17:16:53] INTERFACE POSSIVELMENTE QUEBRADA:
[2026-05-30 17:16:53] INTERFACE POSSIVELMENTE QUEBRADA:
[2026-05-30 17:16:53] INTERFACE POSSIVELMENTE QUEBRADA:
[2026-05-30 17:16:53] INTERFACE POSSIVELMENTE QUEBRADA:
[2026-05-30 17:16:53] INTERFACE POSSIVELMENTE QUEBRADA:
[2026-05-30 17:16:53] INTERFACE POSSIVELMENTE QUEBRADA:
[2026-05-30 17:16:53] INTERFACE POSSIVELMENTE QUEBRADA:
[2026-05-30 17:16:53] INTERFACE POSSIVELMENTE QUEBRADA:
[2026-05-30 17:16:53] INTERFACE POSSIVELMENTE QUEBRADA:
[2026-05-30 17:16:53] INTERFACE POSSIVELMENTE QUEBRADA:
[2026-05-30 17:16:53] INTERFACE POSSIVELMENTE QUEBRADA:
[2026-05-30 17:16:53] INTERFACE POSSIVELMENTE QUEBRADA:
[2026-05-30 17:16:53] INTERFACE POSSIVELMENTE QUEBRADA:
[2026-05-30 17:16:53] INTERFACE POSSIVELMENTE QUEBRADA:
[2026-05-30 17:16:53] INTERFACE POSSIVELMENTE QUEBRADA:
[2026-05-30 17:16:53] INTERFACE POSSIVELMENTE QUEBRADA:
[2026-05-30 17:16:53] INTERFACE POSSIVELMENTE QUEBRADA:
[2026-05-30 17:16:53] INTERFACE POSSIVELMENTE QUEBRADA:
[2026-05-30 17:16:53] INTERFACE POSSIVELMENTE QUEBRADA:
[2026-05-30 17:16:53] INTERFACE POSSIVELMENTE QUEBRADA:
[2026-05-30 17:16:53] INTERFACE POSSIVELMENTE QUEBRADA:
[2026-05-30 17:16:53] INTERFACE POSSIVELMENTE QUEBRADA:
[2026-05-30 17:16:53] INTERFACE POSSIVELMENTE QUEBRADA:
[2026-05-30 17:16:53] INTERFACE POSSIVELMENTE QUEBRADA:
[2026-05-30 17:16:53] INTERFACE POSSIVELMENTE QUEBRADA:
[2026-05-30 17:16:53] INTERFACE POSSIVELMENTE QUEBRADA:
[2026-05-30 17:16:53] INTERFACE POSSIVELMENTE QUEBRADA:
[2026-05-30 17:16:53] INTERFACE POSSIVELMENTE QUEBRADA:
[2026-05-30 17:16:53] INTERFACE POSSIVELMENTE QUEBRADA:
[2026-05-30 17:16:53] INTERFACE POSSIVELMENTE QUEBRADA:
[2026-05-30 17:16:53] INTERFACE POSSIVELMENTE QUEBRADA:
[2026-05-30 17:16:53] INTERFACE POSSIVELMENTE QUEBRADA:
[2026-05-30 17:16:53] INTERFACE POSSIVELMENTE QUEBRADA:
[2026-05-30 17:16:53] INTERFACE POSSIVELMENTE QUEBRADA:
[2026-05-30 17:16:53] INTERFACE POSSIVELMENTE QUEBRADA:
[2026-05-30 17:16:53] INTERFACE POSSIVELMENTE QUEBRADA:
[2026-05-30 17:16:53] INTERFACE POSSIVELMENTE QUEBRADA:
[2026-05-30 17:16:53] INTERFACE POSSIVELMENTE QUEBRADA:
[2026-05-30 17:16:53] INTERFACE POSSIVELMENTE QUEBRADA:
[2026-05-30 17:16:53] INTERFACE POSSIVELMENTE QUEBRADA:
[2026-05-30 17:16:53] INTERFACE POSSIVELMENTE QUEBRADA:
[2026-05-30 17:16:53] INTERFACE POSSIVELMENTE QUEBRADA:
[2026-05-30 17:16:53] INTERFACE POSSIVELMENTE QUEBRADA:
[2026-05-30 17:16:53] INTERFACE POSSIVELMENTE QUEBRADA:
[2026-05-30 17:16:53] INTERFACE POSSIVELMENTE QUEBRADA:
[2026-05-30 17:16:53] INTERFACE POSSIVELMENTE QUEBRADA:
[2026-05-30 17:16:53] INTERFACE POSSIVELMENTE QUEBRADA:
[2026-05-30 17:16:53] INTERFACE POSSIVELMENTE QUEBRADA:
[2026-05-30 17:16:53] INTERFACE POSSIVELMENTE QUEBRADA:
[2026-05-30 17:16:53] INTERFACE POSSIVELMENTE QUEBRADA:
[2026-05-30 17:16:53] INTERFACE POSSIVELMENTE QUEBRADA:
[2026-05-30 17:16:53] INTERFACE POSSIVELMENTE QUEBRADA:
[2026-05-30 17:16:54] INTERFACE POSSIVELMENTE QUEBRADA:
[2026-05-30 17:16:54] INTERFACE POSSIVELMENTE QUEBRADA:
[2026-05-30 17:16:54] INTERFACE POSSIVELMENTE QUEBRADA:
[2026-05-30 17:16:54] INTERFACE POSSIVELMENTE QUEBRADA:
[2026-05-30 17:16:54] INTERFACE POSSIVELMENTE QUEBRADA:
[2026-05-30 17:16:54] INTERFACE POSSIVELMENTE QUEBRADA:
[2026-05-30 17:16:54] INTERFACE POSSIVELMENTE QUEBRADA:
[2026-05-30 17:16:54] INTERFACE POSSIVELMENTE QUEBRADA:
[2026-05-30 17:16:54] INTERFACE POSSIVELMENTE QUEBRADA:
[2026-05-30 17:16:54] INTERFACE POSSIVELMENTE QUEBRADA:
[2026-05-30 17:16:54] INTERFACE POSSIVELMENTE QUEBRADA:
[2026-05-30 17:16:54] INTERFACE POSSIVELMENTE QUEBRADA:
[2026-05-30 17:16:54] INTERFACE POSSIVELMENTE QUEBRADA:
[2026-05-30 17:16:54] INTERFACE POSSIVELMENTE QUEBRADA:
[2026-05-30 17:16:54] INTERFACE POSSIVELMENTE QUEBRADA:
[2026-05-30 17:16:54] INTERFACE POSSIVELMENTE QUEBRADA:
[2026-05-30 17:16:54] INTERFACE POSSIVELMENTE QUEBRADA:
[2026-05-30 17:16:54] INTERFACE POSSIVELMENTE QUEBRADA:
[2026-05-30 17:16:54] INTERFACE POSSIVELMENTE QUEBRADA:
[2026-05-30 17:16:54] INTERFACE POSSIVELMENTE QUEBRADA:
[2026-05-30 17:16:54] INTERFACE POSSIVELMENTE QUEBRADA:
[2026-05-30 17:16:54] INTERFACE POSSIVELMENTE QUEBRADA:
[2026-05-30 17:16:54] INTERFACE POSSIVELMENTE QUEBRADA:
[2026-05-30 17:16:54] INTERFACE POSSIVELMENTE QUEBRADA:
[2026-05-30 17:16:54] INTERFACE POSSIVELMENTE QUEBRADA:
[2026-05-30 17:16:54] INTERFACE POSSIVELMENTE QUEBRADA:
[2026-05-30 17:16:54] INTERFACE POSSIVELMENTE QUEBRADA:
[2026-05-30 17:16:54] INTERFACE POSSIVELMENTE QUEBRADA:
[2026-05-30 17:16:54] INTERFACE POSSIVELMENTE QUEBRADA:
[2026-05-30 17:16:54] INTERFACE POSSIVELMENTE QUEBRADA:
[2026-05-30 17:16:54] INTERFACE POSSIVELMENTE QUEBRADA:
[2026-05-30 17:16:54] INTERFACE POSSIVELMENTE QUEBRADA:
[2026-05-30 17:16:54] INTERFACE POSSIVELMENTE QUEBRADA:
[2026-05-30 17:16:54] INTERFACE POSSIVELMENTE QUEBRADA:
[2026-05-30 17:16:54] INTERFACE POSSIVELMENTE QUEBRADA:
[2026-05-30 17:16:54] INTERFACE POSSIVELMENTE QUEBRADA:
[2026-05-30 17:16:54] INTERFACE POSSIVELMENTE QUEBRADA:
[2026-05-30 17:16:54] INTERFACE POSSIVELMENTE QUEBRADA:
[2026-05-30 17:16:54] INTERFACE POSSIVELMENTE QUEBRADA:
[2026-05-30 17:16:54] INTERFACE POSSIVELMENTE QUEBRADA:
[2026-05-30 17:16:54] INTERFACE POSSIVELMENTE QUEBRADA:
[2026-05-30 17:16:54] INTERFACE POSSIVELMENTE QUEBRADA:
[2026-05-30 17:16:54] INTERFACE POSSIVELMENTE QUEBRADA:
[2026-05-30 17:16:54] INTERFACE POSSIVELMENTE QUEBRADA:
[2026-05-30 17:16:54] INTERFACE POSSIVELMENTE QUEBRADA:
[2026-05-30 17:16:54] INTERFACE POSSIVELMENTE QUEBRADA:
[2026-05-30 17:16:54] INTERFACE POSSIVELMENTE QUEBRADA:
[2026-05-30 17:16:54] INTERFACE POSSIVELMENTE QUEBRADA:
[2026-05-30 17:16:54] INTERFACE POSSIVELMENTE QUEBRADA:
[2026-05-30 17:16:54] INTERFACE POSSIVELMENTE QUEBRADA:
[2026-05-30 17:16:54] INTERFACE POSSIVELMENTE QUEBRADA:
[2026-05-30 17:16:54] INTERFACE POSSIVELMENTE QUEBRADA:
[2026-05-30 17:16:54] INTERFACE POSSIVELMENTE QUEBRADA:
[2026-05-30 17:16:54] INTERFACE POSSIVELMENTE QUEBRADA:
[2026-05-30 17:16:54] INTERFACE POSSIVELMENTE QUEBRADA:
[2026-05-30 17:16:54] INTERFACE POSSIVELMENTE QUEBRADA:
[2026-05-30 17:16:54] INTERFACE POSSIVELMENTE QUEBRADA:
[2026-05-30 17:16:54] INTERFACE POSSIVELMENTE QUEBRADA:
[2026-05-30 17:16:54] INTERFACE POSSIVELMENTE QUEBRADA:
[2026-05-30 17:16:54] INTERFACE POSSIVELMENTE QUEBRADA:
[2026-05-30 17:16:54] INTERFACE POSSIVELMENTE QUEBRADA:
[2026-05-30 17:16:54] INTERFACE POSSIVELMENTE QUEBRADA:
[2026-05-30 17:16:54] INTERFACE POSSIVELMENTE QUEBRADA:
[2026-05-30 17:16:54] INTERFACE POSSIVELMENTE QUEBRADA:
[2026-05-30 17:16:54] INTERFACE POSSIVELMENTE QUEBRADA:
[2026-05-30 17:16:54] INTERFACE POSSIVELMENTE QUEBRADA:
[2026-05-30 17:16:54] INTERFACE POSSIVELMENTE QUEBRADA:
[2026-05-30 17:16:54] INTERFACE POSSIVELMENTE QUEBRADA:
[2026-05-30 17:16:54] INTERFACE POSSIVELMENTE QUEBRADA:
[2026-05-30 17:16:54] INTERFACE POSSIVELMENTE QUEBRADA:
[2026-05-30 17:16:54] INTERFACE POSSIVELMENTE QUEBRADA:
[2026-05-30 17:16:54] INTERFACE POSSIVELMENTE QUEBRADA:
[2026-05-30 17:16:54] INTERFACE POSSIVELMENTE QUEBRADA:
[2026-05-30 17:16:54] INTERFACE POSSIVELMENTE QUEBRADA:
[2026-05-30 17:16:54] INTERFACE POSSIVELMENTE QUEBRADA:
[2026-05-30 17:16:54] INTERFACE POSSIVELMENTE QUEBRADA:
[2026-05-30 17:16:54] INTERFACE POSSIVELMENTE QUEBRADA:
[2026-05-30 17:16:54] INTERFACE POSSIVELMENTE QUEBRADA:
[2026-05-30 17:16:54] INTERFACE POSSIVELMENTE QUEBRADA:
[2026-05-30 17:16:54] INTERFACE POSSIVELMENTE QUEBRADA:
[2026-05-30 17:16:54] INTERFACE POSSIVELMENTE QUEBRADA:
[2026-05-30 17:16:54] INTERFACE POSSIVELMENTE QUEBRADA:
[2026-05-30 17:16:54] INTERFACE POSSIVELMENTE QUEBRADA:
[2026-05-30 17:16:54] INTERFACE POSSIVELMENTE QUEBRADA:
[2026-05-30 17:16:54] INTERFACE POSSIVELMENTE QUEBRADA:
[2026-05-30 17:16:54] INTERFACE POSSIVELMENTE QUEBRADA:
[2026-05-30 17:16:54] INTERFACE POSSIVELMENTE QUEBRADA:
[2026-05-30 17:16:54] INTERFACE POSSIVELMENTE QUEBRADA:
[2026-05-30 17:16:54] INTERFACE POSSIVELMENTE QUEBRADA:
[2026-05-30 17:16:54] INTERFACE POSSIVELMENTE QUEBRADA:
[2026-05-30 17:16:54] INTERFACE POSSIVELMENTE QUEBRADA:
[2026-05-30 17:16:54] INTERFACE POSSIVELMENTE QUEBRADA:
[2026-05-30 17:16:54] INTERFACE POSSIVELMENTE QUEBRADA:
[2026-05-30 17:16:54] INTERFACE POSSIVELMENTE QUEBRADA:
[2026-05-30 17:16:54] INTERFACE POSSIVELMENTE QUEBRADA:
[2026-05-30 17:16:55] INTERFACE POSSIVELMENTE QUEBRADA:
[2026-05-30 17:16:55] INTERFACE POSSIVELMENTE QUEBRADA:
[2026-05-30 17:16:55] INTERFACE POSSIVELMENTE QUEBRADA:
[2026-05-30 17:16:55] INTERFACE POSSIVELMENTE QUEBRADA:
[2026-05-30 17:16:55] INTERFACE POSSIVELMENTE QUEBRADA:
[2026-05-30 17:16:55] INTERFACE POSSIVELMENTE QUEBRADA:
[2026-05-30 17:16:55] INTERFACE POSSIVELMENTE QUEBRADA:
[2026-05-30 17:16:55] INTERFACE POSSIVELMENTE QUEBRADA:
[2026-05-30 17:16:55] INTERFACE POSSIVELMENTE QUEBRADA:
[2026-05-30 17:16:55] INTERFACE POSSIVELMENTE QUEBRADA:
[2026-05-30 17:16:55] INTERFACE POSSIVELMENTE QUEBRADA:
[2026-05-30 17:16:55] INTERFACE POSSIVELMENTE QUEBRADA:
[2026-05-30 17:16:55] INTERFACE POSSIVELMENTE QUEBRADA:
[2026-05-30 17:16:55] INTERFACE POSSIVELMENTE QUEBRADA:
[2026-05-30 17:16:55] INTERFACE POSSIVELMENTE QUEBRADA:
[2026-05-30 17:16:55] INTERFACE POSSIVELMENTE QUEBRADA:
[2026-05-30 17:16:55] INTERFACE POSSIVELMENTE QUEBRADA:
[2026-05-30 17:16:55] INTERFACE POSSIVELMENTE QUEBRADA:
[2026-05-30 17:16:55] INTERFACE POSSIVELMENTE QUEBRADA:
[2026-05-30 17:16:55] INTERFACE POSSIVELMENTE QUEBRADA:
[2026-05-30 17:16:55] INTERFACE POSSIVELMENTE QUEBRADA:
[2026-05-30 17:16:55] INTERFACE POSSIVELMENTE QUEBRADA:
[2026-05-30 17:16:55] INTERFACE POSSIVELMENTE QUEBRADA:
[2026-05-30 17:16:55] INTERFACE POSSIVELMENTE QUEBRADA:
[2026-05-30 17:16:55] INTERFACE POSSIVELMENTE QUEBRADA:
[2026-05-30 17:16:55] INTERFACE POSSIVELMENTE QUEBRADA:
[2026-05-30 17:16:55] INTERFACE POSSIVELMENTE QUEBRADA:
[2026-05-30 17:16:55] INTERFACE POSSIVELMENTE QUEBRADA:
[2026-05-30 17:16:55] INTERFACE POSSIVELMENTE QUEBRADA:
[2026-05-30 17:16:55] INTERFACE POSSIVELMENTE QUEBRADA:
[2026-05-30 17:16:55] INTERFACE POSSIVELMENTE QUEBRADA:
[2026-05-30 17:16:55] INTERFACE POSSIVELMENTE QUEBRADA:
[2026-05-30 17:16:55] INTERFACE POSSIVELMENTE QUEBRADA:
[2026-05-30 17:16:55] INTERFACE POSSIVELMENTE QUEBRADA:
[2026-05-30 17:16:55] INTERFACE POSSIVELMENTE QUEBRADA:
[2026-05-30 17:16:55] INTERFACE POSSIVELMENTE QUEBRADA:
[2026-05-30 17:16:55] INTERFACE POSSIVELMENTE QUEBRADA:
[2026-05-30 17:16:55] INTERFACE POSSIVELMENTE QUEBRADA:
[2026-05-30 17:16:55] INTERFACE POSSIVELMENTE QUEBRADA:
[2026-05-30 17:16:55] INTERFACE POSSIVELMENTE QUEBRADA:
[2026-05-30 17:16:55] INTERFACE POSSIVELMENTE QUEBRADA:
[2026-05-30 17:16:55] INTERFACE POSSIVELMENTE QUEBRADA:
[2026-05-30 17:16:55] INTERFACE POSSIVELMENTE QUEBRADA:
[2026-05-30 17:16:55] INTERFACE POSSIVELMENTE QUEBRADA:
[2026-05-30 17:16:55] INTERFACE POSSIVELMENTE QUEBRADA:
[2026-05-30 17:16:55] INTERFACE POSSIVELMENTE QUEBRADA:
[2026-05-30 17:16:55] INTERFACE POSSIVELMENTE QUEBRADA:
[2026-05-30 17:16:55] INTERFACE POSSIVELMENTE QUEBRADA:
[2026-05-30 17:16:55] INTERFACE POSSIVELMENTE QUEBRADA:
[2026-05-30 17:16:55] INTERFACE POSSIVELMENTE QUEBRADA:
[2026-05-30 17:16:55] INTERFACE POSSIVELMENTE QUEBRADA:
[2026-05-30 17:16:55] INTERFACE POSSIVELMENTE QUEBRADA:
[2026-05-30 17:16:55] INTERFACE POSSIVELMENTE QUEBRADA:
[2026-05-30 17:16:55] INTERFACE POSSIVELMENTE QUEBRADA:
[2026-05-30 17:16:55] INTERFACE POSSIVELMENTE QUEBRADA:
[2026-05-30 17:16:55] INTERFACE POSSIVELMENTE QUEBRADA:
[2026-05-30 17:16:55] INTERFACE POSSIVELMENTE QUEBRADA:
[2026-05-30 17:16:55] INTERFACE POSSIVELMENTE QUEBRADA:
[2026-05-30 17:16:55] INTERFACE POSSIVELMENTE QUEBRADA:
[2026-05-30 17:16:55] INTERFACE POSSIVELMENTE QUEBRADA:
[2026-05-30 17:16:55] INTERFACE POSSIVELMENTE QUEBRADA:
[2026-05-30 17:16:55] INTERFACE POSSIVELMENTE QUEBRADA:
[2026-05-30 17:16:55] INTERFACE POSSIVELMENTE QUEBRADA:
[2026-05-30 17:16:55] INTERFACE POSSIVELMENTE QUEBRADA:
[2026-05-30 17:16:55] INTERFACE POSSIVELMENTE QUEBRADA:
[2026-05-30 17:16:55] INTERFACE POSSIVELMENTE QUEBRADA:
[2026-05-30 17:16:55] INTERFACE POSSIVELMENTE QUEBRADA:
[2026-05-30 17:16:55] INTERFACE POSSIVELMENTE QUEBRADA:
[2026-05-30 17:16:55] INTERFACE POSSIVELMENTE QUEBRADA:
[2026-05-30 17:16:55] INTERFACE POSSIVELMENTE QUEBRADA:
[2026-05-30 17:16:55] INTERFACE POSSIVELMENTE QUEBRADA:
[2026-05-30 17:16:55] INTERFACE POSSIVELMENTE QUEBRADA:
[2026-05-30 17:16:55] INTERFACE POSSIVELMENTE QUEBRADA:
[2026-05-30 17:16:55] INTERFACE POSSIVELMENTE QUEBRADA:
[2026-05-30 17:16:55] INTERFACE POSSIVELMENTE QUEBRADA:
[2026-05-30 17:16:55] INTERFACE POSSIVELMENTE QUEBRADA:
[2026-05-30 17:16:55] INTERFACE POSSIVELMENTE QUEBRADA:
[2026-05-30 17:16:55] INTERFACE POSSIVELMENTE QUEBRADA:
[2026-05-30 17:16:55] INTERFACE POSSIVELMENTE QUEBRADA:
[2026-05-30 17:16:55] INTERFACE POSSIVELMENTE QUEBRADA:
[2026-05-30 17:16:55] INTERFACE POSSIVELMENTE QUEBRADA:
[2026-05-30 17:16:55] INTERFACE POSSIVELMENTE QUEBRADA:
[2026-05-30 17:16:55] INTERFACE POSSIVELMENTE QUEBRADA:
[2026-05-30 17:16:55] INTERFACE POSSIVELMENTE QUEBRADA:
[2026-05-30 17:16:55] INTERFACE POSSIVELMENTE QUEBRADA:
[2026-05-30 17:16:55] INTERFACE POSSIVELMENTE QUEBRADA:
[2026-05-30 17:16:55] INTERFACE POSSIVELMENTE QUEBRADA:
[2026-05-30 17:16:55] INTERFACE POSSIVELMENTE QUEBRADA:
[2026-05-30 17:16:55] INTERFACE POSSIVELMENTE QUEBRADA:
[2026-05-30 17:16:55] INTERFACE POSSIVELMENTE QUEBRADA:
[2026-05-30 17:16:55] INTERFACE POSSIVELMENTE QUEBRADA:
[2026-05-30 17:16:55] INTERFACE POSSIVELMENTE QUEBRADA:
[2026-05-30 17:16:55] INTERFACE POSSIVELMENTE QUEBRADA:
[2026-05-30 17:16:55] INTERFACE POSSIVELMENTE QUEBRADA:
[2026-05-30 17:16:55] INTERFACE POSSIVELMENTE QUEBRADA:
[2026-05-30 17:16:55] INTERFACE POSSIVELMENTE QUEBRADA:
[2026-05-30 17:16:55] INTERFACE POSSIVELMENTE QUEBRADA:
[2026-05-30 17:16:55] INTERFACE POSSIVELMENTE QUEBRADA:
[2026-05-30 17:16:55] INTERFACE POSSIVELMENTE QUEBRADA:
[2026-05-30 17:16:55] INTERFACE POSSIVELMENTE QUEBRADA:
[2026-05-30 17:16:55] INTERFACE POSSIVELMENTE QUEBRADA:
[2026-05-30 17:16:55] INTERFACE POSSIVELMENTE QUEBRADA:
[2026-05-30 17:16:55] INTERFACE POSSIVELMENTE QUEBRADA:
[2026-05-30 17:16:55] INTERFACE POSSIVELMENTE QUEBRADA:
[2026-05-30 17:16:55] INTERFACE POSSIVELMENTE QUEBRADA:
[2026-05-30 17:16:56] INTERFACE POSSIVELMENTE QUEBRADA:
[2026-05-30 17:16:56] INTERFACE POSSIVELMENTE QUEBRADA:
[2026-05-30 17:16:56] INTERFACE POSSIVELMENTE QUEBRADA:
[2026-05-30 17:16:56] INTERFACE POSSIVELMENTE QUEBRADA:
[2026-05-30 17:16:56] INTERFACE POSSIVELMENTE QUEBRADA:
[2026-05-30 17:16:56] INTERFACE POSSIVELMENTE QUEBRADA:
[2026-05-30 17:16:56] INTERFACE POSSIVELMENTE QUEBRADA:
[2026-05-30 17:16:56] INTERFACE POSSIVELMENTE QUEBRADA:
[2026-05-30 17:16:56] INTERFACE POSSIVELMENTE QUEBRADA:
[2026-05-30 17:16:56] INTERFACE POSSIVELMENTE QUEBRADA:
[2026-05-30 17:16:56] INTERFACE POSSIVELMENTE QUEBRADA:
[2026-05-30 17:16:56] INTERFACE POSSIVELMENTE QUEBRADA:
[2026-05-30 17:16:56] INTERFACE POSSIVELMENTE QUEBRADA:
[2026-05-30 17:16:56] INTERFACE POSSIVELMENTE QUEBRADA:
[2026-05-30 17:16:56] INTERFACE POSSIVELMENTE QUEBRADA:
[2026-05-30 17:16:56] INTERFACE POSSIVELMENTE QUEBRADA:
[2026-05-30 17:16:56] INTERFACE POSSIVELMENTE QUEBRADA:
[2026-05-30 17:16:56] INTERFACE POSSIVELMENTE QUEBRADA:
[2026-05-30 17:16:56] INTERFACE POSSIVELMENTE QUEBRADA:
[2026-05-30 17:16:56] INTERFACE POSSIVELMENTE QUEBRADA:
[2026-05-30 17:16:56] INTERFACE POSSIVELMENTE QUEBRADA:
[2026-05-30 17:16:56] INTERFACE POSSIVELMENTE QUEBRADA:
[2026-05-30 17:16:56] INTERFACE POSSIVELMENTE QUEBRADA:
[2026-05-30 17:16:56] INTERFACE POSSIVELMENTE QUEBRADA:
[2026-05-30 17:16:56] INTERFACE POSSIVELMENTE QUEBRADA:
[2026-05-30 17:16:56] INTERFACE POSSIVELMENTE QUEBRADA:
[2026-05-30 17:16:56] INTERFACE POSSIVELMENTE QUEBRADA:
[2026-05-30 17:16:56] INTERFACE POSSIVELMENTE QUEBRADA:
[2026-05-30 17:16:56] INTERFACE POSSIVELMENTE QUEBRADA:
[2026-05-30 17:16:56] INTERFACE POSSIVELMENTE QUEBRADA:
[2026-05-30 17:16:56] INTERFACE POSSIVELMENTE QUEBRADA:
[2026-05-30 17:16:56] INTERFACE POSSIVELMENTE QUEBRADA:
[2026-05-30 17:16:56] INTERFACE POSSIVELMENTE QUEBRADA:
[2026-05-30 17:16:56] INTERFACE POSSIVELMENTE QUEBRADA:
[2026-05-30 17:16:56] INTERFACE POSSIVELMENTE QUEBRADA:
[2026-05-30 17:16:56] INTERFACE POSSIVELMENTE QUEBRADA:
[2026-05-30 17:16:56] INTERFACE POSSIVELMENTE QUEBRADA:
[2026-05-30 17:16:56] INTERFACE POSSIVELMENTE QUEBRADA:
[2026-05-30 17:16:56] INTERFACE POSSIVELMENTE QUEBRADA:
[2026-05-30 17:16:56] INTERFACE POSSIVELMENTE QUEBRADA:
[2026-05-30 17:16:56] INTERFACE POSSIVELMENTE QUEBRADA:
[2026-05-30 17:16:56] INTERFACE POSSIVELMENTE QUEBRADA:
[2026-05-30 17:16:56] INTERFACE POSSIVELMENTE QUEBRADA:
[2026-05-30 17:16:56] INTERFACE POSSIVELMENTE QUEBRADA:
[2026-05-30 17:16:56] INTERFACE POSSIVELMENTE QUEBRADA:
[2026-05-30 17:16:56] INTERFACE POSSIVELMENTE QUEBRADA:
[2026-05-30 17:16:56] INTERFACE POSSIVELMENTE QUEBRADA:
[2026-05-30 17:16:56] INTERFACE POSSIVELMENTE QUEBRADA:
[2026-05-30 17:16:56] INTERFACE POSSIVELMENTE QUEBRADA:
[2026-05-30 17:16:56] INTERFACE POSSIVELMENTE QUEBRADA:
[2026-05-30 17:16:56] INTERFACE POSSIVELMENTE QUEBRADA:
[2026-05-30 17:16:56] INTERFACE POSSIVELMENTE QUEBRADA:
[2026-05-30 17:16:56] INTERFACE POSSIVELMENTE QUEBRADA:
[2026-05-30 17:16:56] INTERFACE POSSIVELMENTE QUEBRADA:
[2026-05-30 17:16:56] INTERFACE POSSIVELMENTE QUEBRADA:
[2026-05-30 17:16:56] INTERFACE POSSIVELMENTE QUEBRADA:
[2026-05-30 17:16:56] INTERFACE POSSIVELMENTE QUEBRADA:
[2026-05-30 17:16:56] INTERFACE POSSIVELMENTE QUEBRADA:
[2026-05-30 17:16:56] INTERFACE POSSIVELMENTE QUEBRADA:
[2026-05-30 17:16:56] INTERFACE POSSIVELMENTE QUEBRADA:
[2026-05-30 17:16:56] INTERFACE POSSIVELMENTE QUEBRADA:
[2026-05-30 17:16:56] INTERFACE POSSIVELMENTE QUEBRADA:
[2026-05-30 17:16:56] INTERFACE POSSIVELMENTE QUEBRADA:
[2026-05-30 17:16:56] INTERFACE POSSIVELMENTE QUEBRADA:
[2026-05-30 17:16:56] INTERFACE POSSIVELMENTE QUEBRADA:
[2026-05-30 17:16:56] INTERFACE POSSIVELMENTE QUEBRADA:
[2026-05-30 17:16:56] INTERFACE POSSIVELMENTE QUEBRADA:
[2026-05-30 17:16:56] INTERFACE POSSIVELMENTE QUEBRADA:
[2026-05-30 17:16:56] INTERFACE POSSIVELMENTE QUEBRADA:
[2026-05-30 17:16:56] INTERFACE POSSIVELMENTE QUEBRADA:
[2026-05-30 17:16:56] INTERFACE POSSIVELMENTE QUEBRADA:
[2026-05-30 17:16:56] INTERFACE POSSIVELMENTE QUEBRADA:
[2026-05-30 17:16:56] INTERFACE POSSIVELMENTE QUEBRADA:
[2026-05-30 17:16:56] INTERFACE POSSIVELMENTE QUEBRADA:
[2026-05-30 17:16:57] INTERFACE POSSIVELMENTE QUEBRADA:
[2026-05-30 17:16:57] INTERFACE POSSIVELMENTE QUEBRADA:
[2026-05-30 17:16:57] INTERFACE POSSIVELMENTE QUEBRADA:
[2026-05-30 17:16:57] INTERFACE POSSIVELMENTE QUEBRADA:
[2026-05-30 17:16:57] INTERFACE POSSIVELMENTE QUEBRADA:
[2026-05-30 17:16:57] INTERFACE POSSIVELMENTE QUEBRADA:
[2026-05-30 17:16:57] INTERFACE POSSIVELMENTE QUEBRADA:
[2026-05-30 17:16:57] INTERFACE POSSIVELMENTE QUEBRADA:
[2026-05-30 17:16:57] INTERFACE POSSIVELMENTE QUEBRADA:
[2026-05-30 17:16:57] INTERFACE POSSIVELMENTE QUEBRADA:
[2026-05-30 17:16:57] INTERFACE POSSIVELMENTE QUEBRADA:
[2026-05-30 17:16:57] INTERFACE POSSIVELMENTE QUEBRADA:
[2026-05-30 17:16:57] INTERFACE POSSIVELMENTE QUEBRADA:
[2026-05-30 17:16:57] INTERFACE POSSIVELMENTE QUEBRADA:
[2026-05-30 17:16:57] INTERFACE POSSIVELMENTE QUEBRADA:
[2026-05-30 17:16:57] INTERFACE POSSIVELMENTE QUEBRADA:
[2026-05-30 17:16:57] INTERFACE POSSIVELMENTE QUEBRADA:
[2026-05-30 17:16:57] INTERFACE POSSIVELMENTE QUEBRADA:
[2026-05-30 17:16:57] INTERFACE POSSIVELMENTE QUEBRADA:
[2026-05-30 17:16:57] INTERFACE POSSIVELMENTE QUEBRADA:
[2026-05-30 17:16:57] INTERFACE POSSIVELMENTE QUEBRADA:
[2026-05-30 17:16:57] INTERFACE POSSIVELMENTE QUEBRADA:
[2026-05-30 17:16:57] INTERFACE POSSIVELMENTE QUEBRADA:
[2026-05-30 17:16:57] INTERFACE POSSIVELMENTE QUEBRADA:
[2026-05-30 17:16:57] INTERFACE POSSIVELMENTE QUEBRADA:
[2026-05-30 17:16:57] INTERFACE POSSIVELMENTE QUEBRADA:
[2026-05-30 17:16:57] INTERFACE POSSIVELMENTE QUEBRADA:
[2026-05-30 17:16:57] INTERFACE POSSIVELMENTE QUEBRADA:
[2026-05-30 17:16:57] INTERFACE POSSIVELMENTE QUEBRADA:
[2026-05-30 17:16:57] INTERFACE POSSIVELMENTE QUEBRADA:
[2026-05-30 17:16:57] INTERFACE POSSIVELMENTE QUEBRADA:
[2026-05-30 17:16:57] INTERFACE POSSIVELMENTE QUEBRADA:
[2026-05-30 17:16:57] INTERFACE POSSIVELMENTE QUEBRADA:
[2026-05-30 17:16:57] INTERFACE POSSIVELMENTE QUEBRADA:
[2026-05-30 17:16:57] INTERFACE POSSIVELMENTE QUEBRADA:
[2026-05-30 17:16:57] INTERFACE POSSIVELMENTE QUEBRADA:
[2026-05-30 17:16:57] INTERFACE POSSIVELMENTE QUEBRADA:
[2026-05-30 17:16:57] INTERFACE POSSIVELMENTE QUEBRADA:
[2026-05-30 17:16:57] INTERFACE POSSIVELMENTE QUEBRADA:
[2026-05-30 17:16:57] INTERFACE POSSIVELMENTE QUEBRADA:
[2026-05-30 17:16:57] INTERFACE POSSIVELMENTE QUEBRADA:
[2026-05-30 17:16:57] INTERFACE POSSIVELMENTE QUEBRADA:
[2026-05-30 17:16:57] INTERFACE POSSIVELMENTE QUEBRADA:
[2026-05-30 17:16:57] INTERFACE POSSIVELMENTE QUEBRADA:
[2026-05-30 17:16:57] INTERFACE POSSIVELMENTE QUEBRADA:
[2026-05-30 17:16:57] INTERFACE POSSIVELMENTE QUEBRADA:
[2026-05-30 17:16:57] INTERFACE POSSIVELMENTE QUEBRADA:
[2026-05-30 17:16:57] INTERFACE POSSIVELMENTE QUEBRADA:
[2026-05-30 17:16:57] INTERFACE POSSIVELMENTE QUEBRADA:
[2026-05-30 17:16:57] INTERFACE POSSIVELMENTE QUEBRADA:
[2026-05-30 17:16:57] INTERFACE POSSIVELMENTE QUEBRADA:
[2026-05-30 17:16:57] INTERFACE POSSIVELMENTE QUEBRADA:
[2026-05-30 17:16:57] INTERFACE POSSIVELMENTE QUEBRADA:
[2026-05-30 17:16:57] INTERFACE POSSIVELMENTE QUEBRADA:
[2026-05-30 17:16:57] INTERFACE POSSIVELMENTE QUEBRADA:
[2026-05-30 17:16:57] INTERFACE POSSIVELMENTE QUEBRADA:
[2026-05-30 17:16:57] INTERFACE POSSIVELMENTE QUEBRADA:
[2026-05-30 17:16:57] INTERFACE POSSIVELMENTE QUEBRADA:
[2026-05-30 17:16:57] INTERFACE POSSIVELMENTE QUEBRADA:
[2026-05-30 17:16:57] INTERFACE POSSIVELMENTE QUEBRADA:
[2026-05-30 17:16:57] INTERFACE POSSIVELMENTE QUEBRADA:
[2026-05-30 17:16:57] INTERFACE POSSIVELMENTE QUEBRADA:
[2026-05-30 17:16:57] INTERFACE POSSIVELMENTE QUEBRADA:
[2026-05-30 17:16:57] INTERFACE POSSIVELMENTE QUEBRADA:
[2026-05-30 17:16:57] INTERFACE POSSIVELMENTE QUEBRADA:
[2026-05-30 17:16:57] INTERFACE POSSIVELMENTE QUEBRADA:
[2026-05-30 17:16:57] INTERFACE POSSIVELMENTE QUEBRADA:
[2026-05-30 17:16:57] INTERFACE POSSIVELMENTE QUEBRADA:
[2026-05-30 17:16:57] INTERFACE POSSIVELMENTE QUEBRADA:
[2026-05-30 17:16:57] INTERFACE POSSIVELMENTE QUEBRADA:
[2026-05-30 17:16:57] INTERFACE POSSIVELMENTE QUEBRADA:
[2026-05-30 17:16:57] INTERFACE POSSIVELMENTE QUEBRADA:
[2026-05-30 17:16:57] INTERFACE POSSIVELMENTE QUEBRADA:
[2026-05-30 17:16:57] INTERFACE POSSIVELMENTE QUEBRADA:
[2026-05-30 17:16:57] INTERFACE POSSIVELMENTE QUEBRADA:
[2026-05-30 17:16:57] INTERFACE POSSIVELMENTE QUEBRADA:
[2026-05-30 17:16:58] INTERFACE POSSIVELMENTE QUEBRADA:
[2026-05-30 17:16:58] INTERFACE POSSIVELMENTE QUEBRADA:
[2026-05-30 17:16:58] INTERFACE POSSIVELMENTE QUEBRADA:
[2026-05-30 17:16:58] INTERFACE POSSIVELMENTE QUEBRADA:
[2026-05-30 17:16:58] INTERFACE POSSIVELMENTE QUEBRADA:
[2026-05-30 17:16:58] INTERFACE POSSIVELMENTE QUEBRADA:
[2026-05-30 17:16:58] INTERFACE POSSIVELMENTE QUEBRADA:
[2026-05-30 17:16:58] INTERFACE POSSIVELMENTE QUEBRADA:
[2026-05-30 17:16:58] INTERFACE POSSIVELMENTE QUEBRADA:
[2026-05-30 17:16:58] INTERFACE POSSIVELMENTE QUEBRADA:
[2026-05-30 17:16:58] INTERFACE POSSIVELMENTE QUEBRADA:
[2026-05-30 17:16:58] INTERFACE POSSIVELMENTE QUEBRADA:
[2026-05-30 17:16:58] INTERFACE POSSIVELMENTE QUEBRADA:
[2026-05-30 17:16:58] INTERFACE POSSIVELMENTE QUEBRADA:
[2026-05-30 17:16:58] INTERFACE POSSIVELMENTE QUEBRADA:
[2026-05-30 17:16:58] INTERFACE POSSIVELMENTE QUEBRADA:
[2026-05-30 17:16:58] INTERFACE POSSIVELMENTE QUEBRADA:
[2026-05-30 17:16:58] INTERFACE POSSIVELMENTE QUEBRADA:
[2026-05-30 17:16:58] INTERFACE POSSIVELMENTE QUEBRADA:
[2026-05-30 17:16:58] INTERFACE POSSIVELMENTE QUEBRADA:
[2026-05-30 17:16:58] INTERFACE POSSIVELMENTE QUEBRADA:
[2026-05-30 17:16:58] INTERFACE POSSIVELMENTE QUEBRADA:
[2026-05-30 17:16:58] INTERFACE POSSIVELMENTE QUEBRADA:
[2026-05-30 17:16:58] INTERFACE POSSIVELMENTE QUEBRADA:
[2026-05-30 17:16:58] INTERFACE POSSIVELMENTE QUEBRADA:
[2026-05-30 17:16:58] INTERFACE POSSIVELMENTE QUEBRADA:
[2026-05-30 17:16:58] INTERFACE POSSIVELMENTE QUEBRADA:
[2026-05-30 17:16:58] INTERFACE POSSIVELMENTE QUEBRADA:
[2026-05-30 17:16:58] INTERFACE POSSIVELMENTE QUEBRADA:
[2026-05-30 17:16:58] INTERFACE POSSIVELMENTE QUEBRADA:
[2026-05-30 17:16:58] INTERFACE POSSIVELMENTE QUEBRADA:
[2026-05-30 17:16:58] INTERFACE POSSIVELMENTE QUEBRADA:
[2026-05-30 17:16:58] INTERFACE POSSIVELMENTE QUEBRADA:
[2026-05-30 17:16:58] INTERFACE POSSIVELMENTE QUEBRADA:
[2026-05-30 17:16:58] INTERFACE POSSIVELMENTE QUEBRADA:
[2026-05-30 17:16:58] INTERFACE POSSIVELMENTE QUEBRADA:
[2026-05-30 17:16:58] INTERFACE POSSIVELMENTE QUEBRADA:
[2026-05-30 17:16:58] INTERFACE POSSIVELMENTE QUEBRADA:
[2026-05-30 17:16:58] INTERFACE POSSIVELMENTE QUEBRADA:
[2026-05-30 17:16:58] INTERFACE POSSIVELMENTE QUEBRADA:
[2026-05-30 17:16:58] INTERFACE POSSIVELMENTE QUEBRADA:
[2026-05-30 17:16:58] INTERFACE POSSIVELMENTE QUEBRADA:
[2026-05-30 17:16:58] INTERFACE POSSIVELMENTE QUEBRADA:
[2026-05-30 17:16:58] INTERFACE POSSIVELMENTE QUEBRADA:
[2026-05-30 17:16:58] INTERFACE POSSIVELMENTE QUEBRADA:
[2026-05-30 17:16:58] INTERFACE POSSIVELMENTE QUEBRADA:
[2026-05-30 17:16:58] INTERFACE POSSIVELMENTE QUEBRADA:
[2026-05-30 17:16:58] INTERFACE POSSIVELMENTE QUEBRADA:
[2026-05-30 17:16:58] INTERFACE POSSIVELMENTE QUEBRADA:
[2026-05-30 17:16:58] INTERFACE POSSIVELMENTE QUEBRADA:
[2026-05-30 17:16:58] INTERFACE POSSIVELMENTE QUEBRADA:
[2026-05-30 17:16:58] INTERFACE POSSIVELMENTE QUEBRADA:
[2026-05-30 17:16:58] INTERFACE POSSIVELMENTE QUEBRADA:
[2026-05-30 17:16:58] INTERFACE POSSIVELMENTE QUEBRADA:
[2026-05-30 17:16:58] INTERFACE POSSIVELMENTE QUEBRADA:
[2026-05-30 17:16:58] INTERFACE POSSIVELMENTE QUEBRADA:
[2026-05-30 17:16:58] INTERFACE POSSIVELMENTE QUEBRADA:
[2026-05-30 17:16:58] INTERFACE POSSIVELMENTE QUEBRADA:
[2026-05-30 17:16:58] INTERFACE POSSIVELMENTE QUEBRADA:
[2026-05-30 17:16:58] INTERFACE POSSIVELMENTE QUEBRADA:
[2026-05-30 17:16:58] INTERFACE POSSIVELMENTE QUEBRADA:
[2026-05-30 17:16:58] INTERFACE POSSIVELMENTE QUEBRADA:
[2026-05-30 17:16:58] INTERFACE POSSIVELMENTE QUEBRADA:
[2026-05-30 17:16:58] INTERFACE POSSIVELMENTE QUEBRADA:
[2026-05-30 17:16:58] INTERFACE POSSIVELMENTE QUEBRADA:
[2026-05-30 17:16:58] INTERFACE POSSIVELMENTE QUEBRADA:
[2026-05-30 17:16:58] INTERFACE POSSIVELMENTE QUEBRADA:
[2026-05-30 17:16:58] INTERFACE POSSIVELMENTE QUEBRADA:
[2026-05-30 17:16:58] INTERFACE POSSIVELMENTE QUEBRADA:
[2026-05-30 17:16:58] INTERFACE POSSIVELMENTE QUEBRADA:
[2026-05-30 17:16:58] INTERFACE POSSIVELMENTE QUEBRADA:
[2026-05-30 17:16:58] INTERFACE POSSIVELMENTE QUEBRADA:
[2026-05-30 17:16:59] INTERFACE POSSIVELMENTE QUEBRADA:
[2026-05-30 17:16:59] INTERFACE POSSIVELMENTE QUEBRADA:
[2026-05-30 17:16:59] INTERFACE POSSIVELMENTE QUEBRADA:
[2026-05-30 17:16:59] INTERFACE POSSIVELMENTE QUEBRADA:
[2026-05-30 17:16:59] INTERFACE POSSIVELMENTE QUEBRADA:
[2026-05-30 17:16:59] INTERFACE POSSIVELMENTE QUEBRADA:
[2026-05-30 17:16:59] INTERFACE POSSIVELMENTE QUEBRADA:
[2026-05-30 17:16:59] INTERFACE POSSIVELMENTE QUEBRADA:
[2026-05-30 17:16:59] INTERFACE POSSIVELMENTE QUEBRADA:
[2026-05-30 17:16:59] INTERFACE POSSIVELMENTE QUEBRADA:
[2026-05-30 17:16:59] INTERFACE POSSIVELMENTE QUEBRADA:
[2026-05-30 17:16:59] INTERFACE POSSIVELMENTE QUEBRADA:
[2026-05-30 17:16:59] INTERFACE POSSIVELMENTE QUEBRADA:
[2026-05-30 17:16:59] INTERFACE POSSIVELMENTE QUEBRADA:
[2026-05-30 17:16:59] INTERFACE POSSIVELMENTE QUEBRADA:
[2026-05-30 17:16:59] INTERFACE POSSIVELMENTE QUEBRADA:
[2026-05-30 17:16:59] INTERFACE POSSIVELMENTE QUEBRADA:
[2026-05-30 17:16:59] INTERFACE POSSIVELMENTE QUEBRADA:
[2026-05-30 17:16:59] INTERFACE POSSIVELMENTE QUEBRADA:
[2026-05-30 17:16:59] INTERFACE POSSIVELMENTE QUEBRADA:
[2026-05-30 17:16:59] INTERFACE POSSIVELMENTE QUEBRADA:
[2026-05-30 17:16:59] INTERFACE POSSIVELMENTE QUEBRADA:
[2026-05-30 17:16:59] INTERFACE POSSIVELMENTE QUEBRADA:
[2026-05-30 17:16:59] INTERFACE POSSIVELMENTE QUEBRADA:
[2026-05-30 17:16:59] INTERFACE POSSIVELMENTE QUEBRADA:
[2026-05-30 17:16:59] INTERFACE POSSIVELMENTE QUEBRADA:
[2026-05-30 17:16:59] INTERFACE POSSIVELMENTE QUEBRADA:
[2026-05-30 17:16:59] INTERFACE POSSIVELMENTE QUEBRADA:
[2026-05-30 17:16:59] INTERFACE POSSIVELMENTE QUEBRADA:
[2026-05-30 17:16:59] INTERFACE POSSIVELMENTE QUEBRADA:
[2026-05-30 17:16:59] INTERFACE POSSIVELMENTE QUEBRADA:
[2026-05-30 17:16:59] INTERFACE POSSIVELMENTE QUEBRADA:
[2026-05-30 17:16:59] INTERFACE POSSIVELMENTE QUEBRADA:
[2026-05-30 17:16:59] INTERFACE POSSIVELMENTE QUEBRADA:
[2026-05-30 17:16:59] INTERFACE POSSIVELMENTE QUEBRADA:
[2026-05-30 17:16:59] INTERFACE POSSIVELMENTE QUEBRADA:
[2026-05-30 17:16:59] INTERFACE POSSIVELMENTE QUEBRADA:
[2026-05-30 17:16:59] INTERFACE POSSIVELMENTE QUEBRADA:
[2026-05-30 17:16:59] INTERFACE POSSIVELMENTE QUEBRADA:
[2026-05-30 17:16:59] INTERFACE POSSIVELMENTE QUEBRADA:
[2026-05-30 17:16:59] INTERFACE POSSIVELMENTE QUEBRADA:
[2026-05-30 17:16:59] INTERFACE POSSIVELMENTE QUEBRADA:
[2026-05-30 17:16:59] INTERFACE POSSIVELMENTE QUEBRADA:
[2026-05-30 17:16:59] INTERFACE POSSIVELMENTE QUEBRADA:
[2026-05-30 17:16:59] INTERFACE POSSIVELMENTE QUEBRADA:
[2026-05-30 17:16:59] INTERFACE POSSIVELMENTE QUEBRADA:
[2026-05-30 17:16:59] INTERFACE POSSIVELMENTE QUEBRADA:
[2026-05-30 17:16:59] INTERFACE POSSIVELMENTE QUEBRADA:
[2026-05-30 17:16:59] INTERFACE POSSIVELMENTE QUEBRADA:
[2026-05-30 17:16:59] INTERFACE POSSIVELMENTE QUEBRADA:
[2026-05-30 17:16:59] INTERFACE POSSIVELMENTE QUEBRADA:
[2026-05-30 17:16:59] INTERFACE POSSIVELMENTE QUEBRADA:
[2026-05-30 17:16:59] INTERFACE POSSIVELMENTE QUEBRADA:
[2026-05-30 17:16:59] INTERFACE POSSIVELMENTE QUEBRADA:
[2026-05-30 17:16:59] INTERFACE POSSIVELMENTE QUEBRADA:
[2026-05-30 17:16:59] INTERFACE POSSIVELMENTE QUEBRADA:
[2026-05-30 17:16:59] INTERFACE POSSIVELMENTE QUEBRADA:
[2026-05-30 17:16:59] INTERFACE POSSIVELMENTE QUEBRADA:
[2026-05-30 17:16:59] INTERFACE POSSIVELMENTE QUEBRADA:
[2026-05-30 17:16:59] INTERFACE POSSIVELMENTE QUEBRADA:
[2026-05-30 17:16:59] INTERFACE POSSIVELMENTE QUEBRADA:
[2026-05-30 17:16:59] INTERFACE POSSIVELMENTE QUEBRADA:
[2026-05-30 17:16:59] INTERFACE POSSIVELMENTE QUEBRADA:
[2026-05-30 17:16:59] INTERFACE POSSIVELMENTE QUEBRADA:
[2026-05-30 17:16:59] INTERFACE POSSIVELMENTE QUEBRADA:
[2026-05-30 17:16:59] INTERFACE POSSIVELMENTE QUEBRADA:
[2026-05-30 17:16:59] INTERFACE POSSIVELMENTE QUEBRADA:
[2026-05-30 17:16:59] INTERFACE POSSIVELMENTE QUEBRADA:
[2026-05-30 17:16:59] INTERFACE POSSIVELMENTE QUEBRADA:
[2026-05-30 17:16:59] INTERFACE POSSIVELMENTE QUEBRADA:
[2026-05-30 17:16:59] INTERFACE POSSIVELMENTE QUEBRADA:
[2026-05-30 17:16:59] INTERFACE POSSIVELMENTE QUEBRADA:
[2026-05-30 17:16:59] INTERFACE POSSIVELMENTE QUEBRADA:
[2026-05-30 17:16:59] INTERFACE POSSIVELMENTE QUEBRADA:
[2026-05-30 17:16:59] INTERFACE POSSIVELMENTE QUEBRADA:
[2026-05-30 17:17:00] INTERFACE POSSIVELMENTE QUEBRADA:
[2026-05-30 17:17:00] INTERFACE POSSIVELMENTE QUEBRADA:
[2026-05-30 17:17:00] INTERFACE POSSIVELMENTE QUEBRADA:
[2026-05-30 17:17:00] INTERFACE POSSIVELMENTE QUEBRADA:
[2026-05-30 17:17:00] INTERFACE POSSIVELMENTE QUEBRADA:
[2026-05-30 17:17:00] INTERFACE POSSIVELMENTE QUEBRADA:
[2026-05-30 17:17:00] INTERFACE POSSIVELMENTE QUEBRADA:
[2026-05-30 17:17:00] INTERFACE POSSIVELMENTE QUEBRADA:
[2026-05-30 17:17:00] INTERFACE POSSIVELMENTE QUEBRADA:
[2026-05-30 17:17:00] INTERFACE POSSIVELMENTE QUEBRADA:
[2026-05-30 17:17:00] INTERFACE POSSIVELMENTE QUEBRADA:
[2026-05-30 17:17:00] INTERFACE POSSIVELMENTE QUEBRADA:
[2026-05-30 17:17:00] INTERFACE POSSIVELMENTE QUEBRADA:
[2026-05-30 17:17:00] INTERFACE POSSIVELMENTE QUEBRADA:
[2026-05-30 17:17:00] INTERFACE POSSIVELMENTE QUEBRADA:
[2026-05-30 17:17:00] INTERFACE POSSIVELMENTE QUEBRADA:
[2026-05-30 17:17:00] INTERFACE POSSIVELMENTE QUEBRADA:
[2026-05-30 17:17:00] INTERFACE POSSIVELMENTE QUEBRADA:
[2026-05-30 17:17:00] INTERFACE POSSIVELMENTE QUEBRADA:
[2026-05-30 17:17:00] INTERFACE POSSIVELMENTE QUEBRADA:
[2026-05-30 17:17:00] INTERFACE POSSIVELMENTE QUEBRADA:
[2026-05-30 17:17:00] INTERFACE POSSIVELMENTE QUEBRADA:
[2026-05-30 17:17:00] INTERFACE POSSIVELMENTE QUEBRADA:
[2026-05-30 17:17:00] INTERFACE POSSIVELMENTE QUEBRADA:
[2026-05-30 17:17:00] INTERFACE POSSIVELMENTE QUEBRADA:
[2026-05-30 17:17:00] INTERFACE POSSIVELMENTE QUEBRADA:
[2026-05-30 17:17:00] INTERFACE POSSIVELMENTE QUEBRADA:
[2026-05-30 17:17:00] INTERFACE POSSIVELMENTE QUEBRADA:
[2026-05-30 17:17:00] INTERFACE POSSIVELMENTE QUEBRADA:
[2026-05-30 17:17:00] INTERFACE POSSIVELMENTE QUEBRADA:
[2026-05-30 17:17:00] INTERFACE POSSIVELMENTE QUEBRADA:
[2026-05-30 17:17:00] INTERFACE POSSIVELMENTE QUEBRADA:
[2026-05-30 17:17:00] INTERFACE POSSIVELMENTE QUEBRADA:
[2026-05-30 17:17:00] INTERFACE POSSIVELMENTE QUEBRADA:
[2026-05-30 17:17:00] INTERFACE POSSIVELMENTE QUEBRADA:
[2026-05-30 17:17:00] INTERFACE POSSIVELMENTE QUEBRADA:
[2026-05-30 17:17:00] INTERFACE POSSIVELMENTE QUEBRADA:
[2026-05-30 17:17:00] INTERFACE POSSIVELMENTE QUEBRADA:
[2026-05-30 17:17:00] INTERFACE POSSIVELMENTE QUEBRADA:
[2026-05-30 17:17:00] INTERFACE POSSIVELMENTE QUEBRADA:
[2026-05-30 17:17:00] INTERFACE POSSIVELMENTE QUEBRADA:
[2026-05-30 17:17:00] INTERFACE POSSIVELMENTE QUEBRADA:
[2026-05-30 17:17:00] INTERFACE POSSIVELMENTE QUEBRADA:
[2026-05-30 17:17:00] INTERFACE POSSIVELMENTE QUEBRADA:
[2026-05-30 17:17:00] INTERFACE POSSIVELMENTE QUEBRADA:
[2026-05-30 17:17:00] INTERFACE POSSIVELMENTE QUEBRADA:
[2026-05-30 17:17:00] INTERFACE POSSIVELMENTE QUEBRADA:
[2026-05-30 17:17:00] INTERFACE POSSIVELMENTE QUEBRADA:
[2026-05-30 17:17:00] INTERFACE POSSIVELMENTE QUEBRADA:
[2026-05-30 17:17:00] INTERFACE POSSIVELMENTE QUEBRADA:
[2026-05-30 17:17:00] INTERFACE POSSIVELMENTE QUEBRADA:
[2026-05-30 17:17:00] INTERFACE POSSIVELMENTE QUEBRADA:
[2026-05-30 17:17:00] INTERFACE POSSIVELMENTE QUEBRADA:
[2026-05-30 17:17:00] INTERFACE POSSIVELMENTE QUEBRADA:
[2026-05-30 17:17:00] INTERFACE POSSIVELMENTE QUEBRADA:
[2026-05-30 17:17:00] INTERFACE POSSIVELMENTE QUEBRADA:
[2026-05-30 17:17:00] INTERFACE POSSIVELMENTE QUEBRADA:
[2026-05-30 17:17:00] INTERFACE POSSIVELMENTE QUEBRADA:
[2026-05-30 17:17:00] INTERFACE POSSIVELMENTE QUEBRADA:
[2026-05-30 17:17:00] INTERFACE POSSIVELMENTE QUEBRADA:
[2026-05-30 17:17:00] INTERFACE POSSIVELMENTE QUEBRADA:
[2026-05-30 17:17:00] INTERFACE POSSIVELMENTE QUEBRADA:
[2026-05-30 17:17:00] INTERFACE POSSIVELMENTE QUEBRADA:
[2026-05-30 17:17:00] INTERFACE POSSIVELMENTE QUEBRADA:
[2026-05-30 17:17:00] INTERFACE POSSIVELMENTE QUEBRADA:
[2026-05-30 17:17:00] INTERFACE POSSIVELMENTE QUEBRADA:
[2026-05-30 17:17:00] INTERFACE POSSIVELMENTE QUEBRADA:
[2026-05-30 17:17:00] INTERFACE POSSIVELMENTE QUEBRADA:
[2026-05-30 17:17:00] INTERFACE POSSIVELMENTE QUEBRADA:
[2026-05-30 17:17:01] INTERFACE POSSIVELMENTE QUEBRADA:
[2026-05-30 17:17:01] INTERFACE POSSIVELMENTE QUEBRADA:
[2026-05-30 17:17:01] INTERFACE POSSIVELMENTE QUEBRADA:
[2026-05-30 17:17:01] INTERFACE POSSIVELMENTE QUEBRADA:
[2026-05-30 17:17:01] INTERFACE POSSIVELMENTE QUEBRADA:
[2026-05-30 17:17:01] INTERFACE POSSIVELMENTE QUEBRADA:
[2026-05-30 17:17:01] INTERFACE POSSIVELMENTE QUEBRADA:
[2026-05-30 17:17:01] INTERFACE POSSIVELMENTE QUEBRADA:
[2026-05-30 17:17:01] INTERFACE POSSIVELMENTE QUEBRADA:
[2026-05-30 17:17:01] INTERFACE POSSIVELMENTE QUEBRADA:
[2026-05-30 17:17:01] INTERFACE POSSIVELMENTE QUEBRADA:
[2026-05-30 17:17:01] INTERFACE POSSIVELMENTE QUEBRADA:
[2026-05-30 17:17:01] INTERFACE POSSIVELMENTE QUEBRADA:
[2026-05-30 17:17:01] INTERFACE POSSIVELMENTE QUEBRADA:
[2026-05-30 17:17:01] INTERFACE POSSIVELMENTE QUEBRADA:
[2026-05-30 17:17:01] INTERFACE POSSIVELMENTE QUEBRADA:
[2026-05-30 17:17:01] INTERFACE POSSIVELMENTE QUEBRADA:
[2026-05-30 17:17:01] INTERFACE POSSIVELMENTE QUEBRADA:
[2026-05-30 17:17:01] INTERFACE POSSIVELMENTE QUEBRADA:
[2026-05-30 17:17:01] INTERFACE POSSIVELMENTE QUEBRADA:
[2026-05-30 17:17:01] INTERFACE POSSIVELMENTE QUEBRADA:
[2026-05-30 17:17:01] INTERFACE POSSIVELMENTE QUEBRADA:
[2026-05-30 17:17:01] INTERFACE POSSIVELMENTE QUEBRADA:
[2026-05-30 17:17:01] INTERFACE POSSIVELMENTE QUEBRADA:
[2026-05-30 17:17:01] INTERFACE POSSIVELMENTE QUEBRADA:
[2026-05-30 17:17:01] INTERFACE POSSIVELMENTE QUEBRADA:
[2026-05-30 17:17:01] INTERFACE POSSIVELMENTE QUEBRADA:
[2026-05-30 17:17:01] INTERFACE POSSIVELMENTE QUEBRADA:
[2026-05-30 17:17:01] INTERFACE POSSIVELMENTE QUEBRADA:
[2026-05-30 17:17:01] INTERFACE POSSIVELMENTE QUEBRADA:
[2026-05-30 17:17:01] INTERFACE POSSIVELMENTE QUEBRADA:
[2026-05-30 17:17:01] INTERFACE POSSIVELMENTE QUEBRADA:
[2026-05-30 17:17:01] INTERFACE POSSIVELMENTE QUEBRADA:
[2026-05-30 17:17:01] INTERFACE POSSIVELMENTE QUEBRADA:
[2026-05-30 17:17:01] INTERFACE POSSIVELMENTE QUEBRADA:
[2026-05-30 17:17:01] INTERFACE POSSIVELMENTE QUEBRADA:
[2026-05-30 17:17:01] INTERFACE POSSIVELMENTE QUEBRADA:
[2026-05-30 17:17:01] INTERFACE POSSIVELMENTE QUEBRADA:
[2026-05-30 17:17:01] INTERFACE POSSIVELMENTE QUEBRADA:
[2026-05-30 17:17:01] INTERFACE POSSIVELMENTE QUEBRADA:
[2026-05-30 17:17:01] INTERFACE POSSIVELMENTE QUEBRADA:
[2026-05-30 17:17:01] INTERFACE POSSIVELMENTE QUEBRADA:
[2026-05-30 17:17:01] INTERFACE POSSIVELMENTE QUEBRADA:
[2026-05-30 17:17:01] INTERFACE POSSIVELMENTE QUEBRADA:
[2026-05-30 17:17:01] INTERFACE POSSIVELMENTE QUEBRADA:
[2026-05-30 17:17:01] INTERFACE POSSIVELMENTE QUEBRADA:
[2026-05-30 17:17:01] INTERFACE POSSIVELMENTE QUEBRADA:
[2026-05-30 17:17:01] INTERFACE POSSIVELMENTE QUEBRADA:
[2026-05-30 17:17:02] INTERFACE POSSIVELMENTE QUEBRADA:
[2026-05-30 17:17:02] INTERFACE POSSIVELMENTE QUEBRADA:
[2026-05-30 17:17:02] INTERFACE POSSIVELMENTE QUEBRADA:
[2026-05-30 17:17:02] INTERFACE POSSIVELMENTE QUEBRADA:
[2026-05-30 17:17:02] INTERFACE POSSIVELMENTE QUEBRADA:
[2026-05-30 17:17:02] INTERFACE POSSIVELMENTE QUEBRADA:
[2026-05-30 17:17:02] INTERFACE POSSIVELMENTE QUEBRADA:
[2026-05-30 17:17:02] INTERFACE POSSIVELMENTE QUEBRADA:
[2026-05-30 17:17:02] INTERFACE POSSIVELMENTE QUEBRADA:
[2026-05-30 17:17:02] INTERFACE POSSIVELMENTE QUEBRADA:
[2026-05-30 17:17:02] INTERFACE POSSIVELMENTE QUEBRADA:
[2026-05-30 17:17:02] INTERFACE POSSIVELMENTE QUEBRADA:
[2026-05-30 17:17:02] INTERFACE POSSIVELMENTE QUEBRADA:
[2026-05-30 17:17:02] INTERFACE POSSIVELMENTE QUEBRADA:
[2026-05-30 17:17:02] INTERFACE POSSIVELMENTE QUEBRADA:
[2026-05-30 17:17:02] INTERFACE POSSIVELMENTE QUEBRADA:
[2026-05-30 17:17:02] INTERFACE POSSIVELMENTE QUEBRADA:
[2026-05-30 17:17:02] INTERFACE POSSIVELMENTE QUEBRADA:
[2026-05-30 17:17:02] INTERFACE POSSIVELMENTE QUEBRADA:
[2026-05-30 17:17:02] INTERFACE POSSIVELMENTE QUEBRADA:
[2026-05-30 17:17:02] INTERFACE POSSIVELMENTE QUEBRADA:
[2026-05-30 17:17:02] INTERFACE POSSIVELMENTE QUEBRADA:
[2026-05-30 17:17:02] INTERFACE POSSIVELMENTE QUEBRADA:
[2026-05-30 17:17:02] INTERFACE POSSIVELMENTE QUEBRADA:
[2026-05-30 17:17:02] INTERFACE POSSIVELMENTE QUEBRADA:
[2026-05-30 17:17:02] INTERFACE POSSIVELMENTE QUEBRADA:
[2026-05-30 17:17:02] INTERFACE POSSIVELMENTE QUEBRADA:
[2026-05-30 17:17:02] INTERFACE POSSIVELMENTE QUEBRADA:
[2026-05-30 17:17:02] INTERFACE POSSIVELMENTE QUEBRADA:
[2026-05-30 17:17:02] INTERFACE POSSIVELMENTE QUEBRADA:
[2026-05-30 17:17:02] INTERFACE POSSIVELMENTE QUEBRADA:
[2026-05-30 17:17:02] INTERFACE POSSIVELMENTE QUEBRADA:
[2026-05-30 17:17:02] INTERFACE POSSIVELMENTE QUEBRADA:
[2026-05-30 17:17:02] INTERFACE POSSIVELMENTE QUEBRADA:
[2026-05-30 17:17:02] INTERFACE POSSIVELMENTE QUEBRADA:
[2026-05-30 17:17:02] INTERFACE POSSIVELMENTE QUEBRADA:
[2026-05-30 17:17:02] INTERFACE POSSIVELMENTE QUEBRADA:
[2026-05-30 17:17:02] INTERFACE POSSIVELMENTE QUEBRADA:
[2026-05-30 17:17:02] INTERFACE POSSIVELMENTE QUEBRADA:
[2026-05-30 17:17:02] INTERFACE POSSIVELMENTE QUEBRADA:
[2026-05-30 17:17:02] INTERFACE POSSIVELMENTE QUEBRADA:
[2026-05-30 17:17:02] INTERFACE POSSIVELMENTE QUEBRADA:
[2026-05-30 17:17:02] INTERFACE POSSIVELMENTE QUEBRADA:
[2026-05-30 17:17:02] INTERFACE POSSIVELMENTE QUEBRADA:
[2026-05-30 17:17:02] INTERFACE POSSIVELMENTE QUEBRADA:
[2026-05-30 17:17:02] INTERFACE POSSIVELMENTE QUEBRADA:
[2026-05-30 17:17:02] INTERFACE POSSIVELMENTE QUEBRADA:
[2026-05-30 17:17:02] INTERFACE POSSIVELMENTE QUEBRADA:
[2026-05-30 17:17:02] INTERFACE POSSIVELMENTE QUEBRADA:
[2026-05-30 17:17:02] INTERFACE POSSIVELMENTE QUEBRADA:
[2026-05-30 17:17:02] INTERFACE POSSIVELMENTE QUEBRADA:
[2026-05-30 17:17:02] INTERFACE POSSIVELMENTE QUEBRADA:
[2026-05-30 17:17:02] INTERFACE POSSIVELMENTE QUEBRADA:
[2026-05-30 17:17:02] INTERFACE POSSIVELMENTE QUEBRADA:
[2026-05-30 17:17:02] INTERFACE POSSIVELMENTE QUEBRADA:
[2026-05-30 17:17:02] INTERFACE POSSIVELMENTE QUEBRADA:
[2026-05-30 17:17:02] INTERFACE POSSIVELMENTE QUEBRADA:
[2026-05-30 17:17:02] INTERFACE POSSIVELMENTE QUEBRADA:
[2026-05-30 17:17:02] INTERFACE POSSIVELMENTE QUEBRADA:
[2026-05-30 17:17:02] INTERFACE POSSIVELMENTE QUEBRADA:
[2026-05-30 17:17:02] INTERFACE POSSIVELMENTE QUEBRADA:
[2026-05-30 17:17:02] INTERFACE POSSIVELMENTE QUEBRADA:
[2026-05-30 17:17:02] INTERFACE POSSIVELMENTE QUEBRADA:
[2026-05-30 17:17:02] INTERFACE POSSIVELMENTE QUEBRADA:
[2026-05-30 17:17:02] INTERFACE POSSIVELMENTE QUEBRADA:
[2026-05-30 17:17:02] INTERFACE POSSIVELMENTE QUEBRADA:
[2026-05-30 17:17:02] INTERFACE POSSIVELMENTE QUEBRADA:
[2026-05-30 17:17:02] INTERFACE POSSIVELMENTE QUEBRADA:
[2026-05-30 17:17:02] INTERFACE POSSIVELMENTE QUEBRADA:
[2026-05-30 17:17:02] INTERFACE POSSIVELMENTE QUEBRADA:
[2026-05-30 17:17:02] INTERFACE POSSIVELMENTE QUEBRADA:
[2026-05-30 17:17:02] INTERFACE POSSIVELMENTE QUEBRADA:
[2026-05-30 17:17:02] INTERFACE POSSIVELMENTE QUEBRADA:
[2026-05-30 17:17:02] INTERFACE POSSIVELMENTE QUEBRADA:
[2026-05-30 17:17:02] INTERFACE POSSIVELMENTE QUEBRADA:
[2026-05-30 17:17:02] INTERFACE POSSIVELMENTE QUEBRADA:
[2026-05-30 17:17:02] INTERFACE POSSIVELMENTE QUEBRADA:
[2026-05-30 17:17:02] INTERFACE POSSIVELMENTE QUEBRADA:
[2026-05-30 17:17:02] INTERFACE POSSIVELMENTE QUEBRADA:
[2026-05-30 17:17:02] INTERFACE POSSIVELMENTE QUEBRADA:
[2026-05-30 17:17:02] INTERFACE POSSIVELMENTE QUEBRADA:
[2026-05-30 17:17:02] INTERFACE POSSIVELMENTE QUEBRADA:
[2026-05-30 17:17:02] INTERFACE POSSIVELMENTE QUEBRADA:
[2026-05-30 17:17:02] INTERFACE POSSIVELMENTE QUEBRADA:
[2026-05-30 17:17:02] INTERFACE POSSIVELMENTE QUEBRADA:
[2026-05-30 17:17:03] INTERFACE POSSIVELMENTE QUEBRADA:
[2026-05-30 17:17:03] INTERFACE POSSIVELMENTE QUEBRADA:
[2026-05-30 17:17:03] INTERFACE POSSIVELMENTE QUEBRADA:
[2026-05-30 17:17:03] INTERFACE POSSIVELMENTE QUEBRADA:
[2026-05-30 17:17:03] INTERFACE POSSIVELMENTE QUEBRADA:
[2026-05-30 17:17:03] INTERFACE POSSIVELMENTE QUEBRADA:
[2026-05-30 17:17:03] INTERFACE POSSIVELMENTE QUEBRADA:
[2026-05-30 17:17:03] INTERFACE POSSIVELMENTE QUEBRADA:
[2026-05-30 17:17:03] INTERFACE POSSIVELMENTE QUEBRADA:
[2026-05-30 17:17:03] INTERFACE POSSIVELMENTE QUEBRADA:
[2026-05-30 17:17:03] INTERFACE POSSIVELMENTE QUEBRADA:
[2026-05-30 17:17:03] INTERFACE POSSIVELMENTE QUEBRADA:
[2026-05-30 17:17:03] INTERFACE POSSIVELMENTE QUEBRADA:
[2026-05-30 17:17:03] INTERFACE POSSIVELMENTE QUEBRADA:
[2026-05-30 17:17:03] INTERFACE POSSIVELMENTE QUEBRADA:
[2026-05-30 17:17:03] INTERFACE POSSIVELMENTE QUEBRADA:
[2026-05-30 17:17:03] INTERFACE POSSIVELMENTE QUEBRADA:
[2026-05-30 17:17:03] INTERFACE POSSIVELMENTE QUEBRADA:
[2026-05-30 17:17:03] INTERFACE POSSIVELMENTE QUEBRADA:
[2026-05-30 17:17:03] INTERFACE POSSIVELMENTE QUEBRADA:
[2026-05-30 17:17:03] INTERFACE POSSIVELMENTE QUEBRADA:
[2026-05-30 17:17:03] INTERFACE POSSIVELMENTE QUEBRADA:
[2026-05-30 17:17:03] INTERFACE POSSIVELMENTE QUEBRADA:
[2026-05-30 17:17:03] INTERFACE POSSIVELMENTE QUEBRADA:
[2026-05-30 17:17:03] INTERFACE POSSIVELMENTE QUEBRADA:
[2026-05-30 17:17:03] INTERFACE POSSIVELMENTE QUEBRADA:
[2026-05-30 17:17:03] INTERFACE POSSIVELMENTE QUEBRADA:
[2026-05-30 17:17:03] INTERFACE POSSIVELMENTE QUEBRADA:
[2026-05-30 17:17:03] INTERFACE POSSIVELMENTE QUEBRADA:
[2026-05-30 17:17:03] INTERFACE POSSIVELMENTE QUEBRADA:
[2026-05-30 17:17:03] INTERFACE POSSIVELMENTE QUEBRADA:
[2026-05-30 17:17:03] INTERFACE POSSIVELMENTE QUEBRADA:
[2026-05-30 17:17:03] INTERFACE POSSIVELMENTE QUEBRADA:
[2026-05-30 17:17:03] INTERFACE POSSIVELMENTE QUEBRADA:
[2026-05-30 17:17:03] INTERFACE POSSIVELMENTE QUEBRADA:
[2026-05-30 17:17:03] INTERFACE POSSIVELMENTE QUEBRADA:
[2026-05-30 17:17:03] INTERFACE POSSIVELMENTE QUEBRADA:
[2026-05-30 17:17:03] INTERFACE POSSIVELMENTE QUEBRADA:
[2026-05-30 17:17:03] INTERFACE POSSIVELMENTE QUEBRADA:
[2026-05-30 17:17:03] INTERFACE POSSIVELMENTE QUEBRADA:
[2026-05-30 17:17:03] INTERFACE POSSIVELMENTE QUEBRADA:
[2026-05-30 17:17:03] INTERFACE POSSIVELMENTE QUEBRADA:
[2026-05-30 17:17:03] INTERFACE POSSIVELMENTE QUEBRADA:
[2026-05-30 17:17:03] INTERFACE POSSIVELMENTE QUEBRADA:
[2026-05-30 17:17:03] INTERFACE POSSIVELMENTE QUEBRADA:
[2026-05-30 17:17:03] INTERFACE POSSIVELMENTE QUEBRADA:
[2026-05-30 17:17:03] INTERFACE POSSIVELMENTE QUEBRADA:
[2026-05-30 17:17:03] INTERFACE POSSIVELMENTE QUEBRADA:
[2026-05-30 17:17:03] INTERFACE POSSIVELMENTE QUEBRADA:
[2026-05-30 17:17:03] INTERFACE POSSIVELMENTE QUEBRADA:
[2026-05-30 17:17:03] INTERFACE POSSIVELMENTE QUEBRADA:
[2026-05-30 17:17:03] INTERFACE POSSIVELMENTE QUEBRADA:
[2026-05-30 17:17:03] INTERFACE POSSIVELMENTE QUEBRADA:
[2026-05-30 17:17:03] INTERFACE POSSIVELMENTE QUEBRADA:
[2026-05-30 17:17:03] INTERFACE POSSIVELMENTE QUEBRADA:
[2026-05-30 17:17:03] INTERFACE POSSIVELMENTE QUEBRADA:
[2026-05-30 17:17:03] INTERFACE POSSIVELMENTE QUEBRADA:
[2026-05-30 17:17:03] INTERFACE POSSIVELMENTE QUEBRADA:
[2026-05-30 17:17:03] INTERFACE POSSIVELMENTE QUEBRADA:
[2026-05-30 17:17:03] INTERFACE POSSIVELMENTE QUEBRADA:
[2026-05-30 17:17:03] INTERFACE POSSIVELMENTE QUEBRADA:
[2026-05-30 17:17:03] INTERFACE POSSIVELMENTE QUEBRADA:
[2026-05-30 17:17:03] INTERFACE POSSIVELMENTE QUEBRADA:
[2026-05-30 17:17:03] INTERFACE POSSIVELMENTE QUEBRADA:
[2026-05-30 17:17:03] INTERFACE POSSIVELMENTE QUEBRADA:
[2026-05-30 17:17:03] INTERFACE POSSIVELMENTE QUEBRADA:
[2026-05-30 17:17:03] INTERFACE POSSIVELMENTE QUEBRADA:
[2026-05-30 17:17:03] INTERFACE POSSIVELMENTE QUEBRADA:
[2026-05-30 17:17:03] INTERFACE POSSIVELMENTE QUEBRADA:
[2026-05-30 17:17:03] INTERFACE POSSIVELMENTE QUEBRADA:
[2026-05-30 17:17:03] INTERFACE POSSIVELMENTE QUEBRADA:
[2026-05-30 17:17:03] INTERFACE POSSIVELMENTE QUEBRADA:
[2026-05-30 17:17:03] INTERFACE POSSIVELMENTE QUEBRADA:
[2026-05-30 17:17:03] INTERFACE POSSIVELMENTE QUEBRADA:
[2026-05-30 17:17:03] INTERFACE POSSIVELMENTE QUEBRADA:
[2026-05-30 17:17:03] INTERFACE POSSIVELMENTE QUEBRADA:
[2026-05-30 17:17:03] INTERFACE POSSIVELMENTE QUEBRADA:
[2026-05-30 17:17:03] INTERFACE POSSIVELMENTE QUEBRADA:
[2026-05-30 17:17:03] INTERFACE POSSIVELMENTE QUEBRADA:
[2026-05-30 17:17:03] INTERFACE POSSIVELMENTE QUEBRADA:
[2026-05-30 17:17:03] INTERFACE POSSIVELMENTE QUEBRADA:
[2026-05-30 17:17:03] INTERFACE POSSIVELMENTE QUEBRADA:
[2026-05-30 17:17:03] INTERFACE POSSIVELMENTE QUEBRADA:
[2026-05-30 17:17:03] INTERFACE POSSIVELMENTE QUEBRADA:
[2026-05-30 17:17:03] INTERFACE POSSIVELMENTE QUEBRADA:
[2026-05-30 17:17:03] INTERFACE POSSIVELMENTE QUEBRADA:
[2026-05-30 17:17:03] INTERFACE POSSIVELMENTE QUEBRADA:
[2026-05-30 17:17:03] INTERFACE POSSIVELMENTE QUEBRADA:
[2026-05-30 17:17:03] INTERFACE POSSIVELMENTE QUEBRADA:
[2026-05-30 17:17:03] INTERFACE POSSIVELMENTE QUEBRADA:
[2026-05-30 17:17:03] INTERFACE POSSIVELMENTE QUEBRADA:
[2026-05-30 17:17:03] INTERFACE POSSIVELMENTE QUEBRADA:
[2026-05-30 17:17:04] INTERFACE POSSIVELMENTE QUEBRADA:
[2026-05-30 17:17:04] INTERFACE POSSIVELMENTE QUEBRADA:
[2026-05-30 17:17:04] INTERFACE POSSIVELMENTE QUEBRADA:
[2026-05-30 17:17:04] INTERFACE POSSIVELMENTE QUEBRADA:
[2026-05-30 17:17:04] INTERFACE POSSIVELMENTE QUEBRADA:
[2026-05-30 17:17:04] INTERFACE POSSIVELMENTE QUEBRADA:
[2026-05-30 17:17:04] INTERFACE POSSIVELMENTE QUEBRADA:
[2026-05-30 17:17:04] INTERFACE POSSIVELMENTE QUEBRADA:
[2026-05-30 17:17:04] INTERFACE POSSIVELMENTE QUEBRADA:
[2026-05-30 17:17:04] INTERFACE POSSIVELMENTE QUEBRADA:
[2026-05-30 17:17:04] INTERFACE POSSIVELMENTE QUEBRADA:
[2026-05-30 17:17:04] INTERFACE POSSIVELMENTE QUEBRADA:
[2026-05-30 17:17:04] INTERFACE POSSIVELMENTE QUEBRADA:
[2026-05-30 17:17:04] INTERFACE POSSIVELMENTE QUEBRADA:
[2026-05-30 17:17:04] INTERFACE POSSIVELMENTE QUEBRADA:
[2026-05-30 17:17:04] INTERFACE POSSIVELMENTE QUEBRADA:
[2026-05-30 17:17:04] INTERFACE POSSIVELMENTE QUEBRADA:
[2026-05-30 17:17:04] INTERFACE POSSIVELMENTE QUEBRADA:
[2026-05-30 17:17:04] INTERFACE POSSIVELMENTE QUEBRADA:
[2026-05-30 17:17:04] INTERFACE POSSIVELMENTE QUEBRADA:
[2026-05-30 17:17:04] INTERFACE POSSIVELMENTE QUEBRADA:
[2026-05-30 17:17:04] INTERFACE POSSIVELMENTE QUEBRADA:
[2026-05-30 17:17:04] INTERFACE POSSIVELMENTE QUEBRADA:
[2026-05-30 17:17:04] INTERFACE POSSIVELMENTE QUEBRADA:
[2026-05-30 17:17:04] INTERFACE POSSIVELMENTE QUEBRADA:
[2026-05-30 17:17:04] INTERFACE POSSIVELMENTE QUEBRADA:
[2026-05-30 17:17:04] INTERFACE POSSIVELMENTE QUEBRADA:
[2026-05-30 17:17:04] INTERFACE POSSIVELMENTE QUEBRADA:
[2026-05-30 17:17:04] INTERFACE POSSIVELMENTE QUEBRADA:
[2026-05-30 17:17:04] INTERFACE POSSIVELMENTE QUEBRADA:
[2026-05-30 17:17:04] INTERFACE POSSIVELMENTE QUEBRADA:
[2026-05-30 17:17:04] INTERFACE POSSIVELMENTE QUEBRADA:
[2026-05-30 17:17:04] INTERFACE POSSIVELMENTE QUEBRADA:
[2026-05-30 17:17:04] INTERFACE POSSIVELMENTE QUEBRADA:
[2026-05-30 17:17:04] INTERFACE POSSIVELMENTE QUEBRADA:
[2026-05-30 17:17:04] INTERFACE POSSIVELMENTE QUEBRADA:
[2026-05-30 17:17:04] INTERFACE POSSIVELMENTE QUEBRADA:
[2026-05-30 17:17:04] INTERFACE POSSIVELMENTE QUEBRADA:
[2026-05-30 17:17:04] INTERFACE POSSIVELMENTE QUEBRADA:
[2026-05-30 17:17:04] INTERFACE POSSIVELMENTE QUEBRADA:
[2026-05-30 17:17:04] INTERFACE POSSIVELMENTE QUEBRADA:
[2026-05-30 17:17:04] INTERFACE POSSIVELMENTE QUEBRADA:
[2026-05-30 17:17:04] INTERFACE POSSIVELMENTE QUEBRADA:
[2026-05-30 17:17:04] INTERFACE POSSIVELMENTE QUEBRADA:
[2026-05-30 17:17:04] INTERFACE POSSIVELMENTE QUEBRADA:
[2026-05-30 17:17:04] INTERFACE POSSIVELMENTE QUEBRADA:
[2026-05-30 17:17:04] INTERFACE POSSIVELMENTE QUEBRADA:
[2026-05-30 17:17:04] INTERFACE POSSIVELMENTE QUEBRADA:
[2026-05-30 17:17:04] INTERFACE POSSIVELMENTE QUEBRADA:
[2026-05-30 17:17:04] INTERFACE POSSIVELMENTE QUEBRADA:
[2026-05-30 17:17:04] INTERFACE POSSIVELMENTE QUEBRADA:
[2026-05-30 17:17:04] INTERFACE POSSIVELMENTE QUEBRADA:
[2026-05-30 17:17:04] INTERFACE POSSIVELMENTE QUEBRADA:
[2026-05-30 17:17:04] INTERFACE POSSIVELMENTE QUEBRADA:
[2026-05-30 17:17:04] INTERFACE POSSIVELMENTE QUEBRADA:
[2026-05-30 17:17:04] INTERFACE POSSIVELMENTE QUEBRADA:
[2026-05-30 17:17:04] INTERFACE POSSIVELMENTE QUEBRADA:
[2026-05-30 17:17:05] INTERFACE POSSIVELMENTE QUEBRADA:
[2026-05-30 17:17:05] INTERFACE POSSIVELMENTE QUEBRADA:
[2026-05-30 17:17:05] INTERFACE POSSIVELMENTE QUEBRADA:
[2026-05-30 17:17:05] INTERFACE POSSIVELMENTE QUEBRADA:
[2026-05-30 17:17:05] INTERFACE POSSIVELMENTE QUEBRADA:
[2026-05-30 17:17:05] INTERFACE POSSIVELMENTE QUEBRADA:
[2026-05-30 17:17:05] INTERFACE POSSIVELMENTE QUEBRADA:
[2026-05-30 17:17:05] INTERFACE POSSIVELMENTE QUEBRADA:
[2026-05-30 17:17:05] INTERFACE POSSIVELMENTE QUEBRADA:
[2026-05-30 17:17:05] INTERFACE POSSIVELMENTE QUEBRADA:
[2026-05-30 17:17:05] INTERFACE POSSIVELMENTE QUEBRADA:
[2026-05-30 17:17:05] INTERFACE POSSIVELMENTE QUEBRADA:
[2026-05-30 17:17:05] INTERFACE POSSIVELMENTE QUEBRADA:
[2026-05-30 17:17:05] INTERFACE POSSIVELMENTE QUEBRADA:
[2026-05-30 17:17:05] INTERFACE POSSIVELMENTE QUEBRADA:
[2026-05-30 17:17:05] INTERFACE POSSIVELMENTE QUEBRADA:
[2026-05-30 17:17:05] INTERFACE POSSIVELMENTE QUEBRADA:
[2026-05-30 17:17:05] INTERFACE POSSIVELMENTE QUEBRADA:
[2026-05-30 17:17:05] INTERFACE POSSIVELMENTE QUEBRADA:
[2026-05-30 17:17:05] INTERFACE POSSIVELMENTE QUEBRADA:
[2026-05-30 17:17:05] INTERFACE POSSIVELMENTE QUEBRADA:
[2026-05-30 17:17:05] INTERFACE POSSIVELMENTE QUEBRADA:
[2026-05-30 17:17:05] INTERFACE POSSIVELMENTE QUEBRADA:
[2026-05-30 17:17:05] INTERFACE POSSIVELMENTE QUEBRADA:
[2026-05-30 17:17:05] INTERFACE POSSIVELMENTE QUEBRADA:
[2026-05-30 17:17:05] INTERFACE POSSIVELMENTE QUEBRADA:
[2026-05-30 17:17:05] INTERFACE POSSIVELMENTE QUEBRADA:
[2026-05-30 17:17:05] INTERFACE POSSIVELMENTE QUEBRADA:
[2026-05-30 17:17:05] INTERFACE POSSIVELMENTE QUEBRADA:
[2026-05-30 17:17:05] INTERFACE POSSIVELMENTE QUEBRADA:
[2026-05-30 17:17:05] INTERFACE POSSIVELMENTE QUEBRADA:
[2026-05-30 17:17:05] INTERFACE POSSIVELMENTE QUEBRADA:
[2026-05-30 17:17:05] INTERFACE POSSIVELMENTE QUEBRADA:
[2026-05-30 17:17:05] INTERFACE POSSIVELMENTE QUEBRADA:
[2026-05-30 17:17:05] INTERFACE POSSIVELMENTE QUEBRADA:
[2026-05-30 17:17:05] INTERFACE POSSIVELMENTE QUEBRADA:
[2026-05-30 17:17:05] INTERFACE POSSIVELMENTE QUEBRADA:
[2026-05-30 17:17:05] INTERFACE POSSIVELMENTE QUEBRADA:
[2026-05-30 17:17:05] INTERFACE POSSIVELMENTE QUEBRADA:
[2026-05-30 17:17:05] INTERFACE POSSIVELMENTE QUEBRADA:
[2026-05-30 17:17:05] INTERFACE POSSIVELMENTE QUEBRADA:
[2026-05-30 17:17:05] INTERFACE POSSIVELMENTE QUEBRADA:
[2026-05-30 17:17:05] INTERFACE POSSIVELMENTE QUEBRADA:
[2026-05-30 17:17:05] INTERFACE POSSIVELMENTE QUEBRADA:
[2026-05-30 17:17:05] INTERFACE POSSIVELMENTE QUEBRADA:
[2026-05-30 17:17:05] INTERFACE POSSIVELMENTE QUEBRADA:
[2026-05-30 17:17:05] INTERFACE POSSIVELMENTE QUEBRADA:
[2026-05-30 17:17:05] INTERFACE POSSIVELMENTE QUEBRADA:
[2026-05-30 17:17:05] INTERFACE POSSIVELMENTE QUEBRADA:
[2026-05-30 17:17:05] INTERFACE POSSIVELMENTE QUEBRADA:
[2026-05-30 17:17:05] INTERFACE POSSIVELMENTE QUEBRADA:
[2026-05-30 17:17:05] INTERFACE POSSIVELMENTE QUEBRADA:
[2026-05-30 17:17:05] INTERFACE POSSIVELMENTE QUEBRADA:
[2026-05-30 17:17:05] INTERFACE POSSIVELMENTE QUEBRADA:
[2026-05-30 17:17:05] INTERFACE POSSIVELMENTE QUEBRADA:
[2026-05-30 17:17:05] INTERFACE POSSIVELMENTE QUEBRADA:
[2026-05-30 17:17:05] INTERFACE POSSIVELMENTE QUEBRADA:
[2026-05-30 17:17:05] INTERFACE POSSIVELMENTE QUEBRADA:
[2026-05-30 17:17:05] INTERFACE POSSIVELMENTE QUEBRADA:
[2026-05-30 17:17:05] INTERFACE POSSIVELMENTE QUEBRADA:
[2026-05-30 17:17:05] INTERFACE POSSIVELMENTE QUEBRADA:
[2026-05-30 17:17:05] INTERFACE POSSIVELMENTE QUEBRADA:
[2026-05-30 17:17:05] INTERFACE POSSIVELMENTE QUEBRADA:
[2026-05-30 17:17:05] INTERFACE POSSIVELMENTE QUEBRADA:
[2026-05-30 17:17:05] INTERFACE POSSIVELMENTE QUEBRADA:
[2026-05-30 17:17:05] INTERFACE POSSIVELMENTE QUEBRADA:
[2026-05-30 17:17:05] INTERFACE POSSIVELMENTE QUEBRADA:
[2026-05-30 17:17:05] INTERFACE POSSIVELMENTE QUEBRADA:
[2026-05-30 17:17:05] INTERFACE POSSIVELMENTE QUEBRADA:
[2026-05-30 17:17:05] INTERFACE POSSIVELMENTE QUEBRADA:
[2026-05-30 17:17:05] INTERFACE POSSIVELMENTE QUEBRADA:
[2026-05-30 17:17:05] INTERFACE POSSIVELMENTE QUEBRADA:
[2026-05-30 17:17:05] INTERFACE POSSIVELMENTE QUEBRADA:
[2026-05-30 17:17:05] INTERFACE POSSIVELMENTE QUEBRADA:
[2026-05-30 17:17:05] INTERFACE POSSIVELMENTE QUEBRADA:
[2026-05-30 17:17:05] INTERFACE POSSIVELMENTE QUEBRADA:
[2026-05-30 17:17:05] INTERFACE POSSIVELMENTE QUEBRADA:
[2026-05-30 17:17:05] INTERFACE POSSIVELMENTE QUEBRADA:
[2026-05-30 17:17:05] INTERFACE POSSIVELMENTE QUEBRADA:
[2026-05-30 17:17:05] INTERFACE POSSIVELMENTE QUEBRADA:
[2026-05-30 17:17:05] INTERFACE POSSIVELMENTE QUEBRADA:
[2026-05-30 17:17:05] INTERFACE POSSIVELMENTE QUEBRADA:
[2026-05-30 17:17:05] INTERFACE POSSIVELMENTE QUEBRADA:
[2026-05-30 17:17:06] INTERFACE POSSIVELMENTE QUEBRADA:
[2026-05-30 17:17:06] INTERFACE POSSIVELMENTE QUEBRADA:
[2026-05-30 17:17:06] INTERFACE POSSIVELMENTE QUEBRADA:
[2026-05-30 17:17:06] INTERFACE POSSIVELMENTE QUEBRADA:
[2026-05-30 17:17:06] INTERFACE POSSIVELMENTE QUEBRADA:
[2026-05-30 17:17:06] INTERFACE POSSIVELMENTE QUEBRADA:
[2026-05-30 17:17:06] INTERFACE POSSIVELMENTE QUEBRADA:
[2026-05-30 17:17:06] INTERFACE POSSIVELMENTE QUEBRADA:
[2026-05-30 17:17:06] INTERFACE POSSIVELMENTE QUEBRADA:
[2026-05-30 17:17:06] INTERFACE POSSIVELMENTE QUEBRADA:
[2026-05-30 17:17:06] INTERFACE POSSIVELMENTE QUEBRADA:
[2026-05-30 17:17:06] INTERFACE POSSIVELMENTE QUEBRADA:
[2026-05-30 17:17:06] INTERFACE POSSIVELMENTE QUEBRADA:
[2026-05-30 17:17:06] INTERFACE POSSIVELMENTE QUEBRADA:
[2026-05-30 17:17:06] INTERFACE POSSIVELMENTE QUEBRADA:
[2026-05-30 17:17:06] INTERFACE POSSIVELMENTE QUEBRADA:
[2026-05-30 17:17:06] INTERFACE POSSIVELMENTE QUEBRADA:
[2026-05-30 17:17:06] INTERFACE POSSIVELMENTE QUEBRADA:
[2026-05-30 17:17:06] INTERFACE POSSIVELMENTE QUEBRADA:
[2026-05-30 17:17:06] INTERFACE POSSIVELMENTE QUEBRADA:
[2026-05-30 17:17:06] INTERFACE POSSIVELMENTE QUEBRADA:
[2026-05-30 17:17:06] INTERFACE POSSIVELMENTE QUEBRADA:
[2026-05-30 17:17:06] INTERFACE POSSIVELMENTE QUEBRADA:
[2026-05-30 17:17:06] INTERFACE POSSIVELMENTE QUEBRADA:
[2026-05-30 17:17:06] INTERFACE POSSIVELMENTE QUEBRADA:
[2026-05-30 17:17:06] INTERFACE POSSIVELMENTE QUEBRADA:
[2026-05-30 17:17:06] INTERFACE POSSIVELMENTE QUEBRADA:
[2026-05-30 17:17:06] INTERFACE POSSIVELMENTE QUEBRADA:
[2026-05-30 17:17:06] INTERFACE POSSIVELMENTE QUEBRADA:
[2026-05-30 17:17:06] INTERFACE POSSIVELMENTE QUEBRADA:
[2026-05-30 17:17:06] INTERFACE POSSIVELMENTE QUEBRADA:
[2026-05-30 17:17:06] INTERFACE POSSIVELMENTE QUEBRADA:
[2026-05-30 17:17:06] INTERFACE POSSIVELMENTE QUEBRADA:
[2026-05-30 17:17:06] INTERFACE POSSIVELMENTE QUEBRADA:
[2026-05-30 17:17:06] INTERFACE POSSIVELMENTE QUEBRADA:
[2026-05-30 17:17:06] INTERFACE POSSIVELMENTE QUEBRADA:
[2026-05-30 17:17:06] INTERFACE POSSIVELMENTE QUEBRADA:
[2026-05-30 17:17:06] INTERFACE POSSIVELMENTE QUEBRADA:
[2026-05-30 17:17:06] INTERFACE POSSIVELMENTE QUEBRADA:
[2026-05-30 17:17:06] INTERFACE POSSIVELMENTE QUEBRADA:
[2026-05-30 17:17:06] INTERFACE POSSIVELMENTE QUEBRADA:
[2026-05-30 17:17:06] INTERFACE POSSIVELMENTE QUEBRADA:
[2026-05-30 17:17:06] INTERFACE POSSIVELMENTE QUEBRADA:
[2026-05-30 17:17:06] INTERFACE POSSIVELMENTE QUEBRADA:
[2026-05-30 17:17:06] INTERFACE POSSIVELMENTE QUEBRADA:
[2026-05-30 17:17:06] INTERFACE POSSIVELMENTE QUEBRADA:
[2026-05-30 17:17:06] INTERFACE POSSIVELMENTE QUEBRADA:
[2026-05-30 17:17:06] INTERFACE POSSIVELMENTE QUEBRADA:
[2026-05-30 17:17:06] INTERFACE POSSIVELMENTE QUEBRADA:
[2026-05-30 17:17:06] INTERFACE POSSIVELMENTE QUEBRADA:
[2026-05-30 17:17:06] INTERFACE POSSIVELMENTE QUEBRADA:
[2026-05-30 17:17:06] INTERFACE POSSIVELMENTE QUEBRADA:
[2026-05-30 17:17:06] INTERFACE POSSIVELMENTE QUEBRADA:
[2026-05-30 17:17:06] INTERFACE POSSIVELMENTE QUEBRADA:
[2026-05-30 17:17:06] INTERFACE POSSIVELMENTE QUEBRADA:
[2026-05-30 17:17:06] INTERFACE POSSIVELMENTE QUEBRADA:
[2026-05-30 17:17:06] INTERFACE POSSIVELMENTE QUEBRADA:
[2026-05-30 17:17:06] INTERFACE POSSIVELMENTE QUEBRADA:
[2026-05-30 17:17:06] INTERFACE POSSIVELMENTE QUEBRADA:
[2026-05-30 17:17:06] INTERFACE POSSIVELMENTE QUEBRADA:
[2026-05-30 17:17:06] INTERFACE POSSIVELMENTE QUEBRADA:
[2026-05-30 17:17:06] INTERFACE POSSIVELMENTE QUEBRADA:
[2026-05-30 17:17:06] INTERFACE POSSIVELMENTE QUEBRADA:
[2026-05-30 17:17:06] INTERFACE POSSIVELMENTE QUEBRADA:
[2026-05-30 17:17:06] INTERFACE POSSIVELMENTE QUEBRADA:
[2026-05-30 17:17:06] INTERFACE POSSIVELMENTE QUEBRADA:
[2026-05-30 17:17:06] INTERFACE POSSIVELMENTE QUEBRADA:
[2026-05-30 17:17:06] INTERFACE POSSIVELMENTE QUEBRADA:
[2026-05-30 17:17:06] INTERFACE POSSIVELMENTE QUEBRADA:
[2026-05-30 17:17:06] INTERFACE POSSIVELMENTE QUEBRADA:
[2026-05-30 17:17:06] INTERFACE POSSIVELMENTE QUEBRADA:
[2026-05-30 17:17:06] INTERFACE POSSIVELMENTE QUEBRADA:
[2026-05-30 17:17:06] INTERFACE POSSIVELMENTE QUEBRADA:
[2026-05-30 17:17:06] INTERFACE POSSIVELMENTE QUEBRADA:
[2026-05-30 17:17:06] INTERFACE POSSIVELMENTE QUEBRADA:
[2026-05-30 17:17:06] INTERFACE POSSIVELMENTE QUEBRADA:
[2026-05-30 17:17:06] INTERFACE POSSIVELMENTE QUEBRADA:
[2026-05-30 17:17:06] INTERFACE POSSIVELMENTE QUEBRADA:
[2026-05-30 17:17:06] INTERFACE POSSIVELMENTE QUEBRADA:
[2026-05-30 17:17:06] INTERFACE POSSIVELMENTE QUEBRADA:
[2026-05-30 17:17:06] INTERFACE POSSIVELMENTE QUEBRADA:
[2026-05-30 17:17:06] INTERFACE POSSIVELMENTE QUEBRADA:
[2026-05-30 17:17:06] INTERFACE POSSIVELMENTE QUEBRADA:
[2026-05-30 17:17:06] INTERFACE POSSIVELMENTE QUEBRADA:
[2026-05-30 17:17:07] INTERFACE POSSIVELMENTE QUEBRADA:
[2026-05-30 17:17:07] INTERFACE POSSIVELMENTE QUEBRADA:
[2026-05-30 17:17:07] INTERFACE POSSIVELMENTE QUEBRADA:
[2026-05-30 17:17:07] INTERFACE POSSIVELMENTE QUEBRADA:
[2026-05-30 17:17:07] INTERFACE POSSIVELMENTE QUEBRADA:
[2026-05-30 17:17:07] INTERFACE POSSIVELMENTE QUEBRADA:
[2026-05-30 17:17:07] INTERFACE POSSIVELMENTE QUEBRADA:
[2026-05-30 17:17:07] INTERFACE POSSIVELMENTE QUEBRADA:
[2026-05-30 17:17:07] INTERFACE POSSIVELMENTE QUEBRADA:
[2026-05-30 17:17:07] INTERFACE POSSIVELMENTE QUEBRADA:
[2026-05-30 17:17:07] INTERFACE POSSIVELMENTE QUEBRADA:
[2026-05-30 17:17:07] INTERFACE POSSIVELMENTE QUEBRADA:
[2026-05-30 17:17:07] INTERFACE POSSIVELMENTE QUEBRADA:
[2026-05-30 17:17:07] INTERFACE POSSIVELMENTE QUEBRADA:
[2026-05-30 17:17:07] INTERFACE POSSIVELMENTE QUEBRADA:
[2026-05-30 17:17:07] INTERFACE POSSIVELMENTE QUEBRADA:
[2026-05-30 17:17:07] INTERFACE POSSIVELMENTE QUEBRADA:
[2026-05-30 17:17:07] INTERFACE POSSIVELMENTE QUEBRADA:
[2026-05-30 17:17:07] INTERFACE POSSIVELMENTE QUEBRADA:
[2026-05-30 17:17:07] INTERFACE POSSIVELMENTE QUEBRADA:
[2026-05-30 17:17:07] INTERFACE POSSIVELMENTE QUEBRADA:
[2026-05-30 17:17:07] INTERFACE POSSIVELMENTE QUEBRADA:
[2026-05-30 17:17:07] INTERFACE POSSIVELMENTE QUEBRADA:
[2026-05-30 17:17:07] INTERFACE POSSIVELMENTE QUEBRADA:
[2026-05-30 17:17:07] INTERFACE POSSIVELMENTE QUEBRADA:
[2026-05-30 17:17:07] INTERFACE POSSIVELMENTE QUEBRADA:
[2026-05-30 17:17:07] INTERFACE POSSIVELMENTE QUEBRADA:
[2026-05-30 17:17:07] INTERFACE POSSIVELMENTE QUEBRADA:
[2026-05-30 17:17:07] INTERFACE POSSIVELMENTE QUEBRADA:
[2026-05-30 17:17:07] INTERFACE POSSIVELMENTE QUEBRADA:
[2026-05-30 17:17:07] INTERFACE POSSIVELMENTE QUEBRADA:
[2026-05-30 17:17:07] INTERFACE POSSIVELMENTE QUEBRADA:
[2026-05-30 17:17:07] INTERFACE POSSIVELMENTE QUEBRADA:
[2026-05-30 17:17:07] INTERFACE POSSIVELMENTE QUEBRADA:
[2026-05-30 17:17:07] INTERFACE POSSIVELMENTE QUEBRADA:
[2026-05-30 17:17:07] INTERFACE POSSIVELMENTE QUEBRADA:
[2026-05-30 17:17:07] INTERFACE POSSIVELMENTE QUEBRADA:
[2026-05-30 17:17:07] INTERFACE POSSIVELMENTE QUEBRADA:
[2026-05-30 17:17:07] INTERFACE POSSIVELMENTE QUEBRADA:
[2026-05-30 17:17:07] INTERFACE POSSIVELMENTE QUEBRADA:
[2026-05-30 17:17:07] INTERFACE POSSIVELMENTE QUEBRADA:
[2026-05-30 17:17:07] INTERFACE POSSIVELMENTE QUEBRADA:
[2026-05-30 17:17:07] INTERFACE POSSIVELMENTE QUEBRADA:
[2026-05-30 17:17:07] INTERFACE POSSIVELMENTE QUEBRADA:
[2026-05-30 17:17:07] INTERFACE POSSIVELMENTE QUEBRADA:
[2026-05-30 17:17:07] INTERFACE POSSIVELMENTE QUEBRADA:
[2026-05-30 17:17:07] INTERFACE POSSIVELMENTE QUEBRADA:
[2026-05-30 17:17:07] INTERFACE POSSIVELMENTE QUEBRADA:
[2026-05-30 17:17:07] INTERFACE POSSIVELMENTE QUEBRADA:
[2026-05-30 17:17:07] INTERFACE POSSIVELMENTE QUEBRADA:
[2026-05-30 17:17:07] INTERFACE POSSIVELMENTE QUEBRADA:
[2026-05-30 17:17:07] INTERFACE POSSIVELMENTE QUEBRADA:
[2026-05-30 17:17:07] INTERFACE POSSIVELMENTE QUEBRADA:
[2026-05-30 17:17:07] INTERFACE POSSIVELMENTE QUEBRADA:
[2026-05-30 17:17:07] INTERFACE POSSIVELMENTE QUEBRADA:
[2026-05-30 17:17:07] INTERFACE POSSIVELMENTE QUEBRADA:
[2026-05-30 17:17:07] INTERFACE POSSIVELMENTE QUEBRADA:
[2026-05-30 17:17:07] INTERFACE POSSIVELMENTE QUEBRADA:
[2026-05-30 17:17:07] INTERFACE POSSIVELMENTE QUEBRADA:
[2026-05-30 17:17:07] INTERFACE POSSIVELMENTE QUEBRADA:
[2026-05-30 17:17:07] INTERFACE POSSIVELMENTE QUEBRADA:
[2026-05-30 17:17:07] INTERFACE POSSIVELMENTE QUEBRADA:
[2026-05-30 17:17:07] INTERFACE POSSIVELMENTE QUEBRADA:
[2026-05-30 17:17:07] INTERFACE POSSIVELMENTE QUEBRADA:
[2026-05-30 17:17:07] INTERFACE POSSIVELMENTE QUEBRADA:
[2026-05-30 17:17:07] INTERFACE POSSIVELMENTE QUEBRADA:
[2026-05-30 17:17:07] INTERFACE POSSIVELMENTE QUEBRADA:
[2026-05-30 17:17:07] INTERFACE POSSIVELMENTE QUEBRADA:
[2026-05-30 17:17:07] INTERFACE POSSIVELMENTE QUEBRADA:
[2026-05-30 17:17:07] INTERFACE POSSIVELMENTE QUEBRADA:
[2026-05-30 17:17:07] INTERFACE POSSIVELMENTE QUEBRADA:
[2026-05-30 17:17:07] INTERFACE POSSIVELMENTE QUEBRADA:
[2026-05-30 17:17:07] INTERFACE POSSIVELMENTE QUEBRADA:
[2026-05-30 17:17:07] INTERFACE POSSIVELMENTE QUEBRADA:
[2026-05-30 17:17:07] INTERFACE POSSIVELMENTE QUEBRADA:
[2026-05-30 17:17:07] INTERFACE POSSIVELMENTE QUEBRADA:
[2026-05-30 17:17:07] INTERFACE POSSIVELMENTE QUEBRADA:
[2026-05-30 17:17:07] INTERFACE POSSIVELMENTE QUEBRADA:
[2026-05-30 17:17:07] INTERFACE POSSIVELMENTE QUEBRADA:
[2026-05-30 17:17:07] INTERFACE POSSIVELMENTE QUEBRADA:
[2026-05-30 17:17:07] INTERFACE POSSIVELMENTE QUEBRADA:
[2026-05-30 17:17:07] INTERFACE POSSIVELMENTE QUEBRADA:
[2026-05-30 17:17:07] INTERFACE POSSIVELMENTE QUEBRADA:
[2026-05-30 17:17:07] INTERFACE POSSIVELMENTE QUEBRADA:
[2026-05-30 17:17:07] INTERFACE POSSIVELMENTE QUEBRADA:
[2026-05-30 17:17:07] INTERFACE POSSIVELMENTE QUEBRADA:
[2026-05-30 17:17:07] INTERFACE POSSIVELMENTE QUEBRADA:
[2026-05-30 17:17:07] INTERFACE POSSIVELMENTE QUEBRADA:
[2026-05-30 17:17:07] INTERFACE POSSIVELMENTE QUEBRADA:
[2026-05-30 17:17:07] INTERFACE POSSIVELMENTE QUEBRADA:
[2026-05-30 17:17:07] INTERFACE POSSIVELMENTE QUEBRADA:
[2026-05-30 17:17:07] INTERFACE POSSIVELMENTE QUEBRADA:
[2026-05-30 17:17:07] INTERFACE POSSIVELMENTE QUEBRADA:
[2026-05-30 17:17:07] INTERFACE POSSIVELMENTE QUEBRADA:
[2026-05-30 17:17:07] INTERFACE POSSIVELMENTE QUEBRADA:
[2026-05-30 17:17:07] INTERFACE POSSIVELMENTE QUEBRADA:
[2026-05-30 17:17:07] INTERFACE POSSIVELMENTE QUEBRADA:
[2026-05-30 17:17:08] INTERFACE POSSIVELMENTE QUEBRADA:
[2026-05-30 17:17:08] INTERFACE POSSIVELMENTE QUEBRADA:
[2026-05-30 17:17:08] INTERFACE POSSIVELMENTE QUEBRADA:
[2026-05-30 17:17:08] INTERFACE POSSIVELMENTE QUEBRADA:
[2026-05-30 17:17:08] INTERFACE POSSIVELMENTE QUEBRADA:
[2026-05-30 17:17:08] INTERFACE POSSIVELMENTE QUEBRADA:
[2026-05-30 17:17:08] INTERFACE POSSIVELMENTE QUEBRADA:
[2026-05-30 17:17:08] INTERFACE POSSIVELMENTE QUEBRADA:
[2026-05-30 17:17:08] INTERFACE POSSIVELMENTE QUEBRADA:
[2026-05-30 17:17:08] INTERFACE POSSIVELMENTE QUEBRADA:
[2026-05-30 17:17:08] INTERFACE POSSIVELMENTE QUEBRADA:
[2026-05-30 17:17:08] INTERFACE POSSIVELMENTE QUEBRADA:
[2026-05-30 17:17:08] INTERFACE POSSIVELMENTE QUEBRADA:
[2026-05-30 17:17:08] INTERFACE POSSIVELMENTE QUEBRADA:
[2026-05-30 17:17:08] INTERFACE POSSIVELMENTE QUEBRADA:
[2026-05-30 17:17:08] INTERFACE POSSIVELMENTE QUEBRADA:
[2026-05-30 17:17:08] INTERFACE POSSIVELMENTE QUEBRADA:
[2026-05-30 17:17:08] INTERFACE POSSIVELMENTE QUEBRADA:
[2026-05-30 17:17:08] INTERFACE POSSIVELMENTE QUEBRADA:
[2026-05-30 17:17:08] INTERFACE POSSIVELMENTE QUEBRADA:
[2026-05-30 17:17:08] INTERFACE POSSIVELMENTE QUEBRADA:
[2026-05-30 17:17:08] INTERFACE POSSIVELMENTE QUEBRADA:
[2026-05-30 17:17:08] INTERFACE POSSIVELMENTE QUEBRADA:
[2026-05-30 17:17:08] INTERFACE POSSIVELMENTE QUEBRADA:
[2026-05-30 17:17:08] INTERFACE POSSIVELMENTE QUEBRADA:
[2026-05-30 17:17:08] INTERFACE POSSIVELMENTE QUEBRADA:
[2026-05-30 17:17:08] INTERFACE POSSIVELMENTE QUEBRADA:
[2026-05-30 17:17:08] INTERFACE POSSIVELMENTE QUEBRADA:
[2026-05-30 17:17:08] INTERFACE POSSIVELMENTE QUEBRADA:
[2026-05-30 17:17:08] INTERFACE POSSIVELMENTE QUEBRADA:
[2026-05-30 17:17:08] INTERFACE POSSIVELMENTE QUEBRADA:
[2026-05-30 17:17:08] INTERFACE POSSIVELMENTE QUEBRADA:
[2026-05-30 17:17:08] INTERFACE POSSIVELMENTE QUEBRADA:
[2026-05-30 17:17:08] INTERFACE POSSIVELMENTE QUEBRADA:
[2026-05-30 17:17:08] INTERFACE POSSIVELMENTE QUEBRADA:
[2026-05-30 17:17:08] INTERFACE POSSIVELMENTE QUEBRADA:
[2026-05-30 17:17:08] INTERFACE POSSIVELMENTE QUEBRADA:
[2026-05-30 17:17:08] INTERFACE POSSIVELMENTE QUEBRADA:
[2026-05-30 17:17:08] INTERFACE POSSIVELMENTE QUEBRADA:
[2026-05-30 17:17:08] INTERFACE POSSIVELMENTE QUEBRADA:
[2026-05-30 17:17:08] INTERFACE POSSIVELMENTE QUEBRADA:
[2026-05-30 17:17:08] INTERFACE POSSIVELMENTE QUEBRADA:
[2026-05-30 17:17:08] INTERFACE POSSIVELMENTE QUEBRADA:
[2026-05-30 17:17:08] INTERFACE POSSIVELMENTE QUEBRADA:
[2026-05-30 17:17:08] INTERFACE POSSIVELMENTE QUEBRADA:
[2026-05-30 17:17:08] INTERFACE POSSIVELMENTE QUEBRADA:
[2026-05-30 17:17:08] INTERFACE POSSIVELMENTE QUEBRADA:
[2026-05-30 17:17:08] INTERFACE POSSIVELMENTE QUEBRADA:
[2026-05-30 17:17:08] INTERFACE POSSIVELMENTE QUEBRADA:
[2026-05-30 17:17:08] INTERFACE POSSIVELMENTE QUEBRADA:
[2026-05-30 17:17:08] INTERFACE POSSIVELMENTE QUEBRADA:
[2026-05-30 17:17:08] INTERFACE POSSIVELMENTE QUEBRADA:
[2026-05-30 17:17:08] INTERFACE POSSIVELMENTE QUEBRADA:
[2026-05-30 17:17:08] INTERFACE POSSIVELMENTE QUEBRADA:
[2026-05-30 17:17:08] INTERFACE POSSIVELMENTE QUEBRADA:
[2026-05-30 17:17:08] INTERFACE POSSIVELMENTE QUEBRADA:
[2026-05-30 17:17:08] INTERFACE POSSIVELMENTE QUEBRADA:
[2026-05-30 17:17:08] INTERFACE POSSIVELMENTE QUEBRADA:
[2026-05-30 17:17:08] INTERFACE POSSIVELMENTE QUEBRADA:
[2026-05-30 17:17:08] INTERFACE POSSIVELMENTE QUEBRADA:
[2026-05-30 17:17:08] INTERFACE POSSIVELMENTE QUEBRADA:
[2026-05-30 17:17:08] INTERFACE POSSIVELMENTE QUEBRADA:
[2026-05-30 17:17:08] INTERFACE POSSIVELMENTE QUEBRADA:
[2026-05-30 17:17:08] INTERFACE POSSIVELMENTE QUEBRADA:
[2026-05-30 17:17:08] INTERFACE POSSIVELMENTE QUEBRADA:
[2026-05-30 17:17:08] INTERFACE POSSIVELMENTE QUEBRADA:
[2026-05-30 17:17:08] INTERFACE POSSIVELMENTE QUEBRADA:
[2026-05-30 17:17:08] INTERFACE POSSIVELMENTE QUEBRADA:
[2026-05-30 17:17:08] INTERFACE POSSIVELMENTE QUEBRADA:
[2026-05-30 17:17:08] INTERFACE POSSIVELMENTE QUEBRADA:
[2026-05-30 17:17:08] INTERFACE POSSIVELMENTE QUEBRADA:
[2026-05-30 17:17:08] INTERFACE POSSIVELMENTE QUEBRADA:
[2026-05-30 17:17:08] INTERFACE POSSIVELMENTE QUEBRADA:
[2026-05-30 17:17:08] INTERFACE POSSIVELMENTE QUEBRADA:
[2026-05-30 17:17:08] INTERFACE POSSIVELMENTE QUEBRADA:
[2026-05-30 17:17:08] INTERFACE POSSIVELMENTE QUEBRADA:
[2026-05-30 17:17:08] INTERFACE POSSIVELMENTE QUEBRADA:
[2026-05-30 17:17:08] INTERFACE POSSIVELMENTE QUEBRADA:
[2026-05-30 17:17:08] INTERFACE POSSIVELMENTE QUEBRADA:
[2026-05-30 17:17:08] INTERFACE POSSIVELMENTE QUEBRADA:
[2026-05-30 17:17:08] INTERFACE POSSIVELMENTE QUEBRADA:
[2026-05-30 17:17:08] INTERFACE POSSIVELMENTE QUEBRADA:
[2026-05-30 17:17:08] INTERFACE POSSIVELMENTE QUEBRADA:
[2026-05-30 17:17:08] INTERFACE POSSIVELMENTE QUEBRADA:
[2026-05-30 17:17:08] INTERFACE POSSIVELMENTE QUEBRADA:
[2026-05-30 17:17:08] INTERFACE POSSIVELMENTE QUEBRADA:
[2026-05-30 17:17:08] INTERFACE POSSIVELMENTE QUEBRADA:
[2026-05-30 17:17:08] INTERFACE POSSIVELMENTE QUEBRADA:
[2026-05-30 17:17:08] INTERFACE POSSIVELMENTE QUEBRADA:
[2026-05-30 17:17:08] INTERFACE POSSIVELMENTE QUEBRADA:
[2026-05-30 17:17:08] INTERFACE POSSIVELMENTE QUEBRADA:
[2026-05-30 17:17:08] INTERFACE POSSIVELMENTE QUEBRADA:
[2026-05-30 17:17:08] INTERFACE POSSIVELMENTE QUEBRADA:
[2026-05-30 17:17:08] INTERFACE POSSIVELMENTE QUEBRADA:
[2026-05-30 17:17:08] INTERFACE POSSIVELMENTE QUEBRADA:
[2026-05-30 17:17:08] INTERFACE POSSIVELMENTE QUEBRADA:
[2026-05-30 17:17:08] INTERFACE POSSIVELMENTE QUEBRADA:
[2026-05-30 17:17:08] INTERFACE POSSIVELMENTE QUEBRADA:
[2026-05-30 17:17:08] INTERFACE POSSIVELMENTE QUEBRADA:
[2026-05-30 17:17:08] INTERFACE POSSIVELMENTE QUEBRADA:
[2026-05-30 17:17:08] INTERFACE POSSIVELMENTE QUEBRADA:
[2026-05-30 17:17:08] INTERFACE POSSIVELMENTE QUEBRADA:
[2026-05-30 17:17:08] INTERFACE POSSIVELMENTE QUEBRADA:
[2026-05-30 17:17:08] INTERFACE POSSIVELMENTE QUEBRADA:
[2026-05-30 17:17:08] INTERFACE POSSIVELMENTE QUEBRADA:
[2026-05-30 17:17:08] INTERFACE POSSIVELMENTE QUEBRADA:
[2026-05-30 17:17:08] INTERFACE POSSIVELMENTE QUEBRADA:
[2026-05-30 17:17:08] INTERFACE POSSIVELMENTE QUEBRADA:
[2026-05-30 17:17:08] INTERFACE POSSIVELMENTE QUEBRADA:
[2026-05-30 17:17:08] INTERFACE POSSIVELMENTE QUEBRADA:
[2026-05-30 17:17:08] INTERFACE POSSIVELMENTE QUEBRADA:
[2026-05-30 17:17:08] INTERFACE POSSIVELMENTE QUEBRADA:
[2026-05-30 17:17:08] INTERFACE POSSIVELMENTE QUEBRADA:
[2026-05-30 17:17:08] INTERFACE POSSIVELMENTE QUEBRADA:
[2026-05-30 17:17:08] INTERFACE POSSIVELMENTE QUEBRADA:
[2026-05-30 17:17:08] INTERFACE POSSIVELMENTE QUEBRADA:
[2026-05-30 17:17:08] INTERFACE POSSIVELMENTE QUEBRADA:
[2026-05-30 17:17:08] INTERFACE POSSIVELMENTE QUEBRADA:
[2026-05-30 17:17:08] INTERFACE POSSIVELMENTE QUEBRADA:
[2026-05-30 17:17:08] INTERFACE POSSIVELMENTE QUEBRADA:
[2026-05-30 17:17:08] INTERFACE POSSIVELMENTE QUEBRADA:
[2026-05-30 17:17:09] INTERFACE POSSIVELMENTE QUEBRADA:
[2026-05-30 17:17:09] INTERFACE POSSIVELMENTE QUEBRADA:
[2026-05-30 17:17:09] INTERFACE POSSIVELMENTE QUEBRADA:
[2026-05-30 17:17:09] INTERFACE POSSIVELMENTE QUEBRADA:
[2026-05-30 17:17:09] INTERFACE POSSIVELMENTE QUEBRADA:
[2026-05-30 17:17:09] INTERFACE POSSIVELMENTE QUEBRADA:
[2026-05-30 17:17:09] INTERFACE POSSIVELMENTE QUEBRADA:
[2026-05-30 17:17:09] INTERFACE POSSIVELMENTE QUEBRADA:
[2026-05-30 17:17:09] INTERFACE POSSIVELMENTE QUEBRADA:
[2026-05-30 17:17:09] INTERFACE POSSIVELMENTE QUEBRADA:
[2026-05-30 17:17:09] INTERFACE POSSIVELMENTE QUEBRADA:
[2026-05-30 17:17:09] INTERFACE POSSIVELMENTE QUEBRADA:
[2026-05-30 17:17:09] INTERFACE POSSIVELMENTE QUEBRADA:
[2026-05-30 17:17:09] INTERFACE POSSIVELMENTE QUEBRADA:
[2026-05-30 17:17:09] INTERFACE POSSIVELMENTE QUEBRADA:
[2026-05-30 17:17:09] INTERFACE POSSIVELMENTE QUEBRADA:
[2026-05-30 17:17:09] INTERFACE POSSIVELMENTE QUEBRADA:
[2026-05-30 17:17:09] INTERFACE POSSIVELMENTE QUEBRADA:
[2026-05-30 17:17:09] INTERFACE POSSIVELMENTE QUEBRADA:
[2026-05-30 17:17:09] INTERFACE POSSIVELMENTE QUEBRADA:
[2026-05-30 17:17:09] INTERFACE POSSIVELMENTE QUEBRADA:
[2026-05-30 17:17:09] INTERFACE POSSIVELMENTE QUEBRADA:
[2026-05-30 17:17:09] INTERFACE POSSIVELMENTE QUEBRADA:
[2026-05-30 17:17:09] INTERFACE POSSIVELMENTE QUEBRADA:
[2026-05-30 17:17:09] INTERFACE POSSIVELMENTE QUEBRADA:
[2026-05-30 17:17:09] INTERFACE POSSIVELMENTE QUEBRADA:
[2026-05-30 17:17:09] INTERFACE POSSIVELMENTE QUEBRADA:
[2026-05-30 17:17:09] INTERFACE POSSIVELMENTE QUEBRADA:
[2026-05-30 17:17:09] INTERFACE POSSIVELMENTE QUEBRADA:
[2026-05-30 17:17:09] INTERFACE POSSIVELMENTE QUEBRADA:
[2026-05-30 17:17:09] INTERFACE POSSIVELMENTE QUEBRADA:
[2026-05-30 17:17:09] INTERFACE POSSIVELMENTE QUEBRADA:
[2026-05-30 17:17:09] INTERFACE POSSIVELMENTE QUEBRADA:
[2026-05-30 17:17:09] INTERFACE POSSIVELMENTE QUEBRADA:
[2026-05-30 17:17:09] INTERFACE POSSIVELMENTE QUEBRADA:
[2026-05-30 17:17:09] INTERFACE POSSIVELMENTE QUEBRADA:
[2026-05-30 17:17:09] INTERFACE POSSIVELMENTE QUEBRADA:
[2026-05-30 17:17:09] INTERFACE POSSIVELMENTE QUEBRADA:
[2026-05-30 17:17:09] INTERFACE POSSIVELMENTE QUEBRADA:
[2026-05-30 17:17:09] INTERFACE POSSIVELMENTE QUEBRADA:
[2026-05-30 17:17:09] INTERFACE POSSIVELMENTE QUEBRADA:
[2026-05-30 17:17:09] INTERFACE POSSIVELMENTE QUEBRADA:
[2026-05-30 17:17:09] INTERFACE POSSIVELMENTE QUEBRADA:
[2026-05-30 17:17:09] INTERFACE POSSIVELMENTE QUEBRADA:
[2026-05-30 17:17:09] INTERFACE POSSIVELMENTE QUEBRADA:
[2026-05-30 17:17:09] INTERFACE POSSIVELMENTE QUEBRADA:
[2026-05-30 17:17:09] INTERFACE POSSIVELMENTE QUEBRADA:
[2026-05-30 17:17:09] INTERFACE POSSIVELMENTE QUEBRADA:
[2026-05-30 17:17:09] INTERFACE POSSIVELMENTE QUEBRADA:
[2026-05-30 17:17:09] INTERFACE POSSIVELMENTE QUEBRADA:
[2026-05-30 17:17:09] INTERFACE POSSIVELMENTE QUEBRADA:
[2026-05-30 17:17:09] INTERFACE POSSIVELMENTE QUEBRADA:
[2026-05-30 17:17:09] INTERFACE POSSIVELMENTE QUEBRADA:
[2026-05-30 17:17:09] INTERFACE POSSIVELMENTE QUEBRADA:
[2026-05-30 17:17:09] INTERFACE POSSIVELMENTE QUEBRADA:
[2026-05-30 17:17:09] INTERFACE POSSIVELMENTE QUEBRADA:
[2026-05-30 17:17:09] INTERFACE POSSIVELMENTE QUEBRADA:
[2026-05-30 17:17:09] INTERFACE POSSIVELMENTE QUEBRADA:
[2026-05-30 17:17:09] INTERFACE POSSIVELMENTE QUEBRADA:
[2026-05-30 17:17:09] INTERFACE POSSIVELMENTE QUEBRADA:
[2026-05-30 17:17:09] INTERFACE POSSIVELMENTE QUEBRADA:
[2026-05-30 17:17:09] INTERFACE POSSIVELMENTE QUEBRADA:
[2026-05-30 17:17:09] INTERFACE POSSIVELMENTE QUEBRADA:
[2026-05-30 17:17:09] INTERFACE POSSIVELMENTE QUEBRADA:
[2026-05-30 17:17:09] INTERFACE POSSIVELMENTE QUEBRADA:
[2026-05-30 17:17:09] INTERFACE POSSIVELMENTE QUEBRADA:
[2026-05-30 17:17:09] INTERFACE POSSIVELMENTE QUEBRADA:
[2026-05-30 17:17:09] INTERFACE POSSIVELMENTE QUEBRADA:
[2026-05-30 17:17:09] INTERFACE POSSIVELMENTE QUEBRADA:
[2026-05-30 17:17:09] INTERFACE POSSIVELMENTE QUEBRADA:
[2026-05-30 17:17:09] INTERFACE POSSIVELMENTE QUEBRADA:
[2026-05-30 17:17:09] INTERFACE POSSIVELMENTE QUEBRADA:
[2026-05-30 17:17:09] INTERFACE POSSIVELMENTE QUEBRADA:
[2026-05-30 17:17:09] INTERFACE POSSIVELMENTE QUEBRADA:
[2026-05-30 17:17:09] INTERFACE POSSIVELMENTE QUEBRADA:
[2026-05-30 17:17:09] INTERFACE POSSIVELMENTE QUEBRADA:
[2026-05-30 17:17:09] INTERFACE POSSIVELMENTE QUEBRADA:
[2026-05-30 17:17:09] INTERFACE POSSIVELMENTE QUEBRADA:
[2026-05-30 17:17:09] INTERFACE POSSIVELMENTE QUEBRADA:
[2026-05-30 17:17:09] INTERFACE POSSIVELMENTE QUEBRADA:
[2026-05-30 17:17:09] INTERFACE POSSIVELMENTE QUEBRADA:
[2026-05-30 17:17:09] INTERFACE POSSIVELMENTE QUEBRADA:
[2026-05-30 17:17:09] INTERFACE POSSIVELMENTE QUEBRADA:
[2026-05-30 17:17:09] INTERFACE POSSIVELMENTE QUEBRADA:
[2026-05-30 17:17:09] INTERFACE POSSIVELMENTE QUEBRADA:
[2026-05-30 17:17:09] INTERFACE POSSIVELMENTE QUEBRADA:
[2026-05-30 17:17:09] INTERFACE POSSIVELMENTE QUEBRADA:
[2026-05-30 17:17:09] INTERFACE POSSIVELMENTE QUEBRADA:
[2026-05-30 17:17:09] INTERFACE POSSIVELMENTE QUEBRADA:
[2026-05-30 17:17:09] INTERFACE POSSIVELMENTE QUEBRADA:
[2026-05-30 17:17:09] INTERFACE POSSIVELMENTE QUEBRADA:
[2026-05-30 17:17:10] INTERFACE POSSIVELMENTE QUEBRADA:
[2026-05-30 17:17:10] INTERFACE POSSIVELMENTE QUEBRADA:
[2026-05-30 17:17:10] INTERFACE POSSIVELMENTE QUEBRADA:
[2026-05-30 17:17:10] INTERFACE POSSIVELMENTE QUEBRADA:
[2026-05-30 17:17:10] INTERFACE POSSIVELMENTE QUEBRADA:
[2026-05-30 17:17:10] INTERFACE POSSIVELMENTE QUEBRADA:
[2026-05-30 17:17:10] INTERFACE POSSIVELMENTE QUEBRADA:
[2026-05-30 17:17:10] INTERFACE POSSIVELMENTE QUEBRADA:
[2026-05-30 17:17:10] INTERFACE POSSIVELMENTE QUEBRADA:
[2026-05-30 17:17:10] INTERFACE POSSIVELMENTE QUEBRADA:
[2026-05-30 17:17:10] INTERFACE POSSIVELMENTE QUEBRADA:
[2026-05-30 17:17:10] INTERFACE POSSIVELMENTE QUEBRADA:
[2026-05-30 17:17:10] INTERFACE POSSIVELMENTE QUEBRADA:
[2026-05-30 17:17:10] INTERFACE POSSIVELMENTE QUEBRADA:
[2026-05-30 17:17:10] INTERFACE POSSIVELMENTE QUEBRADA:
[2026-05-30 17:17:10] INTERFACE POSSIVELMENTE QUEBRADA:
[2026-05-30 17:17:10] INTERFACE POSSIVELMENTE QUEBRADA:
[2026-05-30 17:17:10] INTERFACE POSSIVELMENTE QUEBRADA:
[2026-05-30 17:17:10] INTERFACE POSSIVELMENTE QUEBRADA:
[2026-05-30 17:17:10] INTERFACE POSSIVELMENTE QUEBRADA:
[2026-05-30 17:17:10] INTERFACE POSSIVELMENTE QUEBRADA:
[2026-05-30 17:17:10] INTERFACE POSSIVELMENTE QUEBRADA:
[2026-05-30 17:17:10] INTERFACE POSSIVELMENTE QUEBRADA:
[2026-05-30 17:17:10] INTERFACE POSSIVELMENTE QUEBRADA:
[2026-05-30 17:17:10] INTERFACE POSSIVELMENTE QUEBRADA:
[2026-05-30 17:17:10] INTERFACE POSSIVELMENTE QUEBRADA:
[2026-05-30 17:17:10] INTERFACE POSSIVELMENTE QUEBRADA:
[2026-05-30 17:17:10] INTERFACE POSSIVELMENTE QUEBRADA:
[2026-05-30 17:17:10] INTERFACE POSSIVELMENTE QUEBRADA:
[2026-05-30 17:17:10] INTERFACE POSSIVELMENTE QUEBRADA:
[2026-05-30 17:17:10] INTERFACE POSSIVELMENTE QUEBRADA:
[2026-05-30 17:17:10] INTERFACE POSSIVELMENTE QUEBRADA:
[2026-05-30 17:17:10] INTERFACE POSSIVELMENTE QUEBRADA:
[2026-05-30 17:17:10] INTERFACE POSSIVELMENTE QUEBRADA:
[2026-05-30 17:17:10] INTERFACE POSSIVELMENTE QUEBRADA:
[2026-05-30 17:17:10] INTERFACE POSSIVELMENTE QUEBRADA:
[2026-05-30 17:17:10] INTERFACE POSSIVELMENTE QUEBRADA:
[2026-05-30 17:17:10] INTERFACE POSSIVELMENTE QUEBRADA:
[2026-05-30 17:17:10] INTERFACE POSSIVELMENTE QUEBRADA:
[2026-05-30 17:17:10] INTERFACE POSSIVELMENTE QUEBRADA:
[2026-05-30 17:17:10] INTERFACE POSSIVELMENTE QUEBRADA:
[2026-05-30 17:17:10] INTERFACE POSSIVELMENTE QUEBRADA:
[2026-05-30 17:17:10] INTERFACE POSSIVELMENTE QUEBRADA:
[2026-05-30 17:17:10] INTERFACE POSSIVELMENTE QUEBRADA:
[2026-05-30 17:17:10] INTERFACE POSSIVELMENTE QUEBRADA:
[2026-05-30 17:17:10] INTERFACE POSSIVELMENTE QUEBRADA:
[2026-05-30 17:17:10] INTERFACE POSSIVELMENTE QUEBRADA:
[2026-05-30 17:17:10] INTERFACE POSSIVELMENTE QUEBRADA:
[2026-05-30 17:17:10] INTERFACE POSSIVELMENTE QUEBRADA:
[2026-05-30 17:17:10] INTERFACE POSSIVELMENTE QUEBRADA:
[2026-05-30 17:17:10] INTERFACE POSSIVELMENTE QUEBRADA:
[2026-05-30 17:17:10] INTERFACE POSSIVELMENTE QUEBRADA:
[2026-05-30 17:17:10] INTERFACE POSSIVELMENTE QUEBRADA:
[2026-05-30 17:17:10] INTERFACE POSSIVELMENTE QUEBRADA:
[2026-05-30 17:17:10] INTERFACE POSSIVELMENTE QUEBRADA:
[2026-05-30 17:17:10] INTERFACE POSSIVELMENTE QUEBRADA:
[2026-05-30 17:17:10] INTERFACE POSSIVELMENTE QUEBRADA:
[2026-05-30 17:17:10] INTERFACE POSSIVELMENTE QUEBRADA:
[2026-05-30 17:17:10] INTERFACE POSSIVELMENTE QUEBRADA:
[2026-05-30 17:17:10] INTERFACE POSSIVELMENTE QUEBRADA:
[2026-05-30 17:17:10] INTERFACE POSSIVELMENTE QUEBRADA:
[2026-05-30 17:17:10] INTERFACE POSSIVELMENTE QUEBRADA:
[2026-05-30 17:17:10] INTERFACE POSSIVELMENTE QUEBRADA:
[2026-05-30 17:17:10] INTERFACE POSSIVELMENTE QUEBRADA:
[2026-05-30 17:17:10] INTERFACE POSSIVELMENTE QUEBRADA:
[2026-05-30 17:17:10] INTERFACE POSSIVELMENTE QUEBRADA:
[2026-05-30 17:17:10] INTERFACE POSSIVELMENTE QUEBRADA:
[2026-05-30 17:17:10] INTERFACE POSSIVELMENTE QUEBRADA:
[2026-05-30 17:17:10] INTERFACE POSSIVELMENTE QUEBRADA:
[2026-05-30 17:17:10] INTERFACE POSSIVELMENTE QUEBRADA:
[2026-05-30 17:17:10] INTERFACE POSSIVELMENTE QUEBRADA:
[2026-05-30 17:17:10] INTERFACE POSSIVELMENTE QUEBRADA:
[2026-05-30 17:17:10] INTERFACE POSSIVELMENTE QUEBRADA:
[2026-05-30 17:17:10] INTERFACE POSSIVELMENTE QUEBRADA:
[2026-05-30 17:17:10] INTERFACE POSSIVELMENTE QUEBRADA:
[2026-05-30 17:17:10] INTERFACE POSSIVELMENTE QUEBRADA:
[2026-05-30 17:17:10] INTERFACE POSSIVELMENTE QUEBRADA:
[2026-05-30 17:17:10] INTERFACE POSSIVELMENTE QUEBRADA:
[2026-05-30 17:17:10] INTERFACE POSSIVELMENTE QUEBRADA:
[2026-05-30 17:17:10] INTERFACE POSSIVELMENTE QUEBRADA:
[2026-05-30 17:17:10] INTERFACE POSSIVELMENTE QUEBRADA:
[2026-05-30 17:17:10] INTERFACE POSSIVELMENTE QUEBRADA:
[2026-05-30 17:17:10] INTERFACE POSSIVELMENTE QUEBRADA:
[2026-05-30 17:17:10] INTERFACE POSSIVELMENTE QUEBRADA:
[2026-05-30 17:17:10] INTERFACE POSSIVELMENTE QUEBRADA:
[2026-05-30 17:17:10] INTERFACE POSSIVELMENTE QUEBRADA:
[2026-05-30 17:17:10] INTERFACE POSSIVELMENTE QUEBRADA:
[2026-05-30 17:17:10] INTERFACE POSSIVELMENTE QUEBRADA:
[2026-05-30 17:17:10] INTERFACE POSSIVELMENTE QUEBRADA:
[2026-05-30 17:17:10] INTERFACE POSSIVELMENTE QUEBRADA:
[2026-05-30 17:17:10] INTERFACE POSSIVELMENTE QUEBRADA:
[2026-05-30 17:17:10] INTERFACE POSSIVELMENTE QUEBRADA:
[2026-05-30 17:17:10] INTERFACE POSSIVELMENTE QUEBRADA:
[2026-05-30 17:17:10] INTERFACE POSSIVELMENTE QUEBRADA:
[2026-05-30 17:17:10] INTERFACE POSSIVELMENTE QUEBRADA:
[2026-05-30 17:17:10] INTERFACE POSSIVELMENTE QUEBRADA:
[2026-05-30 17:17:10] INTERFACE POSSIVELMENTE QUEBRADA:
[2026-05-30 17:17:10] INTERFACE POSSIVELMENTE QUEBRADA:
[2026-05-30 17:17:10] INTERFACE POSSIVELMENTE QUEBRADA:
[2026-05-30 17:17:10] INTERFACE POSSIVELMENTE QUEBRADA:
[2026-05-30 17:17:10] INTERFACE POSSIVELMENTE QUEBRADA:
[2026-05-30 17:17:10] INTERFACE POSSIVELMENTE QUEBRADA:
[2026-05-30 17:17:10] INTERFACE POSSIVELMENTE QUEBRADA:
[2026-05-30 17:17:10] INTERFACE POSSIVELMENTE QUEBRADA:
[2026-05-30 17:17:10] INTERFACE POSSIVELMENTE QUEBRADA:
[2026-05-30 17:17:10] INTERFACE POSSIVELMENTE QUEBRADA:
[2026-05-30 17:17:10] INTERFACE POSSIVELMENTE QUEBRADA:
[2026-05-30 17:17:10] INTERFACE POSSIVELMENTE QUEBRADA:
[2026-05-30 17:17:10] INTERFACE POSSIVELMENTE QUEBRADA:
[2026-05-30 17:17:10] INTERFACE POSSIVELMENTE QUEBRADA:
[2026-05-30 17:17:10] INTERFACE POSSIVELMENTE QUEBRADA:
[2026-05-30 17:17:10] INTERFACE POSSIVELMENTE QUEBRADA:
[2026-05-30 17:17:10] INTERFACE POSSIVELMENTE QUEBRADA:
[2026-05-30 17:17:11] INTERFACE POSSIVELMENTE QUEBRADA:
[2026-05-30 17:17:11] INTERFACE POSSIVELMENTE QUEBRADA:
[2026-05-30 17:17:11] INTERFACE POSSIVELMENTE QUEBRADA:
[2026-05-30 17:17:11] INTERFACE POSSIVELMENTE QUEBRADA:
[2026-05-30 17:17:11] INTERFACE POSSIVELMENTE QUEBRADA:
[2026-05-30 17:17:11] INTERFACE POSSIVELMENTE QUEBRADA:
[2026-05-30 17:17:11] INTERFACE POSSIVELMENTE QUEBRADA:
[2026-05-30 17:17:11] INTERFACE POSSIVELMENTE QUEBRADA:
[2026-05-30 17:17:11] INTERFACE POSSIVELMENTE QUEBRADA:
[2026-05-30 17:17:11] INTERFACE POSSIVELMENTE QUEBRADA:
[2026-05-30 17:17:11] INTERFACE POSSIVELMENTE QUEBRADA:
[2026-05-30 17:17:11] INTERFACE POSSIVELMENTE QUEBRADA:
[2026-05-30 17:17:11] INTERFACE POSSIVELMENTE QUEBRADA:
[2026-05-30 17:17:11] INTERFACE POSSIVELMENTE QUEBRADA:
[2026-05-30 17:17:11] INTERFACE POSSIVELMENTE QUEBRADA:
[2026-05-30 17:17:11] INTERFACE POSSIVELMENTE QUEBRADA:
[2026-05-30 17:17:11] INTERFACE POSSIVELMENTE QUEBRADA:
[2026-05-30 17:17:11] INTERFACE POSSIVELMENTE QUEBRADA:
[2026-05-30 17:17:11] INTERFACE POSSIVELMENTE QUEBRADA:
[2026-05-30 17:17:11] INTERFACE POSSIVELMENTE QUEBRADA:
[2026-05-30 17:17:11] INTERFACE POSSIVELMENTE QUEBRADA:
[2026-05-30 17:17:11] INTERFACE POSSIVELMENTE QUEBRADA:
[2026-05-30 17:17:11] INTERFACE POSSIVELMENTE QUEBRADA:
[2026-05-30 17:17:11] INTERFACE POSSIVELMENTE QUEBRADA:
[2026-05-30 17:17:11] INTERFACE POSSIVELMENTE QUEBRADA:
[2026-05-30 17:17:11] INTERFACE POSSIVELMENTE QUEBRADA:
[2026-05-30 17:17:11] INTERFACE POSSIVELMENTE QUEBRADA:
[2026-05-30 17:17:11] INTERFACE POSSIVELMENTE QUEBRADA:
[2026-05-30 17:17:11] INTERFACE POSSIVELMENTE QUEBRADA:
[2026-05-30 17:17:11] INTERFACE POSSIVELMENTE QUEBRADA:
[2026-05-30 17:17:11] INTERFACE POSSIVELMENTE QUEBRADA:
[2026-05-30 17:17:11] INTERFACE POSSIVELMENTE QUEBRADA:
[2026-05-30 17:17:11] INTERFACE POSSIVELMENTE QUEBRADA:
[2026-05-30 17:17:11] INTERFACE POSSIVELMENTE QUEBRADA:
[2026-05-30 17:17:11] INTERFACE POSSIVELMENTE QUEBRADA:
[2026-05-30 17:17:11] INTERFACE POSSIVELMENTE QUEBRADA:
[2026-05-30 17:17:11] INTERFACE POSSIVELMENTE QUEBRADA:
[2026-05-30 17:17:11] INTERFACE POSSIVELMENTE QUEBRADA:
[2026-05-30 17:17:11] INTERFACE POSSIVELMENTE QUEBRADA:
[2026-05-30 17:17:11] INTERFACE POSSIVELMENTE QUEBRADA:
[2026-05-30 17:17:11] INTERFACE POSSIVELMENTE QUEBRADA:
[2026-05-30 17:17:11] INTERFACE POSSIVELMENTE QUEBRADA:
[2026-05-30 17:17:11] INTERFACE POSSIVELMENTE QUEBRADA:
[2026-05-30 17:17:11] INTERFACE POSSIVELMENTE QUEBRADA:
[2026-05-30 17:17:11] INTERFACE POSSIVELMENTE QUEBRADA:
[2026-05-30 17:17:11] INTERFACE POSSIVELMENTE QUEBRADA:
[2026-05-30 17:17:11] INTERFACE POSSIVELMENTE QUEBRADA:
[2026-05-30 17:17:11] INTERFACE POSSIVELMENTE QUEBRADA:
[2026-05-30 17:17:11] INTERFACE POSSIVELMENTE QUEBRADA:
[2026-05-30 17:17:11] INTERFACE POSSIVELMENTE QUEBRADA:
[2026-05-30 17:17:11] INTERFACE POSSIVELMENTE QUEBRADA:
[2026-05-30 17:17:11] INTERFACE POSSIVELMENTE QUEBRADA:
[2026-05-30 17:17:11] INTERFACE POSSIVELMENTE QUEBRADA:
[2026-05-30 17:17:11] INTERFACE POSSIVELMENTE QUEBRADA:
[2026-05-30 17:17:11] INTERFACE POSSIVELMENTE QUEBRADA:
[2026-05-30 17:17:11] INTERFACE POSSIVELMENTE QUEBRADA:
[2026-05-30 17:17:11] INTERFACE POSSIVELMENTE QUEBRADA:
[2026-05-30 17:17:11] INTERFACE POSSIVELMENTE QUEBRADA:
[2026-05-30 17:17:11] INTERFACE POSSIVELMENTE QUEBRADA:
[2026-05-30 17:17:11] INTERFACE POSSIVELMENTE QUEBRADA:
[2026-05-30 17:17:11] INTERFACE POSSIVELMENTE QUEBRADA:
[2026-05-30 17:17:11] INTERFACE POSSIVELMENTE QUEBRADA:
[2026-05-30 17:17:11] INTERFACE POSSIVELMENTE QUEBRADA:
[2026-05-30 17:17:11] INTERFACE POSSIVELMENTE QUEBRADA:
[2026-05-30 17:17:11] INTERFACE POSSIVELMENTE QUEBRADA:
[2026-05-30 17:17:11] INTERFACE POSSIVELMENTE QUEBRADA:
[2026-05-30 17:17:11] INTERFACE POSSIVELMENTE QUEBRADA:
[2026-05-30 17:17:11] INTERFACE POSSIVELMENTE QUEBRADA:
[2026-05-30 17:17:11] INTERFACE POSSIVELMENTE QUEBRADA:
[2026-05-30 17:17:11] INTERFACE POSSIVELMENTE QUEBRADA:
[2026-05-30 17:17:11] INTERFACE POSSIVELMENTE QUEBRADA:
[2026-05-30 17:17:11] INTERFACE POSSIVELMENTE QUEBRADA:
[2026-05-30 17:17:11] INTERFACE POSSIVELMENTE QUEBRADA:
[2026-05-30 17:17:11] INTERFACE POSSIVELMENTE QUEBRADA:
[2026-05-30 17:17:11] INTERFACE POSSIVELMENTE QUEBRADA:
[2026-05-30 17:17:11] INTERFACE POSSIVELMENTE QUEBRADA:
[2026-05-30 17:17:11] INTERFACE POSSIVELMENTE QUEBRADA:
[2026-05-30 17:17:11] INTERFACE POSSIVELMENTE QUEBRADA:
[2026-05-30 17:17:11] INTERFACE POSSIVELMENTE QUEBRADA:
[2026-05-30 17:17:11] INTERFACE POSSIVELMENTE QUEBRADA:
[2026-05-30 17:17:11] INTERFACE POSSIVELMENTE QUEBRADA:
[2026-05-30 17:17:11] INTERFACE POSSIVELMENTE QUEBRADA:
[2026-05-30 17:17:11] INTERFACE POSSIVELMENTE QUEBRADA:
[2026-05-30 17:17:11] INTERFACE POSSIVELMENTE QUEBRADA:
[2026-05-30 17:17:11] INTERFACE POSSIVELMENTE QUEBRADA:
[2026-05-30 17:17:11] INTERFACE POSSIVELMENTE QUEBRADA:
[2026-05-30 17:17:11] INTERFACE POSSIVELMENTE QUEBRADA:
[2026-05-30 17:17:11] INTERFACE POSSIVELMENTE QUEBRADA:
[2026-05-30 17:17:11] INTERFACE POSSIVELMENTE QUEBRADA:
[2026-05-30 17:17:11] INTERFACE POSSIVELMENTE QUEBRADA:
[2026-05-30 17:17:11] INTERFACE POSSIVELMENTE QUEBRADA:
[2026-05-30 17:17:11] INTERFACE POSSIVELMENTE QUEBRADA:
[2026-05-30 17:17:11] INTERFACE POSSIVELMENTE QUEBRADA:
[2026-05-30 17:17:11] INTERFACE POSSIVELMENTE QUEBRADA:
[2026-05-30 17:17:11] INTERFACE POSSIVELMENTE QUEBRADA:
[2026-05-30 17:17:11] INTERFACE POSSIVELMENTE QUEBRADA:
[2026-05-30 17:17:11] INTERFACE POSSIVELMENTE QUEBRADA:
[2026-05-30 17:17:11] INTERFACE POSSIVELMENTE QUEBRADA:
[2026-05-30 17:17:11] INTERFACE POSSIVELMENTE QUEBRADA:
[2026-05-30 17:17:11] INTERFACE POSSIVELMENTE QUEBRADA:
[2026-05-30 17:17:11] INTERFACE POSSIVELMENTE QUEBRADA:
[2026-05-30 17:17:11] INTERFACE POSSIVELMENTE QUEBRADA:
[2026-05-30 17:17:11] INTERFACE POSSIVELMENTE QUEBRADA:
[2026-05-30 17:17:11] INTERFACE POSSIVELMENTE QUEBRADA:
[2026-05-30 17:17:11] INTERFACE POSSIVELMENTE QUEBRADA:
[2026-05-30 17:17:11] INTERFACE POSSIVELMENTE QUEBRADA:
[2026-05-30 17:17:11] INTERFACE POSSIVELMENTE QUEBRADA:
[2026-05-30 17:17:11] INTERFACE POSSIVELMENTE QUEBRADA:
[2026-05-30 17:17:11] INTERFACE POSSIVELMENTE QUEBRADA:
[2026-05-30 17:17:12] INTERFACE POSSIVELMENTE QUEBRADA:
[2026-05-30 17:17:12] INTERFACE POSSIVELMENTE QUEBRADA:
[2026-05-30 17:17:12] INTERFACE POSSIVELMENTE QUEBRADA:
[2026-05-30 17:17:12] INTERFACE POSSIVELMENTE QUEBRADA:
[2026-05-30 17:17:12] INTERFACE POSSIVELMENTE QUEBRADA:
[2026-05-30 17:17:12] INTERFACE POSSIVELMENTE QUEBRADA:
[2026-05-30 17:17:12] INTERFACE POSSIVELMENTE QUEBRADA:
[2026-05-30 17:17:12] INTERFACE POSSIVELMENTE QUEBRADA:
[2026-05-30 17:17:12] INTERFACE POSSIVELMENTE QUEBRADA:
[2026-05-30 17:17:12] INTERFACE POSSIVELMENTE QUEBRADA:
[2026-05-30 17:17:12] INTERFACE POSSIVELMENTE QUEBRADA:
[2026-05-30 17:17:12] INTERFACE POSSIVELMENTE QUEBRADA:
[2026-05-30 17:17:12] INTERFACE POSSIVELMENTE QUEBRADA:
[2026-05-30 17:17:12] INTERFACE POSSIVELMENTE QUEBRADA:
[2026-05-30 17:17:12] INTERFACE POSSIVELMENTE QUEBRADA:
[2026-05-30 17:17:12] INTERFACE POSSIVELMENTE QUEBRADA:
[2026-05-30 17:17:12] INTERFACE POSSIVELMENTE QUEBRADA:
[2026-05-30 17:17:12] INTERFACE POSSIVELMENTE QUEBRADA:
[2026-05-30 17:17:12] INTERFACE POSSIVELMENTE QUEBRADA:
[2026-05-30 17:17:12] INTERFACE POSSIVELMENTE QUEBRADA:
[2026-05-30 17:17:12] INTERFACE POSSIVELMENTE QUEBRADA:
[2026-05-30 17:17:12] INTERFACE POSSIVELMENTE QUEBRADA:
[2026-05-30 17:17:12] INTERFACE POSSIVELMENTE QUEBRADA:
[2026-05-30 17:17:12] INTERFACE POSSIVELMENTE QUEBRADA:
[2026-05-30 17:17:12] INTERFACE POSSIVELMENTE QUEBRADA:
[2026-05-30 17:17:12] INTERFACE POSSIVELMENTE QUEBRADA:
[2026-05-30 17:17:12] INTERFACE POSSIVELMENTE QUEBRADA:
[2026-05-30 17:17:12] INTERFACE POSSIVELMENTE QUEBRADA:
[2026-05-30 17:17:12] INTERFACE POSSIVELMENTE QUEBRADA:
[2026-05-30 17:17:12] INTERFACE POSSIVELMENTE QUEBRADA:
[2026-05-30 17:17:12] INTERFACE POSSIVELMENTE QUEBRADA:
[2026-05-30 17:17:12] INTERFACE POSSIVELMENTE QUEBRADA:
[2026-05-30 17:17:12] INTERFACE POSSIVELMENTE QUEBRADA:
[2026-05-30 17:17:12] INTERFACE POSSIVELMENTE QUEBRADA:
[2026-05-30 17:17:12] INTERFACE POSSIVELMENTE QUEBRADA:
[2026-05-30 17:17:12] INTERFACE POSSIVELMENTE QUEBRADA:
[2026-05-30 17:17:12] INTERFACE POSSIVELMENTE QUEBRADA:
[2026-05-30 17:17:12] INTERFACE POSSIVELMENTE QUEBRADA:
[2026-05-30 17:17:12] INTERFACE POSSIVELMENTE QUEBRADA:
[2026-05-30 17:17:12] INTERFACE POSSIVELMENTE QUEBRADA:
[2026-05-30 17:17:12] INTERFACE POSSIVELMENTE QUEBRADA:
[2026-05-30 17:17:12] INTERFACE POSSIVELMENTE QUEBRADA:
[2026-05-30 17:17:12] INTERFACE POSSIVELMENTE QUEBRADA:
[2026-05-30 17:17:12] INTERFACE POSSIVELMENTE QUEBRADA:
[2026-05-30 17:17:12] INTERFACE POSSIVELMENTE QUEBRADA:
[2026-05-30 17:17:12] INTERFACE POSSIVELMENTE QUEBRADA:
[2026-05-30 17:17:12] INTERFACE POSSIVELMENTE QUEBRADA:
[2026-05-30 17:17:12] INTERFACE POSSIVELMENTE QUEBRADA:
[2026-05-30 17:17:12] INTERFACE POSSIVELMENTE QUEBRADA:
[2026-05-30 17:17:12] INTERFACE POSSIVELMENTE QUEBRADA:
[2026-05-30 17:17:12] INTERFACE POSSIVELMENTE QUEBRADA:
[2026-05-30 17:17:12] INTERFACE POSSIVELMENTE QUEBRADA:
[2026-05-30 17:17:12] INTERFACE POSSIVELMENTE QUEBRADA:
[2026-05-30 17:17:12] INTERFACE POSSIVELMENTE QUEBRADA:
[2026-05-30 17:17:12] INTERFACE POSSIVELMENTE QUEBRADA:
[2026-05-30 17:17:12] INTERFACE POSSIVELMENTE QUEBRADA:
[2026-05-30 17:17:12] INTERFACE POSSIVELMENTE QUEBRADA:
[2026-05-30 17:17:12] INTERFACE POSSIVELMENTE QUEBRADA:
[2026-05-30 17:17:12] INTERFACE POSSIVELMENTE QUEBRADA:
[2026-05-30 17:17:12] INTERFACE POSSIVELMENTE QUEBRADA:
[2026-05-30 17:17:12] INTERFACE POSSIVELMENTE QUEBRADA:
[2026-05-30 17:17:12] INTERFACE POSSIVELMENTE QUEBRADA:
[2026-05-30 17:17:12] INTERFACE POSSIVELMENTE QUEBRADA:
[2026-05-30 17:17:12] INTERFACE POSSIVELMENTE QUEBRADA:
[2026-05-30 17:17:12] INTERFACE POSSIVELMENTE QUEBRADA:
[2026-05-30 17:17:12] INTERFACE POSSIVELMENTE QUEBRADA:
[2026-05-30 17:17:12] INTERFACE POSSIVELMENTE QUEBRADA:
[2026-05-30 17:17:12] INTERFACE POSSIVELMENTE QUEBRADA:
[2026-05-30 17:17:12] INTERFACE POSSIVELMENTE QUEBRADA:
[2026-05-30 17:17:12] INTERFACE POSSIVELMENTE QUEBRADA:
[2026-05-30 17:17:12] INTERFACE POSSIVELMENTE QUEBRADA:
[2026-05-30 17:17:12] INTERFACE POSSIVELMENTE QUEBRADA:
[2026-05-30 17:17:12] INTERFACE POSSIVELMENTE QUEBRADA:
[2026-05-30 17:17:12] INTERFACE POSSIVELMENTE QUEBRADA:
[2026-05-30 17:17:12] INTERFACE POSSIVELMENTE QUEBRADA:
[2026-05-30 17:17:12] INTERFACE POSSIVELMENTE QUEBRADA:
[2026-05-30 17:17:12] INTERFACE POSSIVELMENTE QUEBRADA:
[2026-05-30 17:17:12] INTERFACE POSSIVELMENTE QUEBRADA:
[2026-05-30 17:17:12] INTERFACE POSSIVELMENTE QUEBRADA:
[2026-05-30 17:17:12] INTERFACE POSSIVELMENTE QUEBRADA:
[2026-05-30 17:17:12] INTERFACE POSSIVELMENTE QUEBRADA:
[2026-05-30 17:17:12] INTERFACE POSSIVELMENTE QUEBRADA:
[2026-05-30 17:17:12] INTERFACE POSSIVELMENTE QUEBRADA:
[2026-05-30 17:17:12] INTERFACE POSSIVELMENTE QUEBRADA:
[2026-05-30 17:17:12] INTERFACE POSSIVELMENTE QUEBRADA:
[2026-05-30 17:17:12] INTERFACE POSSIVELMENTE QUEBRADA:
[2026-05-30 17:17:12] INTERFACE POSSIVELMENTE QUEBRADA:
[2026-05-30 17:17:12] INTERFACE POSSIVELMENTE QUEBRADA:
[2026-05-30 17:17:12] INTERFACE POSSIVELMENTE QUEBRADA:
[2026-05-30 17:17:12] INTERFACE POSSIVELMENTE QUEBRADA:
[2026-05-30 17:17:12] INTERFACE POSSIVELMENTE QUEBRADA:
[2026-05-30 17:17:12] INTERFACE POSSIVELMENTE QUEBRADA:
[2026-05-30 17:17:12] INTERFACE POSSIVELMENTE QUEBRADA:
[2026-05-30 17:17:12] INTERFACE POSSIVELMENTE QUEBRADA:
[2026-05-30 17:17:12] INTERFACE POSSIVELMENTE QUEBRADA:
[2026-05-30 17:17:12] INTERFACE POSSIVELMENTE QUEBRADA:
[2026-05-30 17:17:12] INTERFACE POSSIVELMENTE QUEBRADA:
[2026-05-30 17:17:12] INTERFACE POSSIVELMENTE QUEBRADA:
[2026-05-30 17:17:12] INTERFACE POSSIVELMENTE QUEBRADA:
[2026-05-30 17:17:12] INTERFACE POSSIVELMENTE QUEBRADA:
[2026-05-30 17:17:12] INTERFACE POSSIVELMENTE QUEBRADA:
[2026-05-30 17:17:12] INTERFACE POSSIVELMENTE QUEBRADA:
[2026-05-30 17:17:12] INTERFACE POSSIVELMENTE QUEBRADA:
[2026-05-30 17:17:12] INTERFACE POSSIVELMENTE QUEBRADA:
[2026-05-30 17:17:12] INTERFACE POSSIVELMENTE QUEBRADA:
[2026-05-30 17:17:12] INTERFACE POSSIVELMENTE QUEBRADA:
[2026-05-30 17:17:12] INTERFACE POSSIVELMENTE QUEBRADA:
[2026-05-30 17:17:12] INTERFACE POSSIVELMENTE QUEBRADA:
[2026-05-30 17:17:12] INTERFACE POSSIVELMENTE QUEBRADA:
[2026-05-30 17:17:12] INTERFACE POSSIVELMENTE QUEBRADA:
[2026-05-30 17:17:12] INTERFACE POSSIVELMENTE QUEBRADA:
[2026-05-30 17:17:12] INTERFACE POSSIVELMENTE QUEBRADA:
[2026-05-30 17:17:12] INTERFACE POSSIVELMENTE QUEBRADA:
[2026-05-30 17:17:12] INTERFACE POSSIVELMENTE QUEBRADA:
[2026-05-30 17:17:13] INTERFACE POSSIVELMENTE QUEBRADA:
[2026-05-30 17:17:13] INTERFACE POSSIVELMENTE QUEBRADA:
[2026-05-30 17:17:13] INTERFACE POSSIVELMENTE QUEBRADA:
[2026-05-30 17:17:13] INTERFACE POSSIVELMENTE QUEBRADA:
[2026-05-30 17:17:13] INTERFACE POSSIVELMENTE QUEBRADA:
[2026-05-30 17:17:13] INTERFACE POSSIVELMENTE QUEBRADA:
[2026-05-30 17:17:13] INTERFACE POSSIVELMENTE QUEBRADA:
[2026-05-30 17:17:13] INTERFACE POSSIVELMENTE QUEBRADA:
[2026-05-30 17:17:13] INTERFACE POSSIVELMENTE QUEBRADA:
[2026-05-30 17:17:13] INTERFACE POSSIVELMENTE QUEBRADA:
[2026-05-30 17:17:13] INTERFACE POSSIVELMENTE QUEBRADA:
[2026-05-30 17:17:13] INTERFACE POSSIVELMENTE QUEBRADA:
[2026-05-30 17:17:13] INTERFACE POSSIVELMENTE QUEBRADA:
[2026-05-30 17:17:13] INTERFACE POSSIVELMENTE QUEBRADA:
[2026-05-30 17:17:13] INTERFACE POSSIVELMENTE QUEBRADA:
[2026-05-30 17:17:13] INTERFACE POSSIVELMENTE QUEBRADA:
[2026-05-30 17:17:13] INTERFACE POSSIVELMENTE QUEBRADA:
[2026-05-30 17:17:13] INTERFACE POSSIVELMENTE QUEBRADA:
[2026-05-30 17:17:13] INTERFACE POSSIVELMENTE QUEBRADA:
[2026-05-30 17:17:13] INTERFACE POSSIVELMENTE QUEBRADA:
[2026-05-30 17:17:13] INTERFACE POSSIVELMENTE QUEBRADA:
[2026-05-30 17:17:13] INTERFACE POSSIVELMENTE QUEBRADA:
[2026-05-30 17:17:13] INTERFACE POSSIVELMENTE QUEBRADA:
[2026-05-30 17:17:13] INTERFACE POSSIVELMENTE QUEBRADA:
[2026-05-30 17:17:13] INTERFACE POSSIVELMENTE QUEBRADA:
[2026-05-30 17:17:13] INTERFACE POSSIVELMENTE QUEBRADA:
[2026-05-30 17:17:13] INTERFACE POSSIVELMENTE QUEBRADA:
[2026-05-30 17:17:13] INTERFACE POSSIVELMENTE QUEBRADA:
[2026-05-30 17:17:13] INTERFACE POSSIVELMENTE QUEBRADA:
[2026-05-30 17:17:13] INTERFACE POSSIVELMENTE QUEBRADA:
[2026-05-30 17:17:13] INTERFACE POSSIVELMENTE QUEBRADA:
[2026-05-30 17:17:13] INTERFACE POSSIVELMENTE QUEBRADA:
[2026-05-30 17:17:13] INTERFACE POSSIVELMENTE QUEBRADA:
[2026-05-30 17:17:13] INTERFACE POSSIVELMENTE QUEBRADA:
[2026-05-30 17:17:13] INTERFACE POSSIVELMENTE QUEBRADA:
[2026-05-30 17:17:13] INTERFACE POSSIVELMENTE QUEBRADA:
[2026-05-30 17:17:13] INTERFACE POSSIVELMENTE QUEBRADA:
[2026-05-30 17:17:13] INTERFACE POSSIVELMENTE QUEBRADA:
[2026-05-30 17:17:13] INTERFACE POSSIVELMENTE QUEBRADA:
[2026-05-30 17:17:13] INTERFACE POSSIVELMENTE QUEBRADA:
[2026-05-30 17:17:13] INTERFACE POSSIVELMENTE QUEBRADA:
[2026-05-30 17:17:13] INTERFACE POSSIVELMENTE QUEBRADA:
[2026-05-30 17:17:13] INTERFACE POSSIVELMENTE QUEBRADA:
[2026-05-30 17:17:13] INTERFACE POSSIVELMENTE QUEBRADA:
[2026-05-30 17:17:13] INTERFACE POSSIVELMENTE QUEBRADA:
[2026-05-30 17:17:13] INTERFACE POSSIVELMENTE QUEBRADA:
[2026-05-30 17:17:13] INTERFACE POSSIVELMENTE QUEBRADA:
[2026-05-30 17:17:13] INTERFACE POSSIVELMENTE QUEBRADA:
[2026-05-30 17:17:13] INTERFACE POSSIVELMENTE QUEBRADA:
[2026-05-30 17:17:13] INTERFACE POSSIVELMENTE QUEBRADA:
[2026-05-30 17:17:13] INTERFACE POSSIVELMENTE QUEBRADA:
[2026-05-30 17:17:13] INTERFACE POSSIVELMENTE QUEBRADA:
[2026-05-30 17:17:13] INTERFACE POSSIVELMENTE QUEBRADA:
[2026-05-30 17:17:13] INTERFACE POSSIVELMENTE QUEBRADA:
[2026-05-30 17:17:13] INTERFACE POSSIVELMENTE QUEBRADA:
[2026-05-30 17:17:13] INTERFACE POSSIVELMENTE QUEBRADA:
[2026-05-30 17:17:13] INTERFACE POSSIVELMENTE QUEBRADA:
[2026-05-30 17:17:13] INTERFACE POSSIVELMENTE QUEBRADA:
[2026-05-30 17:17:13] INTERFACE POSSIVELMENTE QUEBRADA:
[2026-05-30 17:17:13] INTERFACE POSSIVELMENTE QUEBRADA:
[2026-05-30 17:17:13] INTERFACE POSSIVELMENTE QUEBRADA:
[2026-05-30 17:17:13] INTERFACE POSSIVELMENTE QUEBRADA:
[2026-05-30 17:17:13] INTERFACE POSSIVELMENTE QUEBRADA:
[2026-05-30 17:17:13] INTERFACE POSSIVELMENTE QUEBRADA:
[2026-05-30 17:17:13] INTERFACE POSSIVELMENTE QUEBRADA:
[2026-05-30 17:17:13] INTERFACE POSSIVELMENTE QUEBRADA:
[2026-05-30 17:17:13] INTERFACE POSSIVELMENTE QUEBRADA:
[2026-05-30 17:17:13] INTERFACE POSSIVELMENTE QUEBRADA:
[2026-05-30 17:17:13] INTERFACE POSSIVELMENTE QUEBRADA:
[2026-05-30 17:17:13] INTERFACE POSSIVELMENTE QUEBRADA:
[2026-05-30 17:17:13] INTERFACE POSSIVELMENTE QUEBRADA:
[2026-05-30 17:17:13] INTERFACE POSSIVELMENTE QUEBRADA:
[2026-05-30 17:17:13] INTERFACE POSSIVELMENTE QUEBRADA:
[2026-05-30 17:17:13] INTERFACE POSSIVELMENTE QUEBRADA:
[2026-05-30 17:17:13] INTERFACE POSSIVELMENTE QUEBRADA:
[2026-05-30 17:17:13] INTERFACE POSSIVELMENTE QUEBRADA:
[2026-05-30 17:17:13] INTERFACE POSSIVELMENTE QUEBRADA:
[2026-05-30 17:17:13] INTERFACE POSSIVELMENTE QUEBRADA:
[2026-05-30 17:17:13] INTERFACE POSSIVELMENTE QUEBRADA:
[2026-05-30 17:17:13] INTERFACE POSSIVELMENTE QUEBRADA:
[2026-05-30 17:17:14] INTERFACE POSSIVELMENTE QUEBRADA:
[2026-05-30 17:17:14] INTERFACE POSSIVELMENTE QUEBRADA:
[2026-05-30 17:17:14] INTERFACE POSSIVELMENTE QUEBRADA:
[2026-05-30 17:17:14] INTERFACE POSSIVELMENTE QUEBRADA:
[2026-05-30 17:17:14] INTERFACE POSSIVELMENTE QUEBRADA:
[2026-05-30 17:17:14] INTERFACE POSSIVELMENTE QUEBRADA:
[2026-05-30 17:17:14] INTERFACE POSSIVELMENTE QUEBRADA:
[2026-05-30 17:17:14] INTERFACE POSSIVELMENTE QUEBRADA:
[2026-05-30 17:17:14] INTERFACE POSSIVELMENTE QUEBRADA:
[2026-05-30 17:17:14] INTERFACE POSSIVELMENTE QUEBRADA:
[2026-05-30 17:17:14] INTERFACE POSSIVELMENTE QUEBRADA:
[2026-05-30 17:17:14] INTERFACE POSSIVELMENTE QUEBRADA:
[2026-05-30 17:17:14] INTERFACE POSSIVELMENTE QUEBRADA:
[2026-05-30 17:17:14] INTERFACE POSSIVELMENTE QUEBRADA:
[2026-05-30 17:17:14] INTERFACE POSSIVELMENTE QUEBRADA:
[2026-05-30 17:17:14] INTERFACE POSSIVELMENTE QUEBRADA:
[2026-05-30 17:17:14] INTERFACE POSSIVELMENTE QUEBRADA:
[2026-05-30 17:17:14] INTERFACE POSSIVELMENTE QUEBRADA:
[2026-05-30 17:17:14] INTERFACE POSSIVELMENTE QUEBRADA:
[2026-05-30 17:17:14] INTERFACE POSSIVELMENTE QUEBRADA:
[2026-05-30 17:17:14] INTERFACE POSSIVELMENTE QUEBRADA:
[2026-05-30 17:17:14] INTERFACE POSSIVELMENTE QUEBRADA:
[2026-05-30 17:17:14] INTERFACE POSSIVELMENTE QUEBRADA:
[2026-05-30 17:17:14] INTERFACE POSSIVELMENTE QUEBRADA:
[2026-05-30 17:17:14] INTERFACE POSSIVELMENTE QUEBRADA:
[2026-05-30 17:17:14] INTERFACE POSSIVELMENTE QUEBRADA:
[2026-05-30 17:17:14] INTERFACE POSSIVELMENTE QUEBRADA:
[2026-05-30 17:17:14] INTERFACE POSSIVELMENTE QUEBRADA:
[2026-05-30 17:17:14] INTERFACE POSSIVELMENTE QUEBRADA:
[2026-05-30 17:17:14] INTERFACE POSSIVELMENTE QUEBRADA:
[2026-05-30 17:17:14] INTERFACE POSSIVELMENTE QUEBRADA:
[2026-05-30 17:17:14] INTERFACE POSSIVELMENTE QUEBRADA:
[2026-05-30 17:17:14] INTERFACE POSSIVELMENTE QUEBRADA:
[2026-05-30 17:17:14] INTERFACE POSSIVELMENTE QUEBRADA:
[2026-05-30 17:17:14] INTERFACE POSSIVELMENTE QUEBRADA:
[2026-05-30 17:17:14] INTERFACE POSSIVELMENTE QUEBRADA:
[2026-05-30 17:17:14] INTERFACE POSSIVELMENTE QUEBRADA:
[2026-05-30 17:17:14] INTERFACE POSSIVELMENTE QUEBRADA:
[2026-05-30 17:17:14] INTERFACE POSSIVELMENTE QUEBRADA:
[2026-05-30 17:17:14] INTERFACE POSSIVELMENTE QUEBRADA:
[2026-05-30 17:17:14] INTERFACE POSSIVELMENTE QUEBRADA:
[2026-05-30 17:17:14] INTERFACE POSSIVELMENTE QUEBRADA:
[2026-05-30 17:17:14] INTERFACE POSSIVELMENTE QUEBRADA:
[2026-05-30 17:17:14] INTERFACE POSSIVELMENTE QUEBRADA:
[2026-05-30 17:17:14] INTERFACE POSSIVELMENTE QUEBRADA:
[2026-05-30 17:17:14] INTERFACE POSSIVELMENTE QUEBRADA:
[2026-05-30 17:17:14] INTERFACE POSSIVELMENTE QUEBRADA:
[2026-05-30 17:17:14] INTERFACE POSSIVELMENTE QUEBRADA:
[2026-05-30 17:17:14] INTERFACE POSSIVELMENTE QUEBRADA:
[2026-05-30 17:17:14] INTERFACE POSSIVELMENTE QUEBRADA:
[2026-05-30 17:17:14] INTERFACE POSSIVELMENTE QUEBRADA:
[2026-05-30 17:17:14] INTERFACE POSSIVELMENTE QUEBRADA:
[2026-05-30 17:17:14] INTERFACE POSSIVELMENTE QUEBRADA:
[2026-05-30 17:17:14] INTERFACE POSSIVELMENTE QUEBRADA:
[2026-05-30 17:17:14] INTERFACE POSSIVELMENTE QUEBRADA:
[2026-05-30 17:17:14] INTERFACE POSSIVELMENTE QUEBRADA:
[2026-05-30 17:17:14] INTERFACE POSSIVELMENTE QUEBRADA:
[2026-05-30 17:17:14] INTERFACE POSSIVELMENTE QUEBRADA:
[2026-05-30 17:17:14] INTERFACE POSSIVELMENTE QUEBRADA:
[2026-05-30 17:17:14] INTERFACE POSSIVELMENTE QUEBRADA:
[2026-05-30 17:17:14] INTERFACE POSSIVELMENTE QUEBRADA:
[2026-05-30 17:17:14] INTERFACE POSSIVELMENTE QUEBRADA:
[2026-05-30 17:17:14] INTERFACE POSSIVELMENTE QUEBRADA:
[2026-05-30 17:17:14] INTERFACE POSSIVELMENTE QUEBRADA:
[2026-05-30 17:17:14] INTERFACE POSSIVELMENTE QUEBRADA:
[2026-05-30 17:17:14] INTERFACE POSSIVELMENTE QUEBRADA:
[2026-05-30 17:17:14] INTERFACE POSSIVELMENTE QUEBRADA:
[2026-05-30 17:17:14] INTERFACE POSSIVELMENTE QUEBRADA:
[2026-05-30 17:17:14] INTERFACE POSSIVELMENTE QUEBRADA:
[2026-05-30 17:17:14] INTERFACE POSSIVELMENTE QUEBRADA:
[2026-05-30 17:17:14] INTERFACE POSSIVELMENTE QUEBRADA:
[2026-05-30 17:17:14] INTERFACE POSSIVELMENTE QUEBRADA:
[2026-05-30 17:17:14] INTERFACE POSSIVELMENTE QUEBRADA:
[2026-05-30 17:17:14] INTERFACE POSSIVELMENTE QUEBRADA:
[2026-05-30 17:17:14] INTERFACE POSSIVELMENTE QUEBRADA:
[2026-05-30 17:17:14] INTERFACE POSSIVELMENTE QUEBRADA:
[2026-05-30 17:17:14] INTERFACE POSSIVELMENTE QUEBRADA:
[2026-05-30 17:17:14] INTERFACE POSSIVELMENTE QUEBRADA:
[2026-05-30 17:17:14] INTERFACE POSSIVELMENTE QUEBRADA:
[2026-05-30 17:17:14] INTERFACE POSSIVELMENTE QUEBRADA:
[2026-05-30 17:17:14] INTERFACE POSSIVELMENTE QUEBRADA:
[2026-05-30 17:17:14] INTERFACE POSSIVELMENTE QUEBRADA:
[2026-05-30 17:17:14] INTERFACE POSSIVELMENTE QUEBRADA:
[2026-05-30 17:17:14] INTERFACE POSSIVELMENTE QUEBRADA:
[2026-05-30 17:17:14] INTERFACE POSSIVELMENTE QUEBRADA:
[2026-05-30 17:17:14] INTERFACE POSSIVELMENTE QUEBRADA:
[2026-05-30 17:17:14] INTERFACE POSSIVELMENTE QUEBRADA:
[2026-05-30 17:17:14] INTERFACE POSSIVELMENTE QUEBRADA:
[2026-05-30 17:17:14] INTERFACE POSSIVELMENTE QUEBRADA:
[2026-05-30 17:17:14] INTERFACE POSSIVELMENTE QUEBRADA:
[2026-05-30 17:17:14] INTERFACE POSSIVELMENTE QUEBRADA:
[2026-05-30 17:17:14] INTERFACE POSSIVELMENTE QUEBRADA:
[2026-05-30 17:17:14] INTERFACE POSSIVELMENTE QUEBRADA:
[2026-05-30 17:17:14] INTERFACE POSSIVELMENTE QUEBRADA:
[2026-05-30 17:17:14] INTERFACE POSSIVELMENTE QUEBRADA:
[2026-05-30 17:17:14] INTERFACE POSSIVELMENTE QUEBRADA:
[2026-05-30 17:17:14] INTERFACE POSSIVELMENTE QUEBRADA:
[2026-05-30 17:17:14] INTERFACE POSSIVELMENTE QUEBRADA:
[2026-05-30 17:17:14] INTERFACE POSSIVELMENTE QUEBRADA:
[2026-05-30 17:17:14] INTERFACE POSSIVELMENTE QUEBRADA:
[2026-05-30 17:17:14] INTERFACE POSSIVELMENTE QUEBRADA:
[2026-05-30 17:17:14] INTERFACE POSSIVELMENTE QUEBRADA:
[2026-05-30 17:17:14] INTERFACE POSSIVELMENTE QUEBRADA:
[2026-05-30 17:17:14] INTERFACE POSSIVELMENTE QUEBRADA:
[2026-05-30 17:17:14] INTERFACE POSSIVELMENTE QUEBRADA:
[2026-05-30 17:17:15] INTERFACE POSSIVELMENTE QUEBRADA:
[2026-05-30 17:17:15] INTERFACE POSSIVELMENTE QUEBRADA:
[2026-05-30 17:17:15] INTERFACE POSSIVELMENTE QUEBRADA:
[2026-05-30 17:17:15] INTERFACE POSSIVELMENTE QUEBRADA:
[2026-05-30 17:17:15] INTERFACE POSSIVELMENTE QUEBRADA:
[2026-05-30 17:17:15] INTERFACE POSSIVELMENTE QUEBRADA:
[2026-05-30 17:17:15] INTERFACE POSSIVELMENTE QUEBRADA:
[2026-05-30 17:17:15] INTERFACE POSSIVELMENTE QUEBRADA:
[2026-05-30 17:17:15] INTERFACE POSSIVELMENTE QUEBRADA:
[2026-05-30 17:17:15] INTERFACE POSSIVELMENTE QUEBRADA:
[2026-05-30 17:17:15] INTERFACE POSSIVELMENTE QUEBRADA:
[2026-05-30 17:17:15] INTERFACE POSSIVELMENTE QUEBRADA:
[2026-05-30 17:17:15] INTERFACE POSSIVELMENTE QUEBRADA:
[2026-05-30 17:17:15] INTERFACE POSSIVELMENTE QUEBRADA:
[2026-05-30 17:17:15] INTERFACE POSSIVELMENTE QUEBRADA:
[2026-05-30 17:17:15] INTERFACE POSSIVELMENTE QUEBRADA:
[2026-05-30 17:17:15] INTERFACE POSSIVELMENTE QUEBRADA:
[2026-05-30 17:17:15] INTERFACE POSSIVELMENTE QUEBRADA:
[2026-05-30 17:17:15] INTERFACE POSSIVELMENTE QUEBRADA:
[2026-05-30 17:17:15] INTERFACE POSSIVELMENTE QUEBRADA:
[2026-05-30 17:17:15] INTERFACE POSSIVELMENTE QUEBRADA:
[2026-05-30 17:17:15] INTERFACE POSSIVELMENTE QUEBRADA:
[2026-05-30 17:17:15] INTERFACE POSSIVELMENTE QUEBRADA:
[2026-05-30 17:17:15] INTERFACE POSSIVELMENTE QUEBRADA:
[2026-05-30 17:17:15] INTERFACE POSSIVELMENTE QUEBRADA:
[2026-05-30 17:17:15] INTERFACE POSSIVELMENTE QUEBRADA:
[2026-05-30 17:17:15] INTERFACE POSSIVELMENTE QUEBRADA:
[2026-05-30 17:17:15] INTERFACE POSSIVELMENTE QUEBRADA:
[2026-05-30 17:17:15] INTERFACE POSSIVELMENTE QUEBRADA:
[2026-05-30 17:17:15] INTERFACE POSSIVELMENTE QUEBRADA:
[2026-05-30 17:17:15] INTERFACE POSSIVELMENTE QUEBRADA:
[2026-05-30 17:17:15] INTERFACE POSSIVELMENTE QUEBRADA:
[2026-05-30 17:17:15] INTERFACE POSSIVELMENTE QUEBRADA:
[2026-05-30 17:17:15] INTERFACE POSSIVELMENTE QUEBRADA:
[2026-05-30 17:17:15] INTERFACE POSSIVELMENTE QUEBRADA:
[2026-05-30 17:17:15] INTERFACE POSSIVELMENTE QUEBRADA:
[2026-05-30 17:17:15] INTERFACE POSSIVELMENTE QUEBRADA:
[2026-05-30 17:17:15] INTERFACE POSSIVELMENTE QUEBRADA:
[2026-05-30 17:17:15] INTERFACE POSSIVELMENTE QUEBRADA:
[2026-05-30 17:17:15] INTERFACE POSSIVELMENTE QUEBRADA:
[2026-05-30 17:17:15] INTERFACE POSSIVELMENTE QUEBRADA:
[2026-05-30 17:17:15] INTERFACE POSSIVELMENTE QUEBRADA:
[2026-05-30 17:17:15] INTERFACE POSSIVELMENTE QUEBRADA:
[2026-05-30 17:17:15] INTERFACE POSSIVELMENTE QUEBRADA:
[2026-05-30 17:17:15] INTERFACE POSSIVELMENTE QUEBRADA:
[2026-05-30 17:17:15] INTERFACE POSSIVELMENTE QUEBRADA:
[2026-05-30 17:17:15] INTERFACE POSSIVELMENTE QUEBRADA:
[2026-05-30 17:17:15] INTERFACE POSSIVELMENTE QUEBRADA:
[2026-05-30 17:17:15] INTERFACE POSSIVELMENTE QUEBRADA:
[2026-05-30 17:17:15] INTERFACE POSSIVELMENTE QUEBRADA:
[2026-05-30 17:17:15] INTERFACE POSSIVELMENTE QUEBRADA:
[2026-05-30 17:17:15] INTERFACE POSSIVELMENTE QUEBRADA:
[2026-05-30 17:17:15] INTERFACE POSSIVELMENTE QUEBRADA:
[2026-05-30 17:17:15] INTERFACE POSSIVELMENTE QUEBRADA:
[2026-05-30 17:17:15] INTERFACE POSSIVELMENTE QUEBRADA:
[2026-05-30 17:17:15] INTERFACE POSSIVELMENTE QUEBRADA:
[2026-05-30 17:17:15] INTERFACE POSSIVELMENTE QUEBRADA:
[2026-05-30 17:17:15] INTERFACE POSSIVELMENTE QUEBRADA:
[2026-05-30 17:17:15] INTERFACE POSSIVELMENTE QUEBRADA:
[2026-05-30 17:17:15] INTERFACE POSSIVELMENTE QUEBRADA:
[2026-05-30 17:17:15] INTERFACE POSSIVELMENTE QUEBRADA:
[2026-05-30 17:17:15] INTERFACE POSSIVELMENTE QUEBRADA:
[2026-05-30 17:17:15] INTERFACE POSSIVELMENTE QUEBRADA:
[2026-05-30 17:17:15] INTERFACE POSSIVELMENTE QUEBRADA:
[2026-05-30 17:17:15] INTERFACE POSSIVELMENTE QUEBRADA:
[2026-05-30 17:17:15] INTERFACE POSSIVELMENTE QUEBRADA:
[2026-05-30 17:17:15] INTERFACE POSSIVELMENTE QUEBRADA:
[2026-05-30 17:17:15] INTERFACE POSSIVELMENTE QUEBRADA:
[2026-05-30 17:17:15] INTERFACE POSSIVELMENTE QUEBRADA:
[2026-05-30 17:17:15] INTERFACE POSSIVELMENTE QUEBRADA:
[2026-05-30 17:17:15] INTERFACE POSSIVELMENTE QUEBRADA:
[2026-05-30 17:17:15] INTERFACE POSSIVELMENTE QUEBRADA:
[2026-05-30 17:17:15] INTERFACE POSSIVELMENTE QUEBRADA:
[2026-05-30 17:17:15] INTERFACE POSSIVELMENTE QUEBRADA:
[2026-05-30 17:17:15] INTERFACE POSSIVELMENTE QUEBRADA:
[2026-05-30 17:17:15] INTERFACE POSSIVELMENTE QUEBRADA:
[2026-05-30 17:17:15] INTERFACE POSSIVELMENTE QUEBRADA:
[2026-05-30 17:17:15] INTERFACE POSSIVELMENTE QUEBRADA:
[2026-05-30 17:17:15] INTERFACE POSSIVELMENTE QUEBRADA:
[2026-05-30 17:17:15] INTERFACE POSSIVELMENTE QUEBRADA:
[2026-05-30 17:17:15] INTERFACE POSSIVELMENTE QUEBRADA:
[2026-05-30 17:17:15] INTERFACE POSSIVELMENTE QUEBRADA:
[2026-05-30 17:17:15] INTERFACE POSSIVELMENTE QUEBRADA:
[2026-05-30 17:17:15] INTERFACE POSSIVELMENTE QUEBRADA:
[2026-05-30 17:17:15] INTERFACE POSSIVELMENTE QUEBRADA:
[2026-05-30 17:17:15] INTERFACE POSSIVELMENTE QUEBRADA:
[2026-05-30 17:17:15] INTERFACE POSSIVELMENTE QUEBRADA:
[2026-05-30 17:17:15] INTERFACE POSSIVELMENTE QUEBRADA:
[2026-05-30 17:17:15] INTERFACE POSSIVELMENTE QUEBRADA:
[2026-05-30 17:17:16] INTERFACE POSSIVELMENTE QUEBRADA:
[2026-05-30 17:17:16] INTERFACE POSSIVELMENTE QUEBRADA:
[2026-05-30 17:17:16] INTERFACE POSSIVELMENTE QUEBRADA:
[2026-05-30 17:17:16] INTERFACE POSSIVELMENTE QUEBRADA:
[2026-05-30 17:17:16] INTERFACE POSSIVELMENTE QUEBRADA:
[2026-05-30 17:17:16] INTERFACE POSSIVELMENTE QUEBRADA:
[2026-05-30 17:17:16] INTERFACE POSSIVELMENTE QUEBRADA:
[2026-05-30 17:17:16] INTERFACE POSSIVELMENTE QUEBRADA:
[2026-05-30 17:17:16] INTERFACE POSSIVELMENTE QUEBRADA:
[2026-05-30 17:17:16] INTERFACE POSSIVELMENTE QUEBRADA:
[2026-05-30 17:17:16] INTERFACE POSSIVELMENTE QUEBRADA:
[2026-05-30 17:17:16] INTERFACE POSSIVELMENTE QUEBRADA:
[2026-05-30 17:17:16] INTERFACE POSSIVELMENTE QUEBRADA:
[2026-05-30 17:17:16] INTERFACE POSSIVELMENTE QUEBRADA:
[2026-05-30 17:17:16] INTERFACE POSSIVELMENTE QUEBRADA:
[2026-05-30 17:17:16] INTERFACE POSSIVELMENTE QUEBRADA:
[2026-05-30 17:17:16] INTERFACE POSSIVELMENTE QUEBRADA:
[2026-05-30 17:17:16] INTERFACE POSSIVELMENTE QUEBRADA:
[2026-05-30 17:17:16] INTERFACE POSSIVELMENTE QUEBRADA:
[2026-05-30 17:17:16] INTERFACE POSSIVELMENTE QUEBRADA:
[2026-05-30 17:17:16] INTERFACE POSSIVELMENTE QUEBRADA:
[2026-05-30 17:17:16] INTERFACE POSSIVELMENTE QUEBRADA:
[2026-05-30 17:17:16] INTERFACE POSSIVELMENTE QUEBRADA:
[2026-05-30 17:17:16] INTERFACE POSSIVELMENTE QUEBRADA:
[2026-05-30 17:17:16] INTERFACE POSSIVELMENTE QUEBRADA:
[2026-05-30 17:17:16] INTERFACE POSSIVELMENTE QUEBRADA:
[2026-05-30 17:17:16] INTERFACE POSSIVELMENTE QUEBRADA:
[2026-05-30 17:17:16] INTERFACE POSSIVELMENTE QUEBRADA:
[2026-05-30 17:17:16] INTERFACE POSSIVELMENTE QUEBRADA:
[2026-05-30 17:17:16] INTERFACE POSSIVELMENTE QUEBRADA:
[2026-05-30 17:17:16] INTERFACE POSSIVELMENTE QUEBRADA:
[2026-05-30 17:17:16] INTERFACE POSSIVELMENTE QUEBRADA:
[2026-05-30 17:17:16] INTERFACE POSSIVELMENTE QUEBRADA:
[2026-05-30 17:17:16] INTERFACE POSSIVELMENTE QUEBRADA:
[2026-05-30 17:17:16] INTERFACE POSSIVELMENTE QUEBRADA:
[2026-05-30 17:17:16] INTERFACE POSSIVELMENTE QUEBRADA:
[2026-05-30 17:17:16] INTERFACE POSSIVELMENTE QUEBRADA:
[2026-05-30 17:17:16] INTERFACE POSSIVELMENTE QUEBRADA:
[2026-05-30 17:17:16] INTERFACE POSSIVELMENTE QUEBRADA:
[2026-05-30 17:17:16] INTERFACE POSSIVELMENTE QUEBRADA:
[2026-05-30 17:17:16] INTERFACE POSSIVELMENTE QUEBRADA:
[2026-05-30 17:17:16] INTERFACE POSSIVELMENTE QUEBRADA:
[2026-05-30 17:17:16] INTERFACE POSSIVELMENTE QUEBRADA:
[2026-05-30 17:17:16] INTERFACE POSSIVELMENTE QUEBRADA:
[2026-05-30 17:17:16] INTERFACE POSSIVELMENTE QUEBRADA:
[2026-05-30 17:17:16] INTERFACE POSSIVELMENTE QUEBRADA:
[2026-05-30 17:17:16] INTERFACE POSSIVELMENTE QUEBRADA:
[2026-05-30 17:17:16] INTERFACE POSSIVELMENTE QUEBRADA:
[2026-05-30 17:17:16] INTERFACE POSSIVELMENTE QUEBRADA:
[2026-05-30 17:17:16] INTERFACE POSSIVELMENTE QUEBRADA:
[2026-05-30 17:17:16] INTERFACE POSSIVELMENTE QUEBRADA:
[2026-05-30 17:17:16] INTERFACE POSSIVELMENTE QUEBRADA:
[2026-05-30 17:17:16] INTERFACE POSSIVELMENTE QUEBRADA:
[2026-05-30 17:17:16] INTERFACE POSSIVELMENTE QUEBRADA:
[2026-05-30 17:17:16] INTERFACE POSSIVELMENTE QUEBRADA:
[2026-05-30 17:17:16] INTERFACE POSSIVELMENTE QUEBRADA:
[2026-05-30 17:17:16] INTERFACE POSSIVELMENTE QUEBRADA:
[2026-05-30 17:17:16] INTERFACE POSSIVELMENTE QUEBRADA:
[2026-05-30 17:17:16] INTERFACE POSSIVELMENTE QUEBRADA:
[2026-05-30 17:17:16] INTERFACE POSSIVELMENTE QUEBRADA:
[2026-05-30 17:17:16] INTERFACE POSSIVELMENTE QUEBRADA:
[2026-05-30 17:17:16] INTERFACE POSSIVELMENTE QUEBRADA:
[2026-05-30 17:17:16] INTERFACE POSSIVELMENTE QUEBRADA:
[2026-05-30 17:17:16] INTERFACE POSSIVELMENTE QUEBRADA:
[2026-05-30 17:17:16] INTERFACE POSSIVELMENTE QUEBRADA:
[2026-05-30 17:17:16] INTERFACE POSSIVELMENTE QUEBRADA:
[2026-05-30 17:17:16] INTERFACE POSSIVELMENTE QUEBRADA:
[2026-05-30 17:17:16] INTERFACE POSSIVELMENTE QUEBRADA:
[2026-05-30 17:17:16] INTERFACE POSSIVELMENTE QUEBRADA:
[2026-05-30 17:17:16] INTERFACE POSSIVELMENTE QUEBRADA:
[2026-05-30 17:17:16] INTERFACE POSSIVELMENTE QUEBRADA:
[2026-05-30 17:17:16] INTERFACE POSSIVELMENTE QUEBRADA:
[2026-05-30 17:17:16] INTERFACE POSSIVELMENTE QUEBRADA:
[2026-05-30 17:17:16] INTERFACE POSSIVELMENTE QUEBRADA:
[2026-05-30 17:17:16] INTERFACE POSSIVELMENTE QUEBRADA:
[2026-05-30 17:17:16] INTERFACE POSSIVELMENTE QUEBRADA:
[2026-05-30 17:17:16] INTERFACE POSSIVELMENTE QUEBRADA:
[2026-05-30 17:17:16] INTERFACE POSSIVELMENTE QUEBRADA:
[2026-05-30 17:17:16] INTERFACE POSSIVELMENTE QUEBRADA:
[2026-05-30 17:17:16] INTERFACE POSSIVELMENTE QUEBRADA:
[2026-05-30 17:17:16] INTERFACE POSSIVELMENTE QUEBRADA:
[2026-05-30 17:17:16] INTERFACE POSSIVELMENTE QUEBRADA:
[2026-05-30 17:17:16] INTERFACE POSSIVELMENTE QUEBRADA:
[2026-05-30 17:17:16] INTERFACE POSSIVELMENTE QUEBRADA:
[2026-05-30 17:17:16] INTERFACE POSSIVELMENTE QUEBRADA:
[2026-05-30 17:17:16] INTERFACE POSSIVELMENTE QUEBRADA:
[2026-05-30 17:17:16] INTERFACE POSSIVELMENTE QUEBRADA:
[2026-05-30 17:17:16] INTERFACE POSSIVELMENTE QUEBRADA:
[2026-05-30 17:17:16] INTERFACE POSSIVELMENTE QUEBRADA:
[2026-05-30 17:17:16] INTERFACE POSSIVELMENTE QUEBRADA:
[2026-05-30 17:17:16] INTERFACE POSSIVELMENTE QUEBRADA:
[2026-05-30 17:17:16] INTERFACE POSSIVELMENTE QUEBRADA:
[2026-05-30 17:17:16] INTERFACE POSSIVELMENTE QUEBRADA:
[2026-05-30 17:17:16] INTERFACE POSSIVELMENTE QUEBRADA:
[2026-05-30 17:17:16] INTERFACE POSSIVELMENTE QUEBRADA:
[2026-05-30 17:17:16] INTERFACE POSSIVELMENTE QUEBRADA:
[2026-05-30 17:17:16] INTERFACE POSSIVELMENTE QUEBRADA:
[2026-05-30 17:17:16] INTERFACE POSSIVELMENTE QUEBRADA:
[2026-05-30 17:17:16] INTERFACE POSSIVELMENTE QUEBRADA:
[2026-05-30 17:17:16] INTERFACE POSSIVELMENTE QUEBRADA:
[2026-05-30 17:17:16] INTERFACE POSSIVELMENTE QUEBRADA:
[2026-05-30 17:17:16] INTERFACE POSSIVELMENTE QUEBRADA:
[2026-05-30 17:17:16] INTERFACE POSSIVELMENTE QUEBRADA:
[2026-05-30 17:17:16] INTERFACE POSSIVELMENTE QUEBRADA:
[2026-05-30 17:17:16] INTERFACE POSSIVELMENTE QUEBRADA:
[2026-05-30 17:17:16] INTERFACE POSSIVELMENTE QUEBRADA:
[2026-05-30 17:17:16] INTERFACE POSSIVELMENTE QUEBRADA:
[2026-05-30 17:17:16] INTERFACE POSSIVELMENTE QUEBRADA:
[2026-05-30 17:17:16] INTERFACE POSSIVELMENTE QUEBRADA:
[2026-05-30 17:17:16] INTERFACE POSSIVELMENTE QUEBRADA:
[2026-05-30 17:17:16] INTERFACE POSSIVELMENTE QUEBRADA:
[2026-05-30 17:17:16] INTERFACE POSSIVELMENTE QUEBRADA:
[2026-05-30 17:17:16] INTERFACE POSSIVELMENTE QUEBRADA:
[2026-05-30 17:17:16] INTERFACE POSSIVELMENTE QUEBRADA:
[2026-05-30 17:17:16] INTERFACE POSSIVELMENTE QUEBRADA:
[2026-05-30 17:17:16] INTERFACE POSSIVELMENTE QUEBRADA:
[2026-05-30 17:17:16] INTERFACE POSSIVELMENTE QUEBRADA:
[2026-05-30 17:17:16] INTERFACE POSSIVELMENTE QUEBRADA:
[2026-05-30 17:17:16] INTERFACE POSSIVELMENTE QUEBRADA:
[2026-05-30 17:17:16] INTERFACE POSSIVELMENTE QUEBRADA:
[2026-05-30 17:17:16] INTERFACE POSSIVELMENTE QUEBRADA:
[2026-05-30 17:17:16] INTERFACE POSSIVELMENTE QUEBRADA:
[2026-05-30 17:17:16] INTERFACE POSSIVELMENTE QUEBRADA:
[2026-05-30 17:17:16] INTERFACE POSSIVELMENTE QUEBRADA:
[2026-05-30 17:17:16] INTERFACE POSSIVELMENTE QUEBRADA:
[2026-05-30 17:17:16] INTERFACE POSSIVELMENTE QUEBRADA:
[2026-05-30 17:17:17] INTERFACE POSSIVELMENTE QUEBRADA:
[2026-05-30 17:17:17] INTERFACE POSSIVELMENTE QUEBRADA:
[2026-05-30 17:17:17] INTERFACE POSSIVELMENTE QUEBRADA:
[2026-05-30 17:17:17] INTERFACE POSSIVELMENTE QUEBRADA:
[2026-05-30 17:17:17] INTERFACE POSSIVELMENTE QUEBRADA:
[2026-05-30 17:17:17] INTERFACE POSSIVELMENTE QUEBRADA:
[2026-05-30 17:17:17] INTERFACE POSSIVELMENTE QUEBRADA:
[2026-05-30 17:17:17] INTERFACE POSSIVELMENTE QUEBRADA:
[2026-05-30 17:17:17] INTERFACE POSSIVELMENTE QUEBRADA:
[2026-05-30 17:17:17] INTERFACE POSSIVELMENTE QUEBRADA:
[2026-05-30 17:17:17] INTERFACE POSSIVELMENTE QUEBRADA:
[2026-05-30 17:17:17] INTERFACE POSSIVELMENTE QUEBRADA:
[2026-05-30 17:17:17] INTERFACE POSSIVELMENTE QUEBRADA:
[2026-05-30 17:17:17] INTERFACE POSSIVELMENTE QUEBRADA:
[2026-05-30 17:17:17] INTERFACE POSSIVELMENTE QUEBRADA:
[2026-05-30 17:17:17] INTERFACE POSSIVELMENTE QUEBRADA:
[2026-05-30 17:17:17] INTERFACE POSSIVELMENTE QUEBRADA:
[2026-05-30 17:17:17] INTERFACE POSSIVELMENTE QUEBRADA:
[2026-05-30 17:17:17] INTERFACE POSSIVELMENTE QUEBRADA:
[2026-05-30 17:17:17] INTERFACE POSSIVELMENTE QUEBRADA:
[2026-05-30 17:17:17] INTERFACE POSSIVELMENTE QUEBRADA:
[2026-05-30 17:17:17] INTERFACE POSSIVELMENTE QUEBRADA:
[2026-05-30 17:17:17] INTERFACE POSSIVELMENTE QUEBRADA:
[2026-05-30 17:17:17] INTERFACE POSSIVELMENTE QUEBRADA:
[2026-05-30 17:17:17] INTERFACE POSSIVELMENTE QUEBRADA:
[2026-05-30 17:17:17] INTERFACE POSSIVELMENTE QUEBRADA:
[2026-05-30 17:17:17] INTERFACE POSSIVELMENTE QUEBRADA:
[2026-05-30 17:17:17] INTERFACE POSSIVELMENTE QUEBRADA:
[2026-05-30 17:17:17] INTERFACE POSSIVELMENTE QUEBRADA:
[2026-05-30 17:17:17] INTERFACE POSSIVELMENTE QUEBRADA:
[2026-05-30 17:17:17] INTERFACE POSSIVELMENTE QUEBRADA:
[2026-05-30 17:17:17] INTERFACE POSSIVELMENTE QUEBRADA:
[2026-05-30 17:17:17] INTERFACE POSSIVELMENTE QUEBRADA:
[2026-05-30 17:17:17] INTERFACE POSSIVELMENTE QUEBRADA:
[2026-05-30 17:17:17] INTERFACE POSSIVELMENTE QUEBRADA:
[2026-05-30 17:17:17] INTERFACE POSSIVELMENTE QUEBRADA:
[2026-05-30 17:17:17] INTERFACE POSSIVELMENTE QUEBRADA:
[2026-05-30 17:17:17] INTERFACE POSSIVELMENTE QUEBRADA:
[2026-05-30 17:17:17] INTERFACE POSSIVELMENTE QUEBRADA:
[2026-05-30 17:17:17] INTERFACE POSSIVELMENTE QUEBRADA:
[2026-05-30 17:17:17] INTERFACE POSSIVELMENTE QUEBRADA:
[2026-05-30 17:17:17] INTERFACE POSSIVELMENTE QUEBRADA:
[2026-05-30 17:17:17] INTERFACE POSSIVELMENTE QUEBRADA:
[2026-05-30 17:17:17] INTERFACE POSSIVELMENTE QUEBRADA:
[2026-05-30 17:17:17] INTERFACE POSSIVELMENTE QUEBRADA:
[2026-05-30 17:17:17] INTERFACE POSSIVELMENTE QUEBRADA:
[2026-05-30 17:17:17] INTERFACE POSSIVELMENTE QUEBRADA:
[2026-05-30 17:17:17] INTERFACE POSSIVELMENTE QUEBRADA:
[2026-05-30 17:17:17] INTERFACE POSSIVELMENTE QUEBRADA:
[2026-05-30 17:17:17] INTERFACE POSSIVELMENTE QUEBRADA:
[2026-05-30 17:17:17] INTERFACE POSSIVELMENTE QUEBRADA:
[2026-05-30 17:17:17] INTERFACE POSSIVELMENTE QUEBRADA:
[2026-05-30 17:17:17] INTERFACE POSSIVELMENTE QUEBRADA:
[2026-05-30 17:17:17] INTERFACE POSSIVELMENTE QUEBRADA:
[2026-05-30 17:17:17] INTERFACE POSSIVELMENTE QUEBRADA:
[2026-05-30 17:17:17] INTERFACE POSSIVELMENTE QUEBRADA:
[2026-05-30 17:17:17] INTERFACE POSSIVELMENTE QUEBRADA:
[2026-05-30 17:17:17] INTERFACE POSSIVELMENTE QUEBRADA:
[2026-05-30 17:17:17] INTERFACE POSSIVELMENTE QUEBRADA:
[2026-05-30 17:17:17] INTERFACE POSSIVELMENTE QUEBRADA:
[2026-05-30 17:17:17] INTERFACE POSSIVELMENTE QUEBRADA:
[2026-05-30 17:17:17] INTERFACE POSSIVELMENTE QUEBRADA:
[2026-05-30 17:17:17] INTERFACE POSSIVELMENTE QUEBRADA:
[2026-05-30 17:17:17] INTERFACE POSSIVELMENTE QUEBRADA:
[2026-05-30 17:17:17] INTERFACE POSSIVELMENTE QUEBRADA:
[2026-05-30 17:17:17] INTERFACE POSSIVELMENTE QUEBRADA:
[2026-05-30 17:17:17] INTERFACE POSSIVELMENTE QUEBRADA:
[2026-05-30 17:17:17] INTERFACE POSSIVELMENTE QUEBRADA:
[2026-05-30 17:17:17] INTERFACE POSSIVELMENTE QUEBRADA:
[2026-05-30 17:17:17] INTERFACE POSSIVELMENTE QUEBRADA:
[2026-05-30 17:17:17] INTERFACE POSSIVELMENTE QUEBRADA:
[2026-05-30 17:17:17] INTERFACE POSSIVELMENTE QUEBRADA:
[2026-05-30 17:17:17] INTERFACE POSSIVELMENTE QUEBRADA:
[2026-05-30 17:17:17] INTERFACE POSSIVELMENTE QUEBRADA:
[2026-05-30 17:17:17] INTERFACE POSSIVELMENTE QUEBRADA:
[2026-05-30 17:17:17] INTERFACE POSSIVELMENTE QUEBRADA:
[2026-05-30 17:17:17] INTERFACE POSSIVELMENTE QUEBRADA:
[2026-05-30 17:17:17] INTERFACE POSSIVELMENTE QUEBRADA:
[2026-05-30 17:17:17] INTERFACE POSSIVELMENTE QUEBRADA:
[2026-05-30 17:17:17] INTERFACE POSSIVELMENTE QUEBRADA:
[2026-05-30 17:17:17] INTERFACE POSSIVELMENTE QUEBRADA:
[2026-05-30 17:17:17] INTERFACE POSSIVELMENTE QUEBRADA:
[2026-05-30 17:17:17] INTERFACE POSSIVELMENTE QUEBRADA:
[2026-05-30 17:17:17] INTERFACE POSSIVELMENTE QUEBRADA:
[2026-05-30 17:17:17] INTERFACE POSSIVELMENTE QUEBRADA:
[2026-05-30 17:17:17] INTERFACE POSSIVELMENTE QUEBRADA:
[2026-05-30 17:17:17] INTERFACE POSSIVELMENTE QUEBRADA:
[2026-05-30 17:17:17] INTERFACE POSSIVELMENTE QUEBRADA:
[2026-05-30 17:17:17] INTERFACE POSSIVELMENTE QUEBRADA:
[2026-05-30 17:17:17] INTERFACE POSSIVELMENTE QUEBRADA:
[2026-05-30 17:17:17] INTERFACE POSSIVELMENTE QUEBRADA:
[2026-05-30 17:17:17] INTERFACE POSSIVELMENTE QUEBRADA:
[2026-05-30 17:17:17] INTERFACE POSSIVELMENTE QUEBRADA:
[2026-05-30 17:17:18] INTERFACE POSSIVELMENTE QUEBRADA:
[2026-05-30 17:17:18] INTERFACE POSSIVELMENTE QUEBRADA:
[2026-05-30 17:17:18] INTERFACE POSSIVELMENTE QUEBRADA:
[2026-05-30 17:17:18] INTERFACE POSSIVELMENTE QUEBRADA:
[2026-05-30 17:17:18] INTERFACE POSSIVELMENTE QUEBRADA:
[2026-05-30 17:17:18] INTERFACE POSSIVELMENTE QUEBRADA:
[2026-05-30 17:17:18] INTERFACE POSSIVELMENTE QUEBRADA:
[2026-05-30 17:17:18] INTERFACE POSSIVELMENTE QUEBRADA:
[2026-05-30 17:17:18] INTERFACE POSSIVELMENTE QUEBRADA:
[2026-05-30 17:17:18] INTERFACE POSSIVELMENTE QUEBRADA:
[2026-05-30 17:17:18] INTERFACE POSSIVELMENTE QUEBRADA:
[2026-05-30 17:17:18] INTERFACE POSSIVELMENTE QUEBRADA:
[2026-05-30 17:17:18] INTERFACE POSSIVELMENTE QUEBRADA:
[2026-05-30 17:17:18] INTERFACE POSSIVELMENTE QUEBRADA:
[2026-05-30 17:17:18] INTERFACE POSSIVELMENTE QUEBRADA:
[2026-05-30 17:17:18] INTERFACE POSSIVELMENTE QUEBRADA:
[2026-05-30 17:17:18] INTERFACE POSSIVELMENTE QUEBRADA:
[2026-05-30 17:17:18] INTERFACE POSSIVELMENTE QUEBRADA:
[2026-05-30 17:17:18] INTERFACE POSSIVELMENTE QUEBRADA:
[2026-05-30 17:17:18] INTERFACE POSSIVELMENTE QUEBRADA:
[2026-05-30 17:17:18] INTERFACE POSSIVELMENTE QUEBRADA:
[2026-05-30 17:17:18] INTERFACE POSSIVELMENTE QUEBRADA:
[2026-05-30 17:17:18] INTERFACE POSSIVELMENTE QUEBRADA:
[2026-05-30 17:17:18] INTERFACE POSSIVELMENTE QUEBRADA:
[2026-05-30 17:17:18] INTERFACE POSSIVELMENTE QUEBRADA:
[2026-05-30 17:17:18] INTERFACE POSSIVELMENTE QUEBRADA:
[2026-05-30 17:17:18] INTERFACE POSSIVELMENTE QUEBRADA:
[2026-05-30 17:17:18] INTERFACE POSSIVELMENTE QUEBRADA:
[2026-05-30 17:17:18] INTERFACE POSSIVELMENTE QUEBRADA:
[2026-05-30 17:17:18] INTERFACE POSSIVELMENTE QUEBRADA:
[2026-05-30 17:17:18] INTERFACE POSSIVELMENTE QUEBRADA:
[2026-05-30 17:17:18] INTERFACE POSSIVELMENTE QUEBRADA:
[2026-05-30 17:17:18] INTERFACE POSSIVELMENTE QUEBRADA:
[2026-05-30 17:17:18] INTERFACE POSSIVELMENTE QUEBRADA:
[2026-05-30 17:17:18] INTERFACE POSSIVELMENTE QUEBRADA:
[2026-05-30 17:17:18] INTERFACE POSSIVELMENTE QUEBRADA:
[2026-05-30 17:17:18] INTERFACE POSSIVELMENTE QUEBRADA:
[2026-05-30 17:17:18] INTERFACE POSSIVELMENTE QUEBRADA:
[2026-05-30 17:17:18] INTERFACE POSSIVELMENTE QUEBRADA:
[2026-05-30 17:17:18] INTERFACE POSSIVELMENTE QUEBRADA:
[2026-05-30 17:17:18] INTERFACE POSSIVELMENTE QUEBRADA:
[2026-05-30 17:17:18] INTERFACE POSSIVELMENTE QUEBRADA:
[2026-05-30 17:17:18] INTERFACE POSSIVELMENTE QUEBRADA:
[2026-05-30 17:17:18] INTERFACE POSSIVELMENTE QUEBRADA:
[2026-05-30 17:17:18] INTERFACE POSSIVELMENTE QUEBRADA:
[2026-05-30 17:17:18] INTERFACE POSSIVELMENTE QUEBRADA:
[2026-05-30 17:17:18] INTERFACE POSSIVELMENTE QUEBRADA:
[2026-05-30 17:17:18] INTERFACE POSSIVELMENTE QUEBRADA:
[2026-05-30 17:17:18] INTERFACE POSSIVELMENTE QUEBRADA:
[2026-05-30 17:17:18] INTERFACE POSSIVELMENTE QUEBRADA:
[2026-05-30 17:17:18] INTERFACE POSSIVELMENTE QUEBRADA:
[2026-05-30 17:17:18] INTERFACE POSSIVELMENTE QUEBRADA:
[2026-05-30 17:17:18] INTERFACE POSSIVELMENTE QUEBRADA:
[2026-05-30 17:17:18] INTERFACE POSSIVELMENTE QUEBRADA:
[2026-05-30 17:17:18] INTERFACE POSSIVELMENTE QUEBRADA:
[2026-05-30 17:17:18] INTERFACE POSSIVELMENTE QUEBRADA:
[2026-05-30 17:17:18] INTERFACE POSSIVELMENTE QUEBRADA:
[2026-05-30 17:17:18] INTERFACE POSSIVELMENTE QUEBRADA:
[2026-05-30 17:17:18] INTERFACE POSSIVELMENTE QUEBRADA:
[2026-05-30 17:17:18] INTERFACE POSSIVELMENTE QUEBRADA:
[2026-05-30 17:17:18] INTERFACE POSSIVELMENTE QUEBRADA:
[2026-05-30 17:17:18] INTERFACE POSSIVELMENTE QUEBRADA:
[2026-05-30 17:17:18] INTERFACE POSSIVELMENTE QUEBRADA:
[2026-05-30 17:17:18] INTERFACE POSSIVELMENTE QUEBRADA:
[2026-05-30 17:17:18] INTERFACE POSSIVELMENTE QUEBRADA:
[2026-05-30 17:17:18] INTERFACE POSSIVELMENTE QUEBRADA:
[2026-05-30 17:17:18] INTERFACE POSSIVELMENTE QUEBRADA:
[2026-05-30 17:17:18] INTERFACE POSSIVELMENTE QUEBRADA:
[2026-05-30 17:17:18] INTERFACE POSSIVELMENTE QUEBRADA:
[2026-05-30 17:17:18] INTERFACE POSSIVELMENTE QUEBRADA:
[2026-05-30 17:17:18] INTERFACE POSSIVELMENTE QUEBRADA:
[2026-05-30 17:17:18] INTERFACE POSSIVELMENTE QUEBRADA:
[2026-05-30 17:17:18] INTERFACE POSSIVELMENTE QUEBRADA:
[2026-05-30 17:17:18] INTERFACE POSSIVELMENTE QUEBRADA:
[2026-05-30 17:17:18] INTERFACE POSSIVELMENTE QUEBRADA:
[2026-05-30 17:17:18] INTERFACE POSSIVELMENTE QUEBRADA:
[2026-05-30 17:17:18] INTERFACE POSSIVELMENTE QUEBRADA:
[2026-05-30 17:17:18] INTERFACE POSSIVELMENTE QUEBRADA:
[2026-05-30 17:17:18] INTERFACE POSSIVELMENTE QUEBRADA:
[2026-05-30 17:17:18] INTERFACE POSSIVELMENTE QUEBRADA:
[2026-05-30 17:17:18] INTERFACE POSSIVELMENTE QUEBRADA:
[2026-05-30 17:17:18] INTERFACE POSSIVELMENTE QUEBRADA:
[2026-05-30 17:17:18] INTERFACE POSSIVELMENTE QUEBRADA:
[2026-05-30 17:17:18] INTERFACE POSSIVELMENTE QUEBRADA:
[2026-05-30 17:17:18] INTERFACE POSSIVELMENTE QUEBRADA:
[2026-05-30 17:17:18] INTERFACE POSSIVELMENTE QUEBRADA:
[2026-05-30 17:17:18] INTERFACE POSSIVELMENTE QUEBRADA:
[2026-05-30 17:17:18] INTERFACE POSSIVELMENTE QUEBRADA:
[2026-05-30 17:17:18] INTERFACE POSSIVELMENTE QUEBRADA:
[2026-05-30 17:17:18] INTERFACE POSSIVELMENTE QUEBRADA:
[2026-05-30 17:17:18] INTERFACE POSSIVELMENTE QUEBRADA:
[2026-05-30 17:17:18] INTERFACE POSSIVELMENTE QUEBRADA:
[2026-05-30 17:17:18] INTERFACE POSSIVELMENTE QUEBRADA:
[2026-05-30 17:17:18] INTERFACE POSSIVELMENTE QUEBRADA:
[2026-05-30 17:17:18] INTERFACE POSSIVELMENTE QUEBRADA:
[2026-05-30 17:17:18] INTERFACE POSSIVELMENTE QUEBRADA:
[2026-05-30 17:17:19] INTERFACE POSSIVELMENTE QUEBRADA:
[2026-05-30 17:17:19] INTERFACE POSSIVELMENTE QUEBRADA:
[2026-05-30 17:17:19] INTERFACE POSSIVELMENTE QUEBRADA:
[2026-05-30 17:17:19] INTERFACE POSSIVELMENTE QUEBRADA:
[2026-05-30 17:17:19] INTERFACE POSSIVELMENTE QUEBRADA:
[2026-05-30 17:17:19] INTERFACE POSSIVELMENTE QUEBRADA:
[2026-05-30 17:17:19] INTERFACE POSSIVELMENTE QUEBRADA:
[2026-05-30 17:17:19] INTERFACE POSSIVELMENTE QUEBRADA:
[2026-05-30 17:17:19] INTERFACE POSSIVELMENTE QUEBRADA:
[2026-05-30 17:17:19] INTERFACE POSSIVELMENTE QUEBRADA:
[2026-05-30 17:17:19] INTERFACE POSSIVELMENTE QUEBRADA:
[2026-05-30 17:17:19] INTERFACE POSSIVELMENTE QUEBRADA:
[2026-05-30 17:17:19] INTERFACE POSSIVELMENTE QUEBRADA:
[2026-05-30 17:17:19] INTERFACE POSSIVELMENTE QUEBRADA:
[2026-05-30 17:17:19] INTERFACE POSSIVELMENTE QUEBRADA:
[2026-05-30 17:17:19] INTERFACE POSSIVELMENTE QUEBRADA:
[2026-05-30 17:17:19] INTERFACE POSSIVELMENTE QUEBRADA:
[2026-05-30 17:17:19] INTERFACE POSSIVELMENTE QUEBRADA:
[2026-05-30 17:17:19] INTERFACE POSSIVELMENTE QUEBRADA:
[2026-05-30 17:17:19] INTERFACE POSSIVELMENTE QUEBRADA:
[2026-05-30 17:17:19] INTERFACE POSSIVELMENTE QUEBRADA:
[2026-05-30 17:17:19] INTERFACE POSSIVELMENTE QUEBRADA:
[2026-05-30 17:17:19] INTERFACE POSSIVELMENTE QUEBRADA:
[2026-05-30 17:17:19] INTERFACE POSSIVELMENTE QUEBRADA:
[2026-05-30 17:17:19] INTERFACE POSSIVELMENTE QUEBRADA:
[2026-05-30 17:17:19] INTERFACE POSSIVELMENTE QUEBRADA:
[2026-05-30 17:17:19] INTERFACE POSSIVELMENTE QUEBRADA:
[2026-05-30 17:17:19] INTERFACE POSSIVELMENTE QUEBRADA:
[2026-05-30 17:17:19] INTERFACE POSSIVELMENTE QUEBRADA:
[2026-05-30 17:17:19] INTERFACE POSSIVELMENTE QUEBRADA:
[2026-05-30 17:17:19] INTERFACE POSSIVELMENTE QUEBRADA:
[2026-05-30 17:17:19] INTERFACE POSSIVELMENTE QUEBRADA:
[2026-05-30 17:17:19] INTERFACE POSSIVELMENTE QUEBRADA:
[2026-05-30 17:17:19] INTERFACE POSSIVELMENTE QUEBRADA:
[2026-05-30 17:17:19] INTERFACE POSSIVELMENTE QUEBRADA:
[2026-05-30 17:17:19] INTERFACE POSSIVELMENTE QUEBRADA:
[2026-05-30 17:17:19] INTERFACE POSSIVELMENTE QUEBRADA:
[2026-05-30 17:17:19] INTERFACE POSSIVELMENTE QUEBRADA:
[2026-05-30 17:17:19] INTERFACE POSSIVELMENTE QUEBRADA:
[2026-05-30 17:17:19] INTERFACE POSSIVELMENTE QUEBRADA:
[2026-05-30 17:17:19] INTERFACE POSSIVELMENTE QUEBRADA:
[2026-05-30 17:17:19] INTERFACE POSSIVELMENTE QUEBRADA:
[2026-05-30 17:17:19] INTERFACE POSSIVELMENTE QUEBRADA:
[2026-05-30 17:17:19] INTERFACE POSSIVELMENTE QUEBRADA:
[2026-05-30 17:17:19] INTERFACE POSSIVELMENTE QUEBRADA:
[2026-05-30 17:17:19] INTERFACE POSSIVELMENTE QUEBRADA:
[2026-05-30 17:17:19] INTERFACE POSSIVELMENTE QUEBRADA:
[2026-05-30 17:17:19] INTERFACE POSSIVELMENTE QUEBRADA:
[2026-05-30 17:17:19] INTERFACE POSSIVELMENTE QUEBRADA:
[2026-05-30 17:17:19] INTERFACE POSSIVELMENTE QUEBRADA:
[2026-05-30 17:17:19] INTERFACE POSSIVELMENTE QUEBRADA:
[2026-05-30 17:17:19] INTERFACE POSSIVELMENTE QUEBRADA:
[2026-05-30 17:17:19] INTERFACE POSSIVELMENTE QUEBRADA:
[2026-05-30 17:17:19] INTERFACE POSSIVELMENTE QUEBRADA:
[2026-05-30 17:17:19] INTERFACE POSSIVELMENTE QUEBRADA:
[2026-05-30 17:17:19] INTERFACE POSSIVELMENTE QUEBRADA:
[2026-05-30 17:17:19] INTERFACE POSSIVELMENTE QUEBRADA:
[2026-05-30 17:17:19] INTERFACE POSSIVELMENTE QUEBRADA:
[2026-05-30 17:17:19] INTERFACE POSSIVELMENTE QUEBRADA:
[2026-05-30 17:17:19] INTERFACE POSSIVELMENTE QUEBRADA:
[2026-05-30 17:17:19] INTERFACE POSSIVELMENTE QUEBRADA:
[2026-05-30 17:17:19] INTERFACE POSSIVELMENTE QUEBRADA:
[2026-05-30 17:17:19] INTERFACE POSSIVELMENTE QUEBRADA:
[2026-05-30 17:17:19] INTERFACE POSSIVELMENTE QUEBRADA:
[2026-05-30 17:17:19] INTERFACE POSSIVELMENTE QUEBRADA:
[2026-05-30 17:17:19] INTERFACE POSSIVELMENTE QUEBRADA:
[2026-05-30 17:17:19] INTERFACE POSSIVELMENTE QUEBRADA:
[2026-05-30 17:17:19] INTERFACE POSSIVELMENTE QUEBRADA:
[2026-05-30 17:17:19] INTERFACE POSSIVELMENTE QUEBRADA:
[2026-05-30 17:17:19] INTERFACE POSSIVELMENTE QUEBRADA:
[2026-05-30 17:17:19] INTERFACE POSSIVELMENTE QUEBRADA:
[2026-05-30 17:17:19] INTERFACE POSSIVELMENTE QUEBRADA:
[2026-05-30 17:17:19] INTERFACE POSSIVELMENTE QUEBRADA:
[2026-05-30 17:17:19] INTERFACE POSSIVELMENTE QUEBRADA:
[2026-05-30 17:17:19] INTERFACE POSSIVELMENTE QUEBRADA:
[2026-05-30 17:17:19] INTERFACE POSSIVELMENTE QUEBRADA:
[2026-05-30 17:17:19] INTERFACE POSSIVELMENTE QUEBRADA:
[2026-05-30 17:17:19] INTERFACE POSSIVELMENTE QUEBRADA:
[2026-05-30 17:17:19] INTERFACE POSSIVELMENTE QUEBRADA:
[2026-05-30 17:17:19] INTERFACE POSSIVELMENTE QUEBRADA:
[2026-05-30 17:17:19] INTERFACE POSSIVELMENTE QUEBRADA:
[2026-05-30 17:17:19] INTERFACE POSSIVELMENTE QUEBRADA:
[2026-05-30 17:17:19] INTERFACE POSSIVELMENTE QUEBRADA:
[2026-05-30 17:17:19] INTERFACE POSSIVELMENTE QUEBRADA:
[2026-05-30 17:17:19] INTERFACE POSSIVELMENTE QUEBRADA:
[2026-05-30 17:17:19] INTERFACE POSSIVELMENTE QUEBRADA:
[2026-05-30 17:17:19] INTERFACE POSSIVELMENTE QUEBRADA:
[2026-05-30 17:17:19] INTERFACE POSSIVELMENTE QUEBRADA:
[2026-05-30 17:17:19] INTERFACE POSSIVELMENTE QUEBRADA:
[2026-05-30 17:17:19] INTERFACE POSSIVELMENTE QUEBRADA:
[2026-05-30 17:17:19] INTERFACE POSSIVELMENTE QUEBRADA:
[2026-05-30 17:17:19] INTERFACE POSSIVELMENTE QUEBRADA:
[2026-05-30 17:17:19] INTERFACE POSSIVELMENTE QUEBRADA:
[2026-05-30 17:17:19] INTERFACE POSSIVELMENTE QUEBRADA:
[2026-05-30 17:17:19] INTERFACE POSSIVELMENTE QUEBRADA:
[2026-05-30 17:17:19] INTERFACE POSSIVELMENTE QUEBRADA:
[2026-05-30 17:17:19] INTERFACE POSSIVELMENTE QUEBRADA:
[2026-05-30 17:17:19] INTERFACE POSSIVELMENTE QUEBRADA:
[2026-05-30 17:17:19] INTERFACE POSSIVELMENTE QUEBRADA:
[2026-05-30 17:17:19] INTERFACE POSSIVELMENTE QUEBRADA:
[2026-05-30 17:17:19] INTERFACE POSSIVELMENTE QUEBRADA:
[2026-05-30 17:17:19] INTERFACE POSSIVELMENTE QUEBRADA:
[2026-05-30 17:17:19] INTERFACE POSSIVELMENTE QUEBRADA:
[2026-05-30 17:17:19] INTERFACE POSSIVELMENTE QUEBRADA:
[2026-05-30 17:17:19] INTERFACE POSSIVELMENTE QUEBRADA:
[2026-05-30 17:17:19] INTERFACE POSSIVELMENTE QUEBRADA:
[2026-05-30 17:17:19] INTERFACE POSSIVELMENTE QUEBRADA:
[2026-05-30 17:17:19] INTERFACE POSSIVELMENTE QUEBRADA:
[2026-05-30 17:17:19] INTERFACE POSSIVELMENTE QUEBRADA:
[2026-05-30 17:17:19] INTERFACE POSSIVELMENTE QUEBRADA:
[2026-05-30 17:17:19] INTERFACE POSSIVELMENTE QUEBRADA:
[2026-05-30 17:17:19] INTERFACE POSSIVELMENTE QUEBRADA:
[2026-05-30 17:17:19] INTERFACE POSSIVELMENTE QUEBRADA:
[2026-05-30 17:17:19] INTERFACE POSSIVELMENTE QUEBRADA:
[2026-05-30 17:17:19] INTERFACE POSSIVELMENTE QUEBRADA:
[2026-05-30 17:17:19] INTERFACE POSSIVELMENTE QUEBRADA:
[2026-05-30 17:17:19] INTERFACE POSSIVELMENTE QUEBRADA:
[2026-05-30 17:17:19] INTERFACE POSSIVELMENTE QUEBRADA:
[2026-05-30 17:17:20] INTERFACE POSSIVELMENTE QUEBRADA:
[2026-05-30 17:17:20] INTERFACE POSSIVELMENTE QUEBRADA:
[2026-05-30 17:17:20] INTERFACE POSSIVELMENTE QUEBRADA:
[2026-05-30 17:17:20] INTERFACE POSSIVELMENTE QUEBRADA:
[2026-05-30 17:17:20] INTERFACE POSSIVELMENTE QUEBRADA:
[2026-05-30 17:17:20] INTERFACE POSSIVELMENTE QUEBRADA:
[2026-05-30 17:17:20] INTERFACE POSSIVELMENTE QUEBRADA:
[2026-05-30 17:17:20] INTERFACE POSSIVELMENTE QUEBRADA:
[2026-05-30 17:17:20] INTERFACE POSSIVELMENTE QUEBRADA:
[2026-05-30 17:17:20] INTERFACE POSSIVELMENTE QUEBRADA:
[2026-05-30 17:17:20] INTERFACE POSSIVELMENTE QUEBRADA:
[2026-05-30 17:17:20] INTERFACE POSSIVELMENTE QUEBRADA:
[2026-05-30 17:17:20] INTERFACE POSSIVELMENTE QUEBRADA:
[2026-05-30 17:17:20] INTERFACE POSSIVELMENTE QUEBRADA:
[2026-05-30 17:17:20] INTERFACE POSSIVELMENTE QUEBRADA:
[2026-05-30 17:17:20] INTERFACE POSSIVELMENTE QUEBRADA:
[2026-05-30 17:17:20] INTERFACE POSSIVELMENTE QUEBRADA:
[2026-05-30 17:17:20] INTERFACE POSSIVELMENTE QUEBRADA:
[2026-05-30 17:17:20] INTERFACE POSSIVELMENTE QUEBRADA:
[2026-05-30 17:17:20] INTERFACE POSSIVELMENTE QUEBRADA:
[2026-05-30 17:17:20] INTERFACE POSSIVELMENTE QUEBRADA:
[2026-05-30 17:17:20] INTERFACE POSSIVELMENTE QUEBRADA:
[2026-05-30 17:17:20] INTERFACE POSSIVELMENTE QUEBRADA:
[2026-05-30 17:17:20] INTERFACE POSSIVELMENTE QUEBRADA:
[2026-05-30 17:17:20] INTERFACE POSSIVELMENTE QUEBRADA:
[2026-05-30 17:17:20] INTERFACE POSSIVELMENTE QUEBRADA:
[2026-05-30 17:17:20] INTERFACE POSSIVELMENTE QUEBRADA:
[2026-05-30 17:17:20] INTERFACE POSSIVELMENTE QUEBRADA:
[2026-05-30 17:17:20] INTERFACE POSSIVELMENTE QUEBRADA:
[2026-05-30 17:17:20] INTERFACE POSSIVELMENTE QUEBRADA:
[2026-05-30 17:17:20] INTERFACE POSSIVELMENTE QUEBRADA:
[2026-05-30 17:17:20] INTERFACE POSSIVELMENTE QUEBRADA:
[2026-05-30 17:17:20] INTERFACE POSSIVELMENTE QUEBRADA:
[2026-05-30 17:17:20] INTERFACE POSSIVELMENTE QUEBRADA:
[2026-05-30 17:17:20] INTERFACE POSSIVELMENTE QUEBRADA:
[2026-05-30 17:17:20] INTERFACE POSSIVELMENTE QUEBRADA:
[2026-05-30 17:17:20] INTERFACE POSSIVELMENTE QUEBRADA:
[2026-05-30 17:17:20] INTERFACE POSSIVELMENTE QUEBRADA:
[2026-05-30 17:17:20] INTERFACE POSSIVELMENTE QUEBRADA:
[2026-05-30 17:17:20] INTERFACE POSSIVELMENTE QUEBRADA:
[2026-05-30 17:17:20] INTERFACE POSSIVELMENTE QUEBRADA:
[2026-05-30 17:17:20] INTERFACE POSSIVELMENTE QUEBRADA:
[2026-05-30 17:17:20] INTERFACE POSSIVELMENTE QUEBRADA:
[2026-05-30 17:17:20] INTERFACE POSSIVELMENTE QUEBRADA:
[2026-05-30 17:17:20] INTERFACE POSSIVELMENTE QUEBRADA:
[2026-05-30 17:17:20] INTERFACE POSSIVELMENTE QUEBRADA:
[2026-05-30 17:17:20] INTERFACE POSSIVELMENTE QUEBRADA:
[2026-05-30 17:17:20] INTERFACE POSSIVELMENTE QUEBRADA:
[2026-05-30 17:17:20] INTERFACE POSSIVELMENTE QUEBRADA:
[2026-05-30 17:17:20] INTERFACE POSSIVELMENTE QUEBRADA:
[2026-05-30 17:17:20] INTERFACE POSSIVELMENTE QUEBRADA:
[2026-05-30 17:17:20] INTERFACE POSSIVELMENTE QUEBRADA:
[2026-05-30 17:17:20] INTERFACE POSSIVELMENTE QUEBRADA:
[2026-05-30 17:17:20] INTERFACE POSSIVELMENTE QUEBRADA:
[2026-05-30 17:17:20] INTERFACE POSSIVELMENTE QUEBRADA:
[2026-05-30 17:17:20] INTERFACE POSSIVELMENTE QUEBRADA:
[2026-05-30 17:17:20] INTERFACE POSSIVELMENTE QUEBRADA:
[2026-05-30 17:17:20] INTERFACE POSSIVELMENTE QUEBRADA:
[2026-05-30 17:17:20] INTERFACE POSSIVELMENTE QUEBRADA:
[2026-05-30 17:17:20] INTERFACE POSSIVELMENTE QUEBRADA:
[2026-05-30 17:17:20] INTERFACE POSSIVELMENTE QUEBRADA:
[2026-05-30 17:17:20] INTERFACE POSSIVELMENTE QUEBRADA:
[2026-05-30 17:17:20] INTERFACE POSSIVELMENTE QUEBRADA:
[2026-05-30 17:17:20] INTERFACE POSSIVELMENTE QUEBRADA:
[2026-05-30 17:17:20] INTERFACE POSSIVELMENTE QUEBRADA:
[2026-05-30 17:17:20] INTERFACE POSSIVELMENTE QUEBRADA:
[2026-05-30 17:17:20] INTERFACE POSSIVELMENTE QUEBRADA:
[2026-05-30 17:17:20] INTERFACE POSSIVELMENTE QUEBRADA:
[2026-05-30 17:17:20] INTERFACE POSSIVELMENTE QUEBRADA:
[2026-05-30 17:17:20] INTERFACE POSSIVELMENTE QUEBRADA:
[2026-05-30 17:17:20] INTERFACE POSSIVELMENTE QUEBRADA:
[2026-05-30 17:17:20] INTERFACE POSSIVELMENTE QUEBRADA:
[2026-05-30 17:17:20] INTERFACE POSSIVELMENTE QUEBRADA:
[2026-05-30 17:17:20] INTERFACE POSSIVELMENTE QUEBRADA:
[2026-05-30 17:17:20] INTERFACE POSSIVELMENTE QUEBRADA:
[2026-05-30 17:17:20] INTERFACE POSSIVELMENTE QUEBRADA:
[2026-05-30 17:17:20] INTERFACE POSSIVELMENTE QUEBRADA:
[2026-05-30 17:17:20] INTERFACE POSSIVELMENTE QUEBRADA:
[2026-05-30 17:17:20] INTERFACE POSSIVELMENTE QUEBRADA:
[2026-05-30 17:17:20] INTERFACE POSSIVELMENTE QUEBRADA:
[2026-05-30 17:17:20] INTERFACE POSSIVELMENTE QUEBRADA:
[2026-05-30 17:17:20] INTERFACE POSSIVELMENTE QUEBRADA:
[2026-05-30 17:17:20] INTERFACE POSSIVELMENTE QUEBRADA:
[2026-05-30 17:17:20] INTERFACE POSSIVELMENTE QUEBRADA:
[2026-05-30 17:17:20] INTERFACE POSSIVELMENTE QUEBRADA:
[2026-05-30 17:17:20] INTERFACE POSSIVELMENTE QUEBRADA:
[2026-05-30 17:17:20] INTERFACE POSSIVELMENTE QUEBRADA:
[2026-05-30 17:17:20] INTERFACE POSSIVELMENTE QUEBRADA:
[2026-05-30 17:17:20] INTERFACE POSSIVELMENTE QUEBRADA:
[2026-05-30 17:17:20] INTERFACE POSSIVELMENTE QUEBRADA:
[2026-05-30 17:17:20] INTERFACE POSSIVELMENTE QUEBRADA:
[2026-05-30 17:17:20] INTERFACE POSSIVELMENTE QUEBRADA:
[2026-05-30 17:17:20] INTERFACE POSSIVELMENTE QUEBRADA:
[2026-05-30 17:17:20] INTERFACE POSSIVELMENTE QUEBRADA:
[2026-05-30 17:17:20] INTERFACE POSSIVELMENTE QUEBRADA:
[2026-05-30 17:17:20] INTERFACE POSSIVELMENTE QUEBRADA:
[2026-05-30 17:17:20] INTERFACE POSSIVELMENTE QUEBRADA:
[2026-05-30 17:17:20] INTERFACE POSSIVELMENTE QUEBRADA:
[2026-05-30 17:17:20] INTERFACE POSSIVELMENTE QUEBRADA:
[2026-05-30 17:17:20] INTERFACE POSSIVELMENTE QUEBRADA:
[2026-05-30 17:17:20] INTERFACE POSSIVELMENTE QUEBRADA:
[2026-05-30 17:17:20] INTERFACE POSSIVELMENTE QUEBRADA:
[2026-05-30 17:17:20] INTERFACE POSSIVELMENTE QUEBRADA:
[2026-05-30 17:17:20] INTERFACE POSSIVELMENTE QUEBRADA:
[2026-05-30 17:17:20] INTERFACE POSSIVELMENTE QUEBRADA:
[2026-05-30 17:17:20] INTERFACE POSSIVELMENTE QUEBRADA:
[2026-05-30 17:17:20] INTERFACE POSSIVELMENTE QUEBRADA:
[2026-05-30 17:17:20] INTERFACE POSSIVELMENTE QUEBRADA:
[2026-05-30 17:17:20] INTERFACE POSSIVELMENTE QUEBRADA:
[2026-05-30 17:17:20] INTERFACE POSSIVELMENTE QUEBRADA:
[2026-05-30 17:17:20] INTERFACE POSSIVELMENTE QUEBRADA:
[2026-05-30 17:17:20] INTERFACE POSSIVELMENTE QUEBRADA:
[2026-05-30 17:17:20] INTERFACE POSSIVELMENTE QUEBRADA:
[2026-05-30 17:17:20] INTERFACE POSSIVELMENTE QUEBRADA:
[2026-05-30 17:17:20] INTERFACE POSSIVELMENTE QUEBRADA:
[2026-05-30 17:17:20] INTERFACE POSSIVELMENTE QUEBRADA:
[2026-05-30 17:17:20] INTERFACE POSSIVELMENTE QUEBRADA:
[2026-05-30 17:17:20] INTERFACE POSSIVELMENTE QUEBRADA:
[2026-05-30 17:17:20] INTERFACE POSSIVELMENTE QUEBRADA:
[2026-05-30 17:17:20] INTERFACE POSSIVELMENTE QUEBRADA:
[2026-05-30 17:17:20] INTERFACE POSSIVELMENTE QUEBRADA:
[2026-05-30 17:17:20] INTERFACE POSSIVELMENTE QUEBRADA:
[2026-05-30 17:17:20] INTERFACE POSSIVELMENTE QUEBRADA:
[2026-05-30 17:17:20] INTERFACE POSSIVELMENTE QUEBRADA:
[2026-05-30 17:17:20] INTERFACE POSSIVELMENTE QUEBRADA:
[2026-05-30 17:17:20] INTERFACE POSSIVELMENTE QUEBRADA:
[2026-05-30 17:17:20] INTERFACE POSSIVELMENTE QUEBRADA:
[2026-05-30 17:17:20] INTERFACE POSSIVELMENTE QUEBRADA:
[2026-05-30 17:17:20] INTERFACE POSSIVELMENTE QUEBRADA:
[2026-05-30 17:17:20] INTERFACE POSSIVELMENTE QUEBRADA:
[2026-05-30 17:17:20] INTERFACE POSSIVELMENTE QUEBRADA:
[2026-05-30 17:17:20] INTERFACE POSSIVELMENTE QUEBRADA:
[2026-05-30 17:17:20] INTERFACE POSSIVELMENTE QUEBRADA:
[2026-05-30 17:17:20] INTERFACE POSSIVELMENTE QUEBRADA:
[2026-05-30 17:17:20] INTERFACE POSSIVELMENTE QUEBRADA:
[2026-05-30 17:17:21] INTERFACE POSSIVELMENTE QUEBRADA:
[2026-05-30 17:17:21] INTERFACE POSSIVELMENTE QUEBRADA:
[2026-05-30 17:17:21] INTERFACE POSSIVELMENTE QUEBRADA:
[2026-05-30 17:17:21] INTERFACE POSSIVELMENTE QUEBRADA:
[2026-05-30 17:17:21] INTERFACE POSSIVELMENTE QUEBRADA:
[2026-05-30 17:17:21] INTERFACE POSSIVELMENTE QUEBRADA:
[2026-05-30 17:17:21] INTERFACE POSSIVELMENTE QUEBRADA:
[2026-05-30 17:17:21] INTERFACE POSSIVELMENTE QUEBRADA:
[2026-05-30 17:17:21] INTERFACE POSSIVELMENTE QUEBRADA:
[2026-05-30 17:17:21] INTERFACE POSSIVELMENTE QUEBRADA:
[2026-05-30 17:17:21] INTERFACE POSSIVELMENTE QUEBRADA:
[2026-05-30 17:17:21] INTERFACE POSSIVELMENTE QUEBRADA:
[2026-05-30 17:17:21] INTERFACE POSSIVELMENTE QUEBRADA:
[2026-05-30 17:17:21] INTERFACE POSSIVELMENTE QUEBRADA:
[2026-05-30 17:17:21] INTERFACE POSSIVELMENTE QUEBRADA:
[2026-05-30 17:17:21] INTERFACE POSSIVELMENTE QUEBRADA:
[2026-05-30 17:17:21] INTERFACE POSSIVELMENTE QUEBRADA:
[2026-05-30 17:17:21] INTERFACE POSSIVELMENTE QUEBRADA:
[2026-05-30 17:17:21] INTERFACE POSSIVELMENTE QUEBRADA:
[2026-05-30 17:17:21] INTERFACE POSSIVELMENTE QUEBRADA:
[2026-05-30 17:17:21] INTERFACE POSSIVELMENTE QUEBRADA:
[2026-05-30 17:17:21] INTERFACE POSSIVELMENTE QUEBRADA:
[2026-05-30 17:17:21] INTERFACE POSSIVELMENTE QUEBRADA:
[2026-05-30 17:17:21] INTERFACE POSSIVELMENTE QUEBRADA:
[2026-05-30 17:17:21] INTERFACE POSSIVELMENTE QUEBRADA:
[2026-05-30 17:17:21] INTERFACE POSSIVELMENTE QUEBRADA:
[2026-05-30 17:17:21] INTERFACE POSSIVELMENTE QUEBRADA:
[2026-05-30 17:17:21] INTERFACE POSSIVELMENTE QUEBRADA:
[2026-05-30 17:17:21] INTERFACE POSSIVELMENTE QUEBRADA:
[2026-05-30 17:17:21] INTERFACE POSSIVELMENTE QUEBRADA:
[2026-05-30 17:17:21] INTERFACE POSSIVELMENTE QUEBRADA:
[2026-05-30 17:17:21] INTERFACE POSSIVELMENTE QUEBRADA:
[2026-05-30 17:17:21] INTERFACE POSSIVELMENTE QUEBRADA:
[2026-05-30 17:17:21] INTERFACE POSSIVELMENTE QUEBRADA:
[2026-05-30 17:17:21] INTERFACE POSSIVELMENTE QUEBRADA:
[2026-05-30 17:17:21] INTERFACE POSSIVELMENTE QUEBRADA:
[2026-05-30 17:17:21] INTERFACE POSSIVELMENTE QUEBRADA:
[2026-05-30 17:17:21] INTERFACE POSSIVELMENTE QUEBRADA:
[2026-05-30 17:17:21] INTERFACE POSSIVELMENTE QUEBRADA:
[2026-05-30 17:17:21] INTERFACE POSSIVELMENTE QUEBRADA:
[2026-05-30 17:17:21] INTERFACE POSSIVELMENTE QUEBRADA:
[2026-05-30 17:17:21] INTERFACE POSSIVELMENTE QUEBRADA:
[2026-05-30 17:17:21] INTERFACE POSSIVELMENTE QUEBRADA:
[2026-05-30 17:17:21] INTERFACE POSSIVELMENTE QUEBRADA:
[2026-05-30 17:17:21] INTERFACE POSSIVELMENTE QUEBRADA:
[2026-05-30 17:17:21] INTERFACE POSSIVELMENTE QUEBRADA:
[2026-05-30 17:17:21] INTERFACE POSSIVELMENTE QUEBRADA:
[2026-05-30 17:17:21] INTERFACE POSSIVELMENTE QUEBRADA:
[2026-05-30 17:17:21] INTERFACE POSSIVELMENTE QUEBRADA:
[2026-05-30 17:17:21] INTERFACE POSSIVELMENTE QUEBRADA:
[2026-05-30 17:17:21] INTERFACE POSSIVELMENTE QUEBRADA:
[2026-05-30 17:17:21] INTERFACE POSSIVELMENTE QUEBRADA:
[2026-05-30 17:17:21] INTERFACE POSSIVELMENTE QUEBRADA:
[2026-05-30 17:17:21] INTERFACE POSSIVELMENTE QUEBRADA:
[2026-05-30 17:17:21] INTERFACE POSSIVELMENTE QUEBRADA:
[2026-05-30 17:17:21] INTERFACE POSSIVELMENTE QUEBRADA:
[2026-05-30 17:17:21] INTERFACE POSSIVELMENTE QUEBRADA:
[2026-05-30 17:17:21] INTERFACE POSSIVELMENTE QUEBRADA:
[2026-05-30 17:17:21] INTERFACE POSSIVELMENTE QUEBRADA:
[2026-05-30 17:17:21] INTERFACE POSSIVELMENTE QUEBRADA:
[2026-05-30 17:17:21] INTERFACE POSSIVELMENTE QUEBRADA:
[2026-05-30 17:17:21] INTERFACE POSSIVELMENTE QUEBRADA:
[2026-05-30 17:17:21] INTERFACE POSSIVELMENTE QUEBRADA:
[2026-05-30 17:17:21] INTERFACE POSSIVELMENTE QUEBRADA:
[2026-05-30 17:17:21] INTERFACE POSSIVELMENTE QUEBRADA:
[2026-05-30 17:17:21] INTERFACE POSSIVELMENTE QUEBRADA:
[2026-05-30 17:17:21] INTERFACE POSSIVELMENTE QUEBRADA:
[2026-05-30 17:17:21] INTERFACE POSSIVELMENTE QUEBRADA:
[2026-05-30 17:17:21] INTERFACE POSSIVELMENTE QUEBRADA:
[2026-05-30 17:17:21] INTERFACE POSSIVELMENTE QUEBRADA:
[2026-05-30 17:17:21] INTERFACE POSSIVELMENTE QUEBRADA:
[2026-05-30 17:17:21] INTERFACE POSSIVELMENTE QUEBRADA:
[2026-05-30 17:17:21] INTERFACE POSSIVELMENTE QUEBRADA:
[2026-05-30 17:17:21] INTERFACE POSSIVELMENTE QUEBRADA:
[2026-05-30 17:17:21] INTERFACE POSSIVELMENTE QUEBRADA:
[2026-05-30 17:17:21] INTERFACE POSSIVELMENTE QUEBRADA:
[2026-05-30 17:17:21] INTERFACE POSSIVELMENTE QUEBRADA:
[2026-05-30 17:17:21] INTERFACE POSSIVELMENTE QUEBRADA:
[2026-05-30 17:17:21] INTERFACE POSSIVELMENTE QUEBRADA:
[2026-05-30 17:17:21] INTERFACE POSSIVELMENTE QUEBRADA:
[2026-05-30 17:17:21] INTERFACE POSSIVELMENTE QUEBRADA:
[2026-05-30 17:17:21] INTERFACE POSSIVELMENTE QUEBRADA:
[2026-05-30 17:17:21] INTERFACE POSSIVELMENTE QUEBRADA:
[2026-05-30 17:17:21] INTERFACE POSSIVELMENTE QUEBRADA:
[2026-05-30 17:17:21] INTERFACE POSSIVELMENTE QUEBRADA:
[2026-05-30 17:17:21] INTERFACE POSSIVELMENTE QUEBRADA:
[2026-05-30 17:17:21] INTERFACE POSSIVELMENTE QUEBRADA:
[2026-05-30 17:17:21] INTERFACE POSSIVELMENTE QUEBRADA:
[2026-05-30 17:17:21] INTERFACE POSSIVELMENTE QUEBRADA:
[2026-05-30 17:17:21] INTERFACE POSSIVELMENTE QUEBRADA:
[2026-05-30 17:17:21] INTERFACE POSSIVELMENTE QUEBRADA:
[2026-05-30 17:17:21] INTERFACE POSSIVELMENTE QUEBRADA:
[2026-05-30 17:17:21] INTERFACE POSSIVELMENTE QUEBRADA:
[2026-05-30 17:17:21] INTERFACE POSSIVELMENTE QUEBRADA:
[2026-05-30 17:17:21] INTERFACE POSSIVELMENTE QUEBRADA:
[2026-05-30 17:17:21] INTERFACE POSSIVELMENTE QUEBRADA:
[2026-05-30 17:17:21] INTERFACE POSSIVELMENTE QUEBRADA:
[2026-05-30 17:17:21] INTERFACE POSSIVELMENTE QUEBRADA:
[2026-05-30 17:17:21] INTERFACE POSSIVELMENTE QUEBRADA:
[2026-05-30 17:17:21] INTERFACE POSSIVELMENTE QUEBRADA:
[2026-05-30 17:17:21] INTERFACE POSSIVELMENTE QUEBRADA:
[2026-05-30 17:17:21] INTERFACE POSSIVELMENTE QUEBRADA:
[2026-05-30 17:17:21] INTERFACE POSSIVELMENTE QUEBRADA:
[2026-05-30 17:17:21] INTERFACE POSSIVELMENTE QUEBRADA:
[2026-05-30 17:17:21] INTERFACE POSSIVELMENTE QUEBRADA:
[2026-05-30 17:17:21] INTERFACE POSSIVELMENTE QUEBRADA:
[2026-05-30 17:17:21] INTERFACE POSSIVELMENTE QUEBRADA:
[2026-05-30 17:17:21] INTERFACE POSSIVELMENTE QUEBRADA:
[2026-05-30 17:17:21] INTERFACE POSSIVELMENTE QUEBRADA:
[2026-05-30 17:17:21] INTERFACE POSSIVELMENTE QUEBRADA:
[2026-05-30 17:17:22] INTERFACE POSSIVELMENTE QUEBRADA:
[2026-05-30 17:17:22] INTERFACE POSSIVELMENTE QUEBRADA:
[2026-05-30 17:17:22] INTERFACE POSSIVELMENTE QUEBRADA:
[2026-05-30 17:17:22] INTERFACE POSSIVELMENTE QUEBRADA:
[2026-05-30 17:17:22] INTERFACE POSSIVELMENTE QUEBRADA:
[2026-05-30 17:17:22] INTERFACE POSSIVELMENTE QUEBRADA:
[2026-05-30 17:17:22] INTERFACE POSSIVELMENTE QUEBRADA:
[2026-05-30 17:17:22] INTERFACE POSSIVELMENTE QUEBRADA:
[2026-05-30 17:17:22] INTERFACE POSSIVELMENTE QUEBRADA:
[2026-05-30 17:17:22] INTERFACE POSSIVELMENTE QUEBRADA:
[2026-05-30 17:17:22] INTERFACE POSSIVELMENTE QUEBRADA:
[2026-05-30 17:17:22] INTERFACE POSSIVELMENTE QUEBRADA:
[2026-05-30 17:17:22] INTERFACE POSSIVELMENTE QUEBRADA:
[2026-05-30 17:17:22] INTERFACE POSSIVELMENTE QUEBRADA:
[2026-05-30 17:17:22] INTERFACE POSSIVELMENTE QUEBRADA:
[2026-05-30 17:17:22] INTERFACE POSSIVELMENTE QUEBRADA:
[2026-05-30 17:17:22] INTERFACE POSSIVELMENTE QUEBRADA:
[2026-05-30 17:17:22] INTERFACE POSSIVELMENTE QUEBRADA:
[2026-05-30 17:17:22] INTERFACE POSSIVELMENTE QUEBRADA:
[2026-05-30 17:17:22] INTERFACE POSSIVELMENTE QUEBRADA:
[2026-05-30 17:17:22] INTERFACE POSSIVELMENTE QUEBRADA:
[2026-05-30 17:17:22] INTERFACE POSSIVELMENTE QUEBRADA:
[2026-05-30 17:17:22] INTERFACE POSSIVELMENTE QUEBRADA:
[2026-05-30 17:17:22] INTERFACE POSSIVELMENTE QUEBRADA:
[2026-05-30 17:17:22] INTERFACE POSSIVELMENTE QUEBRADA:
[2026-05-30 17:17:22] INTERFACE POSSIVELMENTE QUEBRADA:
[2026-05-30 17:17:22] INTERFACE POSSIVELMENTE QUEBRADA:
[2026-05-30 17:17:22] INTERFACE POSSIVELMENTE QUEBRADA:
[2026-05-30 17:17:22] INTERFACE POSSIVELMENTE QUEBRADA:
[2026-05-30 17:17:22] INTERFACE POSSIVELMENTE QUEBRADA:
[2026-05-30 17:17:22] INTERFACE POSSIVELMENTE QUEBRADA:
[2026-05-30 17:17:22] INTERFACE POSSIVELMENTE QUEBRADA:
[2026-05-30 17:17:22] INTERFACE POSSIVELMENTE QUEBRADA:
[2026-05-30 17:17:22] INTERFACE POSSIVELMENTE QUEBRADA:
[2026-05-30 17:17:22] INTERFACE POSSIVELMENTE QUEBRADA:
[2026-05-30 17:17:22] INTERFACE POSSIVELMENTE QUEBRADA:
[2026-05-30 17:17:22] INTERFACE POSSIVELMENTE QUEBRADA:
[2026-05-30 17:17:22] INTERFACE POSSIVELMENTE QUEBRADA:
[2026-05-30 17:17:22] INTERFACE POSSIVELMENTE QUEBRADA:
[2026-05-30 17:17:22] INTERFACE POSSIVELMENTE QUEBRADA:
[2026-05-30 17:17:22] INTERFACE POSSIVELMENTE QUEBRADA:
[2026-05-30 17:17:22] INTERFACE POSSIVELMENTE QUEBRADA:
[2026-05-30 17:17:22] INTERFACE POSSIVELMENTE QUEBRADA:
[2026-05-30 17:17:22] INTERFACE POSSIVELMENTE QUEBRADA:
[2026-05-30 17:17:22] INTERFACE POSSIVELMENTE QUEBRADA:
[2026-05-30 17:17:22] INTERFACE POSSIVELMENTE QUEBRADA:
[2026-05-30 17:17:22] INTERFACE POSSIVELMENTE QUEBRADA:
[2026-05-30 17:17:22] INTERFACE POSSIVELMENTE QUEBRADA:
[2026-05-30 17:17:22] INTERFACE POSSIVELMENTE QUEBRADA:
[2026-05-30 17:17:22] INTERFACE POSSIVELMENTE QUEBRADA:
[2026-05-30 17:17:22] INTERFACE POSSIVELMENTE QUEBRADA:
[2026-05-30 17:17:22] INTERFACE POSSIVELMENTE QUEBRADA:
[2026-05-30 17:17:22] INTERFACE POSSIVELMENTE QUEBRADA:
[2026-05-30 17:17:22] INTERFACE POSSIVELMENTE QUEBRADA:
[2026-05-30 17:17:22] INTERFACE POSSIVELMENTE QUEBRADA:
[2026-05-30 17:17:22] INTERFACE POSSIVELMENTE QUEBRADA:
[2026-05-30 17:17:22] INTERFACE POSSIVELMENTE QUEBRADA:
[2026-05-30 17:17:22] INTERFACE POSSIVELMENTE QUEBRADA:
[2026-05-30 17:17:22] INTERFACE POSSIVELMENTE QUEBRADA:
[2026-05-30 17:17:22] INTERFACE POSSIVELMENTE QUEBRADA:
[2026-05-30 17:17:22] INTERFACE POSSIVELMENTE QUEBRADA:
[2026-05-30 17:17:22] INTERFACE POSSIVELMENTE QUEBRADA:
[2026-05-30 17:17:22] INTERFACE POSSIVELMENTE QUEBRADA:
[2026-05-30 17:17:22] INTERFACE POSSIVELMENTE QUEBRADA:
[2026-05-30 17:17:22] INTERFACE POSSIVELMENTE QUEBRADA:
[2026-05-30 17:17:22] INTERFACE POSSIVELMENTE QUEBRADA:
[2026-05-30 17:17:22] INTERFACE POSSIVELMENTE QUEBRADA:
[2026-05-30 17:17:22] INTERFACE POSSIVELMENTE QUEBRADA:
[2026-05-30 17:17:22] INTERFACE POSSIVELMENTE QUEBRADA:
[2026-05-30 17:17:22] INTERFACE POSSIVELMENTE QUEBRADA:
[2026-05-30 17:17:22] INTERFACE POSSIVELMENTE QUEBRADA:
[2026-05-30 17:17:22] INTERFACE POSSIVELMENTE QUEBRADA:
[2026-05-30 17:17:22] INTERFACE POSSIVELMENTE QUEBRADA:
[2026-05-30 17:17:22] INTERFACE POSSIVELMENTE QUEBRADA:
[2026-05-30 17:17:22] INTERFACE POSSIVELMENTE QUEBRADA:
[2026-05-30 17:17:22] INTERFACE POSSIVELMENTE QUEBRADA:
[2026-05-30 17:17:22] INTERFACE POSSIVELMENTE QUEBRADA:
[2026-05-30 17:17:22] INTERFACE POSSIVELMENTE QUEBRADA:
[2026-05-30 17:17:22] INTERFACE POSSIVELMENTE QUEBRADA:
[2026-05-30 17:17:22] INTERFACE POSSIVELMENTE QUEBRADA:
[2026-05-30 17:17:22] INTERFACE POSSIVELMENTE QUEBRADA:
[2026-05-30 17:17:22] INTERFACE POSSIVELMENTE QUEBRADA:
[2026-05-30 17:17:22] INTERFACE POSSIVELMENTE QUEBRADA:
[2026-05-30 17:17:22] INTERFACE POSSIVELMENTE QUEBRADA:
[2026-05-30 17:17:22] INTERFACE POSSIVELMENTE QUEBRADA:
[2026-05-30 17:17:22] INTERFACE POSSIVELMENTE QUEBRADA:
[2026-05-30 17:17:22] INTERFACE POSSIVELMENTE QUEBRADA:
[2026-05-30 17:17:22] INTERFACE POSSIVELMENTE QUEBRADA:
[2026-05-30 17:17:22] INTERFACE POSSIVELMENTE QUEBRADA:
[2026-05-30 17:17:22] INTERFACE POSSIVELMENTE QUEBRADA:
[2026-05-30 17:17:22] INTERFACE POSSIVELMENTE QUEBRADA:
[2026-05-30 17:17:22] INTERFACE POSSIVELMENTE QUEBRADA:
[2026-05-30 17:17:22] INTERFACE POSSIVELMENTE QUEBRADA:
[2026-05-30 17:17:22] INTERFACE POSSIVELMENTE QUEBRADA:
[2026-05-30 17:17:22] INTERFACE POSSIVELMENTE QUEBRADA:
[2026-05-30 17:17:22] INTERFACE POSSIVELMENTE QUEBRADA:
[2026-05-30 17:17:22] INTERFACE POSSIVELMENTE QUEBRADA:
[2026-05-30 17:17:22] INTERFACE POSSIVELMENTE QUEBRADA:
[2026-05-30 17:17:22] INTERFACE POSSIVELMENTE QUEBRADA:
[2026-05-30 17:17:22] INTERFACE POSSIVELMENTE QUEBRADA:
[2026-05-30 17:17:22] INTERFACE POSSIVELMENTE QUEBRADA:
[2026-05-30 17:17:22] INTERFACE POSSIVELMENTE QUEBRADA:
[2026-05-30 17:17:22] INTERFACE POSSIVELMENTE QUEBRADA:
[2026-05-30 17:17:22] INTERFACE POSSIVELMENTE QUEBRADA:
[2026-05-30 17:17:22] INTERFACE POSSIVELMENTE QUEBRADA:
[2026-05-30 17:17:22] INTERFACE POSSIVELMENTE QUEBRADA:
[2026-05-30 17:17:22] INTERFACE POSSIVELMENTE QUEBRADA:
[2026-05-30 17:17:22] INTERFACE POSSIVELMENTE QUEBRADA:
[2026-05-30 17:17:22] INTERFACE POSSIVELMENTE QUEBRADA:
[2026-05-30 17:17:22] INTERFACE POSSIVELMENTE QUEBRADA:
[2026-05-30 17:17:22] INTERFACE POSSIVELMENTE QUEBRADA:
[2026-05-30 17:17:22] INTERFACE POSSIVELMENTE QUEBRADA:
[2026-05-30 17:17:22] INTERFACE POSSIVELMENTE QUEBRADA:
[2026-05-30 17:17:22] INTERFACE POSSIVELMENTE QUEBRADA:
[2026-05-30 17:17:22] INTERFACE POSSIVELMENTE QUEBRADA:
[2026-05-30 17:17:22] INTERFACE POSSIVELMENTE QUEBRADA:
[2026-05-30 17:17:22] INTERFACE POSSIVELMENTE QUEBRADA:
[2026-05-30 17:17:22] INTERFACE POSSIVELMENTE QUEBRADA:
[2026-05-30 17:17:22] INTERFACE POSSIVELMENTE QUEBRADA:
[2026-05-30 17:17:22] INTERFACE POSSIVELMENTE QUEBRADA:
[2026-05-30 17:17:22] INTERFACE POSSIVELMENTE QUEBRADA:
[2026-05-30 17:17:22] INTERFACE POSSIVELMENTE QUEBRADA:
[2026-05-30 17:17:22] INTERFACE POSSIVELMENTE QUEBRADA:
[2026-05-30 17:17:22] INTERFACE POSSIVELMENTE QUEBRADA:
[2026-05-30 17:17:22] INTERFACE POSSIVELMENTE QUEBRADA:
[2026-05-30 17:17:22] INTERFACE POSSIVELMENTE QUEBRADA:
[2026-05-30 17:17:22] INTERFACE POSSIVELMENTE QUEBRADA:
[2026-05-30 17:17:22] INTERFACE POSSIVELMENTE QUEBRADA:
[2026-05-30 17:17:22] INTERFACE POSSIVELMENTE QUEBRADA:
[2026-05-30 17:17:22] INTERFACE POSSIVELMENTE QUEBRADA:
[2026-05-30 17:17:22] INTERFACE POSSIVELMENTE QUEBRADA:
[2026-05-30 17:17:22] INTERFACE POSSIVELMENTE QUEBRADA:
[2026-05-30 17:17:22] INTERFACE POSSIVELMENTE QUEBRADA:
[2026-05-30 17:17:22] INTERFACE POSSIVELMENTE QUEBRADA:
[2026-05-30 17:17:22] INTERFACE POSSIVELMENTE QUEBRADA:
[2026-05-30 17:17:22] INTERFACE POSSIVELMENTE QUEBRADA:
[2026-05-30 17:17:22] INTERFACE POSSIVELMENTE QUEBRADA:
[2026-05-30 17:17:23] INTERFACE POSSIVELMENTE QUEBRADA:
[2026-05-30 17:17:23] INTERFACE POSSIVELMENTE QUEBRADA:
[2026-05-30 17:17:23] INTERFACE POSSIVELMENTE QUEBRADA:
[2026-05-30 17:17:23] INTERFACE POSSIVELMENTE QUEBRADA:
[2026-05-30 17:17:23] INTERFACE POSSIVELMENTE QUEBRADA:
[2026-05-30 17:17:23] INTERFACE POSSIVELMENTE QUEBRADA:
[2026-05-30 17:17:23] INTERFACE POSSIVELMENTE QUEBRADA:
[2026-05-30 17:17:23] INTERFACE POSSIVELMENTE QUEBRADA:
[2026-05-30 17:17:23] INTERFACE POSSIVELMENTE QUEBRADA:
[2026-05-30 17:17:23] INTERFACE POSSIVELMENTE QUEBRADA:
[2026-05-30 17:17:23] INTERFACE POSSIVELMENTE QUEBRADA:
[2026-05-30 17:17:23] INTERFACE POSSIVELMENTE QUEBRADA:
[2026-05-30 17:17:23] INTERFACE POSSIVELMENTE QUEBRADA:
[2026-05-30 17:17:23] INTERFACE POSSIVELMENTE QUEBRADA:
[2026-05-30 17:17:23] INTERFACE POSSIVELMENTE QUEBRADA:
[2026-05-30 17:17:23] INTERFACE POSSIVELMENTE QUEBRADA:
[2026-05-30 17:17:23] INTERFACE POSSIVELMENTE QUEBRADA:
[2026-05-30 17:17:23] INTERFACE POSSIVELMENTE QUEBRADA:
[2026-05-30 17:17:23] INTERFACE POSSIVELMENTE QUEBRADA:
[2026-05-30 17:17:23] INTERFACE POSSIVELMENTE QUEBRADA:
[2026-05-30 17:17:23] INTERFACE POSSIVELMENTE QUEBRADA:
[2026-05-30 17:17:23] INTERFACE POSSIVELMENTE QUEBRADA:
[2026-05-30 17:17:23] INTERFACE POSSIVELMENTE QUEBRADA:
[2026-05-30 17:17:23] INTERFACE POSSIVELMENTE QUEBRADA:
[2026-05-30 17:17:23] INTERFACE POSSIVELMENTE QUEBRADA:
[2026-05-30 17:17:23] INTERFACE POSSIVELMENTE QUEBRADA:
[2026-05-30 17:17:23] INTERFACE POSSIVELMENTE QUEBRADA:
[2026-05-30 17:17:23] INTERFACE POSSIVELMENTE QUEBRADA:
[2026-05-30 17:17:23] INTERFACE POSSIVELMENTE QUEBRADA:
[2026-05-30 17:17:23] INTERFACE POSSIVELMENTE QUEBRADA:
[2026-05-30 17:17:23] INTERFACE POSSIVELMENTE QUEBRADA:
[2026-05-30 17:17:23] INTERFACE POSSIVELMENTE QUEBRADA:
[2026-05-30 17:17:23] INTERFACE POSSIVELMENTE QUEBRADA:
[2026-05-30 17:17:23] INTERFACE POSSIVELMENTE QUEBRADA:
[2026-05-30 17:17:23] INTERFACE POSSIVELMENTE QUEBRADA:
[2026-05-30 17:17:23] INTERFACE POSSIVELMENTE QUEBRADA:
[2026-05-30 17:17:23] INTERFACE POSSIVELMENTE QUEBRADA:
[2026-05-30 17:17:23] INTERFACE POSSIVELMENTE QUEBRADA:
[2026-05-30 17:17:23] INTERFACE POSSIVELMENTE QUEBRADA:
[2026-05-30 17:17:23] INTERFACE POSSIVELMENTE QUEBRADA:
[2026-05-30 17:17:23] INTERFACE POSSIVELMENTE QUEBRADA:
[2026-05-30 17:17:23] INTERFACE POSSIVELMENTE QUEBRADA:
[2026-05-30 17:17:23] INTERFACE POSSIVELMENTE QUEBRADA:
[2026-05-30 17:17:23] INTERFACE POSSIVELMENTE QUEBRADA:
[2026-05-30 17:17:23] INTERFACE POSSIVELMENTE QUEBRADA:
[2026-05-30 17:17:23] INTERFACE POSSIVELMENTE QUEBRADA:
[2026-05-30 17:17:23] INTERFACE POSSIVELMENTE QUEBRADA:
[2026-05-30 17:17:23] INTERFACE POSSIVELMENTE QUEBRADA:
[2026-05-30 17:17:23] INTERFACE POSSIVELMENTE QUEBRADA:
[2026-05-30 17:17:23] INTERFACE POSSIVELMENTE QUEBRADA:
[2026-05-30 17:17:23] INTERFACE POSSIVELMENTE QUEBRADA:
[2026-05-30 17:17:23] INTERFACE POSSIVELMENTE QUEBRADA:
[2026-05-30 17:17:23] INTERFACE POSSIVELMENTE QUEBRADA:
[2026-05-30 17:17:23] INTERFACE POSSIVELMENTE QUEBRADA:
[2026-05-30 17:17:23] INTERFACE POSSIVELMENTE QUEBRADA:
[2026-05-30 17:17:23] INTERFACE POSSIVELMENTE QUEBRADA:
[2026-05-30 17:17:23] INTERFACE POSSIVELMENTE QUEBRADA:
[2026-05-30 17:17:23] INTERFACE POSSIVELMENTE QUEBRADA:
[2026-05-30 17:17:23] INTERFACE POSSIVELMENTE QUEBRADA:
[2026-05-30 17:17:23] INTERFACE POSSIVELMENTE QUEBRADA:
[2026-05-30 17:17:23] INTERFACE POSSIVELMENTE QUEBRADA:
[2026-05-30 17:17:23] INTERFACE POSSIVELMENTE QUEBRADA:
[2026-05-30 17:17:23] INTERFACE POSSIVELMENTE QUEBRADA:
[2026-05-30 17:17:23] INTERFACE POSSIVELMENTE QUEBRADA:
[2026-05-30 17:17:23] INTERFACE POSSIVELMENTE QUEBRADA:
[2026-05-30 17:17:23] INTERFACE POSSIVELMENTE QUEBRADA:
[2026-05-30 17:17:23] INTERFACE POSSIVELMENTE QUEBRADA:
[2026-05-30 17:17:23] INTERFACE POSSIVELMENTE QUEBRADA:
[2026-05-30 17:17:23] INTERFACE POSSIVELMENTE QUEBRADA:
[2026-05-30 17:17:23] INTERFACE POSSIVELMENTE QUEBRADA:
[2026-05-30 17:17:23] INTERFACE POSSIVELMENTE QUEBRADA:
[2026-05-30 17:17:23] INTERFACE POSSIVELMENTE QUEBRADA:
[2026-05-30 17:17:23] INTERFACE POSSIVELMENTE QUEBRADA:
[2026-05-30 17:17:23] INTERFACE POSSIVELMENTE QUEBRADA:
[2026-05-30 17:17:23] INTERFACE POSSIVELMENTE QUEBRADA:
[2026-05-30 17:17:23] INTERFACE POSSIVELMENTE QUEBRADA:
[2026-05-30 17:17:23] INTERFACE POSSIVELMENTE QUEBRADA:
[2026-05-30 17:17:23] INTERFACE POSSIVELMENTE QUEBRADA:
[2026-05-30 17:17:23] INTERFACE POSSIVELMENTE QUEBRADA:
[2026-05-30 17:17:23] INTERFACE POSSIVELMENTE QUEBRADA:
[2026-05-30 17:17:23] INTERFACE POSSIVELMENTE QUEBRADA:
[2026-05-30 17:17:23] INTERFACE POSSIVELMENTE QUEBRADA:
[2026-05-30 17:17:23] INTERFACE POSSIVELMENTE QUEBRADA:
[2026-05-30 17:17:23] INTERFACE POSSIVELMENTE QUEBRADA:
[2026-05-30 17:17:23] INTERFACE POSSIVELMENTE QUEBRADA:
[2026-05-30 17:17:23] VERIFICANDO OBSERVABILIDADE...
[2026-05-30 17:17:24] OBSERVABILIDADE DETECTADA:
[2026-05-30 17:17:24] OBSERVABILIDADE DETECTADA:
[2026-05-30 17:17:24] OBSERVABILIDADE DETECTADA:
[2026-05-30 17:17:24] OBSERVABILIDADE DETECTADA:
[2026-05-30 17:17:24] OBSERVABILIDADE DETECTADA:
[2026-05-30 17:17:25] OBSERVABILIDADE DETECTADA:
[2026-05-30 17:17:25] OBSERVABILIDADE DETECTADA:
[2026-05-30 17:17:26] OBSERVABILIDADE DETECTADA:
[2026-05-30 17:17:26] OBSERVABILIDADE DETECTADA:
[2026-05-30 17:17:28] PROCURANDO CORES...
[2026-05-30 17:17:29] EXECUTANDO:
[2026-05-30 17:17:33] EXECUTANDO:
[2026-05-30 17:17:57] FULL RECOVERY FINALIZADO.
