[2026-05-30 17:04:27] INICIANDO CORE INDEXER...
[2026-05-30 17:04:27] WATCHDOG DETECTADO: app_cerebro_comercial.py
[2026-05-30 17:04:27] INTERFACE SUSPEITA: automacao.html
[2026-05-30 17:04:27] INTERFACE SUSPEITA: CABO_UNIVERSAL.html
[2026-05-30 17:04:27] INTERFACE SUSPEITA: coletor_de_eventos.html
[2026-05-30 17:04:27] INTERFACE SUSPEITA: colocar_na_pagina_principal.html
[2026-05-30 17:04:27] WATCHDOG DETECTADO: COR_INDEXER.py
[2026-05-30 17:04:27] INTERFACE SUSPEITA: document.querySelectorAll.01.html
[2026-05-30 17:04:27] INTERFACE SUSPEITA: document.querySelectorAll.html
[2026-05-30 17:04:27] INTERFACE SUSPEITA: document.query_Selecto_rAll.html
[2026-05-30 17:04:28] INTERFACE SUSPEITA: FORMULÁRIO_UNIVERSAL.html
[2026-05-30 17:04:28] WATCHDOG DETECTADO: IBEX_DASHBOARD.py
[2026-05-30 17:04:28] WATCHDOG DETECTADO: IBEX_UNIVERSAL.py
[2026-05-30 17:04:28] WATCHDOG DETECTADO: IBEX_UNIVERSAL_RECEPTION.py
[2026-05-30 17:04:28] INTERFACE SUSPEITA: index.html
[2026-05-30 17:04:28] INTERFACE SUSPEITA: interface_profissional.html
[2026-05-30 17:04:28] WATCHDOG DETECTADO: IOTEC_FIRST_REVENUE_ENGINE.py
[2026-05-30 17:04:28] WATCHDOG DETECTADO: IOTEC_MINIMAL_REAL_CORE.py
[2026-05-30 17:04:28] INTERFACE SUSPEITA: IoTec_Plataforma.html
[2026-05-30 17:04:29] INTERFACE SUSPEITA: loader.html
[2026-05-30 17:04:38] DUPLICADO: OMEGA_X.py
[2026-05-30 17:04:38] HASH DUPLICADO: OMEGA_X.py
[2026-05-30 17:04:39] DUPLICADO: ORQUESTRADOR_OPERACIONA_EMPRESARIAL.py
[2026-05-30 17:04:39] HASH DUPLICADO: ORQUESTRADOR_OPERACIONA_EMPRESARIAL.py
[2026-05-30 17:04:39] INTERFACE SUSPEITA: painel_full.html
[2026-05-30 17:04:39] INTERFACE SUSPEITA: painel_IOTEC.html
[2026-05-30 17:04:44] HASH DUPLICADO: REVELATION_ENGINE_01.py
[2026-05-30 17:04:44] HASH DUPLICADO: ROCKBOOST_ORBITAL_ENGINE.py
[2026-05-30 17:04:46] HASH DUPLICADO: URBANISMO_SISTMICO.py
[2026-05-30 17:04:48] DUPLICADO: app.py
[2026-05-30 17:04:48] DUPLICADO: app.py
[2026-05-30 17:04:48] HASH DUPLICADO: command_center.py
[2026-05-30 17:04:48] DUPLICADO: orchestrator.py
[2026-05-30 17:04:49] HASH DUPLICADO: prospection.py
[2026-05-30 17:04:49] DUPLICADO: email_bridge.py
[2026-05-30 17:04:49] DUPLICADO: app.py
[2026-05-30 17:04:49] INTERFACE SUSPEITA: index.html
[2026-05-30 17:04:49] DUPLICADO: IOTEC_ADAPTIVE_CORE_MANAGER.py
[2026-05-30 17:04:49] HASH DUPLICADO: IOTEC_ADAPTIVE_CORE_MANAGER.py
[2026-05-30 17:04:49] DUPLICADO: IOTEC_CORE_MANAGER.py
[2026-05-30 17:04:49] HASH DUPLICADO: IOTEC_CORE_MANAGER.py
[2026-05-30 17:04:49] DUPLICADO: iotec_nucleus.py
[2026-05-30 17:04:49] HASH DUPLICADO: iotec_nucleus.py
[2026-05-30 17:04:49] DUPLICADO: visible_core_router.py
[2026-05-30 17:04:50] HASH DUPLICADO: visible_core_router.py
[2026-05-30 17:04:50] HASH DUPLICADO: visible_core_router.rebuild_backup.py
[2026-05-30 17:04:50] HASH DUPLICADO: visible_core_router.STRUCTURE_BACKUP.py
[2026-05-30 17:04:50] DUPLICADO: app.py
[2026-05-30 17:04:50] DUPLICADO: engine.py
[2026-05-30 17:04:50] DUPLICADO: app.py
[2026-05-30 17:04:50] DUPLICADO: app.py
[2026-05-30 17:04:50] HASH DUPLICADO: app.py
[2026-05-30 17:04:50] DUPLICADO: CONSOLIDATION_ENGINE.py
[2026-05-30 17:04:50] HASH DUPLICADO: CONSOLIDATION_ENGINE.py
[2026-05-30 17:04:50] DUPLICADO: DASHBOARD_BACKUP_20260511_193717.py
[2026-05-30 17:04:50] HASH DUPLICADO: DASHBOARD_BACKUP_20260511_193717.py
[2026-05-30 17:04:50] DUPLICADO: DEEP_CORE_SCANNER.py
[2026-05-30 17:04:50] HASH DUPLICADO: DEEP_CORE_SCANNER.py
[2026-05-30 17:04:50] DUPLICADO: ECOSSISTEMA_DE_IA_ASSISTIVA.py
[2026-05-30 17:04:50] HASH DUPLICADO: ECOSSISTEMA_DE_IA_ASSISTIVA.py
[2026-05-30 17:04:51] DUPLICADO: INVENTRIO_INTELIGENTE.py
[2026-05-30 17:04:51] HASH DUPLICADO: INVENTRIO_INTELIGENTE.py
[2026-05-30 17:04:51] DUPLICADO: IOTEC_CORE_LIVE_QUEUE.py
[2026-05-30 17:04:51] HASH DUPLICADO: IOTEC_CORE_LIVE_QUEUE.py
[2026-05-30 17:04:51] DUPLICADO: IOTEC_CORE_QUEUE_PANEL.py
[2026-05-30 17:04:51] HASH DUPLICADO: IOTEC_CORE_QUEUE_PANEL.py
[2026-05-30 17:04:51] DUPLICADO: IOTEC_DUAL_MAIL_DASHBOARD.py
[2026-05-30 17:04:51] HASH DUPLICADO: IOTEC_DUAL_MAIL_DASHBOARD.py
[2026-05-30 17:04:51] DUPLICADO: IOTEC_GLOBAL_READINESS_CHECK.py
[2026-05-30 17:04:51] HASH DUPLICADO: IOTEC_GLOBAL_READINESS_CHECK.py
[2026-05-30 17:04:51] DUPLICADO: IOTEC_GOVTECH_PIPELINE_DASHBOARD.py
[2026-05-30 17:04:51] HASH DUPLICADO: IOTEC_GOVTECH_PIPELINE_DASHBOARD.py
[2026-05-30 17:04:51] DUPLICADO: IOTEC_MULTI_SECTOR_RADAR.py
[2026-05-30 17:04:51] HASH DUPLICADO: IOTEC_MULTI_SECTOR_RADAR.py
[2026-05-30 17:04:51] DUPLICADO: IOTEC_PANEL_24H.py
[2026-05-30 17:04:51] HASH DUPLICADO: IOTEC_PANEL_24H.py
[2026-05-30 17:04:51] DUPLICADO: IOTEC_RUNTIME_REORGANIZER.py
[2026-05-30 17:04:51] HASH DUPLICADO: IOTEC_RUNTIME_REORGANIZER.py
[2026-05-30 17:04:51] DUPLICADO: Iotec_Spine_Core_Architecture.py
[2026-05-30 17:04:51] HASH DUPLICADO: Iotec_Spine_Core_Architecture.py
[2026-05-30 17:04:51] DUPLICADO: IOTEC_SYSTEM_FLOW_PANEL.py
[2026-05-30 17:04:51] HASH DUPLICADO: IOTEC_SYSTEM_FLOW_PANEL.py
[2026-05-30 17:04:51] DUPLICADO: plotly.graph_objects_01.py
[2026-05-30 17:04:51] HASH DUPLICADO: plotly.graph_objects_01.py
[2026-05-30 17:04:51] DUPLICADO: plotly.graph_objects_02.py
[2026-05-30 17:04:51] HASH DUPLICADO: plotly.graph_objects_02.py
[2026-05-30 17:04:51] DUPLICADO: BACKUP_20260511_185831.py
[2026-05-30 17:04:51] HASH DUPLICADO: BACKUP_20260511_185831.py
[2026-05-30 17:04:51] DUPLICADO: BACKUP_NEURAL_MAP_ENGINE.py
[2026-05-30 17:04:51] HASH DUPLICADO: BACKUP_NEURAL_MAP_ENGINE.py
[2026-05-30 17:04:51] DUPLICADO: full_test.py
[2026-05-30 17:04:51] HASH DUPLICADO: full_test.py
[2026-05-30 17:04:51] DUPLICADO: INIT_BACKUP_20260511_190622.py
[2026-05-30 17:04:51] HASH DUPLICADO: INIT_BACKUP_20260511_190622.py
[2026-05-30 17:04:51] DUPLICADO: IOTEC_MASTER_CORE_BACKUP.py
[2026-05-30 17:04:51] HASH DUPLICADO: IOTEC_MASTER_CORE_BACKUP.py
[2026-05-30 17:04:51] DUPLICADO: IOTEC_UNIFIED_BRAIN_BACKUP.py
[2026-05-30 17:04:51] HASH DUPLICADO: IOTEC_UNIFIED_BRAIN_BACKUP.py
[2026-05-30 17:04:51] DUPLICADO: NUCLEUS_STRESS_TEST.py
[2026-05-30 17:04:51] HASH DUPLICADO: NUCLEUS_STRESS_TEST.py
[2026-05-30 17:04:51] DUPLICADO: PERSISTENCE_BACKUP_20260511_193031.py
[2026-05-30 17:04:51] HASH DUPLICADO: PERSISTENCE_BACKUP_20260511_193031.py
[2026-05-30 17:04:51] DUPLICADO: teste_injecao.py
[2026-05-30 17:04:51] HASH DUPLICADO: teste_injecao.py
[2026-05-30 17:04:51] DUPLICADO: TESTE_OPERACIONAL_COMPLETO.py
[2026-05-30 17:04:51] HASH DUPLICADO: TESTE_OPERACIONAL_COMPLETO.py
[2026-05-30 17:04:52] INTERFACE SUSPEITA: .py.html
[2026-05-30 17:04:52] INTERFACE SUSPEITA: 01_IOTEC_SENTINEL_GOV_INTEGRADO.py.html
[2026-05-30 17:04:52] INTERFACE SUSPEITA: 01_IOTEC_SENTINEL_GOV_INTEGRADO.py.html.html
[2026-05-30 17:04:52] INTERFACE SUSPEITA: 02_IOTEC_ADAPTIVE_COMMERCIAL_CORE.py.html
[2026-05-30 17:04:52] INTERFACE SUSPEITA: 02_IOTEC_ADAPTIVE_COMMERCIAL_CORE.py.html.html
[2026-05-30 17:04:52] INTERFACE SUSPEITA: AdaptacaoGerente.py.html
[2026-05-30 17:04:52] INTERFACE SUSPEITA: adaptive_gateway.py.html
[2026-05-30 17:04:52] INTERFACE SUSPEITA: adequador.py.html
[2026-05-30 17:04:52] INTERFACE SUSPEITA: ANALISADOR_OPERACIONAL_REGULUS.py.html
[2026-05-30 17:04:52] INTERFACE SUSPEITA: annotated.html.html
[2026-05-30 17:04:52] INTERFACE SUSPEITA: api-error-handling.html.html
[2026-05-30 17:04:53] INTERFACE SUSPEITA: api-index.html.html
[2026-05-30 17:04:53] INTERFACE SUSPEITA: api-merge.html.html
[2026-05-30 17:04:53] INTERFACE SUSPEITA: api-parse-options.html.html
[2026-05-30 17:04:53] INTERFACE SUSPEITA: api-path-walk.html.html
[2026-05-30 17:04:53] INTERFACE SUSPEITA: api-simple-ipc.html.html
[2026-05-30 17:04:53] INTERFACE SUSPEITA: api-trace2.html.html
[2026-05-30 17:04:53] INTERFACE SUSPEITA: api_bridge.py.html
[2026-05-30 17:04:53] INTERFACE SUSPEITA: app.py.html
[2026-05-30 17:04:53] INTERFACE SUSPEITA: APP_PRINCIPAL.py.html
[2026-05-30 17:04:53] INTERFACE SUSPEITA: APP_REGULUS.py.html
[2026-05-30 17:04:53] INTERFACE SUSPEITA: ARQUITETURA_CORPORATIVA_DEFINITIVA_IOTEC.py.html
[2026-05-30 17:04:53] INTERFACE SUSPEITA: ARQUITETURA_CORPORATIVA_DEFINITIVA_IOTEC.py.html.html
[2026-05-30 17:04:53] INTERFACE SUSPEITA: AUDITORIA_ACOPLAMENTO_NUCLEO.py.html
[2026-05-30 17:04:53] INTERFACE SUSPEITA: Auditoria_e_Sabatina_Inteligente.py.html
[2026-05-30 17:04:53] INTERFACE SUSPEITA: auditoria_forense_iotec.py.html
[2026-05-30 17:04:53] INTERFACE SUSPEITA: AUDITORIA_NUCLEO_PRO.py.html
[2026-05-30 17:04:53] INTERFACE SUSPEITA: auditoria_total_iotec.py.html
[2026-05-30 17:04:53] INTERFACE SUSPEITA: auditor_controladoria.py.html
[2026-05-30 17:04:53] INTERFACE SUSPEITA: auditor_projac.py.html
[2026-05-30 17:04:53] INTERFACE SUSPEITA: auditor_projac_v2.py.html
[2026-05-30 17:04:53] INTERFACE SUSPEITA: audit_logger.py.html
[2026-05-30 17:04:53] INTERFACE SUSPEITA: audit_report.html
[2026-05-30 17:04:53] INTERFACE SUSPEITA: automacao.html
[2026-05-30 17:04:53] INTERFACE SUSPEITA: autopsia_profunda_iotec.py.html
[2026-05-30 17:04:53] INTERFACE SUSPEITA: autopsia_profunda_nucleo.py.html
[2026-05-30 17:04:53] INTERFACE SUSPEITA: auto_library_loader.py.html
[2026-05-30 17:04:53] INTERFACE SUSPEITA: banco_referencias.py.html
[2026-05-30 17:04:53] INTERFACE SUSPEITA: bank_meeting_simulator.py.html
[2026-05-30 17:04:53] INTERFACE SUSPEITA: base_8h.html.html
[2026-05-30 17:04:53] INTERFACE SUSPEITA: bcj_8h.html.html
[2026-05-30 17:04:53] INTERFACE SUSPEITA: bitmap-format.html.html
[2026-05-30 17:04:53] INTERFACE SUSPEITA: block_8h.html.html
[2026-05-30 17:04:53] INTERFACE SUSPEITA: bolt_balanco_comercial.py.html
[2026-05-30 17:04:53] INTERFACE SUSPEITA: bolt_painel_financeiro.py.html
[2026-05-30 17:04:53] INTERFACE SUSPEITA: bom_generator.py.html
[2026-05-30 17:04:53] INTERFACE SUSPEITA: BOOTSTRAP_PROFISSIONAL.py.html
[2026-05-30 17:04:53] INTERFACE SUSPEITA: BreakingChanges.html.html
[2026-05-30 17:04:53] INTERFACE SUSPEITA: build-systems.html.html
[2026-05-30 17:04:53] INTERFACE SUSPEITA: build_ciberjustica_produto.py.html
[2026-05-30 17:04:53] INTERFACE SUSPEITA: bundle-uri.html.html
[2026-05-30 17:04:53] INTERFACE SUSPEITA: bundle_019.html
[2026-05-30 17:04:53] INTERFACE SUSPEITA: bundle_020.html
[2026-05-30 17:04:53] INTERFACE SUSPEITA: bundle_021.html
[2026-05-30 17:05:05] INTERFACE SUSPEITA: bundle_2214.html
[2026-05-30 17:05:05] INTERFACE SUSPEITA: bundle_2215.html
[2026-05-30 17:05:05] INTERFACE SUSPEITA: bundle_2216.html
[2026-05-30 17:05:05] INTERFACE SUSPEITA: bundle_2609.html
[2026-05-30 17:05:05] INTERFACE SUSPEITA: bundle_2610.html
[2026-05-30 17:05:05] INTERFACE SUSPEITA: bundle_2611.html
[2026-05-30 17:05:05] INTERFACE SUSPEITA: bundle_2612.html
[2026-05-30 17:05:05] INTERFACE SUSPEITA: bundle_2613.html
[2026-05-30 17:05:05] INTERFACE SUSPEITA: bundle_2614.html
[2026-05-30 17:05:05] INTERFACE SUSPEITA: bundle_2615.html
[2026-05-30 17:05:05] INTERFACE SUSPEITA: bundle_2616.html
[2026-05-30 17:05:06] INTERFACE SUSPEITA: bundle_2617.html
[2026-05-30 17:05:06] INTERFACE SUSPEITA: bundle_2618.html
[2026-05-30 17:05:06] INTERFACE SUSPEITA: bundle_2619.html
[2026-05-30 17:05:06] INTERFACE SUSPEITA: bundle_2620.html
[2026-05-30 17:05:06] INTERFACE SUSPEITA: bundle_2621.html
[2026-05-30 17:05:06] INTERFACE SUSPEITA: bundle_2622.html
[2026-05-30 17:05:06] INTERFACE SUSPEITA: bundle_2623.html
[2026-05-30 17:05:06] INTERFACE SUSPEITA: bundle_2624.html
[2026-05-30 17:05:06] INTERFACE SUSPEITA: bundle_2625.html
[2026-05-30 17:05:06] INTERFACE SUSPEITA: bundle_2626.html
[2026-05-30 17:05:06] INTERFACE SUSPEITA: bundle_2627.html
[2026-05-30 17:05:06] INTERFACE SUSPEITA: bundle_2628.html
[2026-05-30 17:05:06] INTERFACE SUSPEITA: bundle_2629.html
[2026-05-30 17:05:06] INTERFACE SUSPEITA: bundle_2630.html
[2026-05-30 17:05:08] INTERFACE SUSPEITA: cadastro_comercial.py.html
[2026-05-30 17:05:08] INTERFACE SUSPEITA: career_engine.py.html
[2026-05-30 17:05:08] INTERFACE SUSPEITA: central_vendas.py.html
[2026-05-30 17:05:08] INTERFACE SUSPEITA: check_8h.html.html
[2026-05-30 17:05:08] INTERFACE SUSPEITA: CiberJustica_Kit_Digital.01.py.html
[2026-05-30 17:05:08] INTERFACE SUSPEITA: CiberJustica_Kit_Digital.py.html
[2026-05-30 17:05:08] INTERFACE SUSPEITA: ciberjustica_produto_digital.py.html
[2026-05-30 17:05:08] INTERFACE SUSPEITA: CiberJustiça.py.html
[2026-05-30 17:05:08] INTERFACE SUSPEITA: CIGM_IBICUITINGA_V1.py.html
[2026-05-30 17:05:08] INTERFACE SUSPEITA: CIGM_V4_PREFEITO_APRESENTACAO.py.html
[2026-05-30 17:05:08] INTERFACE SUSPEITA: classes.html.html
[2026-05-30 17:05:08] INTERFACE SUSPEITA: classifier.py.html
[2026-05-30 17:05:08] INTERFACE SUSPEITA: cliente.html.html
[2026-05-30 17:05:08] INTERFACE SUSPEITA: client_manager.py.html
[2026-05-30 17:05:08] INTERFACE SUSPEITA: cobranca.html.html
[2026-05-30 17:05:08] INTERFACE SUSPEITA: cockpit_nucleo.html.html
[2026-05-30 17:05:08] INTERFACE SUSPEITA: comercial.html
[2026-05-30 17:05:08] INTERFACE SUSPEITA: command_center.py.html
[2026-05-30 17:05:08] INTERFACE SUSPEITA: Commercial_Brain.py.html
[2026-05-30 17:05:08] INTERFACE SUSPEITA: commit-graph.html.html
[2026-05-30 17:05:08] INTERFACE SUSPEITA: common.py.html
[2026-05-30 17:05:08] INTERFACE SUSPEITA: config-example.html.html
[2026-05-30 17:05:08] INTERFACE SUSPEITA: config-files.html.html
[2026-05-30 17:05:08] INTERFACE SUSPEITA: config.html.html
[2026-05-30 17:05:08] INTERFACE SUSPEITA: config.py.html
[2026-05-30 17:05:08] INTERFACE SUSPEITA: constituinte_espinha_dorsal.py.html
[2026-05-30 17:05:08] INTERFACE SUSPEITA: container_8h.html.html
[2026-05-30 17:05:08] INTERFACE SUSPEITA: coordinate-embargoed-releases.html.html
[2026-05-30 17:05:08] INTERFACE SUSPEITA: core.py.html
[2026-05-30 17:05:08] INTERFACE SUSPEITA: core_daemon.py.html
[2026-05-30 17:05:08] INTERFACE SUSPEITA: CORRETOR_FLUXO_REGULUS.py.html
[2026-05-30 17:05:08] INTERFACE SUSPEITA: curador_comercial.py.html
[2026-05-30 17:05:08] INTERFACE SUSPEITA: curador_projac.py.html
[2026-05-30 17:05:08] INTERFACE SUSPEITA: dashboard_stub.py.html
[2026-05-30 17:05:08] INTERFACE SUSPEITA: dashboard_templates.py.html
[2026-05-30 17:05:08] INTERFACE SUSPEITA: database.py.html
[2026-05-30 17:05:08] INTERFACE SUSPEITA: data_collector_cnj_stub.py.html
[2026-05-30 17:05:08] INTERFACE SUSPEITA: DecisionMaking.html.html
[2026-05-30 17:05:08] INTERFACE SUSPEITA: delta_8h.html.html
[2026-05-30 17:05:08] INTERFACE SUSPEITA: demoserver.py.html
[2026-05-30 17:05:08] INTERFACE SUSPEITA: devel-building-style.html.html
[2026-05-30 17:05:08] INTERFACE SUSPEITA: devel-building.html.html
[2026-05-30 17:05:08] INTERFACE SUSPEITA: devel-commands.html.html
[2026-05-30 17:05:08] INTERFACE SUSPEITA: devel-debugging.html.html
[2026-05-30 17:05:08] INTERFACE SUSPEITA: devel-paths.html.html
[2026-05-30 17:05:08] INTERFACE SUSPEITA: devel-testing.html.html
[2026-05-30 17:05:08] INTERFACE SUSPEITA: devel.html.html
[2026-05-30 17:05:08] INTERFACE SUSPEITA: diagnostico_empresa.py.html
[2026-05-30 17:05:08] INTERFACE SUSPEITA: directory-rename-detection.html.html
[2026-05-30 17:05:08] INTERFACE SUSPEITA: dir_b17a1d403082bd69a703ed987cf158fb.html.html
[2026-05-30 17:05:08] INTERFACE SUSPEITA: docinfo.html
[2026-05-30 17:05:08] INTERFACE SUSPEITA: docinfo.html.html
[2026-05-30 17:05:08] INTERFACE SUSPEITA: domus_core.py.html
[2026-05-30 17:05:08] INTERFACE SUSPEITA: donate.html
[2026-05-30 17:05:08] INTERFACE SUSPEITA: doxygen_crawl.html.html
[2026-05-30 17:05:08] INTERFACE SUSPEITA: educacao.html
[2026-05-30 17:05:08] INTERFACE SUSPEITA: emergency_trigger.py.html
[2026-05-30 17:05:08] INTERFACE SUSPEITA: empacotar_ciberjustica.py.html
[2026-05-30 17:05:08] INTERFACE SUSPEITA: engine.py.html
[2026-05-30 17:05:08] INTERFACE SUSPEITA: ESQUELETO_PYTHON_DO_NÚCLEO_main.py.html
[2026-05-30 17:05:08] INTERFACE SUSPEITA: estrutura_projeto.py.html
[2026-05-30 17:05:08] INTERFACE SUSPEITA: event_bus.py.html
[2026-05-30 17:05:08] INTERFACE SUSPEITA: everyday.html.html
[2026-05-30 17:05:08] INTERFACE SUSPEITA: EvolutionBrain.py.html
[2026-05-30 17:05:08] INTERFACE SUSPEITA: executar_torre_global.py.html
[2026-05-30 17:05:08] INTERFACE SUSPEITA: executor.py.html
[2026-05-30 17:05:08] INTERFACE SUSPEITA: external.html
[2026-05-30 17:05:08] INTERFACE SUSPEITA: factory.html
[2026-05-30 17:05:08] INTERFACE SUSPEITA: ficha.html.html
[2026-05-30 17:05:08] INTERFACE SUSPEITA: ficha__dup1.html.html
[2026-05-30 17:05:08] INTERFACE SUSPEITA: ficha__dup2.html.html
[2026-05-30 17:05:08] INTERFACE SUSPEITA: files.html.html
[2026-05-30 17:05:08] INTERFACE SUSPEITA: filter_8h.html.html
[2026-05-30 17:05:08] INTERFACE SUSPEITA: financeiro.html
[2026-05-30 17:05:08] INTERFACE SUSPEITA: financeiro.html.html
[2026-05-30 17:05:08] INTERFACE SUSPEITA: financeiro_empresa.py.html
[2026-05-30 17:05:08] INTERFACE SUSPEITA: Fluxo_central_nucleo_central.py.html
[2026-05-30 17:05:08] INTERFACE SUSPEITA: fullscreen_governor.py.html
[2026-05-30 17:05:08] INTERFACE SUSPEITA: full_spectrum.py.html
[2026-05-30 17:05:08] INTERFACE SUSPEITA: functions.html.html
[2026-05-30 17:05:08] INTERFACE SUSPEITA: functions_vars.html.html
[2026-05-30 17:05:08] INTERFACE SUSPEITA: funil_appspy_principais.py.html
[2026-05-30 17:05:08] INTERFACE SUSPEITA: gerador_dossie_aurora.py.html
[2026-05-30 17:05:08] INTERFACE SUSPEITA: gerador_graficos.py.html
[2026-05-30 17:05:08] INTERFACE SUSPEITA: GERADOR_PACOTE_NUCLEO_PROJETO.py.html
[2026-05-30 17:05:08] INTERFACE SUSPEITA: gerador_projetos_publicos.py.html
[2026-05-30 17:05:08] INTERFACE SUSPEITA: GERAR_E_ABRIR_RELATORIO_PROBLEMA.py.html
[2026-05-30 17:05:08] INTERFACE SUSPEITA: git-add.html.html
[2026-05-30 17:05:08] INTERFACE SUSPEITA: git-am.html.html
[2026-05-30 17:05:08] INTERFACE SUSPEITA: git-annotate.html.html
[2026-05-30 17:05:08] INTERFACE SUSPEITA: git-apply.html.html
[2026-05-30 17:05:08] INTERFACE SUSPEITA: git-archive.html.html
[2026-05-30 17:05:08] INTERFACE SUSPEITA: git-backfill.html.html
[2026-05-30 17:05:08] INTERFACE SUSPEITA: git-bash.html.html
[2026-05-30 17:05:08] INTERFACE SUSPEITA: git-bisect-lk2009.html.html
[2026-05-30 17:05:08] INTERFACE SUSPEITA: git-bisect.html.html
[2026-05-30 17:05:08] INTERFACE SUSPEITA: git-blame.html.html
[2026-05-30 17:05:08] INTERFACE SUSPEITA: git-branch.html.html
[2026-05-30 17:05:08] INTERFACE SUSPEITA: git-bugreport.html.html
[2026-05-30 17:05:08] INTERFACE SUSPEITA: git-bundle.html.html
[2026-05-30 17:05:08] INTERFACE SUSPEITA: git-cat-file.html.html
[2026-05-30 17:05:08] INTERFACE SUSPEITA: git-check-attr.html.html
[2026-05-30 17:05:08] INTERFACE SUSPEITA: git-check-ignore.html.html
[2026-05-30 17:05:08] INTERFACE SUSPEITA: git-check-mailmap.html.html
[2026-05-30 17:05:08] INTERFACE SUSPEITA: git-check-ref-format.html.html
[2026-05-30 17:05:08] INTERFACE SUSPEITA: git-checkout-index.html.html
[2026-05-30 17:05:08] INTERFACE SUSPEITA: git-checkout.html.html
[2026-05-30 17:05:08] INTERFACE SUSPEITA: git-cherry-pick.html.html
[2026-05-30 17:05:08] INTERFACE SUSPEITA: git-cherry.html.html
[2026-05-30 17:05:08] INTERFACE SUSPEITA: git-citool.html.html
[2026-05-30 17:05:08] INTERFACE SUSPEITA: git-clean.html.html
[2026-05-30 17:05:08] INTERFACE SUSPEITA: git-clone.html.html
[2026-05-30 17:05:08] INTERFACE SUSPEITA: git-column.html.html
[2026-05-30 17:05:08] INTERFACE SUSPEITA: git-commit-graph.html.html
[2026-05-30 17:05:08] INTERFACE SUSPEITA: git-commit-tree.html.html
[2026-05-30 17:05:08] INTERFACE SUSPEITA: git-commit.html.html
[2026-05-30 17:05:08] INTERFACE SUSPEITA: git-config.html.html
[2026-05-30 17:05:08] INTERFACE SUSPEITA: git-count-objects.html.html
[2026-05-30 17:05:08] INTERFACE SUSPEITA: git-credential-cache--daemon.html.html
[2026-05-30 17:05:08] INTERFACE SUSPEITA: git-credential-cache.html.html
[2026-05-30 17:05:08] INTERFACE SUSPEITA: git-credential-manager.html.html
[2026-05-30 17:05:08] INTERFACE SUSPEITA: git-credential-store.html.html
[2026-05-30 17:05:08] INTERFACE SUSPEITA: git-credential.html.html
[2026-05-30 17:05:08] INTERFACE SUSPEITA: git-daemon.html.html
[2026-05-30 17:05:08] INTERFACE SUSPEITA: git-describe.html.html
[2026-05-30 17:05:08] INTERFACE SUSPEITA: git-diagnose.html.html
[2026-05-30 17:05:08] INTERFACE SUSPEITA: git-diff-files.html.html
[2026-05-30 17:05:08] INTERFACE SUSPEITA: git-diff-index.html.html
[2026-05-30 17:05:08] INTERFACE SUSPEITA: git-diff-pairs.html.html
[2026-05-30 17:05:08] INTERFACE SUSPEITA: git-diff-tree.html.html
[2026-05-30 17:05:08] INTERFACE SUSPEITA: git-diff.html.html
[2026-05-30 17:05:08] INTERFACE SUSPEITA: git-difftool.html.html
[2026-05-30 17:05:08] INTERFACE SUSPEITA: git-fast-export.html.html
[2026-05-30 17:05:08] INTERFACE SUSPEITA: git-fast-import.html.html
[2026-05-30 17:05:08] INTERFACE SUSPEITA: git-fetch-pack.html.html
[2026-05-30 17:05:08] INTERFACE SUSPEITA: git-fetch.html.html
[2026-05-30 17:05:08] INTERFACE SUSPEITA: git-filter-branch.html.html
[2026-05-30 17:05:08] INTERFACE SUSPEITA: git-fmt-merge-msg.html.html
[2026-05-30 17:05:08] INTERFACE SUSPEITA: git-for-each-ref.html.html
[2026-05-30 17:05:08] INTERFACE SUSPEITA: git-for-each-repo.html.html
[2026-05-30 17:05:08] INTERFACE SUSPEITA: git-format-patch.html.html
[2026-05-30 17:05:08] INTERFACE SUSPEITA: git-fsck-objects.html.html
[2026-05-30 17:05:08] INTERFACE SUSPEITA: git-fsck.html.html
[2026-05-30 17:05:08] INTERFACE SUSPEITA: git-fsmonitor--daemon.html.html
[2026-05-30 17:05:08] INTERFACE SUSPEITA: git-gc.html.html
[2026-05-30 17:05:08] INTERFACE SUSPEITA: git-get-tar-commit-id.html.html
[2026-05-30 17:05:08] INTERFACE SUSPEITA: git-grep.html.html
[2026-05-30 17:05:08] INTERFACE SUSPEITA: git-gui.html.html
[2026-05-30 17:05:08] INTERFACE SUSPEITA: git-hash-object.html.html
[2026-05-30 17:05:08] INTERFACE SUSPEITA: git-help.html.html
[2026-05-30 17:05:08] INTERFACE SUSPEITA: git-hook.html.html
[2026-05-30 17:05:08] INTERFACE SUSPEITA: git-http-backend.html.html
[2026-05-30 17:05:08] INTERFACE SUSPEITA: git-http-fetch.html.html
[2026-05-30 17:05:08] INTERFACE SUSPEITA: git-http-push.html.html
[2026-05-30 17:05:08] INTERFACE SUSPEITA: git-imap-send.html.html
[2026-05-30 17:05:08] INTERFACE SUSPEITA: git-index-pack.html.html
[2026-05-30 17:05:08] INTERFACE SUSPEITA: git-init-db.html.html
[2026-05-30 17:05:08] INTERFACE SUSPEITA: git-init.html.html
[2026-05-30 17:05:08] INTERFACE SUSPEITA: git-instaweb.html.html
[2026-05-30 17:05:08] INTERFACE SUSPEITA: git-interpret-trailers.html.html
[2026-05-30 17:05:08] INTERFACE SUSPEITA: git-last-modified.html.html
[2026-05-30 17:05:08] INTERFACE SUSPEITA: git-lfs-checkout.html.html
[2026-05-30 17:05:08] INTERFACE SUSPEITA: git-lfs-clean.html.html
[2026-05-30 17:05:08] INTERFACE SUSPEITA: git-lfs-clone.html.html
[2026-05-30 17:05:08] INTERFACE SUSPEITA: git-lfs-completion.html.html
[2026-05-30 17:05:08] INTERFACE SUSPEITA: git-lfs-dedup.html.html
[2026-05-30 17:05:08] INTERFACE SUSPEITA: git-lfs-env.html.html
[2026-05-30 17:05:08] INTERFACE SUSPEITA: git-lfs-ext.html.html
[2026-05-30 17:05:08] INTERFACE SUSPEITA: git-lfs-fetch.html.html
[2026-05-30 17:05:08] INTERFACE SUSPEITA: git-lfs-filter-process.html.html
[2026-05-30 17:05:08] INTERFACE SUSPEITA: git-lfs-fsck.html.html
[2026-05-30 17:05:08] INTERFACE SUSPEITA: git-lfs-install.html.html
[2026-05-30 17:05:08] INTERFACE SUSPEITA: git-lfs-lock.html.html
[2026-05-30 17:05:08] INTERFACE SUSPEITA: git-lfs-locks.html.html
[2026-05-30 17:05:08] INTERFACE SUSPEITA: git-lfs-logs.html.html
[2026-05-30 17:05:08] INTERFACE SUSPEITA: git-lfs-ls-files.html.html
[2026-05-30 17:05:08] INTERFACE SUSPEITA: git-lfs-merge-driver.html.html
[2026-05-30 17:05:08] INTERFACE SUSPEITA: git-lfs-migrate.html.html
[2026-05-30 17:05:08] INTERFACE SUSPEITA: git-lfs-pointer.html.html
[2026-05-30 17:05:08] INTERFACE SUSPEITA: git-lfs-post-checkout.html.html
[2026-05-30 17:05:08] INTERFACE SUSPEITA: git-lfs-post-commit.html.html
[2026-05-30 17:05:08] INTERFACE SUSPEITA: git-lfs-post-merge.html.html
[2026-05-30 17:05:08] INTERFACE SUSPEITA: git-lfs-pre-push.html.html
[2026-05-30 17:05:08] INTERFACE SUSPEITA: git-lfs-prune.html.html
[2026-05-30 17:05:08] INTERFACE SUSPEITA: git-lfs-pull.html.html
[2026-05-30 17:05:08] INTERFACE SUSPEITA: git-lfs-push.html.html
[2026-05-30 17:05:08] INTERFACE SUSPEITA: git-lfs-smudge.html.html
[2026-05-30 17:05:08] INTERFACE SUSPEITA: git-lfs-standalone-file.html.html
[2026-05-30 17:05:08] INTERFACE SUSPEITA: git-lfs-status.html.html
[2026-05-30 17:05:09] INTERFACE SUSPEITA: git-lfs-track.html.html
[2026-05-30 17:05:09] INTERFACE SUSPEITA: git-lfs-uninstall.html.html
[2026-05-30 17:05:09] INTERFACE SUSPEITA: git-lfs-unlock.html.html
[2026-05-30 17:05:09] INTERFACE SUSPEITA: git-lfs-untrack.html.html
[2026-05-30 17:05:09] INTERFACE SUSPEITA: git-lfs-update.html.html
[2026-05-30 17:05:09] INTERFACE SUSPEITA: git-lfs.html.html
[2026-05-30 17:05:09] INTERFACE SUSPEITA: git-log.html.html
[2026-05-30 17:05:09] INTERFACE SUSPEITA: git-ls-files.html.html
[2026-05-30 17:05:09] INTERFACE SUSPEITA: git-ls-remote.html.html
[2026-05-30 17:05:09] INTERFACE SUSPEITA: git-ls-tree.html.html
[2026-05-30 17:05:09] INTERFACE SUSPEITA: git-mailinfo.html.html
[2026-05-30 17:05:09] INTERFACE SUSPEITA: git-mailsplit.html.html
[2026-05-30 17:05:09] INTERFACE SUSPEITA: git-maintenance.html.html
[2026-05-30 17:05:09] INTERFACE SUSPEITA: git-merge-base.html.html
[2026-05-30 17:05:09] INTERFACE SUSPEITA: git-merge-file.html.html
[2026-05-30 17:05:09] INTERFACE SUSPEITA: git-merge-index.html.html
[2026-05-30 17:05:09] INTERFACE SUSPEITA: git-merge-one-file.html.html
[2026-05-30 17:05:09] INTERFACE SUSPEITA: git-merge-tree.html.html
[2026-05-30 17:05:09] INTERFACE SUSPEITA: git-merge.html.html
[2026-05-30 17:05:09] INTERFACE SUSPEITA: git-mergetool--lib.html.html
[2026-05-30 17:05:09] INTERFACE SUSPEITA: git-mergetool.html.html
[2026-05-30 17:05:09] INTERFACE SUSPEITA: git-mktag.html.html
[2026-05-30 17:05:09] INTERFACE SUSPEITA: git-mktree.html.html
[2026-05-30 17:05:09] INTERFACE SUSPEITA: git-multi-pack-index.html.html
[2026-05-30 17:05:09] INTERFACE SUSPEITA: git-mv.html.html
[2026-05-30 17:05:09] INTERFACE SUSPEITA: git-name-rev.html.html
[2026-05-30 17:05:09] INTERFACE SUSPEITA: git-notes.html.html
[2026-05-30 17:05:09] INTERFACE SUSPEITA: git-pack-objects.html.html
[2026-05-30 17:05:09] INTERFACE SUSPEITA: git-pack-redundant.html.html
[2026-05-30 17:05:09] INTERFACE SUSPEITA: git-pack-refs.html.html
[2026-05-30 17:05:09] INTERFACE SUSPEITA: git-patch-id.html.html
[2026-05-30 17:05:09] INTERFACE SUSPEITA: git-prune-packed.html.html
[2026-05-30 17:05:09] INTERFACE SUSPEITA: git-prune.html.html
[2026-05-30 17:05:09] INTERFACE SUSPEITA: git-pull.html.html
[2026-05-30 17:05:09] INTERFACE SUSPEITA: git-push.html.html
[2026-05-30 17:05:09] INTERFACE SUSPEITA: git-quiltimport.html.html
[2026-05-30 17:05:09] INTERFACE SUSPEITA: git-range-diff.html.html
[2026-05-30 17:05:09] INTERFACE SUSPEITA: git-read-tree.html.html
[2026-05-30 17:05:09] INTERFACE SUSPEITA: git-rebase.html.html
[2026-05-30 17:05:09] INTERFACE SUSPEITA: git-receive-pack.html.html
[2026-05-30 17:05:09] INTERFACE SUSPEITA: git-reflog.html.html
[2026-05-30 17:05:09] INTERFACE SUSPEITA: git-refs.html.html
[2026-05-30 17:05:09] INTERFACE SUSPEITA: git-remote-ext.html.html
[2026-05-30 17:05:09] INTERFACE SUSPEITA: git-remote-fd.html.html
[2026-05-30 17:05:09] INTERFACE SUSPEITA: git-remote-helpers.html.html
[2026-05-30 17:05:09] INTERFACE SUSPEITA: git-remote.html.html
[2026-05-30 17:05:09] INTERFACE SUSPEITA: git-repack.html.html
[2026-05-30 17:05:09] INTERFACE SUSPEITA: git-replace.html.html
[2026-05-30 17:05:09] INTERFACE SUSPEITA: git-replay.html.html
[2026-05-30 17:05:09] INTERFACE SUSPEITA: git-repo.html.html
[2026-05-30 17:05:09] INTERFACE SUSPEITA: git-request-pull.html.html
[2026-05-30 17:05:09] INTERFACE SUSPEITA: git-rerere.html.html
[2026-05-30 17:05:09] INTERFACE SUSPEITA: git-reset.html.html
[2026-05-30 17:05:09] INTERFACE SUSPEITA: git-restore.html.html
[2026-05-30 17:05:09] INTERFACE SUSPEITA: git-rev-list.html.html
[2026-05-30 17:05:09] INTERFACE SUSPEITA: git-rev-parse.html.html
[2026-05-30 17:05:09] INTERFACE SUSPEITA: git-revert.html.html
[2026-05-30 17:05:09] INTERFACE SUSPEITA: git-rm.html.html
[2026-05-30 17:05:09] INTERFACE SUSPEITA: git-send-email.html.html
[2026-05-30 17:05:09] INTERFACE SUSPEITA: git-send-pack.html.html
[2026-05-30 17:05:09] INTERFACE SUSPEITA: git-sh-i18n--envsubst.html.html
[2026-05-30 17:05:09] INTERFACE SUSPEITA: git-sh-i18n.html.html
[2026-05-30 17:05:09] INTERFACE SUSPEITA: git-sh-setup.html.html
[2026-05-30 17:05:09] INTERFACE SUSPEITA: git-shell.html.html
[2026-05-30 17:05:09] INTERFACE SUSPEITA: git-shortlog.html.html
[2026-05-30 17:05:09] INTERFACE SUSPEITA: git-show-branch.html.html
[2026-05-30 17:05:09] INTERFACE SUSPEITA: git-show-index.html.html
[2026-05-30 17:05:09] INTERFACE SUSPEITA: git-show-ref.html.html
[2026-05-30 17:05:09] INTERFACE SUSPEITA: git-show.html.html
[2026-05-30 17:05:09] INTERFACE SUSPEITA: git-sparse-checkout.html.html
[2026-05-30 17:05:09] INTERFACE SUSPEITA: git-stage.html.html
[2026-05-30 17:05:09] INTERFACE SUSPEITA: git-stash.html.html
[2026-05-30 17:05:09] INTERFACE SUSPEITA: git-status.html.html
[2026-05-30 17:05:09] INTERFACE SUSPEITA: git-stripspace.html.html
[2026-05-30 17:05:09] INTERFACE SUSPEITA: git-submodule.html.html
[2026-05-30 17:05:09] INTERFACE SUSPEITA: git-subtree.html.html
[2026-05-30 17:05:09] INTERFACE SUSPEITA: git-survey.html.html
[2026-05-30 17:05:09] INTERFACE SUSPEITA: git-svn.html.html
[2026-05-30 17:05:09] INTERFACE SUSPEITA: git-switch.html.html
[2026-05-30 17:05:09] INTERFACE SUSPEITA: git-symbolic-ref.html.html
[2026-05-30 17:05:09] INTERFACE SUSPEITA: git-tag.html.html
[2026-05-30 17:05:09] INTERFACE SUSPEITA: git-tools.html.html
[2026-05-30 17:05:09] INTERFACE SUSPEITA: git-unpack-file.html.html
[2026-05-30 17:05:09] INTERFACE SUSPEITA: git-unpack-objects.html.html
[2026-05-30 17:05:09] INTERFACE SUSPEITA: git-update-index.html.html
[2026-05-30 17:05:09] INTERFACE SUSPEITA: git-update-ref.html.html
[2026-05-30 17:05:09] INTERFACE SUSPEITA: git-update-server-info.html.html
[2026-05-30 17:05:09] INTERFACE SUSPEITA: git-upload-archive.html.html
[2026-05-30 17:05:09] INTERFACE SUSPEITA: git-upload-pack.html.html
[2026-05-30 17:05:09] INTERFACE SUSPEITA: git-var.html.html
[2026-05-30 17:05:09] INTERFACE SUSPEITA: git-verify-commit.html.html
[2026-05-30 17:05:09] INTERFACE SUSPEITA: git-verify-pack.html.html
[2026-05-30 17:05:09] INTERFACE SUSPEITA: git-verify-tag.html.html
[2026-05-30 17:05:09] INTERFACE SUSPEITA: git-version.html.html
[2026-05-30 17:05:10] INTERFACE SUSPEITA: git-web--browse.html.html
[2026-05-30 17:05:10] INTERFACE SUSPEITA: git-whatchanged.html.html
[2026-05-30 17:05:10] INTERFACE SUSPEITA: git-worktree.html.html
[2026-05-30 17:05:10] INTERFACE SUSPEITA: git-write-tree.html.html
[2026-05-30 17:05:10] INTERFACE SUSPEITA: git.html.html
[2026-05-30 17:05:10] INTERFACE SUSPEITA: gitattributes.html.html
[2026-05-30 17:05:10] INTERFACE SUSPEITA: gitcli.html.html
[2026-05-30 17:05:10] INTERFACE SUSPEITA: gitcore-tutorial.html.html
[2026-05-30 17:05:10] INTERFACE SUSPEITA: gitcredentials.html.html
[2026-05-30 17:05:10] INTERFACE SUSPEITA: gitdatamodel.html.html
[2026-05-30 17:05:10] INTERFACE SUSPEITA: gitdiffcore.html.html
[2026-05-30 17:05:10] INTERFACE SUSPEITA: giteveryday.html.html
[2026-05-30 17:05:10] INTERFACE SUSPEITA: gitfaq.html.html
[2026-05-30 17:05:10] INTERFACE SUSPEITA: gitformat-bundle.html.html
[2026-05-30 17:05:10] INTERFACE SUSPEITA: gitformat-chunk.html.html
[2026-05-30 17:05:10] INTERFACE SUSPEITA: gitformat-commit-graph.html.html
[2026-05-30 17:05:10] INTERFACE SUSPEITA: gitformat-index.html.html
[2026-05-30 17:05:10] INTERFACE SUSPEITA: gitformat-loose.html.html
[2026-05-30 17:05:10] INTERFACE SUSPEITA: gitformat-pack.html.html
[2026-05-30 17:05:10] INTERFACE SUSPEITA: gitformat-signature.html.html
[2026-05-30 17:05:10] INTERFACE SUSPEITA: gitglossary.html.html
[2026-05-30 17:05:10] INTERFACE SUSPEITA: githooks.html.html
[2026-05-30 17:05:10] INTERFACE SUSPEITA: gitignore.html.html
[2026-05-30 17:05:10] INTERFACE SUSPEITA: gitk.html.html
[2026-05-30 17:05:10] INTERFACE SUSPEITA: gitmailmap.html.html
[2026-05-30 17:05:10] INTERFACE SUSPEITA: gitmodules.html.html
[2026-05-30 17:05:10] INTERFACE SUSPEITA: gitnamespaces.html.html
[2026-05-30 17:05:10] INTERFACE SUSPEITA: gitpacking.html.html
[2026-05-30 17:05:10] INTERFACE SUSPEITA: gitprotocol-capabilities.html.html
[2026-05-30 17:05:10] INTERFACE SUSPEITA: gitprotocol-common.html.html
[2026-05-30 17:05:10] INTERFACE SUSPEITA: gitprotocol-http.html.html
[2026-05-30 17:05:10] INTERFACE SUSPEITA: gitprotocol-pack.html.html
[2026-05-30 17:05:10] INTERFACE SUSPEITA: gitprotocol-v2.html.html
[2026-05-30 17:05:10] INTERFACE SUSPEITA: gitremote-helpers.html.html
[2026-05-30 17:05:10] INTERFACE SUSPEITA: gitrepository-layout.html.html
[2026-05-30 17:05:10] INTERFACE SUSPEITA: gitrevisions.html.html
[2026-05-30 17:05:10] INTERFACE SUSPEITA: gitsubmodules.html.html
[2026-05-30 17:05:10] INTERFACE SUSPEITA: gittutorial-2.html.html
[2026-05-30 17:05:10] INTERFACE SUSPEITA: gittutorial.html.html
[2026-05-30 17:05:10] INTERFACE SUSPEITA: gitworkflows.html.html
[2026-05-30 17:05:10] INTERFACE SUSPEITA: globals.html.html
[2026-05-30 17:05:10] INTERFACE SUSPEITA: globals_defs.html.html
[2026-05-30 17:05:10] INTERFACE SUSPEITA: globals_enum.html.html
[2026-05-30 17:05:10] INTERFACE SUSPEITA: globals_eval.html.html
[2026-05-30 17:05:10] INTERFACE SUSPEITA: globals_func.html.html
[2026-05-30 17:05:10] INTERFACE SUSPEITA: globals_type.html.html
[2026-05-30 17:05:10] INTERFACE SUSPEITA: governo.html
[2026-05-30 17:05:10] INTERFACE SUSPEITA: gprof.out.html
[2026-05-30 17:05:10] INTERFACE SUSPEITA: hardware_8h.html.html
[2026-05-30 17:05:10] INTERFACE SUSPEITA: hash-function-transition.html.html
[2026-05-30 17:05:10] INTERFACE SUSPEITA: howto-index.html.html
[2026-05-30 17:05:10] INTERFACE SUSPEITA: html.html
[2026-05-30 17:05:10] INTERFACE SUSPEITA: html2.html
[2026-05-30 17:05:10] INTERFACE SUSPEITA: hub_interfaces.py.html
[2026-05-30 17:05:10] INTERFACE SUSPEITA: IMPORTADOR_QR.py.html
[2026-05-30 17:05:10] INTERFACE SUSPEITA: Incorporacoes_Nucleo.py.html
[2026-05-30 17:05:10] INTERFACE SUSPEITA: Incorporacoes_Nucleo_alfa.py.html
[2026-05-30 17:05:10] INTERFACE SUSPEITA: Incorporacoes_Nucleo_V2.py.html
[2026-05-30 17:05:10] INTERFACE SUSPEITA: index.html.html
[2026-05-30 17:05:10] INTERFACE SUSPEITA: index_8h.html.html
[2026-05-30 17:05:10] INTERFACE SUSPEITA: index_backup_20260402_180251.html.html
[2026-05-30 17:05:10] INTERFACE SUSPEITA: index_backup_20260402_181715.html.html
[2026-05-30 17:05:10] INTERFACE SUSPEITA: index__dup1.html.html
[2026-05-30 17:05:10] INTERFACE SUSPEITA: index__dup10.html
[2026-05-30 17:05:10] INTERFACE SUSPEITA: index__dup10.html.html
[2026-05-30 17:05:10] INTERFACE SUSPEITA: index__dup11.html.html
[2026-05-30 17:05:10] INTERFACE SUSPEITA: index__dup1__dup1.html.html
[2026-05-30 17:05:10] INTERFACE SUSPEITA: index__dup2.html.html
[2026-05-30 17:05:10] INTERFACE SUSPEITA: index__dup2__dup1.html.html
[2026-05-30 17:05:10] INTERFACE SUSPEITA: index__dup3.html.html
[2026-05-30 17:05:10] INTERFACE SUSPEITA: index__dup4.html.html
[2026-05-30 17:05:10] INTERFACE SUSPEITA: index__dup5.html.html
[2026-05-30 17:05:10] INTERFACE SUSPEITA: index__dup6.html
[2026-05-30 17:05:10] INTERFACE SUSPEITA: index__dup6.html.html
[2026-05-30 17:05:10] INTERFACE SUSPEITA: index__dup7.html.html
[2026-05-30 17:05:10] INTERFACE SUSPEITA: index__dup8.html.html
[2026-05-30 17:05:10] INTERFACE SUSPEITA: index__dup9.html.html
[2026-05-30 17:05:10] INTERFACE SUSPEITA: index__hash_8h.html.html
[2026-05-30 17:05:10] INTERFACE SUSPEITA: institucional.html
[2026-05-30 17:05:10] INTERFACE SUSPEITA: institucional.html.html
[2026-05-30 17:05:10] INTERFACE SUSPEITA: institucional_brian.py.html
[2026-05-30 17:05:10] INTERFACE SUSPEITA: institutional_environment.py.html
[2026-05-30 17:05:10] INTERFACE SUSPEITA: institutional_gateway.py.html
[2026-05-30 17:05:10] INTERFACE SUSPEITA: INSTITUTIONAL__ECOSYSTEM_CORE.py.html
[2026-05-30 17:05:10] INTERFACE SUSPEITA: INSTITUTIONA_ECOSYSTEM_CORE.py.html
[2026-05-30 17:05:10] INTERFACE SUSPEITA: inteligencia.html
[2026-05-30 17:05:10] INTERFACE SUSPEITA: interface.py.html
[2026-05-30 17:05:10] INTERFACE SUSPEITA: interface_fullscreen.py.html
[2026-05-30 17:05:10] INTERFACE SUSPEITA: interface_lab_fullscreen.py.html
[2026-05-30 17:05:10] INTERFACE SUSPEITA: Interface_Meta_Console.py.html
[2026-05-30 17:05:10] INTERFACE SUSPEITA: intracamaraty_engine.py.html
[2026-05-30 17:05:10] INTERFACE SUSPEITA: intracamaraty_fullscreen.py.html
[2026-05-30 17:05:10] INTERFACE SUSPEITA: IOBooster_Main.py.html
[2026-05-30 17:05:10] INTERFACE SUSPEITA: IOTEC_BL_PORTAL_PAGAMENTOS_AUTOMATICO.py.html
[2026-05-30 17:05:10] INTERFACE SUSPEITA: IOTEC_BL_PORTAL_PAGAMENTOS_AUTOMATICO.py.html.html
[2026-05-30 17:05:10] INTERFACE SUSPEITA: IOTEC_BL_PORTAL_PREMIUM.py.html
[2026-05-30 17:05:10] INTERFACE SUSPEITA: IOTEC_BL_PORTAL_PREMIUM.py.html.html
[2026-05-30 17:05:10] INTERFACE SUSPEITA: iotec_boot.py.html
[2026-05-30 17:05:10] INTERFACE SUSPEITA: IOTEC_CATALOGO_INTELIGENTE_V1.py.html
[2026-05-30 17:05:10] INTERFACE SUSPEITA: IOTEC_CATALOGO_INTELIGENTE_V1.py.html.html
[2026-05-30 17:05:10] INTERFACE SUSPEITA: IOTEC_CLASSIFICADOR_LOJAS.py.html
[2026-05-30 17:05:10] INTERFACE SUSPEITA: IOTEC_CLASSIFICADOR_LOJAS.py.html.html
[2026-05-30 17:05:10] INTERFACE SUSPEITA: IOTEC_CLASSIFICADOR_PRODUTOS.py.html
[2026-05-30 17:05:10] INTERFACE SUSPEITA: IOTEC_CLASSIFICADOR_PRODUTOS.py.html.html
[2026-05-30 17:05:10] INTERFACE SUSPEITA: IOTEC_COMMAND_CENTER.py.html
[2026-05-30 17:05:10] INTERFACE SUSPEITA: IOTEC_COMMAND_CENTER.py.html.html
[2026-05-30 17:05:10] INTERFACE SUSPEITA: IOTEC_COMMAND_CENTER_CLEAN.py.html
[2026-05-30 17:05:10] INTERFACE SUSPEITA: IOTEC_COMMAND_CENTER_CLEAN.py.html.html
[2026-05-30 17:05:10] INTERFACE SUSPEITA: IOTEC_COMMAND_CENTER_V2.py.html
[2026-05-30 17:05:10] INTERFACE SUSPEITA: IOTEC_COMMAND_CENTER_V2.py.html.html
[2026-05-30 17:05:10] INTERFACE SUSPEITA: IOTEC_COMMAND_CENTER_V3.py.html
[2026-05-30 17:05:10] INTERFACE SUSPEITA: IOTEC_COMMAND_CENTER_V3.py.html.html
[2026-05-30 17:05:10] INTERFACE SUSPEITA: IOTEC_COMMERCIAL_INTELLIGENCE.py.html
[2026-05-30 17:05:10] INTERFACE SUSPEITA: IOTEC_COMMERCIAL_INTELLIGENCE.py.html.html
[2026-05-30 17:05:10] INTERFACE SUSPEITA: IOTEC_CONCIERGE_GOV_V1.py.html
[2026-05-30 17:05:10] INTERFACE SUSPEITA: IOTEC_CONCIERGE_GOV_V1.py.html.html
[2026-05-30 17:05:10] INTERFACE SUSPEITA: IOTEC_CORE_BUS.py.html
[2026-05-30 17:05:10] INTERFACE SUSPEITA: IOTEC_CORE_BUS.py.html.html
[2026-05-30 17:05:10] INTERFACE SUSPEITA: IOTEC_DEMO_BANCARIO.html
[2026-05-30 17:05:10] INTERFACE SUSPEITA: IOTEC_DEMO_BANCARIO.py.html
[2026-05-30 17:05:10] INTERFACE SUSPEITA: IOTEC_DEMO_BANCARIO.py.html.html
[2026-05-30 17:05:10] INTERFACE SUSPEITA: IOTEC_DEPLOY_COPILOT_FULLSCREEN_V1.py.html
[2026-05-30 17:05:10] INTERFACE SUSPEITA: IOTEC_DEPLOY_COPILOT_FULLSCREEN_V1.py.html.html
[2026-05-30 17:05:10] INTERFACE SUSPEITA: IOTEC_DUAL_EXPERIENCE.py.html
[2026-05-30 17:05:10] INTERFACE SUSPEITA: IOTEC_ECOSSISTEMA_GESTAO_PUBLICA_V1.py.html
[2026-05-30 17:05:10] INTERFACE SUSPEITA: IOTEC_ECOSSISTEMA_GESTAO_PUBLICA_V1.py.html.html
[2026-05-30 17:05:10] INTERFACE SUSPEITA: IOTEC_ECOSYSTEM_COMMAND_CENTER.py.html
[2026-05-30 17:05:10] INTERFACE SUSPEITA: IOTEC_ECOSYSTEM_COMMAND_CENTER.py.html.html
[2026-05-30 17:05:10] INTERFACE SUSPEITA: IOTEC_EMPURRADOR_EXIBICAO_V3_FIX.py.html
[2026-05-30 17:05:10] INTERFACE SUSPEITA: IOTEC_EMPURRADOR_EXIBICAO_V3_FIX.py.html.html
[2026-05-30 17:05:10] INTERFACE SUSPEITA: IOTEC_ENCADERNADOR.py.html
[2026-05-30 17:05:10] INTERFACE SUSPEITA: IOTEC_ENCADERNADOR.py.html.html
[2026-05-30 17:05:10] INTERFACE SUSPEITA: iotec_factory_portal.py.html
[2026-05-30 17:05:10] INTERFACE SUSPEITA: iotec_factory_portal_v2.py.html
[2026-05-30 17:05:10] INTERFACE SUSPEITA: IOTEC_GLOBAL_SHOPPING_PLATFORM.py.html
[2026-05-30 17:05:10] INTERFACE SUSPEITA: IOTEC_GLOBAL_SHOPPING_PLATFORM.py.html.html
[2026-05-30 17:05:10] INTERFACE SUSPEITA: IOTEC_GLOBAL_SHOPPING_V2.py.html
[2026-05-30 17:05:10] INTERFACE SUSPEITA: IOTEC_GLOBAL_SHOPPING_V2.py.html.html
[2026-05-30 17:05:10] INTERFACE SUSPEITA: IOTEC_IMPORTADOR.py.html
[2026-05-30 17:05:10] INTERFACE SUSPEITA: IOTEC_IMPORTADOR.py.html.html
[2026-05-30 17:05:10] INTERFACE SUSPEITA: iotec_kernel_supercode.py.html
[2026-05-30 17:05:10] INTERFACE SUSPEITA: IOTEC_MAESTRO_EXPOSICAO.py.html
[2026-05-30 17:05:10] INTERFACE SUSPEITA: IOTEC_MAESTRO_EXPOSICAO.py.html.html
[2026-05-30 17:05:11] INTERFACE SUSPEITA: IOTEC_MASTER.py.html
[2026-05-30 17:05:11] INTERFACE SUSPEITA: IOTEC_MASTER.py.html.html
[2026-05-30 17:05:11] INTERFACE SUSPEITA: IOTEC_MASTER_20260325_071212.bak.py.html
[2026-05-30 17:05:11] INTERFACE SUSPEITA: IOTEC_MASTER_20260325_071212.bak.py.html.html
[2026-05-30 17:05:11] INTERFACE SUSPEITA: IOTEC_MASTER_NUCLEO_CENTRAL_PRO.py.html
[2026-05-30 17:05:11] INTERFACE SUSPEITA: IOTEC_MASTER_NUCLEO_CENTRAL_PRO.py.html.html
[2026-05-30 17:05:11] INTERFACE SUSPEITA: IOTEC_MASTER_NUCLEO_CENTRAL_PRO_20260324_223608.bak.py.html
[2026-05-30 17:05:11] INTERFACE SUSPEITA: IOTEC_MASTER_NUCLEO_CENTRAL_PRO_20260324_223608.bak.py.html.html
[2026-05-30 17:05:11] INTERFACE SUSPEITA: IOTEC_MASTER_NUCLEO_CENTRAL_PRO_20260325_070602.bak.py.html
[2026-05-30 17:05:11] INTERFACE SUSPEITA: IOTEC_MASTER_NUCLEO_CENTRAL_PRO_20260325_070602.bak.py.html.html
[2026-05-30 17:05:11] INTERFACE SUSPEITA: IOTEC_META_CONSOLE.py.html
[2026-05-30 17:05:11] INTERFACE SUSPEITA: IOTEC_META_CONSOLE.py.html.html
[2026-05-30 17:05:11] INTERFACE SUSPEITA: IOTEC_MOTOR_G_ESPECIALISTAS_FULLSCREEN_V1.py.html
[2026-05-30 17:05:11] INTERFACE SUSPEITA: IOTEC_MOTOR_G_ESPECIALISTAS_FULLSCREEN_V1.py.html.html
[2026-05-30 17:05:11] INTERFACE SUSPEITA: IOTEC_NUCLEO_MASTER.py.html
[2026-05-30 17:05:11] INTERFACE SUSPEITA: IOTEC_NUCLEO_MASTER.py.html.html
[2026-05-30 17:05:11] INTERFACE SUSPEITA: IOTEC_PATCH_AUTONOMO.py.html
[2026-05-30 17:05:11] INTERFACE SUSPEITA: IOTEC_PATCH_AUTONOMO.py.html.html
[2026-05-30 17:05:11] INTERFACE SUSPEITA: IOTEC_PLATFORM_APP.py.html
[2026-05-30 17:05:11] INTERFACE SUSPEITA: IOTEC_PLATFORM_APP.py.html.html
[2026-05-30 17:05:11] INTERFACE SUSPEITA: IOTEC_PLATFORM_IA_MASTER_CLOSEOUT.py.html
[2026-05-30 17:05:11] INTERFACE SUSPEITA: IOTEC_PLATFORM_IA_MASTER_CLOSEOUT.py.html.html
[2026-05-30 17:05:11] INTERFACE SUSPEITA: IOTEC_PORTAL_BASE.html
[2026-05-30 17:05:11] INTERFACE SUSPEITA: IOTEC_PORTAL_BASE.html.html
[2026-05-30 17:05:11] INTERFACE SUSPEITA: IOTEC_PORTAL_WEBFLASK_V1.py.html
[2026-05-30 17:05:11] INTERFACE SUSPEITA: IOTEC_PORTAL_WEBFLASK_V1.py.html.html
[2026-05-30 17:05:11] INTERFACE SUSPEITA: IOTEC_PUBLICO_RENDER.py.html
[2026-05-30 17:05:11] INTERFACE SUSPEITA: IOTEC_PUBLICO_RENDER.py.html.html
[2026-05-30 17:05:11] INTERFACE SUSPEITA: IOTEC_REGISTRADOR_NUCLEO.py.html
[2026-05-30 17:05:11] INTERFACE SUSPEITA: IOTEC_REGISTRADOR_NUCLEO.py.html.html
[2026-05-30 17:05:11] INTERFACE SUSPEITA: IOTEC_SCANNER_GLOBAL_PRO.py.html
[2026-05-30 17:05:11] INTERFACE SUSPEITA: IOTEC_SCANNER_GLOBAL_PRO.py.html.html
[2026-05-30 17:05:11] INTERFACE SUSPEITA: IOTEC_SHOWROOM_COMERCIAL_AUTOMATICO_FULLSCREEN_V1.py.html
[2026-05-30 17:05:11] INTERFACE SUSPEITA: IOTEC_SHOWROOM_COMERCIAL_AUTOMATICO_FULLSCREEN_V1.py.html.html
[2026-05-30 17:05:11] INTERFACE SUSPEITA: iotec_site_oficial.py.html
[2026-05-30 17:05:11] INTERFACE SUSPEITA: iotec_strategic_core.py.html
[2026-05-30 17:05:11] INTERFACE SUSPEITA: IOTEC_TESTE_REAL.html
[2026-05-30 17:05:11] INTERFACE SUSPEITA: IOTEC_TESTE_REAL.html.html
[2026-05-30 17:05:11] INTERFACE SUSPEITA: IOTEC_TOWER.html
[2026-05-30 17:05:11] INTERFACE SUSPEITA: IOTEC_TOWER.html.html
[2026-05-30 17:05:11] INTERFACE SUSPEITA: IOTEC_TOWER_10_ANDARES.html.html
[2026-05-30 17:05:11] INTERFACE SUSPEITA: IOTEC_TOWER_COMMAND_CENTER.html.html
[2026-05-30 17:05:11] INTERFACE SUSPEITA: IOTEC_TOWER__dup1.html.html
[2026-05-30 17:05:11] INTERFACE SUSPEITA: IOTEC_VITRINE_INTELIGENTE.py.html
[2026-05-30 17:05:11] INTERFACE SUSPEITA: IOTEC_VITRINE_INTELIGENTE.py.html.html
[2026-05-30 17:05:11] INTERFACE SUSPEITA: IOTEC_WAR_ROOM_CONCIERGE_GOV_V3.py.html
[2026-05-30 17:05:12] INTERFACE SUSPEITA: IOTEC_WAR_ROOM_CONCIERGE_GOV_V3.py.html.html
[2026-05-30 17:05:12] INTERFACE SUSPEITA: IOTEC_WAR_ROOM_CONCIERGE_GOV_V4.py.html
[2026-05-30 17:05:12] INTERFACE SUSPEITA: IOTEC_WAR_ROOM_CONCIERGE_GOV_V4.py.html.html
[2026-05-30 17:05:12] INTERFACE SUSPEITA: judicial_forecast_engine.py.html
[2026-05-30 17:05:12] INTERFACE SUSPEITA: keep-canonical-history-correct.html.html
[2026-05-30 17:05:12] INTERFACE SUSPEITA: KNOWLEDGE_ENGINE.py.html
[2026-05-30 17:05:12] INTERFACE SUSPEITA: laboratorio.html
[2026-05-30 17:05:12] INTERFACE SUSPEITA: laboratorio.py.html
[2026-05-30 17:05:12] INTERFACE SUSPEITA: laboratorio_projetos_publicos.py.html
[2026-05-30 17:05:12] INTERFACE SUSPEITA: large-object-promisors.html.html
[2026-05-30 17:05:12] INTERFACE SUSPEITA: launcher.py.html
[2026-05-30 17:05:12] INTERFACE SUSPEITA: loader.py.html
[2026-05-30 17:05:12] INTERFACE SUSPEITA: logger_iotec.py.html
[2026-05-30 17:05:12] INTERFACE SUSPEITA: long-running-process-protocol.html.html
[2026-05-30 17:05:12] INTERFACE SUSPEITA: lzma12_8h.html.html
[2026-05-30 17:05:12] INTERFACE SUSPEITA: lzma_8h.html.html
[2026-05-30 17:05:12] INTERFACE SUSPEITA: main.py.html
[2026-05-30 17:05:12] INTERFACE SUSPEITA: maintain-git.html.html
[2026-05-30 17:05:12] INTERFACE SUSPEITA: MANDATO_360_FRANZE_V1.py.html
[2026-05-30 17:05:12] INTERFACE SUSPEITA: MANDATO_360_FRANZE_V2.py.html
[2026-05-30 17:05:12] INTERFACE SUSPEITA: MANDATO_360_V4_DEPUTADO_APRESENTACAO.py.html
[2026-05-30 17:05:12] INTERFACE SUSPEITA: manual.html.html
[2026-05-30 17:05:12] INTERFACE SUSPEITA: meta_console.py.html
[2026-05-30 17:05:12] INTERFACE SUSPEITA: modelagem.py.html
[2026-05-30 17:05:12] INTERFACE SUSPEITA: modules__.py.html
[2026-05-30 17:05:12] INTERFACE SUSPEITA: modules__ARQUITETURA_CORPORATIVA_DEFINITIVA_IOTEC.py.html
[2026-05-30 17:05:12] INTERFACE SUSPEITA: modules__ARQUITETURA_CORPORATIVA_DEFINITIVA_IOTEC.py.html.html
[2026-05-30 17:05:12] INTERFACE SUSPEITA: modules__auditoria_forense_iotec.py.html
[2026-05-30 17:05:12] INTERFACE SUSPEITA: modules__auditoria_total_iotec.py.html
[2026-05-30 17:05:12] INTERFACE SUSPEITA: modules__bank_meeting_simulator.py.html
[2026-05-30 17:05:12] INTERFACE SUSPEITA: modules__Fluxo_central_nucleo_central.py.html
[2026-05-30 17:05:12] INTERFACE SUSPEITA: modules__full_spectrum.py.html
[2026-05-30 17:05:12] INTERFACE SUSPEITA: modules__module_voice_supervisor.py.html
[2026-05-30 17:05:12] INTERFACE SUSPEITA: modules__module_voice_supervisor_continuo.py.html
[2026-05-30 17:05:12] INTERFACE SUSPEITA: modules__nucleo_auto.py.html
[2026-05-30 17:05:12] INTERFACE SUSPEITA: modules__Plataforma_IO_Booster.py.html
[2026-05-30 17:05:12] INTERFACE SUSPEITA: modules__teste_voz.py.html
[2026-05-30 17:05:12] INTERFACE SUSPEITA: module_voice_supervisor.py.html
[2026-05-30 17:05:12] INTERFACE SUSPEITA: module_voice_supervisor_continuo.py.html
[2026-05-30 17:05:13] INTERFACE SUSPEITA: MOD_CATALOGO_QR_NUCLEO.py.html
[2026-05-30 17:05:13] INTERFACE SUSPEITA: MOD_ENCERRAMENTO_ABA_ULTRA.py.html
[2026-05-30 17:05:13] INTERFACE SUSPEITA: MOD_ENCERRAMENTO_SESSAO_PRO.py.html
[2026-05-30 17:05:13] INTERFACE SUSPEITA: MOD_IMPORTADOR_QR_PORTAL.py.html
[2026-05-30 17:05:13] INTERFACE SUSPEITA: MOD_IMPORTADOR_QR_PORTAL_V2.py.html
[2026-05-30 17:05:13] INTERFACE SUSPEITA: MOD_INSTRUCAO_NUCLEO_JUDICIAL_FORECAST.py.html
[2026-05-30 17:05:13] INTERFACE SUSPEITA: MOD_NUCLEO_ENSINO_PRODUTO_JUDICIAL.py.html
[2026-05-30 17:05:13] INTERFACE SUSPEITA: MOD_PRATELEIRA_DIGITAL_SNIA.py.html
[2026-05-30 17:05:13] INTERFACE SUSPEITA: MOD_PRODUTIZACAO_JUDICIAL_NUCLEO.py.html
[2026-05-30 17:05:13] INTERFACE SUSPEITA: MOD_PRODUTO_TRANSICAO_CARREIRA_JUDICIARIO.py.html
[2026-05-30 17:05:13] INTERFACE SUSPEITA: MOD_TCC_ENGINE_PRO.py.html
[2026-05-30 17:05:13] INTERFACE SUSPEITA: motor_agentes_contratuais.py.html
[2026-05-30 17:05:13] INTERFACE SUSPEITA: MOTOR_COMERCIAL.py.html
[2026-05-30 17:05:13] INTERFACE SUSPEITA: motor_contratos.py.html
[2026-05-30 17:05:13] INTERFACE SUSPEITA: motor_envio_cobrancas.py.html
[2026-05-30 17:05:13] INTERFACE SUSPEITA: motor_global_caixas.py.html
[2026-05-30 17:05:13] INTERFACE SUSPEITA: motor_g_especialistas.py.html
[2026-05-30 17:05:13] INTERFACE SUSPEITA: motor_intercambio_global.py.html
[2026-05-30 17:05:13] INTERFACE SUSPEITA: motor_mensalidade_automatica.py.html
[2026-05-30 17:05:13] INTERFACE SUSPEITA: motor_precificacao_exata.py.html
[2026-05-30 17:05:13] INTERFACE SUSPEITA: motor_rotacao_inteligente.py.html
[2026-05-30 17:05:13] INTERFACE SUSPEITA: multi-pack-index.html.html
[2026-05-30 17:05:13] INTERFACE SUSPEITA: MyFirstContribution.html.html
[2026-05-30 17:05:13] INTERFACE SUSPEITA: MyFirstObjectWalk.html.html
[2026-05-30 17:05:13] INTERFACE SUSPEITA: navigation.html
[2026-05-30 17:05:13] INTERFACE SUSPEITA: new-command.html.html
[2026-05-30 17:05:13] INTERFACE SUSPEITA: nome_do_arquivo.py.html
[2026-05-30 17:05:13] INTERFACE SUSPEITA: ns.html
[2026-05-30 17:05:13] INTERFACE SUSPEITA: nucleo.py.html
[2026-05-30 17:05:13] INTERFACE SUSPEITA: NUCLEO_3_BRAINS_ENGINE.py.html
[2026-05-30 17:05:13] INTERFACE SUSPEITA: nucleo_auto.py.html
[2026-05-30 17:05:13] INTERFACE SUSPEITA: NUCLEO_CORRETOR_SINTAXE_FASE1.py.html
[2026-05-30 17:05:13] INTERFACE SUSPEITA: NUCLEO_INSTRUCOES_OPERACIONAIS_V1.py.html
[2026-05-30 17:05:13] INTERFACE SUSPEITA: NUCLEO_MASTER_CONSOLE.py.html
[2026-05-30 17:05:13] INTERFACE SUSPEITA: NUCLEO_MONETIZACAO_ESTRATEGICA.py.html
[2026-05-30 17:05:13] INTERFACE SUSPEITA: NUCLEO_ORQUESTRADOR_MULTIPORTAIS_V1.py.html
[2026-05-30 17:05:13] INTERFACE SUSPEITA: nucleo_perfis_coringa.py.html
[2026-05-30 17:05:13] INTERFACE SUSPEITA: NUCLEO_PRODUTIZADOR_ESTRATEGICO.py.html
[2026-05-30 17:05:13] INTERFACE SUSPEITA: NUCLEO_SERVICOS_EDUCACIONAIS_IOTEC.py.html
[2026-05-30 17:05:13] INTERFACE SUSPEITA: NUCLEO_SERVICOS_EDUCACIONAIS_IOTEC.py.html.html
[2026-05-30 17:05:13] INTERFACE SUSPEITA: NUCLEO_TRABALHOS_V1.py.html
[2026-05-30 17:05:13] INTERFACE SUSPEITA: NUCLEO_TRANSFORMADOR_DE_CONTEUDO_EM_PRODUTO.py.html
[2026-05-30 17:05:13] INTERFACE SUSPEITA: NÚCLEO_DE_AUDITORIA_AVANÇADO_VERSÃO_ULTRA_SUPER.py.html
[2026-05-30 17:05:13] INTERFACE SUSPEITA: NÚCLEO_DE_AUDITORIA__VERSÃO_FINAL_DEFINITIVA.py.html
[2026-05-30 17:05:13] INTERFACE SUSPEITA: organizador_projac.py.html
[2026-05-30 17:05:13] INTERFACE SUSPEITA: p11-kit-Deprecated.html.html
[2026-05-30 17:05:13] INTERFACE SUSPEITA: p11-kit-Future.html.html
[2026-05-30 17:05:13] INTERFACE SUSPEITA: p11-kit-Modules.html.html
[2026-05-30 17:05:13] INTERFACE SUSPEITA: p11-kit-PIN-Callbacks.html.html
[2026-05-30 17:05:13] INTERFACE SUSPEITA: p11-kit-URIs.html.html
[2026-05-30 17:05:13] INTERFACE SUSPEITA: p11-kit-Utilities.html.html
[2026-05-30 17:05:13] INTERFACE SUSPEITA: p11-kit.html.html
[2026-05-30 17:05:13] INTERFACE SUSPEITA: pack-heuristics.html.html
[2026-05-30 17:05:13] INTERFACE SUSPEITA: packfile-uri.html.html
[2026-05-30 17:05:13] INTERFACE SUSPEITA: pacote_final.py.html
[2026-05-30 17:05:13] INTERFACE SUSPEITA: pagamento.html
[2026-05-30 17:05:13] INTERFACE SUSPEITA: pagamento.html.html
[2026-05-30 17:05:13] INTERFACE SUSPEITA: pagamento__dup1.html
[2026-05-30 17:05:13] INTERFACE SUSPEITA: pagamento__dup1.html.html
[2026-05-30 17:05:13] INTERFACE SUSPEITA: pagamento__dup2.html
[2026-05-30 17:05:13] INTERFACE SUSPEITA: pagamento__dup2.html.html
[2026-05-30 17:05:13] INTERFACE SUSPEITA: painel.html
[2026-05-30 17:05:13] INTERFACE SUSPEITA: painel.html.html
[2026-05-30 17:05:13] INTERFACE SUSPEITA: painel_financeiro.html
[2026-05-30 17:05:13] INTERFACE SUSPEITA: painel_financeiro.html.html
[2026-05-30 17:05:13] INTERFACE SUSPEITA: painel__dup1.html
[2026-05-30 17:05:13] INTERFACE SUSPEITA: painel__dup1.html.html
[2026-05-30 17:05:13] INTERFACE SUSPEITA: painel__dup2.html.html
[2026-05-30 17:05:14] INTERFACE SUSPEITA: parallel-checkout.html.html
[2026-05-30 17:05:14] INTERFACE SUSPEITA: partial-clone.html.html
[2026-05-30 17:05:14] INTERFACE SUSPEITA: pkcs11-conf.html.html
[2026-05-30 17:05:14] INTERFACE SUSPEITA: Plataforma_IO_Booster.py.html
[2026-05-30 17:05:14] INTERFACE SUSPEITA: platform-support.html.html
[2026-05-30 17:05:14] INTERFACE SUSPEITA: platform_command_center_unified.py.html
[2026-05-30 17:05:15] INTERFACE SUSPEITA: platform_command_center_unified_01.py.html
[2026-05-30 17:05:15] INTERFACE SUSPEITA: policies.py.html
[2026-05-30 17:05:15] INTERFACE SUSPEITA: portal_1.html
[2026-05-30 17:05:15] INTERFACE SUSPEITA: portal_1.html.html
[2026-05-30 17:05:15] INTERFACE SUSPEITA: portal_10.html
[2026-05-30 17:05:15] INTERFACE SUSPEITA: portal_10.html.html
[2026-05-30 17:05:15] INTERFACE SUSPEITA: portal_11.html
[2026-05-30 17:05:15] INTERFACE SUSPEITA: portal_11.html.html
[2026-05-30 17:05:15] INTERFACE SUSPEITA: portal_12.html
[2026-05-30 17:05:15] INTERFACE SUSPEITA: portal_12.html.html
[2026-05-30 17:05:15] INTERFACE SUSPEITA: portal_13.html
[2026-05-30 17:05:15] INTERFACE SUSPEITA: portal_13.html.html
[2026-05-30 17:05:15] INTERFACE SUSPEITA: portal_14.html
[2026-05-30 17:05:15] INTERFACE SUSPEITA: portal_14.html.html
[2026-05-30 17:05:15] INTERFACE SUSPEITA: portal_15.html
[2026-05-30 17:05:15] INTERFACE SUSPEITA: portal_15.html.html
[2026-05-30 17:05:15] INTERFACE SUSPEITA: portal_16.html
[2026-05-30 17:05:15] INTERFACE SUSPEITA: portal_16.html.html
[2026-05-30 17:05:15] INTERFACE SUSPEITA: portal_17.html
[2026-05-30 17:05:15] INTERFACE SUSPEITA: portal_17.html.html
[2026-05-30 17:05:15] INTERFACE SUSPEITA: portal_18.html
[2026-05-30 17:05:15] INTERFACE SUSPEITA: portal_18.html.html
[2026-05-30 17:05:15] INTERFACE SUSPEITA: portal_19.html
[2026-05-30 17:05:15] INTERFACE SUSPEITA: portal_19.html.html
[2026-05-30 17:05:15] INTERFACE SUSPEITA: portal_2.html
[2026-05-30 17:05:15] INTERFACE SUSPEITA: portal_2.html.html
[2026-05-30 17:05:15] INTERFACE SUSPEITA: portal_20.html
[2026-05-30 17:05:15] INTERFACE SUSPEITA: portal_20.html.html
[2026-05-30 17:05:15] INTERFACE SUSPEITA: portal_21.html
[2026-05-30 17:05:15] INTERFACE SUSPEITA: portal_21.html.html
[2026-05-30 17:05:15] INTERFACE SUSPEITA: portal_22.html
[2026-05-30 17:05:15] INTERFACE SUSPEITA: portal_22.html.html
[2026-05-30 17:05:15] INTERFACE SUSPEITA: portal_23.html
[2026-05-30 17:05:15] INTERFACE SUSPEITA: portal_23.html.html
[2026-05-30 17:05:15] INTERFACE SUSPEITA: portal_24.html
[2026-05-30 17:05:15] INTERFACE SUSPEITA: portal_24.html.html
[2026-05-30 17:05:15] INTERFACE SUSPEITA: portal_25.html
[2026-05-30 17:05:15] INTERFACE SUSPEITA: portal_25.html.html
[2026-05-30 17:05:15] INTERFACE SUSPEITA: portal_26.html
[2026-05-30 17:05:15] INTERFACE SUSPEITA: portal_26.html.html
[2026-05-30 17:05:15] INTERFACE SUSPEITA: portal_27.html
[2026-05-30 17:05:15] INTERFACE SUSPEITA: portal_27.html.html
[2026-05-30 17:05:15] INTERFACE SUSPEITA: portal_28.html
[2026-05-30 17:05:15] INTERFACE SUSPEITA: portal_28.html.html
[2026-05-30 17:05:15] INTERFACE SUSPEITA: portal_29.html
[2026-05-30 17:05:15] INTERFACE SUSPEITA: portal_29.html.html
[2026-05-30 17:05:15] INTERFACE SUSPEITA: portal_3.html
[2026-05-30 17:05:15] INTERFACE SUSPEITA: portal_3.html.html
[2026-05-30 17:05:15] INTERFACE SUSPEITA: portal_30.html
[2026-05-30 17:05:15] INTERFACE SUSPEITA: portal_30.html.html
[2026-05-30 17:05:15] INTERFACE SUSPEITA: portal_31.html
[2026-05-30 17:05:15] INTERFACE SUSPEITA: portal_31.html.html
[2026-05-30 17:05:15] INTERFACE SUSPEITA: portal_32.html
[2026-05-30 17:05:15] INTERFACE SUSPEITA: portal_32.html.html
[2026-05-30 17:05:15] INTERFACE SUSPEITA: portal_33.html
[2026-05-30 17:05:15] INTERFACE SUSPEITA: portal_33.html.html
[2026-05-30 17:05:15] INTERFACE SUSPEITA: portal_34.html
[2026-05-30 17:05:15] INTERFACE SUSPEITA: portal_34.html.html
[2026-05-30 17:05:15] INTERFACE SUSPEITA: portal_35.html
[2026-05-30 17:05:15] INTERFACE SUSPEITA: portal_35.html.html
[2026-05-30 17:05:15] INTERFACE SUSPEITA: portal_36.html
[2026-05-30 17:05:15] INTERFACE SUSPEITA: portal_36.html.html
[2026-05-30 17:05:15] INTERFACE SUSPEITA: portal_37.html
[2026-05-30 17:05:15] INTERFACE SUSPEITA: portal_37.html.html
[2026-05-30 17:05:15] INTERFACE SUSPEITA: portal_38.html
[2026-05-30 17:05:15] INTERFACE SUSPEITA: portal_38.html.html
[2026-05-30 17:05:15] INTERFACE SUSPEITA: portal_39.html
[2026-05-30 17:05:15] INTERFACE SUSPEITA: portal_39.html.html
[2026-05-30 17:05:15] INTERFACE SUSPEITA: portal_4.html
[2026-05-30 17:05:15] INTERFACE SUSPEITA: portal_4.html.html
[2026-05-30 17:05:15] INTERFACE SUSPEITA: portal_40.html
[2026-05-30 17:05:15] INTERFACE SUSPEITA: portal_40.html.html
[2026-05-30 17:05:15] INTERFACE SUSPEITA: portal_41.html
[2026-05-30 17:05:15] INTERFACE SUSPEITA: portal_41.html.html
[2026-05-30 17:05:15] INTERFACE SUSPEITA: portal_42.html
[2026-05-30 17:05:15] INTERFACE SUSPEITA: portal_42.html.html
[2026-05-30 17:05:15] INTERFACE SUSPEITA: portal_43.html
[2026-05-30 17:05:15] INTERFACE SUSPEITA: portal_43.html.html
[2026-05-30 17:05:15] INTERFACE SUSPEITA: portal_44.html
[2026-05-30 17:05:15] INTERFACE SUSPEITA: portal_44.html.html
[2026-05-30 17:05:15] INTERFACE SUSPEITA: portal_45.html
[2026-05-30 17:05:15] INTERFACE SUSPEITA: portal_45.html.html
[2026-05-30 17:05:15] INTERFACE SUSPEITA: portal_46.html
[2026-05-30 17:05:15] INTERFACE SUSPEITA: portal_46.html.html
[2026-05-30 17:05:15] INTERFACE SUSPEITA: portal_47.html
[2026-05-30 17:05:15] INTERFACE SUSPEITA: portal_47.html.html
[2026-05-30 17:05:15] INTERFACE SUSPEITA: portal_48.html
[2026-05-30 17:05:15] INTERFACE SUSPEITA: portal_48.html.html
[2026-05-30 17:05:15] INTERFACE SUSPEITA: portal_49.html
[2026-05-30 17:05:15] INTERFACE SUSPEITA: portal_49.html.html
[2026-05-30 17:05:15] INTERFACE SUSPEITA: portal_5.html
[2026-05-30 17:05:15] INTERFACE SUSPEITA: portal_5.html.html
[2026-05-30 17:05:15] INTERFACE SUSPEITA: portal_50.html
[2026-05-30 17:05:15] INTERFACE SUSPEITA: portal_50.html.html
[2026-05-30 17:05:15] INTERFACE SUSPEITA: portal_51.html
[2026-05-30 17:05:15] INTERFACE SUSPEITA: portal_51.html.html
[2026-05-30 17:05:15] INTERFACE SUSPEITA: portal_52.html
[2026-05-30 17:05:15] INTERFACE SUSPEITA: portal_52.html.html
[2026-05-30 17:05:15] INTERFACE SUSPEITA: portal_53.html
[2026-05-30 17:05:15] INTERFACE SUSPEITA: portal_53.html.html
[2026-05-30 17:05:15] INTERFACE SUSPEITA: portal_54.html
[2026-05-30 17:05:15] INTERFACE SUSPEITA: portal_54.html.html
[2026-05-30 17:05:15] INTERFACE SUSPEITA: portal_55.html
[2026-05-30 17:05:15] INTERFACE SUSPEITA: portal_55.html.html
[2026-05-30 17:05:15] INTERFACE SUSPEITA: portal_56.html
[2026-05-30 17:05:15] INTERFACE SUSPEITA: portal_56.html.html
[2026-05-30 17:05:15] INTERFACE SUSPEITA: portal_57.html
[2026-05-30 17:05:15] INTERFACE SUSPEITA: portal_57.html.html
[2026-05-30 17:05:15] INTERFACE SUSPEITA: portal_58.html
[2026-05-30 17:05:15] INTERFACE SUSPEITA: portal_58.html.html
[2026-05-30 17:05:15] INTERFACE SUSPEITA: portal_59.html
[2026-05-30 17:05:15] INTERFACE SUSPEITA: portal_59.html.html
[2026-05-30 17:05:15] INTERFACE SUSPEITA: portal_6.html
[2026-05-30 17:05:15] INTERFACE SUSPEITA: portal_6.html.html
[2026-05-30 17:05:15] INTERFACE SUSPEITA: portal_60.html
[2026-05-30 17:05:15] INTERFACE SUSPEITA: portal_60.html.html
[2026-05-30 17:05:15] INTERFACE SUSPEITA: portal_61.html
[2026-05-30 17:05:15] INTERFACE SUSPEITA: portal_61.html.html
[2026-05-30 17:05:15] INTERFACE SUSPEITA: portal_62.html
[2026-05-30 17:05:15] INTERFACE SUSPEITA: portal_62.html.html
[2026-05-30 17:05:15] INTERFACE SUSPEITA: portal_63.html
[2026-05-30 17:05:15] INTERFACE SUSPEITA: portal_63.html.html
[2026-05-30 17:05:15] INTERFACE SUSPEITA: portal_64.html
[2026-05-30 17:05:15] INTERFACE SUSPEITA: portal_64.html.html
[2026-05-30 17:05:15] INTERFACE SUSPEITA: portal_65.html
[2026-05-30 17:05:15] INTERFACE SUSPEITA: portal_65.html.html
[2026-05-30 17:05:15] INTERFACE SUSPEITA: portal_66.html
[2026-05-30 17:05:15] INTERFACE SUSPEITA: portal_66.html.html
[2026-05-30 17:05:15] INTERFACE SUSPEITA: portal_67.html
[2026-05-30 17:05:15] INTERFACE SUSPEITA: portal_67.html.html
[2026-05-30 17:05:15] INTERFACE SUSPEITA: portal_68.html
[2026-05-30 17:05:15] INTERFACE SUSPEITA: portal_68.html.html
[2026-05-30 17:05:15] INTERFACE SUSPEITA: portal_69.html
[2026-05-30 17:05:15] INTERFACE SUSPEITA: portal_69.html.html
[2026-05-30 17:05:15] INTERFACE SUSPEITA: portal_7.html
[2026-05-30 17:05:15] INTERFACE SUSPEITA: portal_7.html.html
[2026-05-30 17:05:15] INTERFACE SUSPEITA: portal_70.html
[2026-05-30 17:05:15] INTERFACE SUSPEITA: portal_70.html.html
[2026-05-30 17:05:15] INTERFACE SUSPEITA: portal_71.html
[2026-05-30 17:05:15] INTERFACE SUSPEITA: portal_71.html.html
[2026-05-30 17:05:15] INTERFACE SUSPEITA: portal_72.html
[2026-05-30 17:05:15] INTERFACE SUSPEITA: portal_72.html.html
[2026-05-30 17:05:15] INTERFACE SUSPEITA: portal_73.html
[2026-05-30 17:05:15] INTERFACE SUSPEITA: portal_73.html.html
[2026-05-30 17:05:15] INTERFACE SUSPEITA: portal_74.html
[2026-05-30 17:05:15] INTERFACE SUSPEITA: portal_74.html.html
[2026-05-30 17:05:15] INTERFACE SUSPEITA: portal_75.html
[2026-05-30 17:05:15] INTERFACE SUSPEITA: portal_75.html.html
[2026-05-30 17:05:15] INTERFACE SUSPEITA: portal_76.html
[2026-05-30 17:05:15] INTERFACE SUSPEITA: portal_76.html.html
[2026-05-30 17:05:15] INTERFACE SUSPEITA: portal_77.html
[2026-05-30 17:05:15] INTERFACE SUSPEITA: portal_77.html.html
[2026-05-30 17:05:15] INTERFACE SUSPEITA: portal_78.html
[2026-05-30 17:05:15] INTERFACE SUSPEITA: portal_78.html.html
[2026-05-30 17:05:15] INTERFACE SUSPEITA: portal_79.html
[2026-05-30 17:05:15] INTERFACE SUSPEITA: portal_79.html.html
[2026-05-30 17:05:15] INTERFACE SUSPEITA: portal_8.html
[2026-05-30 17:05:15] INTERFACE SUSPEITA: portal_8.html.html
[2026-05-30 17:05:15] INTERFACE SUSPEITA: portal_80.html
[2026-05-30 17:05:15] INTERFACE SUSPEITA: portal_80.html.html
[2026-05-30 17:05:15] INTERFACE SUSPEITA: portal_81.html
[2026-05-30 17:05:15] INTERFACE SUSPEITA: portal_81.html.html
[2026-05-30 17:05:15] INTERFACE SUSPEITA: portal_82.html
[2026-05-30 17:05:15] INTERFACE SUSPEITA: portal_82.html.html
[2026-05-30 17:05:15] INTERFACE SUSPEITA: portal_83.html
[2026-05-30 17:05:15] INTERFACE SUSPEITA: portal_83.html.html
[2026-05-30 17:05:15] INTERFACE SUSPEITA: portal_84.html
[2026-05-30 17:05:15] INTERFACE SUSPEITA: portal_84.html.html
[2026-05-30 17:05:15] INTERFACE SUSPEITA: portal_85.html
[2026-05-30 17:05:15] INTERFACE SUSPEITA: portal_85.html.html
[2026-05-30 17:05:15] INTERFACE SUSPEITA: portal_86.html
[2026-05-30 17:05:15] INTERFACE SUSPEITA: portal_86.html.html
[2026-05-30 17:05:15] INTERFACE SUSPEITA: portal_87.html
[2026-05-30 17:05:15] INTERFACE SUSPEITA: portal_87.html.html
[2026-05-30 17:05:15] INTERFACE SUSPEITA: portal_88.html
[2026-05-30 17:05:15] INTERFACE SUSPEITA: portal_88.html.html
[2026-05-30 17:05:15] INTERFACE SUSPEITA: portal_89.html
[2026-05-30 17:05:15] INTERFACE SUSPEITA: portal_89.html.html
[2026-05-30 17:05:15] INTERFACE SUSPEITA: portal_9.html
[2026-05-30 17:05:15] INTERFACE SUSPEITA: portal_9.html.html
[2026-05-30 17:05:15] INTERFACE SUSPEITA: portal_90.html
[2026-05-30 17:05:15] INTERFACE SUSPEITA: portal_90.html.html
[2026-05-30 17:05:15] INTERFACE SUSPEITA: portal_91.html
[2026-05-30 17:05:15] INTERFACE SUSPEITA: portal_91.html.html
[2026-05-30 17:05:15] INTERFACE SUSPEITA: portal_92.html
[2026-05-30 17:05:15] INTERFACE SUSPEITA: portal_92.html.html
[2026-05-30 17:05:15] INTERFACE SUSPEITA: portal_93.html
[2026-05-30 17:05:15] INTERFACE SUSPEITA: portal_93.html.html
[2026-05-30 17:05:15] INTERFACE SUSPEITA: portal_94.html
[2026-05-30 17:05:15] INTERFACE SUSPEITA: portal_94.html.html
[2026-05-30 17:05:15] INTERFACE SUSPEITA: portal_95.html
[2026-05-30 17:05:15] INTERFACE SUSPEITA: portal_95.html.html
[2026-05-30 17:05:15] INTERFACE SUSPEITA: portal_96.html
[2026-05-30 17:05:15] INTERFACE SUSPEITA: portal_96.html.html
[2026-05-30 17:05:15] INTERFACE SUSPEITA: portal_97.html
[2026-05-30 17:05:15] INTERFACE SUSPEITA: portal_97.html.html
[2026-05-30 17:05:15] INTERFACE SUSPEITA: portal_98.html
[2026-05-30 17:05:15] INTERFACE SUSPEITA: portal_98.html.html
[2026-05-30 17:05:15] INTERFACE SUSPEITA: portal_global.html
[2026-05-30 17:05:15] INTERFACE SUSPEITA: PORTAL_IOTEC_SHOPPING_INTERNACIONAL_V1.py.html
[2026-05-30 17:05:15] INTERFACE SUSPEITA: PORTAL_IOTEC_SHOPPING_INTERNACIONAL_V1.py.html.html
[2026-05-30 17:05:15] INTERFACE SUSPEITA: PORTAL_IOTEC_SHOPPING_INTERNACIONAL_V2_PREMIUM.py.html
[2026-05-30 17:05:15] INTERFACE SUSPEITA: PORTAL_IOTEC_SHOPPING_INTERNACIONAL_V2_PREMIUM.py.html.html
[2026-05-30 17:05:15] INTERFACE SUSPEITA: PORTAL_QR_DIRETO_IOTEC_BL.py.html
[2026-05-30 17:05:15] INTERFACE SUSPEITA: PORTAL_QR_DIRETO_IOTEC_BL.py.html.html
[2026-05-30 17:05:15] INTERFACE SUSPEITA: PORTAL_QR_PAGAMENTOS_IOTEC_BL.py.html
[2026-05-30 17:05:15] INTERFACE SUSPEITA: PORTAL_QR_PAGAMENTOS_IOTEC_BL.py.html.html
[2026-05-30 17:05:15] INTERFACE SUSPEITA: PORTAL_RECEBIMENTO_IOTEC_BL.py.html
[2026-05-30 17:05:15] INTERFACE SUSPEITA: PORTAL_RECEBIMENTO_IOTEC_BL.py.html.html
[2026-05-30 17:05:15] INTERFACE SUSPEITA: portal_render_premium.py.html
[2026-05-30 17:05:15] INTERFACE SUSPEITA: PORTAL_SOLUCOES_POPULARES_V1.py.html
[2026-05-30 17:05:15] INTERFACE SUSPEITA: PORTAL_SOLUCOES_POPULARES_V2.py.html
[2026-05-30 17:05:15] INTERFACE SUSPEITA: ports.py.html
[2026-05-30 17:05:15] INTERFACE SUSPEITA: prateleira.html
[2026-05-30 17:05:15] INTERFACE SUSPEITA: prateleira_digital_snia.html.html
[2026-05-30 17:05:15] INTERFACE SUSPEITA: prevencao_integrada.py.html
[2026-05-30 17:05:15] INTERFACE SUSPEITA: prev_integrada_avancada.py.html
[2026-05-30 17:05:15] INTERFACE SUSPEITA: processor.py.html
[2026-05-30 17:05:15] INTERFACE SUSPEITA: produtos.html
[2026-05-30 17:05:15] INTERFACE SUSPEITA: produtos.html.html
[2026-05-30 17:05:15] INTERFACE SUSPEITA: produto_digital.py.html
[2026-05-30 17:05:15] INTERFACE SUSPEITA: project_lab_engine.py.html
[2026-05-30 17:05:15] INTERFACE SUSPEITA: protocolo_portas_ecossistema.py.html
[2026-05-30 17:05:15] INTERFACE SUSPEITA: proxy.html.html
[2026-05-30 17:05:15] INTERFACE SUSPEITA: python START_ECOSSISTEMA.py.html
[2026-05-30 17:05:15] INTERFACE SUSPEITA: quarantine.py.html
[2026-05-30 17:05:15] INTERFACE SUSPEITA: raban_engine.py.html
[2026-05-30 17:05:15] INTERFACE SUSPEITA: racy-git.html.html
[2026-05-30 17:05:15] INTERFACE SUSPEITA: raiox_capacidades.py.html
[2026-05-30 17:05:15] INTERFACE SUSPEITA: ranking_apppy_nucleo.py.html
[2026-05-30 17:05:15] INTERFACE SUSPEITA: rebase-from-internal-branch.html.html
[2026-05-30 17:05:15] INTERFACE SUSPEITA: rebuild-from-update-hook.html.html
[2026-05-30 17:05:15] INTERFACE SUSPEITA: recepcao.html
[2026-05-30 17:05:15] INTERFACE SUSPEITA: recepcao.html.html
[2026-05-30 17:05:15] INTERFACE SUSPEITA: recepcao__dup1.html
[2026-05-30 17:05:15] INTERFACE SUSPEITA: recepcao__dup1.html.html
[2026-05-30 17:05:15] INTERFACE SUSPEITA: recepcao__dup2.html.html
[2026-05-30 17:05:15] INTERFACE SUSPEITA: recover-corrupted-blob-object.html.html
[2026-05-30 17:05:15] INTERFACE SUSPEITA: recover-corrupted-object-harder.html.html
[2026-05-30 17:05:15] INTERFACE SUSPEITA: reference.html.html
[2026-05-30 17:05:15] INTERFACE SUSPEITA: reftable.html.html
[2026-05-30 17:05:15] INTERFACE SUSPEITA: registry.py.html
[2026-05-30 17:05:15] INTERFACE SUSPEITA: relations.html
[2026-05-30 17:05:15] INTERFACE SUSPEITA: remembering-renames.html.html
[2026-05-30 17:05:15] INTERFACE SUSPEITA: remoting.html.html
[2026-05-30 17:05:15] INTERFACE SUSPEITA: render_template_string.py.html
[2026-05-30 17:05:15] INTERFACE SUSPEITA: reparo_completo_automatico.py.html
[2026-05-30 17:05:15] INTERFACE SUSPEITA: reparo_nucleo.py.html
[2026-05-30 17:05:15] INTERFACE SUSPEITA: report.py.html
[2026-05-30 17:05:15] INTERFACE SUSPEITA: reportagem_auditoria_v3.py.html
[2026-05-30 17:05:15] INTERFACE SUSPEITA: reportagem_integrada_projac.py.html
[2026-05-30 17:05:15] INTERFACE SUSPEITA: reports.py.html
[2026-05-30 17:05:15] INTERFACE SUSPEITA: report_execucao_aurora.py.html
[2026-05-30 17:05:15] INTERFACE SUSPEITA: report_generator.py.html
[2026-05-30 17:05:15] INTERFACE SUSPEITA: repository-version.html.html
[2026-05-30 17:05:15] INTERFACE SUSPEITA: rerere.html.html
[2026-05-30 17:05:15] INTERFACE SUSPEITA: revert-a-faulty-merge.html.html
[2026-05-30 17:05:15] INTERFACE SUSPEITA: revert-branch-rebase.html.html
[2026-05-30 17:05:15] INTERFACE SUSPEITA: ReviewingGuidelines.html.html
[2026-05-30 17:05:15] INTERFACE SUSPEITA: rfq_generator.py.html
[2026-05-30 17:05:15] INTERFACE SUSPEITA: rum.py.html
[2026-05-30 17:05:15] INTERFACE SUSPEITA: run.py.html
[2026-05-30 17:05:15] INTERFACE SUSPEITA: salary_simulator.py.html
[2026-05-30 17:05:15] INTERFACE SUSPEITA: saude.html
[2026-05-30 17:05:15] INTERFACE SUSPEITA: saved_resource.html
[2026-05-30 17:05:15] INTERFACE SUSPEITA: scalar.html.html
[2026-05-30 17:05:15] INTERFACE SUSPEITA: scalar__dup1.html.html
[2026-05-30 17:05:15] INTERFACE SUSPEITA: scanner_nucleo_iotec.py.html
[2026-05-30 17:05:15] INTERFACE SUSPEITA: SECRETARIA_EDUCACAO_V1.py.html
[2026-05-30 17:05:15] INTERFACE SUSPEITA: SECRETARIA_SAUDE_IBICUITINGA_V1.py.html
[2026-05-30 17:05:15] INTERFACE SUSPEITA: send-pack-pipeline.html.html
[2026-05-30 17:05:15] INTERFACE SUSPEITA: separating-topic-branches.html.html
[2026-05-30 17:05:15] INTERFACE SUSPEITA: server.py.html
[2026-05-30 17:05:15] INTERFACE SUSPEITA: setup-git-server-over-http.html.html
[2026-05-30 17:05:15] INTERFACE SUSPEITA: seu_arquivo.py.html
[2026-05-30 17:05:15] INTERFACE SUSPEITA: shallow.html.html
[2026-05-30 17:05:15] INTERFACE SUSPEITA: sharing-managed.html.html
[2026-05-30 17:05:15] INTERFACE SUSPEITA: sharing.html.html
[2026-05-30 17:05:15] INTERFACE SUSPEITA: SIGE_EFN_PLATAFORMA.py.html
[2026-05-30 17:05:15] INTERFACE SUSPEITA: SIGE_EFN_PLATAFORMA_V2.py.html
[2026-05-30 17:05:15] INTERFACE SUSPEITA: sistema_de_inteligencia_interna.py.html
[2026-05-30 17:05:15] INTERFACE SUSPEITA: SNIA_PRATELEIRA_FULLSCREEN.py.html
[2026-05-30 17:05:15] INTERFACE SUSPEITA: sparse-checkout.html.html
[2026-05-30 17:05:15] INTERFACE SUSPEITA: sparse-index.html.html
[2026-05-30 17:05:15] INTERFACE SUSPEITA: START_ECOSSISTEMA.py.html
[2026-05-30 17:05:15] INTERFACE SUSPEITA: state.py.html
[2026-05-30 17:05:15] INTERFACE SUSPEITA: StrategicCore.py.html
[2026-05-30 17:05:15] INTERFACE SUSPEITA: stream__flags_8h.html.html
[2026-05-30 17:05:15] INTERFACE SUSPEITA: structlzma__allocator.html.html
[2026-05-30 17:05:15] INTERFACE SUSPEITA: structlzma__block.html.html
[2026-05-30 17:05:15] INTERFACE SUSPEITA: structlzma__filter.html.html
[2026-05-30 17:05:15] INTERFACE SUSPEITA: structlzma__index__iter.html.html
[2026-05-30 17:05:15] INTERFACE SUSPEITA: structlzma__mt.html.html
[2026-05-30 17:05:15] INTERFACE SUSPEITA: structlzma__options__bcj.html.html
[2026-05-30 17:05:15] INTERFACE SUSPEITA: structlzma__options__delta.html.html
[2026-05-30 17:05:15] INTERFACE SUSPEITA: structlzma__options__lzma.html.html
[2026-05-30 17:05:15] INTERFACE SUSPEITA: structlzma__stream.html.html
[2026-05-30 17:05:15] INTERFACE SUSPEITA: structlzma__stream__flags.html.html
[2026-05-30 17:05:15] INTERFACE SUSPEITA: SubmittingPatches.html.html
[2026-05-30 17:05:15] INTERFACE SUSPEITA: suporte.html
[2026-05-30 17:05:15] INTERFACE SUSPEITA: suporte.html.html
[2026-05-30 17:05:15] INTERFACE SUSPEITA: SUS_COREM_MODULO_LABORATORIO_FULLSCREEN_V1.py.html
[2026-05-30 17:05:15] INTERFACE SUSPEITA: SUS_COREM_SAUDE_INTEGRAL_FULLSCREEN_V1.py.html
[2026-05-30 17:05:15] INTERFACE SUSPEITA: system.py.html
[2026-05-30 17:05:15] INTERFACE SUSPEITA: tcc_engine.py.html
[2026-05-30 17:05:15] INTERFACE SUSPEITA: Technical_Brain.py.html
[2026-05-30 17:05:15] INTERFACE SUSPEITA: telemetry_receiver.py.html
[2026-05-30 17:05:15] INTERFACE SUSPEITA: templates_dashboard.html
[2026-05-30 17:05:15] INTERFACE SUSPEITA: teste_voz.py.html
[2026-05-30 17:05:15] INTERFACE SUSPEITA: ThreeBrainsEngine.py.html
[2026-05-30 17:05:15] INTERFACE SUSPEITA: tools.html.html
[2026-05-30 17:05:15] INTERFACE SUSPEITA: ToolsForGit.html.html
[2026-05-30 17:05:15] INTERFACE SUSPEITA: TORII_PORTAL_OFICIAL.py.html
[2026-05-30 17:05:15] INTERFACE SUSPEITA: TRANSFORMATION_CORE_ENGINE.py.html
[2026-05-30 17:05:15] INTERFACE SUSPEITA: trivial-merge.html.html
[2026-05-30 17:05:15] INTERFACE SUSPEITA: trust-disable.html.html
[2026-05-30 17:05:15] INTERFACE SUSPEITA: trust-glib-networking.html.html
[2026-05-30 17:05:15] INTERFACE SUSPEITA: trust-module.html.html
[2026-05-30 17:05:15] INTERFACE SUSPEITA: trust-nss.html.html
[2026-05-30 17:05:15] INTERFACE SUSPEITA: trust.html.html
[2026-05-30 17:05:15] INTERFACE SUSPEITA: unambiguous-types.html.html
[2026-05-30 17:05:15] INTERFACE SUSPEITA: unit-tests.html.html
[2026-05-30 17:05:15] INTERFACE SUSPEITA: update-hook-example.html.html
[2026-05-30 17:05:15] INTERFACE SUSPEITA: use-git-daemon.html.html
[2026-05-30 17:05:15] INTERFACE SUSPEITA: user-manual.html.html
[2026-05-30 17:05:15] INTERFACE SUSPEITA: using-merge-subtree.html.html
[2026-05-30 17:05:15] INTERFACE SUSPEITA: using-signed-tag-in-pull-request.html.html
[2026-05-30 17:05:15] INTERFACE SUSPEITA: utf8.html
[2026-05-30 17:05:15] INTERFACE SUSPEITA: validar_ciberjustica.py.html
[2026-05-30 17:05:15] INTERFACE SUSPEITA: validator.py.html
[2026-05-30 17:05:15] INTERFACE SUSPEITA: version_8h.html.html
[2026-05-30 17:05:15] INTERFACE SUSPEITA: vitals_analyzer.py.html
[2026-05-30 17:05:15] INTERFACE SUSPEITA: vli_8h.html.html
[2026-05-30 17:05:15] INTERFACE SUSPEITA: whats_new_empty.html
[2026-05-30 17:05:15] INTERFACE SUSPEITA: _BACKUP_RECONSTRUCAO_TOTAL__IOTEC_MASTER_20260325_071212.bak.py.html
[2026-05-30 17:05:15] INTERFACE SUSPEITA: _BACKUP_RECONSTRUCAO_TOTAL__IOTEC_MASTER_20260325_071212.bak.py.html.html
[2026-05-30 17:05:15] INTERFACE SUSPEITA: __init__.py.html
[2026-05-30 17:05:16] DUPLICADO: models.py
[2026-05-30 17:05:17] DUPLICADO: miner_nucleus.py
[2026-05-30 17:05:18] INTERFACE SUSPEITA: tslib.es6.html
[2026-05-30 17:05:18] INTERFACE SUSPEITA: tslib.html
[2026-05-30 17:05:18] DUPLICADO: DASHBOARD_AUTO_INSTALLER.py
[2026-05-30 17:05:18] HASH DUPLICADO: DASHBOARD_AUTO_INSTALLER.py
[2026-05-30 17:05:18] DUPLICADO: DASHBOARD_BACKUP_20260511_193717.py
[2026-05-30 17:05:18] HASH DUPLICADO: DASHBOARD_BACKUP_20260511_193717.py
[2026-05-30 17:05:18] DUPLICADO: DASHBOARD_INSTALLER.py
[2026-05-30 17:05:18] HASH DUPLICADO: DASHBOARD_INSTALLER.py
[2026-05-30 17:05:18] DUPLICADO: IOTEC_DASHBOARD.py
[2026-05-30 17:05:18] HASH DUPLICADO: IOTEC_DASHBOARD.py
[2026-05-30 17:05:18] DUPLICADO: IOTEC_DUAL_MAIL_DASHBOARD.py
[2026-05-30 17:05:18] HASH DUPLICADO: IOTEC_DUAL_MAIL_DASHBOARD.py
[2026-05-30 17:05:18] DUPLICADO: IOTEC_GOVTECH_PIPELINE_DASHBOARD.py
[2026-05-30 17:05:18] HASH DUPLICADO: IOTEC_GOVTECH_PIPELINE_DASHBOARD.py
[2026-05-30 17:05:18] DUPLICADO: api.py
[2026-05-30 17:05:18] DUPLICADO: coletor_api.py
[2026-05-30 17:05:18] HASH DUPLICADO: coletor_api.py
[2026-05-30 17:05:19] DUPLICADO: IOTEC_API_INTEGRACAO.py
[2026-05-30 17:05:19] HASH DUPLICADO: IOTEC_API_INTEGRACAO.py
[2026-05-30 17:05:19] DUPLICADO: IOTEC_WEB_OBSERVER.py
[2026-05-30 17:05:19] HASH DUPLICADO: IOTEC_WEB_OBSERVER.py
[2026-05-30 17:05:19] DUPLICADO: nucleo_api.py
[2026-05-30 17:05:19] HASH DUPLICADO: nucleo_api.py
[2026-05-30 17:05:19] DUPLICADO: paypal_server.py
[2026-05-30 17:05:19] HASH DUPLICADO: paypal_server.py
[2026-05-30 17:05:19] DUPLICADO: visible_core_api.py
[2026-05-30 17:05:19] HASH DUPLICADO: visible_core_api.py
[2026-05-30 17:05:20] INTERFACE SUSPEITA: .py.html
[2026-05-30 17:05:20] INTERFACE SUSPEITA: 01_IOTEC_SENTINEL_GOV_INTEGRADO.py.html
[2026-05-30 17:05:20] INTERFACE SUSPEITA: 01_IOTEC_SENTINEL_GOV_INTEGRADO.py.html.html
[2026-05-30 17:05:20] INTERFACE SUSPEITA: 02_IOTEC_ADAPTIVE_COMMERCIAL_CORE.py.html
[2026-05-30 17:05:20] INTERFACE SUSPEITA: 02_IOTEC_ADAPTIVE_COMMERCIAL_CORE.py.html.html
[2026-05-30 17:05:20] INTERFACE SUSPEITA: 161072E72E8ABC201DB5C1C469455C3D_saved_resource.html
[2026-05-30 17:05:20] DUPLICADO: 20260512_183920_Iotec_Spine_Core.py
[2026-05-30 17:05:20] HASH DUPLICADO: 20260512_183920_Iotec_Spine_Core.py
[2026-05-30 17:05:20] INTERFACE SUSPEITA: 294CB6F1CA4A96E532B0429C549348F1_saved_resource.html
[2026-05-30 17:05:20] INTERFACE SUSPEITA: 3C0B9F811FBFC317CEC423AB6D94FE78_html2.html
[2026-05-30 17:05:20] INTERFACE SUSPEITA: 611E5F2FAB19C2FA58DB621C54052D61_IOTEC_DEMO_BANCARIO.html
[2026-05-30 17:05:20] INTERFACE SUSPEITA: 7CA096BCA0E87C4CEB3FE87A65814716_relations.html
[2026-05-30 17:05:20] INTERFACE SUSPEITA: 85A6B95F92415A5198944CDC722D0C4D_navigation.html
[2026-05-30 17:05:20] INTERFACE SUSPEITA: 8AD08786CC3036117536062E6FB66274_html.html
[2026-05-30 17:05:20] INTERFACE SUSPEITA: A432CEADF862F229C50A964C2EEE46BD_ns.html
[2026-05-30 17:05:20] INTERFACE SUSPEITA: A810A4F62D5CE9410256CE2BFA7B27A9_donate.html
[2026-05-30 17:05:20] DUPLICADO: abrir_Servico.py
[2026-05-30 17:05:20] HASH DUPLICADO: abrir_Servico.py
[2026-05-30 17:05:20] INTERFACE SUSPEITA: AdaptacaoGerente.py.html
[2026-05-30 17:05:20] DUPLICADO: ADAPTADOR_DE_ROTAS.py
[2026-05-30 17:05:20] HASH DUPLICADO: ADAPTADOR_DE_ROTAS.py
[2026-05-30 17:05:20] DUPLICADO: adapter_erp_cliente.py
[2026-05-30 17:05:20] HASH DUPLICADO: adapter_erp_cliente.py
[2026-05-30 17:05:20] INTERFACE SUSPEITA: adaptive_gateway.py.html
[2026-05-30 17:05:20] INTERFACE SUSPEITA: adequador.py.html
[2026-05-30 17:05:20] DUPLICADO: advisor.py
[2026-05-30 17:05:20] HASH DUPLICADO: advisor.py
[2026-05-30 17:05:20] DUPLICADO: agente.py
[2026-05-30 17:05:20] HASH DUPLICADO: agente.py
[2026-05-30 17:05:20] DUPLICADO: ajustar_zoom_inteligente.py
[2026-05-30 17:05:20] HASH DUPLICADO: ajustar_zoom_inteligente.py
[2026-05-30 17:05:20] DUPLICADO: alignment.py
[2026-05-30 17:05:20] HASH DUPLICADO: alignment.py
[2026-05-30 17:05:20] INTERFACE SUSPEITA: ANALISADOR_OPERACIONAL_REGULUS.py.html
[2026-05-30 17:05:20] DUPLICADO: analisar_cenario.py
[2026-05-30 17:05:20] HASH DUPLICADO: analisar_cenario.py
[2026-05-30 17:05:21] DUPLICADO: analise_nucleo.py
[2026-05-30 17:05:21] HASH DUPLICADO: analise_nucleo.py
[2026-05-30 17:05:21] INTERFACE SUSPEITA: annotated.html.html
[2026-05-30 17:05:21] INTERFACE SUSPEITA: api-error-handling.html.html
[2026-05-30 17:05:21] INTERFACE SUSPEITA: api-index.html.html
[2026-05-30 17:05:21] INTERFACE SUSPEITA: api-merge.html.html
[2026-05-30 17:05:21] INTERFACE SUSPEITA: api-parse-options.html.html
[2026-05-30 17:05:21] INTERFACE SUSPEITA: api-path-walk.html.html
[2026-05-30 17:05:21] INTERFACE SUSPEITA: api-simple-ipc.html.html
[2026-05-30 17:05:21] INTERFACE SUSPEITA: api-trace2.html.html
[2026-05-30 17:05:21] DUPLICADO: api.py
[2026-05-30 17:05:21] HASH DUPLICADO: api.py
[2026-05-30 17:05:21] INTERFACE SUSPEITA: api_bridge.py.html
[2026-05-30 17:05:21] DUPLICADO: app.py
[2026-05-30 17:05:21] HASH DUPLICADO: app.py
[2026-05-30 17:05:21] INTERFACE SUSPEITA: app.py.html
[2026-05-30 17:05:21] INTERFACE SUSPEITA: APP_PRINCIPAL.py.html
[2026-05-30 17:05:21] INTERFACE SUSPEITA: APP_REGULUS.py.html
[2026-05-30 17:05:21] DUPLICADO: ARQUEOLOGIA_DIGITAL.py
[2026-05-30 17:05:21] HASH DUPLICADO: ARQUEOLOGIA_DIGITAL.py
[2026-05-30 17:05:21] INTERFACE SUSPEITA: ARQUITETURA_CORPORATIVA_DEFINITIVA_IOTEC.py.html
[2026-05-30 17:05:21] INTERFACE SUSPEITA: ARQUITETURA_CORPORATIVA_DEFINITIVA_IOTEC.py.html.html
[2026-05-30 17:05:21] DUPLICADO: ARQUITETURA_MODULAR_OPERACIONAL.py
[2026-05-30 17:05:21] HASH DUPLICADO: ARQUITETURA_MODULAR_OPERACIONAL.py
[2026-05-30 17:05:21] DUPLICADO: ATUALIZACAO_NO_NUCLEO.py
[2026-05-30 17:05:21] HASH DUPLICADO: ATUALIZACAO_NO_NUCLEO.py
[2026-05-30 17:05:21] INTERFACE SUSPEITA: AUDITORIA_ACOPLAMENTO_NUCLEO.py.html
[2026-05-30 17:05:21] DUPLICADO: auditoria_estrategica.py
[2026-05-30 17:05:21] HASH DUPLICADO: auditoria_estrategica.py
[2026-05-30 17:05:21] INTERFACE SUSPEITA: Auditoria_e_Sabatina_Inteligente.py.html
[2026-05-30 17:05:21] INTERFACE SUSPEITA: auditoria_forense_iotec.py.html
[2026-05-30 17:05:21] DUPLICADO: auditoria_nucleo.py
[2026-05-30 17:05:21] HASH DUPLICADO: auditoria_nucleo.py
[2026-05-30 17:05:21] INTERFACE SUSPEITA: AUDITORIA_NUCLEO_PRO.py.html
[2026-05-30 17:05:21] INTERFACE SUSPEITA: auditoria_total_iotec.py.html
[2026-05-30 17:05:21] INTERFACE SUSPEITA: auditor_controladoria.py.html
[2026-05-30 17:05:21] INTERFACE SUSPEITA: auditor_projac.py.html
[2026-05-30 17:05:21] INTERFACE SUSPEITA: auditor_projac_v2.py.html
[2026-05-30 17:05:21] INTERFACE SUSPEITA: audit_logger.py.html
[2026-05-30 17:05:21] INTERFACE SUSPEITA: audit_report.html
[2026-05-30 17:05:21] INTERFACE SUSPEITA: automacao.html
[2026-05-30 17:05:21] INTERFACE SUSPEITA: autopsia_profunda_iotec.py.html
[2026-05-30 17:05:21] INTERFACE SUSPEITA: autopsia_profunda_nucleo.py.html
[2026-05-30 17:05:21] DUPLICADO: auto_patch.py
[2026-05-30 17:05:21] HASH DUPLICADO: auto_patch.py
[2026-05-30 17:05:21] DUPLICADO: BACKEND_COM_FLUXO_COMPLETO.py
[2026-05-30 17:05:21] HASH DUPLICADO: BACKEND_COM_FLUXO_COMPLETO.py
[2026-05-30 17:05:22] DUPLICADO: BACKUP_20260511_185831.py
[2026-05-30 17:05:22] HASH DUPLICADO: BACKUP_20260511_185831.py
[2026-05-30 17:05:22] INTERFACE SUSPEITA: banco_referencias.py.html
[2026-05-30 17:05:22] INTERFACE SUSPEITA: bank_meeting_simulator.py.html
[2026-05-30 17:05:22] INTERFACE SUSPEITA: base_8h.html.html
[2026-05-30 17:05:22] INTERFACE SUSPEITA: BC962947BF19B5213712C1D6A552EF4A_docinfo.html
[2026-05-30 17:05:22] INTERFACE SUSPEITA: bcj_8h.html.html
[2026-05-30 17:05:22] INTERFACE SUSPEITA: bitmap-format.html.html
[2026-05-30 17:05:22] INTERFACE SUSPEITA: block_8h.html.html
[2026-05-30 17:05:22] INTERFACE SUSPEITA: bolt_balanco_comercial.py.html
[2026-05-30 17:05:22] INTERFACE SUSPEITA: bolt_painel_financeiro.py.html
[2026-05-30 17:05:22] INTERFACE SUSPEITA: bom_generator.py.html
[2026-05-30 17:05:22] INTERFACE SUSPEITA: BOOTSTRAP_PROFISSIONAL.py.html
[2026-05-30 17:05:22] INTERFACE SUSPEITA: BreakingChanges.html.html
[2026-05-30 17:05:22] INTERFACE SUSPEITA: build-systems.html.html
[2026-05-30 17:05:22] INTERFACE SUSPEITA: build_ciberjustica_produto.py.html
[2026-05-30 17:05:22] INTERFACE SUSPEITA: bundle-uri.html.html
[2026-05-30 17:05:22] INTERFACE SUSPEITA: bundle_019.html
[2026-05-30 17:05:22] INTERFACE SUSPEITA: bundle_020.html
[2026-05-30 17:05:22] INTERFACE SUSPEITA: bundle_021.html
[2026-05-30 17:05:24] INTERFACE SUSPEITA: bundle_2214.html
[2026-05-30 17:05:24] INTERFACE SUSPEITA: bundle_2215.html
[2026-05-30 17:05:24] INTERFACE SUSPEITA: bundle_2216.html
[2026-05-30 17:05:24] INTERFACE SUSPEITA: bundle_2609.html
[2026-05-30 17:05:24] INTERFACE SUSPEITA: bundle_2610.html
[2026-05-30 17:05:24] INTERFACE SUSPEITA: bundle_2611.html
[2026-05-30 17:05:24] INTERFACE SUSPEITA: bundle_2612.html
[2026-05-30 17:05:24] INTERFACE SUSPEITA: bundle_2613.html
[2026-05-30 17:05:24] INTERFACE SUSPEITA: bundle_2614.html
[2026-05-30 17:05:24] INTERFACE SUSPEITA: bundle_2615.html
[2026-05-30 17:05:24] INTERFACE SUSPEITA: bundle_2616.html
[2026-05-30 17:05:24] INTERFACE SUSPEITA: bundle_2617.html
[2026-05-30 17:05:24] INTERFACE SUSPEITA: bundle_2618.html
[2026-05-30 17:05:24] INTERFACE SUSPEITA: bundle_2619.html
[2026-05-30 17:05:24] INTERFACE SUSPEITA: bundle_2620.html
[2026-05-30 17:05:24] INTERFACE SUSPEITA: bundle_2621.html
[2026-05-30 17:05:24] INTERFACE SUSPEITA: bundle_2622.html
[2026-05-30 17:05:24] INTERFACE SUSPEITA: bundle_2623.html
[2026-05-30 17:05:24] INTERFACE SUSPEITA: bundle_2624.html
[2026-05-30 17:05:24] INTERFACE SUSPEITA: bundle_2625.html
[2026-05-30 17:05:24] INTERFACE SUSPEITA: bundle_2626.html
[2026-05-30 17:05:24] INTERFACE SUSPEITA: bundle_2627.html
[2026-05-30 17:05:24] INTERFACE SUSPEITA: bundle_2628.html
[2026-05-30 17:05:24] INTERFACE SUSPEITA: bundle_2629.html
[2026-05-30 17:05:24] INTERFACE SUSPEITA: bundle_2630.html
[2026-05-30 17:05:27] INTERFACE SUSPEITA: CABO_UNIVERSAL.html
[2026-05-30 17:05:27] INTERFACE SUSPEITA: cadastro_comercial.py.html
[2026-05-30 17:05:27] DUPLICADO: calcular_score.py
[2026-05-30 17:05:27] HASH DUPLICADO: calcular_score.py
[2026-05-30 17:05:27] INTERFACE SUSPEITA: career_engine.py.html
[2026-05-30 17:05:27] DUPLICADO: CENTRAL_CORE.py
[2026-05-30 17:05:27] HASH DUPLICADO: CENTRAL_CORE.py
[2026-05-30 17:05:27] DUPLICADO: Central_Operacional.py
[2026-05-30 17:05:27] HASH DUPLICADO: Central_Operacional.py
[2026-05-30 17:05:27] INTERFACE SUSPEITA: central_vendas.py.html
[2026-05-30 17:05:27] DUPLICADO: CHAT_GLOBAL.py
[2026-05-30 17:05:27] HASH DUPLICADO: CHAT_GLOBAL.py
[2026-05-30 17:05:27] INTERFACE SUSPEITA: check_8h.html.html
[2026-05-30 17:05:27] INTERFACE SUSPEITA: CiberJustica_Kit_Digital.01.py.html
[2026-05-30 17:05:27] INTERFACE SUSPEITA: CiberJustica_Kit_Digital.py.html
[2026-05-30 17:05:27] INTERFACE SUSPEITA: ciberjustica_produto_digital.py.html
[2026-05-30 17:05:27] INTERFACE SUSPEITA: CiberJustiça.py.html
[2026-05-30 17:05:27] INTERFACE SUSPEITA: CIGM_IBICUITINGA_V1.py.html
[2026-05-30 17:05:27] INTERFACE SUSPEITA: CIGM_V4_PREFEITO_APRESENTACAO.py.html
[2026-05-30 17:05:27] DUPLICADO: CINEMATIC_OPERATIONS.py
[2026-05-30 17:05:27] HASH DUPLICADO: CINEMATIC_OPERATIONS.py
[2026-05-30 17:05:27] INTERFACE SUSPEITA: classes.html.html
[2026-05-30 17:05:27] INTERFACE SUSPEITA: classifier.py.html
[2026-05-30 17:05:27] INTERFACE SUSPEITA: cliente.html.html
[2026-05-30 17:05:28] DUPLICADO: CLIENTE_INTERNACIONAL.py
[2026-05-30 17:05:28] HASH DUPLICADO: CLIENTE_INTERNACIONAL.py
[2026-05-30 17:05:28] INTERFACE SUSPEITA: client_manager.py.html
[2026-05-30 17:05:28] INTERFACE SUSPEITA: cobranca.html.html
[2026-05-30 17:05:28] INTERFACE SUSPEITA: cockpit_nucleo.html.html
[2026-05-30 17:05:28] DUPLICADO: coletor_api.py
[2026-05-30 17:05:28] HASH DUPLICADO: coletor_api.py
[2026-05-30 17:05:28] INTERFACE SUSPEITA: coletor_de_eventos.html
[2026-05-30 17:05:28] DUPLICADO: coletor_email.py
[2026-05-30 17:05:28] HASH DUPLICADO: coletor_email.py
[2026-05-30 17:05:28] INTERFACE SUSPEITA: colocar_na_pagina_principal.html
[2026-05-30 17:05:28] INTERFACE SUSPEITA: comercial.html
[2026-05-30 17:05:28] DUPLICADO: command_center.py
[2026-05-30 17:05:28] HASH DUPLICADO: command_center.py
[2026-05-30 17:05:28] INTERFACE SUSPEITA: command_center.py.html
[2026-05-30 17:05:28] INTERFACE SUSPEITA: Commercial_Brain.py.html
[2026-05-30 17:05:28] INTERFACE SUSPEITA: commit-graph.html.html
[2026-05-30 17:05:28] INTERFACE SUSPEITA: common.py.html
[2026-05-30 17:05:28] DUPLICADO: COMUNICAAO_NULEO.PY
[2026-05-30 17:05:28] HASH DUPLICADO: COMUNICAAO_NULEO.PY
[2026-05-30 17:05:28] DUPLICADO: conciencia_do_nucleo.py
[2026-05-30 17:05:28] HASH DUPLICADO: conciencia_do_nucleo.py
[2026-05-30 17:05:28] DUPLICADO: concierge.py
[2026-05-30 17:05:28] HASH DUPLICADO: concierge.py
[2026-05-30 17:05:28] INTERFACE SUSPEITA: config-example.html.html
[2026-05-30 17:05:28] INTERFACE SUSPEITA: config-files.html.html
[2026-05-30 17:05:28] INTERFACE SUSPEITA: config.html.html
[2026-05-30 17:05:28] DUPLICADO: config.py
[2026-05-30 17:05:28] HASH DUPLICADO: config.py
[2026-05-30 17:05:28] INTERFACE SUSPEITA: config.py.html
[2026-05-30 17:05:28] DUPLICADO: CONFIGURADOR_AUTOMATICO.py
[2026-05-30 17:05:28] HASH DUPLICADO: CONFIGURADOR_AUTOMATICO.py
[2026-05-30 17:05:28] DUPLICADO: CONSOLIDADOR_E_FILTRO.py
[2026-05-30 17:05:28] HASH DUPLICADO: CONSOLIDADOR_E_FILTRO.py
[2026-05-30 17:05:28] DUPLICADO: CONSOLIDATION_ENGINE.py
[2026-05-30 17:05:28] HASH DUPLICADO: CONSOLIDATION_ENGINE.py
[2026-05-30 17:05:28] INTERFACE SUSPEITA: constituinte_espinha_dorsal.py.html
[2026-05-30 17:05:28] INTERFACE SUSPEITA: container_8h.html.html
[2026-05-30 17:05:28] DUPLICADO: CONTEUDO_REAL_DOS_SERVICOS.py
[2026-05-30 17:05:28] HASH DUPLICADO: CONTEUDO_REAL_DOS_SERVICOS.py
[2026-05-30 17:05:28] DUPLICADO: CONTROLE_DE_CUSTOS.py
[2026-05-30 17:05:28] HASH DUPLICADO: CONTROLE_DE_CUSTOS.py
[2026-05-30 17:05:28] DUPLICADO: Conversacional_Moderna.py
[2026-05-30 17:05:28] HASH DUPLICADO: Conversacional_Moderna.py
[2026-05-30 17:05:28] INTERFACE SUSPEITA: coordinate-embargoed-releases.html.html
[2026-05-30 17:05:28] INTERFACE SUSPEITA: core.py.html
[2026-05-30 17:05:28] INTERFACE SUSPEITA: core_daemon.py.html
[2026-05-30 17:05:28] DUPLICADO: CORE_MASTER.py
[2026-05-30 17:05:28] HASH DUPLICADO: CORE_MASTER.py
[2026-05-30 17:05:28] DUPLICADO: corporate_nucleus.py
[2026-05-30 17:05:28] HASH DUPLICADO: corporate_nucleus.py
[2026-05-30 17:05:28] INTERFACE SUSPEITA: CORRETOR_FLUXO_REGULUS.py.html
[2026-05-30 17:05:28] DUPLICADO: CREATIVE_EXPLORER.py
[2026-05-30 17:05:28] HASH DUPLICADO: CREATIVE_EXPLORER.py
[2026-05-30 17:05:28] DUPLICADO: criar_entrega.py
[2026-05-30 17:05:28] HASH DUPLICADO: criar_entrega.py
[2026-05-30 17:05:28] INTERFACE SUSPEITA: curador_comercial.py.html
[2026-05-30 17:05:28] INTERFACE SUSPEITA: curador_projac.py.html
[2026-05-30 17:05:28] DUPLICADO: DASHBOARD_AUTO_INSTALLER.py
[2026-05-30 17:05:28] HASH DUPLICADO: DASHBOARD_AUTO_INSTALLER.py
[2026-05-30 17:05:28] DUPLICADO: DASHBOARD_BACKUP_20260511_193717.py
[2026-05-30 17:05:28] HASH DUPLICADO: DASHBOARD_BACKUP_20260511_193717.py
[2026-05-30 17:05:28] DUPLICADO: DASHBOARD_INSTALLER.py
[2026-05-30 17:05:28] HASH DUPLICADO: DASHBOARD_INSTALLER.py
[2026-05-30 17:05:28] INTERFACE SUSPEITA: dashboard_stub.py.html
[2026-05-30 17:05:28] INTERFACE SUSPEITA: dashboard_templates.py.html
[2026-05-30 17:05:28] INTERFACE SUSPEITA: database.py.html
[2026-05-30 17:05:28] INTERFACE SUSPEITA: data_collector_cnj_stub.py.html
[2026-05-30 17:05:28] DUPLICADO: DATA_REFINERY_SYSTEM.py
[2026-05-30 17:05:28] HASH DUPLICADO: DATA_REFINERY_SYSTEM.py
[2026-05-30 17:05:28] INTERFACE SUSPEITA: DecisionMaking.html.html
[2026-05-30 17:05:28] DUPLICADO: DEEP_CORE_SCANNER.py
[2026-05-30 17:05:28] HASH DUPLICADO: DEEP_CORE_SCANNER.py
[2026-05-30 17:05:28] HASH DUPLICADO: Defina.sua.chave.mestra.py
[2026-05-30 17:05:28] DUPLICADO: definir_plano.py
[2026-05-30 17:05:28] HASH DUPLICADO: definir_plano.py
[2026-05-30 17:05:28] INTERFACE SUSPEITA: delta_8h.html.html
[2026-05-30 17:05:28] INTERFACE SUSPEITA: demoserver.py.html
[2026-05-30 17:05:28] DUPLICADO: DETECCAO_DE_ALTO_RETORNO.py
[2026-05-30 17:05:28] HASH DUPLICADO: DETECCAO_DE_ALTO_RETORNO.py
[2026-05-30 17:05:28] DUPLICADO: detectar_idioma.py
[2026-05-30 17:05:28] HASH DUPLICADO: detectar_idioma.py
[2026-05-30 17:05:29] DUPLICADO: DETECTAR_INTERFACES_EXTERNNAS.py
[2026-05-30 17:05:29] HASH DUPLICADO: DETECTAR_INTERFACES_EXTERNNAS.py
[2026-05-30 17:05:29] INTERFACE SUSPEITA: devel-building-style.html.html
[2026-05-30 17:05:29] INTERFACE SUSPEITA: devel-building.html.html
[2026-05-30 17:05:29] INTERFACE SUSPEITA: devel-commands.html.html
[2026-05-30 17:05:29] INTERFACE SUSPEITA: devel-debugging.html.html
[2026-05-30 17:05:29] INTERFACE SUSPEITA: devel-paths.html.html
[2026-05-30 17:05:29] INTERFACE SUSPEITA: devel-testing.html.html
[2026-05-30 17:05:29] INTERFACE SUSPEITA: devel.html.html
[2026-05-30 17:05:29] DUPLICADO: diagnostico.py
[2026-05-30 17:05:29] HASH DUPLICADO: diagnostico.py
[2026-05-30 17:05:29] INTERFACE SUSPEITA: diagnostico_empresa.py.html
[2026-05-30 17:05:29] DUPLICADO: dialogo.py
[2026-05-30 17:05:29] HASH DUPLICADO: dialogo.py
[2026-05-30 17:05:29] INTERFACE SUSPEITA: directory-rename-detection.html.html
[2026-05-30 17:05:29] INTERFACE SUSPEITA: dir_b17a1d403082bd69a703ed987cf158fb.html.html
[2026-05-30 17:05:29] DUPLICADO: DISPARAR_DEPLOY.py
[2026-05-30 17:05:29] HASH DUPLICADO: DISPARAR_DEPLOY.py
[2026-05-30 17:05:29] INTERFACE SUSPEITA: docinfo.html
[2026-05-30 17:05:29] INTERFACE SUSPEITA: docinfo.html.html
[2026-05-30 17:05:29] INTERFACE SUSPEITA: document.querySelectorAll.01.html
[2026-05-30 17:05:29] INTERFACE SUSPEITA: document.querySelectorAll.html
[2026-05-30 17:05:29] INTERFACE SUSPEITA: document.query_Selecto_rAll.html
[2026-05-30 17:05:29] INTERFACE SUSPEITA: domus_core.py.html
[2026-05-30 17:05:29] INTERFACE SUSPEITA: donate.html
[2026-05-30 17:05:29] DUPLICADO: dossie.py
[2026-05-30 17:05:29] HASH DUPLICADO: dossie.py
[2026-05-30 17:05:29] INTERFACE SUSPEITA: doxygen_crawl.html.html
[2026-05-30 17:05:29] DUPLICADO: ECOSSISTEMA_DE_IA_ASSISTIVA.py
[2026-05-30 17:05:29] HASH DUPLICADO: ECOSSISTEMA_DE_IA_ASSISTIVA.py
[2026-05-30 17:05:29] INTERFACE SUSPEITA: educacao.html
[2026-05-30 17:05:29] INTERFACE SUSPEITA: EEF0A5E562E2936D1B1801FE602BCD0A_whats_new_empty.html
[2026-05-30 17:05:29] INTERFACE SUSPEITA: EFAF4D8F81365B7DD8B41909BB863780_external.html
[2026-05-30 17:05:29] DUPLICADO: eh_pagamento_paypal.py
[2026-05-30 17:05:29] HASH DUPLICADO: eh_pagamento_paypal.py
[2026-05-30 17:05:29] DUPLICADO: email_bridge.py
[2026-05-30 17:05:29] HASH DUPLICADO: email_bridge.py
[2026-05-30 17:05:29] INTERFACE SUSPEITA: emergency_trigger.py.html
[2026-05-30 17:05:29] INTERFACE SUSPEITA: empacotar_ciberjustica.py.html
[2026-05-30 17:05:29] DUPLICADO: engine.py
[2026-05-30 17:05:29] HASH DUPLICADO: engine.py
[2026-05-30 17:05:29] INTERFACE SUSPEITA: engine.py.html
[2026-05-30 17:05:29] DUPLICADO: entrada_principal_main.py
[2026-05-30 17:05:29] HASH DUPLICADO: entrada_principal_main.py
[2026-05-30 17:05:29] DUPLICADO: enviar_email.py
[2026-05-30 17:05:29] HASH DUPLICADO: enviar_email.py
[2026-05-30 17:05:29] INTERFACE SUSPEITA: ESQUELETO_PYTHON_DO_NÚCLEO_main.py.html
[2026-05-30 17:05:29] INTERFACE SUSPEITA: estrutura_projeto.py.html
[2026-05-30 17:05:29] INTERFACE SUSPEITA: event_bus.py.html
[2026-05-30 17:05:29] INTERFACE SUSPEITA: everyday.html.html
[2026-05-30 17:05:29] INTERFACE SUSPEITA: EvolutionBrain.py.html
[2026-05-30 17:05:29] INTERFACE SUSPEITA: executar_torre_global.py.html
[2026-05-30 17:05:29] DUPLICADO: EXECUTIVE_COMMAND_ENTER.py
[2026-05-30 17:05:29] HASH DUPLICADO: EXECUTIVE_COMMAND_ENTER.py
[2026-05-30 17:05:29] INTERFACE SUSPEITA: executor.py.html
[2026-05-30 17:05:29] DUPLICADO: EXPANSAO_COMPLETA.py
[2026-05-30 17:05:29] HASH DUPLICADO: EXPANSAO_COMPLETA.py
[2026-05-30 17:05:29] DUPLICADO: experience.py
[2026-05-30 17:05:29] HASH DUPLICADO: experience.py
[2026-05-30 17:05:29] INTERFACE SUSPEITA: external.html
[2026-05-30 17:05:29] DUPLICADO: extrair_valor.py
[2026-05-30 17:05:29] HASH DUPLICADO: extrair_valor.py
[2026-05-30 17:05:29] INTERFACE SUSPEITA: factory.html
[2026-05-30 17:05:29] HASH DUPLICADO: Fazendo.varredura.py
[2026-05-30 17:05:29] INTERFACE SUSPEITA: ficha.html.html
[2026-05-30 17:05:29] INTERFACE SUSPEITA: ficha__dup1.html.html
[2026-05-30 17:05:29] INTERFACE SUSPEITA: ficha__dup2.html.html
[2026-05-30 17:05:29] DUPLICADO: FILA_DE_EXPERIMENTACAO.py
[2026-05-30 17:05:29] HASH DUPLICADO: FILA_DE_EXPERIMENTACAO.py
[2026-05-30 17:05:29] INTERFACE SUSPEITA: files.html.html
[2026-05-30 17:05:29] INTERFACE SUSPEITA: filter_8h.html.html
[2026-05-30 17:05:29] INTERFACE SUSPEITA: financeiro.html
[2026-05-30 17:05:29] INTERFACE SUSPEITA: financeiro.html.html
[2026-05-30 17:05:29] INTERFACE SUSPEITA: financeiro_empresa.py.html
[2026-05-30 17:05:29] INTERFACE SUSPEITA: Fluxo_central_nucleo_central.py.html
[2026-05-30 17:05:29] DUPLICADO: FLUXO_COMPLETO.py
[2026-05-30 17:05:29] HASH DUPLICADO: FLUXO_COMPLETO.py
[2026-05-30 17:05:29] DUPLICADO: FLUXO_REAL.py
[2026-05-30 17:05:29] HASH DUPLICADO: FLUXO_REAL.py
[2026-05-30 17:05:29] INTERFACE SUSPEITA: FORMULÁRIO_UNIVERSAL.html
[2026-05-30 17:05:29] INTERFACE SUSPEITA: fullscreen_governor.py.html
[2026-05-30 17:05:29] INTERFACE SUSPEITA: full_spectrum.py.html
[2026-05-30 17:05:29] DUPLICADO: full_test.py
[2026-05-30 17:05:29] HASH DUPLICADO: full_test.py
[2026-05-30 17:05:29] HASH DUPLICADO: funcoes.py
[2026-05-30 17:05:29] INTERFACE SUSPEITA: functions.html.html
[2026-05-30 17:05:29] INTERFACE SUSPEITA: functions_vars.html.html
[2026-05-30 17:05:29] INTERFACE SUSPEITA: funil_appspy_principais.py.html
[2026-05-30 17:05:29] INTERFACE SUSPEITA: gerador_dossie_aurora.py.html
[2026-05-30 17:05:29] INTERFACE SUSPEITA: gerador_graficos.py.html
[2026-05-30 17:05:29] INTERFACE SUSPEITA: GERADOR_PACOTE_NUCLEO_PROJETO.py.html
[2026-05-30 17:05:29] INTERFACE SUSPEITA: gerador_projetos_publicos.py.html
[2026-05-30 17:05:29] DUPLICADO: gerar_dossie.py
[2026-05-30 17:05:29] HASH DUPLICADO: gerar_dossie.py
[2026-05-30 17:05:29] DUPLICADO: Gerar_entreg.py
[2026-05-30 17:05:29] HASH DUPLICADO: Gerar_entreg.py
[2026-05-30 17:05:29] DUPLICADO: gerar_excel.py
[2026-05-30 17:05:29] HASH DUPLICADO: gerar_excel.py
[2026-05-30 17:05:29] INTERFACE SUSPEITA: GERAR_E_ABRIR_RELATORIO_PROBLEMA.py.html
[2026-05-30 17:05:29] DUPLICADO: gerar_login.py
[2026-05-30 17:05:29] HASH DUPLICADO: gerar_login.py
[2026-05-30 17:05:29] DUPLICADO: gerar_ordem.py
[2026-05-30 17:05:29] HASH DUPLICADO: gerar_ordem.py
[2026-05-30 17:05:29] DUPLICADO: gerar_pacote.py
[2026-05-30 17:05:29] HASH DUPLICADO: gerar_pacote.py
[2026-05-30 17:05:29] DUPLICADO: gerar_texto_contextual.py
[2026-05-30 17:05:29] HASH DUPLICADO: gerar_texto_contextual.py
[2026-05-30 17:05:29] INTERFACE SUSPEITA: git-add.html.html
[2026-05-30 17:05:29] INTERFACE SUSPEITA: git-am.html.html
[2026-05-30 17:05:29] INTERFACE SUSPEITA: git-annotate.html.html
[2026-05-30 17:05:29] INTERFACE SUSPEITA: git-apply.html.html
[2026-05-30 17:05:29] INTERFACE SUSPEITA: git-archive.html.html
[2026-05-30 17:05:29] INTERFACE SUSPEITA: git-backfill.html.html
[2026-05-30 17:05:29] INTERFACE SUSPEITA: git-bash.html.html
[2026-05-30 17:05:29] INTERFACE SUSPEITA: git-bisect-lk2009.html.html
[2026-05-30 17:05:29] INTERFACE SUSPEITA: git-bisect.html.html
[2026-05-30 17:05:29] INTERFACE SUSPEITA: git-blame.html.html
[2026-05-30 17:05:29] INTERFACE SUSPEITA: git-branch.html.html
[2026-05-30 17:05:29] INTERFACE SUSPEITA: git-bugreport.html.html
[2026-05-30 17:05:29] INTERFACE SUSPEITA: git-bundle.html.html
[2026-05-30 17:05:29] INTERFACE SUSPEITA: git-cat-file.html.html
[2026-05-30 17:05:29] INTERFACE SUSPEITA: git-check-attr.html.html
[2026-05-30 17:05:29] INTERFACE SUSPEITA: git-check-ignore.html.html
[2026-05-30 17:05:29] INTERFACE SUSPEITA: git-check-mailmap.html.html
[2026-05-30 17:05:29] INTERFACE SUSPEITA: git-check-ref-format.html.html
[2026-05-30 17:05:29] INTERFACE SUSPEITA: git-checkout-index.html.html
[2026-05-30 17:05:29] INTERFACE SUSPEITA: git-checkout.html.html
[2026-05-30 17:05:29] INTERFACE SUSPEITA: git-cherry-pick.html.html
[2026-05-30 17:05:29] INTERFACE SUSPEITA: git-cherry.html.html
[2026-05-30 17:05:29] INTERFACE SUSPEITA: git-citool.html.html
[2026-05-30 17:05:29] INTERFACE SUSPEITA: git-clean.html.html
[2026-05-30 17:05:29] INTERFACE SUSPEITA: git-clone.html.html
[2026-05-30 17:05:29] INTERFACE SUSPEITA: git-column.html.html
[2026-05-30 17:05:29] INTERFACE SUSPEITA: git-commit-graph.html.html
[2026-05-30 17:05:29] INTERFACE SUSPEITA: git-commit-tree.html.html
[2026-05-30 17:05:29] INTERFACE SUSPEITA: git-commit.html.html
[2026-05-30 17:05:29] INTERFACE SUSPEITA: git-config.html.html
[2026-05-30 17:05:29] INTERFACE SUSPEITA: git-count-objects.html.html
[2026-05-30 17:05:29] INTERFACE SUSPEITA: git-credential-cache--daemon.html.html
[2026-05-30 17:05:29] INTERFACE SUSPEITA: git-credential-cache.html.html
[2026-05-30 17:05:29] INTERFACE SUSPEITA: git-credential-manager.html.html
[2026-05-30 17:05:29] INTERFACE SUSPEITA: git-credential-store.html.html
[2026-05-30 17:05:29] INTERFACE SUSPEITA: git-credential.html.html
[2026-05-30 17:05:29] INTERFACE SUSPEITA: git-daemon.html.html
[2026-05-30 17:05:29] INTERFACE SUSPEITA: git-describe.html.html
[2026-05-30 17:05:29] INTERFACE SUSPEITA: git-diagnose.html.html
[2026-05-30 17:05:29] INTERFACE SUSPEITA: git-diff-files.html.html
[2026-05-30 17:05:29] INTERFACE SUSPEITA: git-diff-index.html.html
[2026-05-30 17:05:29] INTERFACE SUSPEITA: git-diff-pairs.html.html
[2026-05-30 17:05:29] INTERFACE SUSPEITA: git-diff-tree.html.html
[2026-05-30 17:05:29] INTERFACE SUSPEITA: git-diff.html.html
[2026-05-30 17:05:29] INTERFACE SUSPEITA: git-difftool.html.html
[2026-05-30 17:05:29] INTERFACE SUSPEITA: git-fast-export.html.html
[2026-05-30 17:05:29] INTERFACE SUSPEITA: git-fast-import.html.html
[2026-05-30 17:05:29] INTERFACE SUSPEITA: git-fetch-pack.html.html
[2026-05-30 17:05:29] INTERFACE SUSPEITA: git-fetch.html.html
[2026-05-30 17:05:29] INTERFACE SUSPEITA: git-filter-branch.html.html
[2026-05-30 17:05:29] INTERFACE SUSPEITA: git-fmt-merge-msg.html.html
[2026-05-30 17:05:29] INTERFACE SUSPEITA: git-for-each-ref.html.html
[2026-05-30 17:05:29] INTERFACE SUSPEITA: git-for-each-repo.html.html
[2026-05-30 17:05:29] INTERFACE SUSPEITA: git-format-patch.html.html
[2026-05-30 17:05:29] INTERFACE SUSPEITA: git-fsck-objects.html.html
[2026-05-30 17:05:29] INTERFACE SUSPEITA: git-fsck.html.html
[2026-05-30 17:05:29] INTERFACE SUSPEITA: git-fsmonitor--daemon.html.html
[2026-05-30 17:05:29] INTERFACE SUSPEITA: git-gc.html.html
[2026-05-30 17:05:29] INTERFACE SUSPEITA: git-get-tar-commit-id.html.html
[2026-05-30 17:05:29] INTERFACE SUSPEITA: git-grep.html.html
[2026-05-30 17:05:29] INTERFACE SUSPEITA: git-gui.html.html
[2026-05-30 17:05:29] INTERFACE SUSPEITA: git-hash-object.html.html
[2026-05-30 17:05:29] INTERFACE SUSPEITA: git-help.html.html
[2026-05-30 17:05:29] INTERFACE SUSPEITA: git-hook.html.html
[2026-05-30 17:05:29] INTERFACE SUSPEITA: git-http-backend.html.html
[2026-05-30 17:05:29] INTERFACE SUSPEITA: git-http-fetch.html.html
[2026-05-30 17:05:29] INTERFACE SUSPEITA: git-http-push.html.html
[2026-05-30 17:05:29] INTERFACE SUSPEITA: git-imap-send.html.html
[2026-05-30 17:05:29] INTERFACE SUSPEITA: git-index-pack.html.html
[2026-05-30 17:05:29] INTERFACE SUSPEITA: git-init-db.html.html
[2026-05-30 17:05:29] INTERFACE SUSPEITA: git-init.html.html
[2026-05-30 17:05:29] INTERFACE SUSPEITA: git-instaweb.html.html
[2026-05-30 17:05:29] INTERFACE SUSPEITA: git-interpret-trailers.html.html
[2026-05-30 17:05:30] INTERFACE SUSPEITA: git-last-modified.html.html
[2026-05-30 17:05:30] INTERFACE SUSPEITA: git-lfs-checkout.html.html
[2026-05-30 17:05:30] INTERFACE SUSPEITA: git-lfs-clean.html.html
[2026-05-30 17:05:30] INTERFACE SUSPEITA: git-lfs-clone.html.html
[2026-05-30 17:05:30] INTERFACE SUSPEITA: git-lfs-completion.html.html
[2026-05-30 17:05:30] INTERFACE SUSPEITA: git-lfs-dedup.html.html
[2026-05-30 17:05:30] INTERFACE SUSPEITA: git-lfs-env.html.html
[2026-05-30 17:05:30] INTERFACE SUSPEITA: git-lfs-ext.html.html
[2026-05-30 17:05:30] INTERFACE SUSPEITA: git-lfs-fetch.html.html
[2026-05-30 17:05:30] INTERFACE SUSPEITA: git-lfs-filter-process.html.html
[2026-05-30 17:05:30] INTERFACE SUSPEITA: git-lfs-fsck.html.html
[2026-05-30 17:05:30] INTERFACE SUSPEITA: git-lfs-install.html.html
[2026-05-30 17:05:30] INTERFACE SUSPEITA: git-lfs-lock.html.html
[2026-05-30 17:05:30] INTERFACE SUSPEITA: git-lfs-locks.html.html
[2026-05-30 17:05:30] INTERFACE SUSPEITA: git-lfs-logs.html.html
[2026-05-30 17:05:30] INTERFACE SUSPEITA: git-lfs-ls-files.html.html
[2026-05-30 17:05:30] INTERFACE SUSPEITA: git-lfs-merge-driver.html.html
[2026-05-30 17:05:30] INTERFACE SUSPEITA: git-lfs-migrate.html.html
[2026-05-30 17:05:30] INTERFACE SUSPEITA: git-lfs-pointer.html.html
[2026-05-30 17:05:30] INTERFACE SUSPEITA: git-lfs-post-checkout.html.html
[2026-05-30 17:05:30] INTERFACE SUSPEITA: git-lfs-post-commit.html.html
[2026-05-30 17:05:30] INTERFACE SUSPEITA: git-lfs-post-merge.html.html
[2026-05-30 17:05:30] INTERFACE SUSPEITA: git-lfs-pre-push.html.html
[2026-05-30 17:05:30] INTERFACE SUSPEITA: git-lfs-prune.html.html
[2026-05-30 17:05:30] INTERFACE SUSPEITA: git-lfs-pull.html.html
[2026-05-30 17:05:30] INTERFACE SUSPEITA: git-lfs-push.html.html
[2026-05-30 17:05:30] INTERFACE SUSPEITA: git-lfs-smudge.html.html
[2026-05-30 17:05:30] INTERFACE SUSPEITA: git-lfs-standalone-file.html.html
[2026-05-30 17:05:30] INTERFACE SUSPEITA: git-lfs-status.html.html
[2026-05-30 17:05:30] INTERFACE SUSPEITA: git-lfs-track.html.html
[2026-05-30 17:05:30] INTERFACE SUSPEITA: git-lfs-uninstall.html.html
[2026-05-30 17:05:30] INTERFACE SUSPEITA: git-lfs-unlock.html.html
[2026-05-30 17:05:30] INTERFACE SUSPEITA: git-lfs-untrack.html.html
[2026-05-30 17:05:30] INTERFACE SUSPEITA: git-lfs-update.html.html
[2026-05-30 17:05:30] INTERFACE SUSPEITA: git-lfs.html.html
[2026-05-30 17:05:30] INTERFACE SUSPEITA: git-log.html.html
[2026-05-30 17:05:30] INTERFACE SUSPEITA: git-ls-files.html.html
[2026-05-30 17:05:30] INTERFACE SUSPEITA: git-ls-remote.html.html
[2026-05-30 17:05:30] INTERFACE SUSPEITA: git-ls-tree.html.html
[2026-05-30 17:05:30] INTERFACE SUSPEITA: git-mailinfo.html.html
[2026-05-30 17:05:30] INTERFACE SUSPEITA: git-mailsplit.html.html
[2026-05-30 17:05:30] INTERFACE SUSPEITA: git-maintenance.html.html
[2026-05-30 17:05:30] INTERFACE SUSPEITA: git-merge-base.html.html
[2026-05-30 17:05:30] INTERFACE SUSPEITA: git-merge-file.html.html
[2026-05-30 17:05:30] INTERFACE SUSPEITA: git-merge-index.html.html
[2026-05-30 17:05:30] INTERFACE SUSPEITA: git-merge-one-file.html.html
[2026-05-30 17:05:30] INTERFACE SUSPEITA: git-merge-tree.html.html
[2026-05-30 17:05:30] INTERFACE SUSPEITA: git-merge.html.html
[2026-05-30 17:05:30] INTERFACE SUSPEITA: git-mergetool.html.html
[2026-05-30 17:05:30] INTERFACE SUSPEITA: git-mktag.html.html
[2026-05-30 17:05:30] INTERFACE SUSPEITA: git-mktree.html.html
[2026-05-30 17:05:30] INTERFACE SUSPEITA: git-multi-pack-index.html.html
[2026-05-30 17:05:30] INTERFACE SUSPEITA: git-mv.html.html
[2026-05-30 17:05:30] INTERFACE SUSPEITA: git-name-rev.html.html
[2026-05-30 17:05:30] INTERFACE SUSPEITA: git-notes.html.html
[2026-05-30 17:05:30] INTERFACE SUSPEITA: git-pack-objects.html.html
[2026-05-30 17:05:30] INTERFACE SUSPEITA: git-pack-redundant.html.html
[2026-05-30 17:05:30] INTERFACE SUSPEITA: git-pack-refs.html.html
[2026-05-30 17:05:30] INTERFACE SUSPEITA: git-patch-id.html.html
[2026-05-30 17:05:30] INTERFACE SUSPEITA: git-prune-packed.html.html
[2026-05-30 17:05:30] INTERFACE SUSPEITA: git-prune.html.html
[2026-05-30 17:05:30] INTERFACE SUSPEITA: git-pull.html.html
[2026-05-30 17:05:30] INTERFACE SUSPEITA: git-push.html.html
[2026-05-30 17:05:30] INTERFACE SUSPEITA: git-quiltimport.html.html
[2026-05-30 17:05:30] INTERFACE SUSPEITA: git-range-diff.html.html
[2026-05-30 17:05:30] INTERFACE SUSPEITA: git-read-tree.html.html
[2026-05-30 17:05:30] INTERFACE SUSPEITA: git-rebase.html.html
[2026-05-30 17:05:30] INTERFACE SUSPEITA: git-receive-pack.html.html
[2026-05-30 17:05:30] INTERFACE SUSPEITA: git-reflog.html.html
[2026-05-30 17:05:30] INTERFACE SUSPEITA: git-refs.html.html
[2026-05-30 17:05:30] INTERFACE SUSPEITA: git-remote-ext.html.html
[2026-05-30 17:05:30] INTERFACE SUSPEITA: git-remote-fd.html.html
[2026-05-30 17:05:30] INTERFACE SUSPEITA: git-remote-helpers.html.html
[2026-05-30 17:05:30] INTERFACE SUSPEITA: git-remote.html.html
[2026-05-30 17:05:30] INTERFACE SUSPEITA: git-repack.html.html
[2026-05-30 17:05:30] INTERFACE SUSPEITA: git-replace.html.html
[2026-05-30 17:05:30] INTERFACE SUSPEITA: git-replay.html.html
[2026-05-30 17:05:30] INTERFACE SUSPEITA: git-repo.html.html
[2026-05-30 17:05:30] INTERFACE SUSPEITA: git-request-pull.html.html
[2026-05-30 17:05:30] INTERFACE SUSPEITA: git-rerere.html.html
[2026-05-30 17:05:30] INTERFACE SUSPEITA: git-reset.html.html
[2026-05-30 17:05:30] INTERFACE SUSPEITA: git-restore.html.html
[2026-05-30 17:05:30] INTERFACE SUSPEITA: git-rev-list.html.html
[2026-05-30 17:05:30] INTERFACE SUSPEITA: git-rev-parse.html.html
[2026-05-30 17:05:30] INTERFACE SUSPEITA: git-revert.html.html
[2026-05-30 17:05:30] INTERFACE SUSPEITA: git-rm.html.html
[2026-05-30 17:05:30] INTERFACE SUSPEITA: git-send-email.html.html
[2026-05-30 17:05:30] INTERFACE SUSPEITA: git-send-pack.html.html
[2026-05-30 17:05:30] INTERFACE SUSPEITA: git-sh-i18n--envsubst.html.html
[2026-05-30 17:05:30] INTERFACE SUSPEITA: git-sh-i18n.html.html
[2026-05-30 17:05:30] INTERFACE SUSPEITA: git-sh-setup.html.html
[2026-05-30 17:05:30] INTERFACE SUSPEITA: git-shell.html.html
[2026-05-30 17:05:30] INTERFACE SUSPEITA: git-shortlog.html.html
[2026-05-30 17:05:30] INTERFACE SUSPEITA: git-show-branch.html.html
[2026-05-30 17:05:30] INTERFACE SUSPEITA: git-show-index.html.html
[2026-05-30 17:05:30] INTERFACE SUSPEITA: git-show-ref.html.html
[2026-05-30 17:05:30] INTERFACE SUSPEITA: git-show.html.html
[2026-05-30 17:05:30] INTERFACE SUSPEITA: git-sparse-checkout.html.html
[2026-05-30 17:05:30] INTERFACE SUSPEITA: git-stage.html.html
[2026-05-30 17:05:30] INTERFACE SUSPEITA: git-stash.html.html
[2026-05-30 17:05:30] INTERFACE SUSPEITA: git-status.html.html
[2026-05-30 17:05:30] INTERFACE SUSPEITA: git-stripspace.html.html
[2026-05-30 17:05:30] INTERFACE SUSPEITA: git-submodule.html.html
[2026-05-30 17:05:30] INTERFACE SUSPEITA: git-subtree.html.html
[2026-05-30 17:05:30] INTERFACE SUSPEITA: git-survey.html.html
[2026-05-30 17:05:30] INTERFACE SUSPEITA: git-svn.html.html
[2026-05-30 17:05:30] INTERFACE SUSPEITA: git-switch.html.html
[2026-05-30 17:05:30] INTERFACE SUSPEITA: git-symbolic-ref.html.html
[2026-05-30 17:05:30] INTERFACE SUSPEITA: git-tag.html.html
[2026-05-30 17:05:30] INTERFACE SUSPEITA: git-tools.html.html
[2026-05-30 17:05:30] INTERFACE SUSPEITA: git-unpack-file.html.html
[2026-05-30 17:05:30] INTERFACE SUSPEITA: git-unpack-objects.html.html
[2026-05-30 17:05:30] INTERFACE SUSPEITA: git-update-index.html.html
[2026-05-30 17:05:30] INTERFACE SUSPEITA: git-update-ref.html.html
[2026-05-30 17:05:30] INTERFACE SUSPEITA: git-update-server-info.html.html
[2026-05-30 17:05:30] INTERFACE SUSPEITA: git-upload-archive.html.html
[2026-05-30 17:05:30] INTERFACE SUSPEITA: git-upload-pack.html.html
[2026-05-30 17:05:30] INTERFACE SUSPEITA: git-var.html.html
[2026-05-30 17:05:30] INTERFACE SUSPEITA: git-verify-commit.html.html
[2026-05-30 17:05:30] INTERFACE SUSPEITA: git-verify-pack.html.html
[2026-05-30 17:05:30] INTERFACE SUSPEITA: git-verify-tag.html.html
[2026-05-30 17:05:30] INTERFACE SUSPEITA: git-version.html.html
[2026-05-30 17:05:30] INTERFACE SUSPEITA: git-web--browse.html.html
[2026-05-30 17:05:30] INTERFACE SUSPEITA: git-whatchanged.html.html
[2026-05-30 17:05:30] INTERFACE SUSPEITA: git-worktree.html.html
[2026-05-30 17:05:30] INTERFACE SUSPEITA: git-write-tree.html.html
[2026-05-30 17:05:30] INTERFACE SUSPEITA: git.html.html
[2026-05-30 17:05:30] INTERFACE SUSPEITA: gitattributes.html.html
[2026-05-30 17:05:30] INTERFACE SUSPEITA: gitcli.html.html
[2026-05-30 17:05:30] INTERFACE SUSPEITA: gitcore-tutorial.html.html
[2026-05-30 17:05:30] INTERFACE SUSPEITA: gitcredentials.html.html
[2026-05-30 17:05:30] INTERFACE SUSPEITA: gitdatamodel.html.html
[2026-05-30 17:05:30] INTERFACE SUSPEITA: gitdiffcore.html.html
[2026-05-30 17:05:30] INTERFACE SUSPEITA: giteveryday.html.html
[2026-05-30 17:05:30] INTERFACE SUSPEITA: gitfaq.html.html
[2026-05-30 17:05:30] INTERFACE SUSPEITA: gitformat-bundle.html.html
[2026-05-30 17:05:30] INTERFACE SUSPEITA: gitformat-chunk.html.html
[2026-05-30 17:05:30] INTERFACE SUSPEITA: gitformat-commit-graph.html.html
[2026-05-30 17:05:30] INTERFACE SUSPEITA: gitformat-index.html.html
[2026-05-30 17:05:30] INTERFACE SUSPEITA: gitformat-loose.html.html
[2026-05-30 17:05:30] INTERFACE SUSPEITA: gitformat-pack.html.html
[2026-05-30 17:05:30] INTERFACE SUSPEITA: gitformat-signature.html.html
[2026-05-30 17:05:30] INTERFACE SUSPEITA: gitglossary.html.html
[2026-05-30 17:05:30] INTERFACE SUSPEITA: githooks.html.html
[2026-05-30 17:05:30] INTERFACE SUSPEITA: gitignore.html.html
[2026-05-30 17:05:30] INTERFACE SUSPEITA: gitk.html.html
[2026-05-30 17:05:30] INTERFACE SUSPEITA: gitmailmap.html.html
[2026-05-30 17:05:30] INTERFACE SUSPEITA: gitmodules.html.html
[2026-05-30 17:05:30] INTERFACE SUSPEITA: gitnamespaces.html.html
[2026-05-30 17:05:30] INTERFACE SUSPEITA: gitpacking.html.html
[2026-05-30 17:05:30] INTERFACE SUSPEITA: gitprotocol-capabilities.html.html
[2026-05-30 17:05:30] INTERFACE SUSPEITA: gitprotocol-common.html.html
[2026-05-30 17:05:30] INTERFACE SUSPEITA: gitprotocol-http.html.html
[2026-05-30 17:05:30] INTERFACE SUSPEITA: gitprotocol-pack.html.html
[2026-05-30 17:05:30] INTERFACE SUSPEITA: gitprotocol-v2.html.html
[2026-05-30 17:05:30] INTERFACE SUSPEITA: gitremote-helpers.html.html
[2026-05-30 17:05:30] INTERFACE SUSPEITA: gitrepository-layout.html.html
[2026-05-30 17:05:30] INTERFACE SUSPEITA: gitrevisions.html.html
[2026-05-30 17:05:30] INTERFACE SUSPEITA: gitsubmodules.html.html
[2026-05-30 17:05:30] INTERFACE SUSPEITA: gittutorial-2.html.html
[2026-05-30 17:05:30] INTERFACE SUSPEITA: gittutorial.html.html
[2026-05-30 17:05:30] INTERFACE SUSPEITA: gitworkflows.html.html
[2026-05-30 17:05:30] INTERFACE SUSPEITA: globals.html.html
[2026-05-30 17:05:30] INTERFACE SUSPEITA: globals_defs.html.html
[2026-05-30 17:05:30] INTERFACE SUSPEITA: globals_enum.html.html
[2026-05-30 17:05:30] INTERFACE SUSPEITA: globals_eval.html.html
[2026-05-30 17:05:30] INTERFACE SUSPEITA: globals_func.html.html
[2026-05-30 17:05:30] INTERFACE SUSPEITA: globals_type.html.html
[2026-05-30 17:05:30] DUPLICADO: GLOBAL_OPERATIONAL_CORE.py
[2026-05-30 17:05:30] HASH DUPLICADO: GLOBAL_OPERATIONAL_CORE.py
[2026-05-30 17:05:30] DUPLICADO: GOVERNANA_OPERACIONAL.py
[2026-05-30 17:05:30] HASH DUPLICADO: GOVERNANA_OPERACIONAL.py
[2026-05-30 17:05:30] DUPLICADO: GOVERNANA_OPERACIONAL_AUTOMATIZADA.py
[2026-05-30 17:05:30] HASH DUPLICADO: GOVERNANA_OPERACIONAL_AUTOMATIZADA.py
[2026-05-30 17:05:30] DUPLICADO: governance.py
[2026-05-30 17:05:30] HASH DUPLICADO: governance.py
[2026-05-30 17:05:30] INTERFACE SUSPEITA: governo.html
[2026-05-30 17:05:30] INTERFACE SUSPEITA: gprof.out.html
[2026-05-30 17:05:30] DUPLICADO: grafico_barras_premium.py
[2026-05-30 17:05:30] HASH DUPLICADO: grafico_barras_premium.py
[2026-05-30 17:05:30] DUPLICADO: grafico_gauge_risco.py
[2026-05-30 17:05:30] HASH DUPLICADO: grafico_gauge_risco.py
[2026-05-30 17:05:30] DUPLICADO: gTTS.py
[2026-05-30 17:05:30] HASH DUPLICADO: gTTS.py
[2026-05-30 17:05:30] INTERFACE SUSPEITA: hardware_8h.html.html
[2026-05-30 17:05:31] INTERFACE SUSPEITA: hash-function-transition.html.html
[2026-05-30 17:05:31] DUPLICADO: helpers.py
[2026-05-30 17:05:31] HASH DUPLICADO: helpers.py
[2026-05-30 17:05:31] INTERFACE SUSPEITA: howto-index.html.html
[2026-05-30 17:05:31] INTERFACE SUSPEITA: html.html
[2026-05-30 17:05:31] INTERFACE SUSPEITA: html2.html
[2026-05-30 17:05:31] INTERFACE SUSPEITA: hub_interfaces.py.html
[2026-05-30 17:05:31] DUPLICADO: IDENTIDADE_DINMICA_DO_NUCLEO.py
[2026-05-30 17:05:31] HASH DUPLICADO: IDENTIDADE_DINMICA_DO_NUCLEO.py
[2026-05-30 17:05:31] INTERFACE SUSPEITA: IMPORTADOR_QR.py.html
[2026-05-30 17:05:31] INTERFACE SUSPEITA: Incorporacoes_Nucleo.py.html
[2026-05-30 17:05:31] INTERFACE SUSPEITA: Incorporacoes_Nucleo_alfa.py.html
[2026-05-30 17:05:31] INTERFACE SUSPEITA: Incorporacoes_Nucleo_V2.py.html
[2026-05-30 17:05:31] INTERFACE SUSPEITA: index_8h.html.html
[2026-05-30 17:05:31] INTERFACE SUSPEITA: index_backup_20260402_180251.html.html
[2026-05-30 17:05:31] INTERFACE SUSPEITA: index_backup_20260402_181715.html.html
[2026-05-30 17:05:31] INTERFACE SUSPEITA: index__dup1.html.html
[2026-05-30 17:05:31] INTERFACE SUSPEITA: index__dup10.html
[2026-05-30 17:05:31] INTERFACE SUSPEITA: index__dup10.html.html
[2026-05-30 17:05:31] INTERFACE SUSPEITA: index__dup11.html.html
[2026-05-30 17:05:31] INTERFACE SUSPEITA: index__dup1__dup1.html.html
[2026-05-30 17:05:31] INTERFACE SUSPEITA: index__dup2.html.html
[2026-05-30 17:05:31] INTERFACE SUSPEITA: index__dup2__dup1.html.html
[2026-05-30 17:05:31] INTERFACE SUSPEITA: index__dup3.html.html
[2026-05-30 17:05:31] INTERFACE SUSPEITA: index__dup4.html.html
[2026-05-30 17:05:31] INTERFACE SUSPEITA: index__dup5.html.html
[2026-05-30 17:05:31] INTERFACE SUSPEITA: index__dup6.html
[2026-05-30 17:05:31] INTERFACE SUSPEITA: index__dup6.html.html
[2026-05-30 17:05:31] INTERFACE SUSPEITA: index__dup7.html.html
[2026-05-30 17:05:31] INTERFACE SUSPEITA: index__dup8.html.html
[2026-05-30 17:05:31] INTERFACE SUSPEITA: index__dup9.html.html
[2026-05-30 17:05:31] INTERFACE SUSPEITA: index__hash_8h.html.html
[2026-05-30 17:05:31] DUPLICADO: INIT_BACKUP_20260511_190622.py
[2026-05-30 17:05:31] HASH DUPLICADO: INIT_BACKUP_20260511_190622.py
[2026-05-30 17:05:31] INTERFACE SUSPEITA: institucional.html
[2026-05-30 17:05:31] INTERFACE SUSPEITA: institucional.html.html
[2026-05-30 17:05:31] INTERFACE SUSPEITA: institucional_brian.py.html
[2026-05-30 17:05:31] INTERFACE SUSPEITA: institutional_environment.py.html
[2026-05-30 17:05:31] INTERFACE SUSPEITA: institutional_gateway.py.html
[2026-05-30 17:05:31] INTERFACE SUSPEITA: INSTITUTIONAL__ECOSYSTEM_CORE.py.html
[2026-05-30 17:05:31] INTERFACE SUSPEITA: INSTITUTIONA_ECOSYSTEM_CORE.py.html
[2026-05-30 17:05:31] HASH DUPLICADO: integracao.py
[2026-05-30 17:05:31] DUPLICADO: INTEGRACAO_COMPLETA.py
[2026-05-30 17:05:31] HASH DUPLICADO: INTEGRACAO_COMPLETA.py
[2026-05-30 17:05:32] DUPLICADO: integracao_executar_nucleo.py
[2026-05-30 17:05:32] HASH DUPLICADO: integracao_executar_nucleo.py
[2026-05-30 17:05:32] DUPLICADO: INTEGRACAO_FINAL_DO_NUCLEO.py
[2026-05-30 17:05:32] HASH DUPLICADO: INTEGRACAO_FINAL_DO_NUCLEO.py
[2026-05-30 17:05:32] DUPLICADO: integration_nucleus.py
[2026-05-30 17:05:32] HASH DUPLICADO: integration_nucleus.py
[2026-05-30 17:05:32] INTERFACE SUSPEITA: inteligencia.html
[2026-05-30 17:05:32] DUPLICADO: Inteligncia_de_Valorizao.py
[2026-05-30 17:05:32] HASH DUPLICADO: Inteligncia_de_Valorizao.py
[2026-05-30 17:05:32] DUPLICADO: INTELLIGENT_CURATOR.py
[2026-05-30 17:05:32] HASH DUPLICADO: INTELLIGENT_CURATOR.py
[2026-05-30 17:05:32] INTERFACE SUSPEITA: interface.py.html
[2026-05-30 17:05:32] INTERFACE SUSPEITA: interface_fullscreen.py.html
[2026-05-30 17:05:32] INTERFACE SUSPEITA: interface_lab_fullscreen.py.html
[2026-05-30 17:05:32] INTERFACE SUSPEITA: Interface_Meta_Console.py.html
[2026-05-30 17:05:32] INTERFACE SUSPEITA: interface_profissional.html
[2026-05-30 17:05:32] DUPLICADO: Interface_Restoration.py
[2026-05-30 17:05:32] HASH DUPLICADO: Interface_Restoration.py
[2026-05-30 17:05:32] INTERFACE SUSPEITA: intracamaraty_engine.py.html
[2026-05-30 17:05:32] INTERFACE SUSPEITA: intracamaraty_fullscreen.py.html
[2026-05-30 17:05:32] DUPLICADO: INVENTRIO_CORPORATIVO.py
[2026-05-30 17:05:32] HASH DUPLICADO: INVENTRIO_CORPORATIVO.py
[2026-05-30 17:05:32] DUPLICADO: INVENTRIO_CORPORATIVO_IMPERIAL.py
[2026-05-30 17:05:32] HASH DUPLICADO: INVENTRIO_CORPORATIVO_IMPERIAL.py
[2026-05-30 17:05:32] DUPLICADO: INVENTRIO_INTELIGENTE.py
[2026-05-30 17:05:32] HASH DUPLICADO: INVENTRIO_INTELIGENTE.py
[2026-05-30 17:05:32] DUPLICADO: INVESTIGADOR_EMPRESARIAL.py
[2026-05-30 17:05:32] HASH DUPLICADO: INVESTIGADOR_EMPRESARIAL.py
[2026-05-30 17:05:32] INTERFACE SUSPEITA: IOBooster_Main.py.html
[2026-05-30 17:05:32] DUPLICADO: iotec.py
[2026-05-30 17:05:32] HASH DUPLICADO: iotec.py
[2026-05-30 17:05:32] DUPLICADO: IOTEC_ADAPTIVE_CORE_MANAGER.py
[2026-05-30 17:05:32] HASH DUPLICADO: IOTEC_ADAPTIVE_CORE_MANAGER.py
[2026-05-30 17:05:32] DUPLICADO: IOTEC_ADAPTIVE_ECOSYSTEM_CORE.py
[2026-05-30 17:05:32] HASH DUPLICADO: IOTEC_ADAPTIVE_ECOSYSTEM_CORE.py
[2026-05-30 17:05:32] DUPLICADO: IOTEC_ADVANCEMENT_CONTROL_TOWER.py
[2026-05-30 17:05:32] HASH DUPLICADO: IOTEC_ADVANCEMENT_CONTROL_TOWER.py
[2026-05-30 17:05:32] DUPLICADO: IOTEC_AI_ATENDENTE.py
[2026-05-30 17:05:32] HASH DUPLICADO: IOTEC_AI_ATENDENTE.py
[2026-05-30 17:05:32] DUPLICADO: IOTEC_AI_BRIDGE_CONNECTOR.py
[2026-05-30 17:05:32] HASH DUPLICADO: IOTEC_AI_BRIDGE_CONNECTOR.py
[2026-05-30 17:05:32] DUPLICADO: IOTEC_AI_CORE.py
[2026-05-30 17:05:32] HASH DUPLICADO: IOTEC_AI_CORE.py
[2026-05-30 17:05:32] DUPLICADO: IOTEC_AI_SECURITY.py
[2026-05-30 17:05:32] HASH DUPLICADO: IOTEC_AI_SECURITY.py
[2026-05-30 17:05:32] DUPLICADO: IOTEC_API_INTEGRACAO.py
[2026-05-30 17:05:32] HASH DUPLICADO: IOTEC_API_INTEGRACAO.py
[2026-05-30 17:05:32] DUPLICADO: IOTEC_ARTERIA_8787.py
[2026-05-30 17:05:32] HASH DUPLICADO: IOTEC_ARTERIA_8787.py
[2026-05-30 17:05:32] DUPLICADO: IOTEC_AUTOMATED_STRUCTURE_ENGINE.py
[2026-05-30 17:05:32] HASH DUPLICADO: IOTEC_AUTOMATED_STRUCTURE_ENGINE.py
[2026-05-30 17:05:32] DUPLICADO: IOTEC_AUTONOMOUS.py
[2026-05-30 17:05:32] HASH DUPLICADO: IOTEC_AUTONOMOUS.py
[2026-05-30 17:05:32] DUPLICADO: IOTEC_BILLING_INTELLIGENCE_ENGINE.py
[2026-05-30 17:05:32] HASH DUPLICADO: IOTEC_BILLING_INTELLIGENCE_ENGINE.py
[2026-05-30 17:05:32] INTERFACE SUSPEITA: IOTEC_BL_PORTAL_PAGAMENTOS_AUTOMATICO.py.html
[2026-05-30 17:05:32] INTERFACE SUSPEITA: IOTEC_BL_PORTAL_PAGAMENTOS_AUTOMATICO.py.html.html
[2026-05-30 17:05:32] INTERFACE SUSPEITA: IOTEC_BL_PORTAL_PREMIUM.py.html
[2026-05-30 17:05:32] INTERFACE SUSPEITA: IOTEC_BL_PORTAL_PREMIUM.py.html.html
[2026-05-30 17:05:32] INTERFACE SUSPEITA: iotec_boot.py.html
[2026-05-30 17:05:32] INTERFACE SUSPEITA: IOTEC_CATALOGO_INTELIGENTE_V1.py.html
[2026-05-30 17:05:32] INTERFACE SUSPEITA: IOTEC_CATALOGO_INTELIGENTE_V1.py.html.html
[2026-05-30 17:05:32] INTERFACE SUSPEITA: IOTEC_CLASSIFICADOR_LOJAS.py.html
[2026-05-30 17:05:32] INTERFACE SUSPEITA: IOTEC_CLASSIFICADOR_LOJAS.py.html.html
[2026-05-30 17:05:32] INTERFACE SUSPEITA: IOTEC_CLASSIFICADOR_PRODUTOS.py.html
[2026-05-30 17:05:32] INTERFACE SUSPEITA: IOTEC_CLASSIFICADOR_PRODUTOS.py.html.html
[2026-05-30 17:05:32] DUPLICADO: iotec_cockpit_pleno.py
[2026-05-30 17:05:32] HASH DUPLICADO: iotec_cockpit_pleno.py
[2026-05-30 17:05:32] DUPLICADO: iotec_cockpit_pleno_v2.py
[2026-05-30 17:05:32] HASH DUPLICADO: iotec_cockpit_pleno_v2.py
[2026-05-30 17:05:32] INTERFACE SUSPEITA: IOTEC_COMMAND_CENTER.py.html
[2026-05-30 17:05:32] INTERFACE SUSPEITA: IOTEC_COMMAND_CENTER.py.html.html
[2026-05-30 17:05:32] INTERFACE SUSPEITA: IOTEC_COMMAND_CENTER_CLEAN.py.html
[2026-05-30 17:05:32] INTERFACE SUSPEITA: IOTEC_COMMAND_CENTER_CLEAN.py.html.html
[2026-05-30 17:05:32] INTERFACE SUSPEITA: IOTEC_COMMAND_CENTER_V2.py.html
[2026-05-30 17:05:32] INTERFACE SUSPEITA: IOTEC_COMMAND_CENTER_V2.py.html.html
[2026-05-30 17:05:32] INTERFACE SUSPEITA: IOTEC_COMMAND_CENTER_V3.py.html
[2026-05-30 17:05:32] INTERFACE SUSPEITA: IOTEC_COMMAND_CENTER_V3.py.html.html
[2026-05-30 17:05:32] INTERFACE SUSPEITA: IOTEC_COMMERCIAL_INTELLIGENCE.py.html
[2026-05-30 17:05:32] INTERFACE SUSPEITA: IOTEC_COMMERCIAL_INTELLIGENCE.py.html.html
[2026-05-30 17:05:32] INTERFACE SUSPEITA: IOTEC_CONCIERGE_GOV_V1.py.html
[2026-05-30 17:05:32] INTERFACE SUSPEITA: IOTEC_CONCIERGE_GOV_V1.py.html.html
[2026-05-30 17:05:32] DUPLICADO: IOTEC_CONTEXT_AI.py
[2026-05-30 17:05:32] HASH DUPLICADO: IOTEC_CONTEXT_AI.py
[2026-05-30 17:05:32] DUPLICADO: IOTEC_CONTROL_TOWER_ENGINE.py
[2026-05-30 17:05:32] HASH DUPLICADO: IOTEC_CONTROL_TOWER_ENGINE.py
[2026-05-30 17:05:32] DUPLICADO: iotec_core.py
[2026-05-30 17:05:32] HASH DUPLICADO: iotec_core.py
[2026-05-30 17:05:32] DUPLICADO: IOTEC_CORE_24H.py
[2026-05-30 17:05:32] HASH DUPLICADO: IOTEC_CORE_24H.py
[2026-05-30 17:05:32] INTERFACE SUSPEITA: IOTEC_CORE_BUS.py.html
[2026-05-30 17:05:32] INTERFACE SUSPEITA: IOTEC_CORE_BUS.py.html.html
[2026-05-30 17:05:32] DUPLICADO: IOTEC_CORE_DIRECTIVE_SYSTEM.py
[2026-05-30 17:05:32] HASH DUPLICADO: IOTEC_CORE_DIRECTIVE_SYSTEM.py
[2026-05-30 17:05:32] DUPLICADO: IOTEC_CORE_EMAIL_24H.py
[2026-05-30 17:05:32] HASH DUPLICADO: IOTEC_CORE_EMAIL_24H.py
[2026-05-30 17:05:32] DUPLICADO: IOTEC_CORE_LIVE_QUEUE.py
[2026-05-30 17:05:32] HASH DUPLICADO: IOTEC_CORE_LIVE_QUEUE.py
[2026-05-30 17:05:32] DUPLICADO: IOTEC_CORE_MANAGER.py
[2026-05-30 17:05:32] HASH DUPLICADO: IOTEC_CORE_MANAGER.py
[2026-05-30 17:05:33] DUPLICADO: IOTEC_CORE_QUEUE_PANEL.py
[2026-05-30 17:05:33] HASH DUPLICADO: IOTEC_CORE_QUEUE_PANEL.py
[2026-05-30 17:05:33] DUPLICADO: IOTEC_CORE_RUNNER.py
[2026-05-30 17:05:33] HASH DUPLICADO: IOTEC_CORE_RUNNER.py
[2026-05-30 17:05:33] DUPLICADO: IOTEC_CUSTOMER_SERVICE_CORE.py
[2026-05-30 17:05:33] HASH DUPLICADO: IOTEC_CUSTOMER_SERVICE_CORE.py
[2026-05-30 17:05:33] DUPLICADO: IOTEC_DASHBOARD.py
[2026-05-30 17:05:33] HASH DUPLICADO: IOTEC_DASHBOARD.py
[2026-05-30 17:05:33] DUPLICADO: IOTEC_DATABASE_CORE.py
[2026-05-30 17:05:33] HASH DUPLICADO: IOTEC_DATABASE_CORE.py
[2026-05-30 17:05:33] INTERFACE SUSPEITA: IOTEC_DEMO_BANCARIO.html
[2026-05-30 17:05:33] INTERFACE SUSPEITA: IOTEC_DEMO_BANCARIO.py.html
[2026-05-30 17:05:33] INTERFACE SUSPEITA: IOTEC_DEMO_BANCARIO.py.html.html
[2026-05-30 17:05:33] DUPLICADO: IOTEC_DEPLOYMENT_DIAGNOSTIC.py
[2026-05-30 17:05:33] HASH DUPLICADO: IOTEC_DEPLOYMENT_DIAGNOSTIC.py
[2026-05-30 17:05:33] INTERFACE SUSPEITA: IOTEC_DEPLOY_COPILOT_FULLSCREEN_V1.py.html
[2026-05-30 17:05:33] INTERFACE SUSPEITA: IOTEC_DEPLOY_COPILOT_FULLSCREEN_V1.py.html.html
[2026-05-30 17:05:33] DUPLICADO: IOTEC_DEPLOY_MASTER.py
[2026-05-30 17:05:33] HASH DUPLICADO: IOTEC_DEPLOY_MASTER.py
[2026-05-30 17:05:33] DUPLICADO: IOTEC_DEPLOY_MASTER_V2.py
[2026-05-30 17:05:33] HASH DUPLICADO: IOTEC_DEPLOY_MASTER_V2.py
[2026-05-30 17:05:33] DUPLICADO: IOTEC_DEPLOY_MASTER_V3.py
[2026-05-30 17:05:33] HASH DUPLICADO: IOTEC_DEPLOY_MASTER_V3.py
[2026-05-30 17:05:33] DUPLICADO: IOTEC_DEPLOY_NETLIFY.py
[2026-05-30 17:05:33] HASH DUPLICADO: IOTEC_DEPLOY_NETLIFY.py
[2026-05-30 17:05:33] DUPLICADO: IOTEC_DEPLOY_ORQUESTRADOR.py
[2026-05-30 17:05:33] HASH DUPLICADO: IOTEC_DEPLOY_ORQUESTRADOR.py
[2026-05-30 17:05:33] INTERFACE SUSPEITA: IOTEC_DUAL_EXPERIENCE.py.html
[2026-05-30 17:05:33] DUPLICADO: IOTEC_DUAL_MAIL_DASHBOARD.py
[2026-05-30 17:05:33] HASH DUPLICADO: IOTEC_DUAL_MAIL_DASHBOARD.py
[2026-05-30 17:05:33] INTERFACE SUSPEITA: IOTEC_ECOSSISTEMA_GESTAO_PUBLICA_V1.py.html
[2026-05-30 17:05:33] INTERFACE SUSPEITA: IOTEC_ECOSSISTEMA_GESTAO_PUBLICA_V1.py.html.html
[2026-05-30 17:05:33] INTERFACE SUSPEITA: IOTEC_ECOSYSTEM_COMMAND_CENTER.py.html
[2026-05-30 17:05:33] INTERFACE SUSPEITA: IOTEC_ECOSYSTEM_COMMAND_CENTER.py.html.html
[2026-05-30 17:05:33] INTERFACE SUSPEITA: IOTEC_EMPURRADOR_EXIBICAO_V3_FIX.py.html
[2026-05-30 17:05:33] INTERFACE SUSPEITA: IOTEC_EMPURRADOR_EXIBICAO_V3_FIX.py.html.html
[2026-05-30 17:05:33] INTERFACE SUSPEITA: IOTEC_ENCADERNADOR.py.html
[2026-05-30 17:05:33] INTERFACE SUSPEITA: IOTEC_ENCADERNADOR.py.html.html
[2026-05-30 17:05:33] INTERFACE SUSPEITA: iotec_factory_portal.py.html
[2026-05-30 17:05:33] INTERFACE SUSPEITA: iotec_factory_portal_v2.py.html
[2026-05-30 17:05:33] DUPLICADO: IOTEC_FIRST_REVENUE_ENGINE.py
[2026-05-30 17:05:33] HASH DUPLICADO: IOTEC_FIRST_REVENUE_ENGINE.py
[2026-05-30 17:05:33] WATCHDOG DETECTADO: IOTEC_FIRST_REVENUE_ENGINE.py
[2026-05-30 17:05:33] DUPLICADO: IOTEC_FORM_TO_EMAIL.py
[2026-05-30 17:05:33] HASH DUPLICADO: IOTEC_FORM_TO_EMAIL.py
[2026-05-30 17:05:33] DUPLICADO: IOTEC_FULL_FLOW.py
[2026-05-30 17:05:33] HASH DUPLICADO: IOTEC_FULL_FLOW.py
[2026-05-30 17:05:33] DUPLICADO: IOTEC_GATEWAY_CORE.py
[2026-05-30 17:05:33] HASH DUPLICADO: IOTEC_GATEWAY_CORE.py
[2026-05-30 17:05:33] DUPLICADO: IOTEC_GLOBAL_CORE.py
[2026-05-30 17:05:33] HASH DUPLICADO: IOTEC_GLOBAL_CORE.py
[2026-05-30 17:05:33] DUPLICADO: IOTEC_GLOBAL_OPERATIONAL_CORE.py
[2026-05-30 17:05:33] HASH DUPLICADO: IOTEC_GLOBAL_OPERATIONAL_CORE.py
[2026-05-30 17:05:33] DUPLICADO: IOTEC_GLOBAL_READINESS_CHECK.py
[2026-05-30 17:05:33] HASH DUPLICADO: IOTEC_GLOBAL_READINESS_CHECK.py
[2026-05-30 17:05:33] INTERFACE SUSPEITA: IOTEC_GLOBAL_SHOPPING_PLATFORM.py.html
[2026-05-30 17:05:33] INTERFACE SUSPEITA: IOTEC_GLOBAL_SHOPPING_PLATFORM.py.html.html
[2026-05-30 17:05:33] INTERFACE SUSPEITA: IOTEC_GLOBAL_SHOPPING_V2.py.html
[2026-05-30 17:05:33] INTERFACE SUSPEITA: IOTEC_GLOBAL_SHOPPING_V2.py.html.html
[2026-05-30 17:05:33] DUPLICADO: IOTEC_GOVTECH_PIPELINE_DASHBOARD.py
[2026-05-30 17:05:33] HASH DUPLICADO: IOTEC_GOVTECH_PIPELINE_DASHBOARD.py
[2026-05-30 17:05:33] INTERFACE SUSPEITA: IOTEC_IMPORTADOR.py.html
[2026-05-30 17:05:33] INTERFACE SUSPEITA: IOTEC_IMPORTADOR.py.html.html
[2026-05-30 17:05:33] DUPLICADO: IOTEC_INTELLIGENT_CURATOR.py
[2026-05-30 17:05:33] HASH DUPLICADO: IOTEC_INTELLIGENT_CURATOR.py
[2026-05-30 17:05:33] INTERFACE SUSPEITA: iotec_kernel_supercode.py.html
[2026-05-30 17:05:33] INTERFACE SUSPEITA: IOTEC_MAESTRO_EXPOSICAO.py.html
[2026-05-30 17:05:33] INTERFACE SUSPEITA: IOTEC_MAESTRO_EXPOSICAO.py.html.html
[2026-05-30 17:05:33] DUPLICADO: IOTEC_MAIL_CORE_INTELIGENTE.py
[2026-05-30 17:05:33] HASH DUPLICADO: IOTEC_MAIL_CORE_INTELIGENTE.py
[2026-05-30 17:05:33] DUPLICADO: IOTEC_MAIL_FILTER.py
[2026-05-30 17:05:33] HASH DUPLICADO: IOTEC_MAIL_FILTER.py
[2026-05-30 17:05:33] DUPLICADO: IOTEC_MAIL_HUB.py
[2026-05-30 17:05:33] HASH DUPLICADO: IOTEC_MAIL_HUB.py
[2026-05-30 17:05:33] DUPLICADO: IOTEC_MAIL_MANAGER.py
[2026-05-30 17:05:33] HASH DUPLICADO: IOTEC_MAIL_MANAGER.py
[2026-05-30 17:05:33] DUPLICADO: IOTEC_MAIL_TO_CORE.py
[2026-05-30 17:05:33] HASH DUPLICADO: IOTEC_MAIL_TO_CORE.py
[2026-05-30 17:05:33] INTERFACE SUSPEITA: IOTEC_MASTER.py.html
[2026-05-30 17:05:33] INTERFACE SUSPEITA: IOTEC_MASTER.py.html.html
[2026-05-30 17:05:33] INTERFACE SUSPEITA: IOTEC_MASTER_20260325_071212.bak.py.html
[2026-05-30 17:05:33] INTERFACE SUSPEITA: IOTEC_MASTER_20260325_071212.bak.py.html.html
[2026-05-30 17:05:33] INTERFACE SUSPEITA: IOTEC_MASTER_NUCLEO_CENTRAL_PRO.py.html
[2026-05-30 17:05:33] INTERFACE SUSPEITA: IOTEC_MASTER_NUCLEO_CENTRAL_PRO.py.html.html
[2026-05-30 17:05:33] INTERFACE SUSPEITA: IOTEC_MASTER_NUCLEO_CENTRAL_PRO_20260324_223608.bak.py.html
[2026-05-30 17:05:33] INTERFACE SUSPEITA: IOTEC_MASTER_NUCLEO_CENTRAL_PRO_20260324_223608.bak.py.html.html
[2026-05-30 17:05:33] INTERFACE SUSPEITA: IOTEC_MASTER_NUCLEO_CENTRAL_PRO_20260325_070602.bak.py.html
[2026-05-30 17:05:33] INTERFACE SUSPEITA: IOTEC_MASTER_NUCLEO_CENTRAL_PRO_20260325_070602.bak.py.html.html
[2026-05-30 17:05:33] DUPLICADO: IOTEC_MEDIA.py
[2026-05-30 17:05:33] HASH DUPLICADO: IOTEC_MEDIA.py
[2026-05-30 17:05:33] DUPLICADO: IOTEC_MEDIA_ORCHESTRATION_CORE.py
[2026-05-30 17:05:33] HASH DUPLICADO: IOTEC_MEDIA_ORCHESTRATION_CORE.py
[2026-05-30 17:05:33] DUPLICADO: IOTEC_MEMORY_ENGINE.py
[2026-05-30 17:05:33] HASH DUPLICADO: IOTEC_MEMORY_ENGINE.py
[2026-05-30 17:05:33] INTERFACE SUSPEITA: IOTEC_META_CONSOLE.py.html
[2026-05-30 17:05:33] INTERFACE SUSPEITA: IOTEC_META_CONSOLE.py.html.html
[2026-05-30 17:05:33] DUPLICADO: IOTEC_MINIMAL_REAL_CORE.py
[2026-05-30 17:05:33] HASH DUPLICADO: IOTEC_MINIMAL_REAL_CORE.py
[2026-05-30 17:05:33] WATCHDOG DETECTADO: IOTEC_MINIMAL_REAL_CORE.py
[2026-05-30 17:05:33] INTERFACE SUSPEITA: IOTEC_MOTOR_G_ESPECIALISTAS_FULLSCREEN_V1.py.html
[2026-05-30 17:05:33] INTERFACE SUSPEITA: IOTEC_MOTOR_G_ESPECIALISTAS_FULLSCREEN_V1.py.html.html
[2026-05-30 17:05:33] DUPLICADO: IOTEC_MULTI_MAIL_CORE.py
[2026-05-30 17:05:33] HASH DUPLICADO: IOTEC_MULTI_MAIL_CORE.py
[2026-05-30 17:05:33] DUPLICADO: IOTEC_MULTI_SECTOR_RADAR.py
[2026-05-30 17:05:33] HASH DUPLICADO: IOTEC_MULTI_SECTOR_RADAR.py
[2026-05-30 17:05:33] DUPLICADO: IOTEC_NEURAL_ECOSYSTEM_CORE_FINAL.py
[2026-05-30 17:05:33] HASH DUPLICADO: IOTEC_NEURAL_ECOSYSTEM_CORE_FINAL.py
[2026-05-30 17:05:33] INTERFACE SUSPEITA: IOTEC_NUCLEO_MASTER.py.html
[2026-05-30 17:05:33] INTERFACE SUSPEITA: IOTEC_NUCLEO_MASTER.py.html.html
[2026-05-30 17:05:33] DUPLICADO: iotec_nucleus.py
[2026-05-30 17:05:33] HASH DUPLICADO: iotec_nucleus.py
[2026-05-30 17:05:33] DUPLICADO: IOTEC_OPERATIONAL_WORKFLOW_ARCHITECTURE.py
[2026-05-30 17:05:33] HASH DUPLICADO: IOTEC_OPERATIONAL_WORKFLOW_ARCHITECTURE.py
[2026-05-30 17:05:33] DUPLICADO: IOTEC_PANEL_24H.py
[2026-05-30 17:05:33] HASH DUPLICADO: IOTEC_PANEL_24H.py
[2026-05-30 17:05:33] INTERFACE SUSPEITA: IOTEC_PATCH_AUTONOMO.py.html
[2026-05-30 17:05:33] INTERFACE SUSPEITA: IOTEC_PATCH_AUTONOMO.py.html.html
[2026-05-30 17:05:33] DUPLICADO: IOTEC_PAYPAL_MONITOR.py
[2026-05-30 17:05:33] HASH DUPLICADO: IOTEC_PAYPAL_MONITOR.py
[2026-05-30 17:05:33] DUPLICADO: IOTEC_PERSISTENT_OPERATIONAL_CORE.py
[2026-05-30 17:05:33] HASH DUPLICADO: IOTEC_PERSISTENT_OPERATIONAL_CORE.py
[2026-05-30 17:05:33] INTERFACE SUSPEITA: IoTec_Plataforma.html
[2026-05-30 17:05:33] INTERFACE SUSPEITA: IOTEC_PLATFORM_APP.py.html
[2026-05-30 17:05:33] INTERFACE SUSPEITA: IOTEC_PLATFORM_APP.py.html.html
[2026-05-30 17:05:33] INTERFACE SUSPEITA: IOTEC_PLATFORM_IA_MASTER_CLOSEOUT.py.html
[2026-05-30 17:05:33] INTERFACE SUSPEITA: IOTEC_PLATFORM_IA_MASTER_CLOSEOUT.py.html.html
[2026-05-30 17:05:33] INTERFACE SUSPEITA: IOTEC_PORTAL_BASE.html
[2026-05-30 17:05:33] INTERFACE SUSPEITA: IOTEC_PORTAL_BASE.html.html
[2026-05-30 17:05:33] INTERFACE SUSPEITA: IOTEC_PORTAL_WEBFLASK_V1.py.html
[2026-05-30 17:05:33] INTERFACE SUSPEITA: IOTEC_PORTAL_WEBFLASK_V1.py.html.html
[2026-05-30 17:05:33] DUPLICADO: IOTEC_PROGRAMMING_GRID_ENGINE.py
[2026-05-30 17:05:33] HASH DUPLICADO: IOTEC_PROGRAMMING_GRID_ENGINE.py
[2026-05-30 17:05:33] INTERFACE SUSPEITA: IOTEC_PUBLICO_RENDER.py.html
[2026-05-30 17:05:33] INTERFACE SUSPEITA: IOTEC_PUBLICO_RENDER.py.html.html
[2026-05-30 17:05:33] INTERFACE SUSPEITA: IOTEC_REGISTRADOR_NUCLEO.py.html
[2026-05-30 17:05:33] INTERFACE SUSPEITA: IOTEC_REGISTRADOR_NUCLEO.py.html.html
[2026-05-30 17:05:33] DUPLICADO: IOTEC_Revenue_Strategy_Engine.py
[2026-05-30 17:05:33] HASH DUPLICADO: IOTEC_Revenue_Strategy_Engine.py
[2026-05-30 17:05:33] INTERFACE SUSPEITA: IOTEC_SCANNER_GLOBAL_PRO.py.html
[2026-05-30 17:05:33] INTERFACE SUSPEITA: IOTEC_SCANNER_GLOBAL_PRO.py.html.html
[2026-05-30 17:05:33] INTERFACE SUSPEITA: IOTEC_SHOWROOM_COMERCIAL_AUTOMATICO_FULLSCREEN_V1.py.html
[2026-05-30 17:05:33] INTERFACE SUSPEITA: IOTEC_SHOWROOM_COMERCIAL_AUTOMATICO_FULLSCREEN_V1.py.html.html
[2026-05-30 17:05:33] INTERFACE SUSPEITA: iotec_site_oficial.py.html
[2026-05-30 17:05:33] DUPLICADO: Iotec_Spine.py
[2026-05-30 17:05:33] HASH DUPLICADO: Iotec_Spine.py
[2026-05-30 17:05:33] DUPLICADO: Iotec_Spine_Core.py
[2026-05-30 17:05:33] HASH DUPLICADO: Iotec_Spine_Core.py
[2026-05-30 17:05:34] DUPLICADO: Iotec_Spine_Core_Architecture.py
[2026-05-30 17:05:34] HASH DUPLICADO: Iotec_Spine_Core_Architecture.py
[2026-05-30 17:05:34] DUPLICADO: IOTEC_STARTUP_CHECKLIST_ENGINE.py
[2026-05-30 17:05:34] HASH DUPLICADO: IOTEC_STARTUP_CHECKLIST_ENGINE.py
[2026-05-30 17:05:34] INTERFACE SUSPEITA: iotec_strategic_core.py.html
[2026-05-30 17:05:34] DUPLICADO: IOTEC_SYSTEM_FLOW_PANEL.py
[2026-05-30 17:05:34] HASH DUPLICADO: IOTEC_SYSTEM_FLOW_PANEL.py
[2026-05-30 17:05:34] DUPLICADO: IOTEC_TEMPLATE.py
[2026-05-30 17:05:34] HASH DUPLICADO: IOTEC_TEMPLATE.py
[2026-05-30 17:05:34] INTERFACE SUSPEITA: IOTEC_TESTE_REAL.html
[2026-05-30 17:05:34] INTERFACE SUSPEITA: IOTEC_TESTE_REAL.html.html
[2026-05-30 17:05:34] INTERFACE SUSPEITA: IOTEC_TOWER.html
[2026-05-30 17:05:34] INTERFACE SUSPEITA: IOTEC_TOWER.html.html
[2026-05-30 17:05:34] INTERFACE SUSPEITA: IOTEC_TOWER_10_ANDARES.html.html
[2026-05-30 17:05:34] INTERFACE SUSPEITA: IOTEC_TOWER_COMMAND_CENTER.html.html
[2026-05-30 17:05:34] INTERFACE SUSPEITA: IOTEC_TOWER__dup1.html.html
[2026-05-30 17:05:34] DUPLICADO: IOTEC_TRAFFIC_CONTROLLER.py
[2026-05-30 17:05:34] HASH DUPLICADO: IOTEC_TRAFFIC_CONTROLLER.py
[2026-05-30 17:05:34] DUPLICADO: IOTEC_TTS.py
[2026-05-30 17:05:34] HASH DUPLICADO: IOTEC_TTS.py
[2026-05-30 17:05:34] DUPLICADO: IOTEC_ULTRACORE_ARCHITECTURE.py
[2026-05-30 17:05:34] HASH DUPLICADO: IOTEC_ULTRACORE_ARCHITECTURE.py
[2026-05-30 17:05:34] INTERFACE SUSPEITA: IOTEC_VITRINE_INTELIGENTE.py.html
[2026-05-30 17:05:34] INTERFACE SUSPEITA: IOTEC_VITRINE_INTELIGENTE.py.html.html
[2026-05-30 17:05:34] INTERFACE SUSPEITA: IOTEC_WAR_ROOM_CONCIERGE_GOV_V3.py.html
[2026-05-30 17:05:34] INTERFACE SUSPEITA: IOTEC_WAR_ROOM_CONCIERGE_GOV_V3.py.html.html
[2026-05-30 17:05:34] INTERFACE SUSPEITA: IOTEC_WAR_ROOM_CONCIERGE_GOV_V4.py.html
[2026-05-30 17:05:34] INTERFACE SUSPEITA: IOTEC_WAR_ROOM_CONCIERGE_GOV_V4.py.html.html
[2026-05-30 17:05:34] DUPLICADO: IOTEC_WEB_OBSERVER.py
[2026-05-30 17:05:34] HASH DUPLICADO: IOTEC_WEB_OBSERVER.py
[2026-05-30 17:05:34] DUPLICADO: IOTEC_WHATSAPP_AUTOMATION.py
[2026-05-30 17:05:34] HASH DUPLICADO: IOTEC_WHATSAPP_AUTOMATION.py
[2026-05-30 17:05:34] DUPLICADO: IOTEC_WHATS_LINK.py
[2026-05-30 17:05:34] HASH DUPLICADO: IOTEC_WHATS_LINK.py
[2026-05-30 17:05:34] INTERFACE SUSPEITA: judicial_forecast_engine.py.html
[2026-05-30 17:05:34] INTERFACE SUSPEITA: keep-canonical-history-correct.html.html
[2026-05-30 17:05:34] INTERFACE SUSPEITA: KNOWLEDGE_ENGINE.py.html
[2026-05-30 17:05:34] INTERFACE SUSPEITA: laboratorio.html
[2026-05-30 17:05:34] INTERFACE SUSPEITA: laboratorio.py.html
[2026-05-30 17:05:34] INTERFACE SUSPEITA: laboratorio_projetos_publicos.py.html
[2026-05-30 17:05:34] INTERFACE SUSPEITA: large-object-promisors.html.html
[2026-05-30 17:05:34] INTERFACE SUSPEITA: launcher.py.html
[2026-05-30 17:05:34] DUPLICADO: ler_emails.py
[2026-05-30 17:05:34] HASH DUPLICADO: ler_emails.py
[2026-05-30 17:05:34] DUPLICADO: LIVE_EXECUTIVE_VISUAL.py
[2026-05-30 17:05:34] HASH DUPLICADO: LIVE_EXECUTIVE_VISUAL.py
[2026-05-30 17:05:34] DUPLICADO: LIVE_OPERATIONAL_CORE.py
[2026-05-30 17:05:34] HASH DUPLICADO: LIVE_OPERATIONAL_CORE.py
[2026-05-30 17:05:34] INTERFACE SUSPEITA: loader.html
[2026-05-30 17:05:34] INTERFACE SUSPEITA: loader.py.html
[2026-05-30 17:05:34] INTERFACE SUSPEITA: logger_iotec.py.html
[2026-05-30 17:05:34] DUPLICADO: log_writer.py
[2026-05-30 17:05:34] HASH DUPLICADO: log_writer.py
[2026-05-30 17:05:34] INTERFACE SUSPEITA: long-running-process-protocol.html.html
[2026-05-30 17:05:34] INTERFACE SUSPEITA: lzma12_8h.html.html
[2026-05-30 17:05:34] INTERFACE SUSPEITA: lzma_8h.html.html
[2026-05-30 17:05:34] DUPLICADO: main.py
[2026-05-30 17:05:34] HASH DUPLICADO: main.py
[2026-05-30 17:05:34] INTERFACE SUSPEITA: main.py.html
[2026-05-30 17:05:34] INTERFACE SUSPEITA: maintain-git.html.html
[2026-05-30 17:05:34] INTERFACE SUSPEITA: MANDATO_360_FRANZE_V1.py.html
[2026-05-30 17:05:34] INTERFACE SUSPEITA: MANDATO_360_FRANZE_V2.py.html
[2026-05-30 17:05:34] INTERFACE SUSPEITA: MANDATO_360_V4_DEPUTADO_APRESENTACAO.py.html
[2026-05-30 17:05:34] INTERFACE SUSPEITA: manual.html.html
[2026-05-30 17:05:34] DUPLICADO: MAPA_DO_ECOSSISTEMA.py
[2026-05-30 17:05:34] HASH DUPLICADO: MAPA_DO_ECOSSISTEMA.py
[2026-05-30 17:05:34] DUPLICADO: MASTER_GOVERNANCE.py
[2026-05-30 17:05:34] HASH DUPLICADO: MASTER_GOVERNANCE.py
[2026-05-30 17:05:34] DUPLICADO: memoria_cliente.py
[2026-05-30 17:05:34] HASH DUPLICADO: memoria_cliente.py
[2026-05-30 17:05:34] DUPLICADO: MEMORIA_DE_PERFORMACE.py
[2026-05-30 17:05:34] HASH DUPLICADO: MEMORIA_DE_PERFORMACE.py
[2026-05-30 17:05:34] DUPLICADO: mensagem_automatica.py
[2026-05-30 17:05:34] HASH DUPLICADO: mensagem_automatica.py
[2026-05-30 17:05:34] INTERFACE SUSPEITA: meta_console.py.html
[2026-05-30 17:05:34] DUPLICADO: midas.py
[2026-05-30 17:05:34] HASH DUPLICADO: midas.py
[2026-05-30 17:05:34] DUPLICADO: miner_nucleus.py
[2026-05-30 17:05:34] HASH DUPLICADO: miner_nucleus.py
[2026-05-30 17:05:34] INTERFACE SUSPEITA: modelagem.py.html
[2026-05-30 17:05:34] DUPLICADO: models.py
[2026-05-30 17:05:34] HASH DUPLICADO: models.py
[2026-05-30 17:05:34] DUPLICADO: module.py
[2026-05-30 17:05:34] HASH DUPLICADO: module.py
[2026-05-30 17:05:34] INTERFACE SUSPEITA: modules__.py.html
[2026-05-30 17:05:34] INTERFACE SUSPEITA: modules__ARQUITETURA_CORPORATIVA_DEFINITIVA_IOTEC.py.html
[2026-05-30 17:05:34] INTERFACE SUSPEITA: modules__ARQUITETURA_CORPORATIVA_DEFINITIVA_IOTEC.py.html.html
[2026-05-30 17:05:34] INTERFACE SUSPEITA: modules__auditoria_forense_iotec.py.html
[2026-05-30 17:05:34] INTERFACE SUSPEITA: modules__auditoria_total_iotec.py.html
[2026-05-30 17:05:34] INTERFACE SUSPEITA: modules__bank_meeting_simulator.py.html
[2026-05-30 17:05:34] INTERFACE SUSPEITA: modules__Fluxo_central_nucleo_central.py.html
[2026-05-30 17:05:34] INTERFACE SUSPEITA: modules__full_spectrum.py.html
[2026-05-30 17:05:34] INTERFACE SUSPEITA: modules__module_voice_supervisor.py.html
[2026-05-30 17:05:34] INTERFACE SUSPEITA: modules__module_voice_supervisor_continuo.py.html
[2026-05-30 17:05:34] INTERFACE SUSPEITA: modules__nucleo_auto.py.html
[2026-05-30 17:05:34] INTERFACE SUSPEITA: modules__Plataforma_IO_Booster.py.html
[2026-05-30 17:05:34] INTERFACE SUSPEITA: modules__teste_voz.py.html
[2026-05-30 17:05:34] INTERFACE SUSPEITA: module_voice_supervisor.py.html
[2026-05-30 17:05:34] INTERFACE SUSPEITA: module_voice_supervisor_continuo.py.html
[2026-05-30 17:05:34] DUPLICADO: modulo_exemplo.py
[2026-05-30 17:05:34] HASH DUPLICADO: modulo_exemplo.py
[2026-05-30 17:05:34] DUPLICADO: modulo_interface.py
[2026-05-30 17:05:34] HASH DUPLICADO: modulo_interface.py
[2026-05-30 17:05:34] INTERFACE SUSPEITA: MOD_CATALOGO_QR_NUCLEO.py.html
[2026-05-30 17:05:34] INTERFACE SUSPEITA: MOD_ENCERRAMENTO_ABA_ULTRA.py.html
[2026-05-30 17:05:34] INTERFACE SUSPEITA: MOD_ENCERRAMENTO_SESSAO_PRO.py.html
[2026-05-30 17:05:34] INTERFACE SUSPEITA: MOD_IMPORTADOR_QR_PORTAL.py.html
[2026-05-30 17:05:34] INTERFACE SUSPEITA: MOD_IMPORTADOR_QR_PORTAL_V2.py.html
[2026-05-30 17:05:34] INTERFACE SUSPEITA: MOD_INSTRUCAO_NUCLEO_JUDICIAL_FORECAST.py.html
[2026-05-30 17:05:34] INTERFACE SUSPEITA: MOD_NUCLEO_ENSINO_PRODUTO_JUDICIAL.py.html
[2026-05-30 17:05:34] INTERFACE SUSPEITA: MOD_PRATELEIRA_DIGITAL_SNIA.py.html
[2026-05-30 17:05:34] INTERFACE SUSPEITA: MOD_PRODUTIZACAO_JUDICIAL_NUCLEO.py.html
[2026-05-30 17:05:34] INTERFACE SUSPEITA: MOD_PRODUTO_TRANSICAO_CARREIRA_JUDICIARIO.py.html
[2026-05-30 17:05:34] INTERFACE SUSPEITA: MOD_TCC_ENGINE_PRO.py.html
[2026-05-30 17:05:34] DUPLICADO: monitor_paypal.py
[2026-05-30 17:05:34] HASH DUPLICADO: monitor_paypal.py
[2026-05-30 17:05:34] DUPLICADO: montar_texto.py
[2026-05-30 17:05:34] HASH DUPLICADO: montar_texto.py
[2026-05-30 17:05:34] INTERFACE SUSPEITA: motor_agentes_contratuais.py.html
[2026-05-30 17:05:34] INTERFACE SUSPEITA: MOTOR_COMERCIAL.py.html
[2026-05-30 17:05:34] INTERFACE SUSPEITA: motor_contratos.py.html
[2026-05-30 17:05:34] DUPLICADO: MOTOR_DE_SIMILARIDADE.py
[2026-05-30 17:05:34] HASH DUPLICADO: MOTOR_DE_SIMILARIDADE.py
[2026-05-30 17:05:34] DUPLICADO: MOTOR_DE_SIMILARIDADE_AVANADO.py
[2026-05-30 17:05:34] HASH DUPLICADO: MOTOR_DE_SIMILARIDADE_AVANADO.py
[2026-05-30 17:05:34] INTERFACE SUSPEITA: motor_envio_cobrancas.py.html
[2026-05-30 17:05:34] INTERFACE SUSPEITA: motor_global_caixas.py.html
[2026-05-30 17:05:34] INTERFACE SUSPEITA: motor_g_especialistas.py.html
[2026-05-30 17:05:34] INTERFACE SUSPEITA: motor_intercambio_global.py.html
[2026-05-30 17:05:34] INTERFACE SUSPEITA: motor_mensalidade_automatica.py.html
[2026-05-30 17:05:34] INTERFACE SUSPEITA: motor_precificacao_exata.py.html
[2026-05-30 17:05:34] DUPLICADO: motor_producao.py
[2026-05-30 17:05:34] HASH DUPLICADO: motor_producao.py
[2026-05-30 17:05:34] INTERFACE SUSPEITA: motor_rotacao_inteligente.py.html
[2026-05-30 17:05:34] DUPLICADO: MOTOR_SEMANTICO.py
[2026-05-30 17:05:34] HASH DUPLICADO: MOTOR_SEMANTICO.py
[2026-05-30 17:05:34] DUPLICADO: MOTOR_SEMANTICO_COM_SCORE_DE_RELEVANCIA.py
[2026-05-30 17:05:34] HASH DUPLICADO: MOTOR_SEMANTICO_COM_SCORE_DE_RELEVANCIA.py
[2026-05-30 17:05:34] DUPLICADO: MOTOR_SEMANTICO_EMPRESARIAL_INTELIGENTE.py
[2026-05-30 17:05:34] HASH DUPLICADO: MOTOR_SEMANTICO_EMPRESARIAL_INTELIGENTE.py
[2026-05-30 17:05:34] DUPLICADO: msg_cliente.py
[2026-05-30 17:05:34] HASH DUPLICADO: msg_cliente.py
[2026-05-30 17:05:34] INTERFACE SUSPEITA: multi-pack-index.html.html
[2026-05-30 17:05:34] INTERFACE SUSPEITA: MyFirstContribution.html.html
[2026-05-30 17:05:34] INTERFACE SUSPEITA: MyFirstObjectWalk.html.html
[2026-05-30 17:05:34] DUPLICADO: NAVEGACAO_DE_OPORTUNIDADES.py
[2026-05-30 17:05:34] HASH DUPLICADO: NAVEGACAO_DE_OPORTUNIDADES.py
[2026-05-30 17:05:34] INTERFACE SUSPEITA: navigation.html
[2026-05-30 17:05:35] DUPLICADO: NCLEO_CENTRAL.py
[2026-05-30 17:05:35] HASH DUPLICADO: NCLEO_CENTRAL.py
[2026-05-30 17:05:35] INTERFACE SUSPEITA: new-command.html.html
[2026-05-30 17:05:35] DUPLICADO: NODE_CHECK.py
[2026-05-30 17:05:35] HASH DUPLICADO: NODE_CHECK.py
[2026-05-30 17:05:35] INTERFACE SUSPEITA: nome_do_arquivo.py.html
[2026-05-30 17:05:35] DUPLICADO: notificar_cliente.py
[2026-05-30 17:05:35] HASH DUPLICADO: notificar_cliente.py
[2026-05-30 17:05:35] DUPLICADO: NOVO_PEDIDO_IOTEC.py
[2026-05-30 17:05:35] HASH DUPLICADO: NOVO_PEDIDO_IOTEC.py
[2026-05-30 17:05:35] INTERFACE SUSPEITA: ns.html
[2026-05-30 17:05:35] DUPLICADO: NTERPRETADOR_INTELIGENTE.py
[2026-05-30 17:05:35] HASH DUPLICADO: NTERPRETADOR_INTELIGENTE.py
[2026-05-30 17:05:35] DUPLICADO: nucleo.py
[2026-05-30 17:05:35] HASH DUPLICADO: nucleo.py
[2026-05-30 17:05:35] INTERFACE SUSPEITA: nucleo.py.html
[2026-05-30 17:05:35] INTERFACE SUSPEITA: NUCLEO_3_BRAINS_ENGINE.py.html
[2026-05-30 17:05:35] DUPLICADO: nucleo_api.py
[2026-05-30 17:05:35] HASH DUPLICADO: nucleo_api.py
[2026-05-30 17:05:35] INTERFACE SUSPEITA: nucleo_auto.py.html
[2026-05-30 17:05:35] INTERFACE SUSPEITA: NUCLEO_CORRETOR_SINTAXE_FASE1.py.html
[2026-05-30 17:05:35] DUPLICADO: nucleo_financeiro.py
[2026-05-30 17:05:35] HASH DUPLICADO: nucleo_financeiro.py
[2026-05-30 17:05:35] INTERFACE SUSPEITA: NUCLEO_INSTRUCOES_OPERACIONAIS_V1.py.html
[2026-05-30 17:05:35] DUPLICADO: nucleo_iotec.py
[2026-05-30 17:05:35] HASH DUPLICADO: nucleo_iotec.py
[2026-05-30 17:05:35] DUPLICADO: nucleo_loop.py
[2026-05-30 17:05:35] HASH DUPLICADO: nucleo_loop.py
[2026-05-30 17:05:35] INTERFACE SUSPEITA: NUCLEO_MASTER_CONSOLE.py.html
[2026-05-30 17:05:35] INTERFACE SUSPEITA: NUCLEO_MONETIZACAO_ESTRATEGICA.py.html
[2026-05-30 17:05:35] INTERFACE SUSPEITA: NUCLEO_ORQUESTRADOR_MULTIPORTAIS_V1.py.html
[2026-05-30 17:05:35] INTERFACE SUSPEITA: nucleo_perfis_coringa.py.html
[2026-05-30 17:05:35] INTERFACE SUSPEITA: NUCLEO_PRODUTIZADOR_ESTRATEGICO.py.html
[2026-05-30 17:05:35] DUPLICADO: NUCLEO_REAL.py
[2026-05-30 17:05:35] HASH DUPLICADO: NUCLEO_REAL.py
[2026-05-30 17:05:35] INTERFACE SUSPEITA: NUCLEO_SERVICOS_EDUCACIONAIS_IOTEC.py.html
[2026-05-30 17:05:35] INTERFACE SUSPEITA: NUCLEO_SERVICOS_EDUCACIONAIS_IOTEC.py.html.html
[2026-05-30 17:05:35] INTERFACE SUSPEITA: NUCLEO_TRABALHOS_V1.py.html
[2026-05-30 17:05:35] INTERFACE SUSPEITA: NUCLEO_TRANSFORMADOR_DE_CONTEUDO_EM_PRODUTO.py.html
[2026-05-30 17:05:35] DUPLICADO: nucleus_orchestrator.py
[2026-05-30 17:05:35] HASH DUPLICADO: nucleus_orchestrator.py
[2026-05-30 17:05:35] INTERFACE SUSPEITA: NÚCLEO_DE_AUDITORIA_AVANÇADO_VERSÃO_ULTRA_SUPER.py.html
[2026-05-30 17:05:35] INTERFACE SUSPEITA: NÚCLEO_DE_AUDITORIA__VERSÃO_FINAL_DEFINITIVA.py.html
[2026-05-30 17:05:35] DUPLICADO: OFICINA_DE_INTERFACES.py
[2026-05-30 17:05:35] HASH DUPLICADO: OFICINA_DE_INTERFACES.py
[2026-05-30 17:05:35] HASH DUPLICADO: Omega.py
[2026-05-30 17:05:35] DUPLICADO: orchestrator.py
[2026-05-30 17:05:35] HASH DUPLICADO: orchestrator.py
[2026-05-30 17:05:35] DUPLICADO: ORCHESTRATOR_ENGINE.py
[2026-05-30 17:05:35] HASH DUPLICADO: ORCHESTRATOR_ENGINE.py
[2026-05-30 17:05:35] INTERFACE SUSPEITA: organizador_projac.py.html
[2026-05-30 17:05:35] DUPLICADO: organizar_cliente.py
[2026-05-30 17:05:35] HASH DUPLICADO: organizar_cliente.py
[2026-05-30 17:05:35] DUPLICADO: ORGANIZATIONAL_KERNEL.py
[2026-05-30 17:05:35] HASH DUPLICADO: ORGANIZATIONAL_KERNEL.py
[2026-05-30 17:05:35] DUPLICADO: orquestrador.py
[2026-05-30 17:05:35] HASH DUPLICADO: orquestrador.py
[2026-05-30 17:05:35] DUPLICADO: ORQUESTRADOR_COMPLETO.py
[2026-05-30 17:05:35] HASH DUPLICADO: ORQUESTRADOR_COMPLETO.py
[2026-05-30 17:05:35] DUPLICADO: Orquestrador_Inteligente.py
[2026-05-30 17:05:35] HASH DUPLICADO: Orquestrador_Inteligente.py
[2026-05-30 17:05:35] DUPLICADO: ORQUESTRADOR_OPERACIONA_ EMPRESARIAL.py
[2026-05-30 17:05:35] HASH DUPLICADO: ORQUESTRADOR_OPERACIONA_ EMPRESARIAL.py
[2026-05-30 17:05:35] DUPLICADO: ORQUESTRADOR_OPERACIONA_EMPRESARIAL.py
[2026-05-30 17:05:35] HASH DUPLICADO: ORQUESTRADOR_OPERACIONA_EMPRESARIAL.py
[2026-05-30 17:05:35] INTERFACE SUSPEITA: p11-kit-Deprecated.html.html
[2026-05-30 17:05:35] INTERFACE SUSPEITA: p11-kit-Future.html.html
[2026-05-30 17:05:35] INTERFACE SUSPEITA: p11-kit-Modules.html.html
[2026-05-30 17:05:35] INTERFACE SUSPEITA: p11-kit-PIN-Callbacks.html.html
[2026-05-30 17:05:35] INTERFACE SUSPEITA: p11-kit-URIs.html.html
[2026-05-30 17:05:35] INTERFACE SUSPEITA: p11-kit-Utilities.html.html
[2026-05-30 17:05:35] INTERFACE SUSPEITA: p11-kit.html.html
[2026-05-30 17:05:35] INTERFACE SUSPEITA: pack-heuristics.html.html
[2026-05-30 17:05:35] INTERFACE SUSPEITA: packfile-uri.html.html
[2026-05-30 17:05:35] INTERFACE SUSPEITA: pacote_final.py.html
[2026-05-30 17:05:35] INTERFACE SUSPEITA: pagamento.html
[2026-05-30 17:05:35] INTERFACE SUSPEITA: pagamento.html.html
[2026-05-30 17:05:35] DUPLICADO: pagamentos.py
[2026-05-30 17:05:35] HASH DUPLICADO: pagamentos.py
[2026-05-30 17:05:35] INTERFACE SUSPEITA: pagamento__dup1.html
[2026-05-30 17:05:35] INTERFACE SUSPEITA: pagamento__dup1.html.html
[2026-05-30 17:05:35] INTERFACE SUSPEITA: pagamento__dup2.html
[2026-05-30 17:05:35] INTERFACE SUSPEITA: pagamento__dup2.html.html
[2026-05-30 17:05:35] INTERFACE SUSPEITA: painel.html
[2026-05-30 17:05:35] INTERFACE SUSPEITA: painel.html.html
[2026-05-30 17:05:35] DUPLICADO: PAINEL_BILNGUE.py
[2026-05-30 17:05:35] HASH DUPLICADO: PAINEL_BILNGUE.py
[2026-05-30 17:05:35] INTERFACE SUSPEITA: painel_financeiro.html
[2026-05-30 17:05:35] INTERFACE SUSPEITA: painel_financeiro.html.html
[2026-05-30 17:05:35] INTERFACE SUSPEITA: painel_full.html
[2026-05-30 17:05:35] INTERFACE SUSPEITA: painel_IOTEC.html
[2026-05-30 17:05:35] DUPLICADO: painel_IOTEC.py
[2026-05-30 17:05:35] HASH DUPLICADO: painel_IOTEC.py
[2026-05-30 17:05:35] DUPLICADO: painel_vivo.py
[2026-05-30 17:05:35] HASH DUPLICADO: painel_vivo.py
[2026-05-30 17:05:35] INTERFACE SUSPEITA: painel__dup1.html
[2026-05-30 17:05:35] INTERFACE SUSPEITA: painel__dup1.html.html
[2026-05-30 17:05:35] INTERFACE SUSPEITA: painel__dup2.html.html
[2026-05-30 17:05:35] INTERFACE SUSPEITA: parallel-checkout.html.html
[2026-05-30 17:05:35] DUPLICADO: PARA_A_OFICINA.py
[2026-05-30 17:05:35] HASH DUPLICADO: PARA_A_OFICINA.py
[2026-05-30 17:05:35] INTERFACE SUSPEITA: partial-clone.html.html
[2026-05-30 17:05:35] DUPLICADO: paypal_server.py
[2026-05-30 17:05:35] HASH DUPLICADO: paypal_server.py
[2026-05-30 17:05:35] DUPLICADO: payroll.py
[2026-05-30 17:05:35] HASH DUPLICADO: payroll.py
[2026-05-30 17:05:35] DUPLICADO: perception.py
[2026-05-30 17:05:35] HASH DUPLICADO: perception.py
[2026-05-30 17:05:35] DUPLICADO: persistence.py
[2026-05-30 17:05:35] HASH DUPLICADO: persistence.py
[2026-05-30 17:05:35] DUPLICADO: PERSISTENCE_BACKUP_20260511_193031.py
[2026-05-30 17:05:35] HASH DUPLICADO: PERSISTENCE_BACKUP_20260511_193031.py
[2026-05-30 17:05:35] DUPLICADO: pipeline.py
[2026-05-30 17:05:35] HASH DUPLICADO: pipeline.py
[2026-05-30 17:05:35] INTERFACE SUSPEITA: pkcs11-conf.html.html
[2026-05-30 17:05:35] HASH DUPLICADO: plataformas.py
[2026-05-30 17:05:35] INTERFACE SUSPEITA: Plataforma_IO_Booster.py.html
[2026-05-30 17:05:35] DUPLICADO: Plataforma_Seguranca_Publica.py
[2026-05-30 17:05:35] HASH DUPLICADO: Plataforma_Seguranca_Publica.py
[2026-05-30 17:05:35] INTERFACE SUSPEITA: platform-support.html.html
[2026-05-30 17:05:35] INTERFACE SUSPEITA: platform_command_center_unified.py.html
[2026-05-30 17:05:35] INTERFACE SUSPEITA: platform_command_center_unified_01.py.html
[2026-05-30 17:05:35] DUPLICADO: plotly.graph_objects.py
[2026-05-30 17:05:35] HASH DUPLICADO: plotly.graph_objects.py
[2026-05-30 17:05:35] DUPLICADO: plotly.graph_objects01.py
[2026-05-30 17:05:35] HASH DUPLICADO: plotly.graph_objects01.py
[2026-05-30 17:05:35] DUPLICADO: plotly.graph_objects_01.py
[2026-05-30 17:05:35] HASH DUPLICADO: plotly.graph_objects_01.py
[2026-05-30 17:05:35] DUPLICADO: plotly.graph_objects_02.py
[2026-05-30 17:05:35] HASH DUPLICADO: plotly.graph_objects_02.py
[2026-05-30 17:05:35] INTERFACE SUSPEITA: policies.py.html
[2026-05-30 17:05:35] INTERFACE SUSPEITA: portal_1.html
[2026-05-30 17:05:35] INTERFACE SUSPEITA: portal_1.html.html
[2026-05-30 17:05:35] INTERFACE SUSPEITA: portal_10.html
[2026-05-30 17:05:35] INTERFACE SUSPEITA: portal_10.html.html
[2026-05-30 17:05:35] INTERFACE SUSPEITA: portal_11.html
[2026-05-30 17:05:35] INTERFACE SUSPEITA: portal_11.html.html
[2026-05-30 17:05:35] INTERFACE SUSPEITA: portal_12.html
[2026-05-30 17:05:35] INTERFACE SUSPEITA: portal_12.html.html
[2026-05-30 17:05:35] INTERFACE SUSPEITA: portal_13.html
[2026-05-30 17:05:35] INTERFACE SUSPEITA: portal_13.html.html
[2026-05-30 17:05:35] INTERFACE SUSPEITA: portal_14.html
[2026-05-30 17:05:35] INTERFACE SUSPEITA: portal_14.html.html
[2026-05-30 17:05:35] INTERFACE SUSPEITA: portal_15.html
[2026-05-30 17:05:35] INTERFACE SUSPEITA: portal_15.html.html
[2026-05-30 17:05:35] INTERFACE SUSPEITA: portal_16.html
[2026-05-30 17:05:35] INTERFACE SUSPEITA: portal_16.html.html
[2026-05-30 17:05:35] INTERFACE SUSPEITA: portal_17.html
[2026-05-30 17:05:35] INTERFACE SUSPEITA: portal_17.html.html
[2026-05-30 17:05:35] INTERFACE SUSPEITA: portal_18.html
[2026-05-30 17:05:35] INTERFACE SUSPEITA: portal_18.html.html
[2026-05-30 17:05:35] INTERFACE SUSPEITA: portal_19.html
[2026-05-30 17:05:35] INTERFACE SUSPEITA: portal_19.html.html
[2026-05-30 17:05:35] INTERFACE SUSPEITA: portal_2.html
[2026-05-30 17:05:35] INTERFACE SUSPEITA: portal_2.html.html
[2026-05-30 17:05:35] INTERFACE SUSPEITA: portal_20.html
[2026-05-30 17:05:35] INTERFACE SUSPEITA: portal_20.html.html
[2026-05-30 17:05:35] INTERFACE SUSPEITA: portal_21.html
[2026-05-30 17:05:35] INTERFACE SUSPEITA: portal_21.html.html
[2026-05-30 17:05:35] INTERFACE SUSPEITA: portal_22.html
[2026-05-30 17:05:35] INTERFACE SUSPEITA: portal_22.html.html
[2026-05-30 17:05:35] INTERFACE SUSPEITA: portal_23.html
[2026-05-30 17:05:35] INTERFACE SUSPEITA: portal_23.html.html
[2026-05-30 17:05:35] INTERFACE SUSPEITA: portal_24.html
[2026-05-30 17:05:35] INTERFACE SUSPEITA: portal_24.html.html
[2026-05-30 17:05:35] INTERFACE SUSPEITA: portal_25.html
[2026-05-30 17:05:35] INTERFACE SUSPEITA: portal_25.html.html
[2026-05-30 17:05:35] INTERFACE SUSPEITA: portal_26.html
[2026-05-30 17:05:35] INTERFACE SUSPEITA: portal_26.html.html
[2026-05-30 17:05:35] INTERFACE SUSPEITA: portal_27.html
[2026-05-30 17:05:35] INTERFACE SUSPEITA: portal_27.html.html
[2026-05-30 17:05:35] INTERFACE SUSPEITA: portal_28.html
[2026-05-30 17:05:35] INTERFACE SUSPEITA: portal_28.html.html
[2026-05-30 17:05:35] INTERFACE SUSPEITA: portal_29.html
[2026-05-30 17:05:35] INTERFACE SUSPEITA: portal_29.html.html
[2026-05-30 17:05:35] INTERFACE SUSPEITA: portal_3.html
[2026-05-30 17:05:35] INTERFACE SUSPEITA: portal_3.html.html
[2026-05-30 17:05:35] INTERFACE SUSPEITA: portal_30.html
[2026-05-30 17:05:35] INTERFACE SUSPEITA: portal_30.html.html
[2026-05-30 17:05:35] INTERFACE SUSPEITA: portal_31.html
[2026-05-30 17:05:35] INTERFACE SUSPEITA: portal_31.html.html
[2026-05-30 17:05:35] INTERFACE SUSPEITA: portal_32.html
[2026-05-30 17:05:35] INTERFACE SUSPEITA: portal_32.html.html
[2026-05-30 17:05:35] INTERFACE SUSPEITA: portal_33.html
[2026-05-30 17:05:35] INTERFACE SUSPEITA: portal_33.html.html
[2026-05-30 17:05:35] INTERFACE SUSPEITA: portal_34.html
[2026-05-30 17:05:35] INTERFACE SUSPEITA: portal_34.html.html
[2026-05-30 17:05:35] INTERFACE SUSPEITA: portal_35.html
[2026-05-30 17:05:35] INTERFACE SUSPEITA: portal_35.html.html
[2026-05-30 17:05:35] INTERFACE SUSPEITA: portal_36.html
[2026-05-30 17:05:35] INTERFACE SUSPEITA: portal_36.html.html
[2026-05-30 17:05:35] INTERFACE SUSPEITA: portal_37.html
[2026-05-30 17:05:35] INTERFACE SUSPEITA: portal_37.html.html
[2026-05-30 17:05:35] INTERFACE SUSPEITA: portal_38.html
[2026-05-30 17:05:35] INTERFACE SUSPEITA: portal_38.html.html
[2026-05-30 17:05:35] INTERFACE SUSPEITA: portal_39.html
[2026-05-30 17:05:35] INTERFACE SUSPEITA: portal_39.html.html
[2026-05-30 17:05:35] INTERFACE SUSPEITA: portal_4.html
[2026-05-30 17:05:35] INTERFACE SUSPEITA: portal_4.html.html
[2026-05-30 17:05:35] INTERFACE SUSPEITA: portal_40.html
[2026-05-30 17:05:35] INTERFACE SUSPEITA: portal_40.html.html
[2026-05-30 17:05:35] INTERFACE SUSPEITA: portal_41.html
[2026-05-30 17:05:35] INTERFACE SUSPEITA: portal_41.html.html
[2026-05-30 17:05:35] INTERFACE SUSPEITA: portal_42.html
[2026-05-30 17:05:35] INTERFACE SUSPEITA: portal_42.html.html
[2026-05-30 17:05:35] INTERFACE SUSPEITA: portal_43.html
[2026-05-30 17:05:35] INTERFACE SUSPEITA: portal_43.html.html
[2026-05-30 17:05:35] INTERFACE SUSPEITA: portal_44.html
[2026-05-30 17:05:35] INTERFACE SUSPEITA: portal_44.html.html
[2026-05-30 17:05:35] INTERFACE SUSPEITA: portal_45.html
[2026-05-30 17:05:35] INTERFACE SUSPEITA: portal_45.html.html
[2026-05-30 17:05:35] INTERFACE SUSPEITA: portal_46.html
[2026-05-30 17:05:35] INTERFACE SUSPEITA: portal_46.html.html
[2026-05-30 17:05:35] INTERFACE SUSPEITA: portal_47.html
[2026-05-30 17:05:35] INTERFACE SUSPEITA: portal_47.html.html
[2026-05-30 17:05:35] INTERFACE SUSPEITA: portal_48.html
[2026-05-30 17:05:35] INTERFACE SUSPEITA: portal_48.html.html
[2026-05-30 17:05:35] INTERFACE SUSPEITA: portal_49.html
[2026-05-30 17:05:36] INTERFACE SUSPEITA: portal_49.html.html
[2026-05-30 17:05:36] INTERFACE SUSPEITA: portal_5.html
[2026-05-30 17:05:36] INTERFACE SUSPEITA: portal_5.html.html
[2026-05-30 17:05:36] INTERFACE SUSPEITA: portal_50.html
[2026-05-30 17:05:36] INTERFACE SUSPEITA: portal_50.html.html
[2026-05-30 17:05:36] INTERFACE SUSPEITA: portal_51.html
[2026-05-30 17:05:36] INTERFACE SUSPEITA: portal_51.html.html
[2026-05-30 17:05:36] INTERFACE SUSPEITA: portal_52.html
[2026-05-30 17:05:36] INTERFACE SUSPEITA: portal_52.html.html
[2026-05-30 17:05:36] INTERFACE SUSPEITA: portal_53.html
[2026-05-30 17:05:36] INTERFACE SUSPEITA: portal_53.html.html
[2026-05-30 17:05:36] INTERFACE SUSPEITA: portal_54.html
[2026-05-30 17:05:36] INTERFACE SUSPEITA: portal_54.html.html
[2026-05-30 17:05:36] INTERFACE SUSPEITA: portal_55.html
[2026-05-30 17:05:36] INTERFACE SUSPEITA: portal_55.html.html
[2026-05-30 17:05:36] INTERFACE SUSPEITA: portal_56.html
[2026-05-30 17:05:36] INTERFACE SUSPEITA: portal_56.html.html
[2026-05-30 17:05:36] INTERFACE SUSPEITA: portal_57.html
[2026-05-30 17:05:36] INTERFACE SUSPEITA: portal_57.html.html
[2026-05-30 17:05:36] INTERFACE SUSPEITA: portal_58.html
[2026-05-30 17:05:36] INTERFACE SUSPEITA: portal_58.html.html
[2026-05-30 17:05:36] INTERFACE SUSPEITA: portal_59.html
[2026-05-30 17:05:36] INTERFACE SUSPEITA: portal_59.html.html
[2026-05-30 17:05:36] INTERFACE SUSPEITA: portal_6.html
[2026-05-30 17:05:36] INTERFACE SUSPEITA: portal_6.html.html
[2026-05-30 17:05:36] INTERFACE SUSPEITA: portal_60.html
[2026-05-30 17:05:36] INTERFACE SUSPEITA: portal_60.html.html
[2026-05-30 17:05:36] INTERFACE SUSPEITA: portal_61.html
[2026-05-30 17:05:36] INTERFACE SUSPEITA: portal_61.html.html
[2026-05-30 17:05:36] INTERFACE SUSPEITA: portal_62.html
[2026-05-30 17:05:36] INTERFACE SUSPEITA: portal_62.html.html
[2026-05-30 17:05:36] INTERFACE SUSPEITA: portal_63.html
[2026-05-30 17:05:36] INTERFACE SUSPEITA: portal_63.html.html
[2026-05-30 17:05:36] INTERFACE SUSPEITA: portal_64.html
[2026-05-30 17:05:36] INTERFACE SUSPEITA: portal_64.html.html
[2026-05-30 17:05:36] INTERFACE SUSPEITA: portal_65.html
[2026-05-30 17:05:36] INTERFACE SUSPEITA: portal_65.html.html
[2026-05-30 17:05:36] INTERFACE SUSPEITA: portal_66.html
[2026-05-30 17:05:36] INTERFACE SUSPEITA: portal_66.html.html
[2026-05-30 17:05:36] INTERFACE SUSPEITA: portal_67.html
[2026-05-30 17:05:36] INTERFACE SUSPEITA: portal_67.html.html
[2026-05-30 17:05:36] INTERFACE SUSPEITA: portal_68.html
[2026-05-30 17:05:36] INTERFACE SUSPEITA: portal_68.html.html
[2026-05-30 17:05:36] INTERFACE SUSPEITA: portal_69.html
[2026-05-30 17:05:36] INTERFACE SUSPEITA: portal_69.html.html
[2026-05-30 17:05:36] INTERFACE SUSPEITA: portal_7.html
[2026-05-30 17:05:36] INTERFACE SUSPEITA: portal_7.html.html
[2026-05-30 17:05:36] INTERFACE SUSPEITA: portal_70.html
[2026-05-30 17:05:36] INTERFACE SUSPEITA: portal_70.html.html
[2026-05-30 17:05:36] INTERFACE SUSPEITA: portal_71.html
[2026-05-30 17:05:36] INTERFACE SUSPEITA: portal_71.html.html
[2026-05-30 17:05:36] INTERFACE SUSPEITA: portal_72.html
[2026-05-30 17:05:36] INTERFACE SUSPEITA: portal_72.html.html
[2026-05-30 17:05:36] INTERFACE SUSPEITA: portal_73.html
[2026-05-30 17:05:36] INTERFACE SUSPEITA: portal_73.html.html
[2026-05-30 17:05:36] INTERFACE SUSPEITA: portal_74.html
[2026-05-30 17:05:36] INTERFACE SUSPEITA: portal_74.html.html
[2026-05-30 17:05:36] INTERFACE SUSPEITA: portal_75.html
[2026-05-30 17:05:36] INTERFACE SUSPEITA: portal_75.html.html
[2026-05-30 17:05:36] INTERFACE SUSPEITA: portal_76.html
[2026-05-30 17:05:36] INTERFACE SUSPEITA: portal_76.html.html
[2026-05-30 17:05:36] INTERFACE SUSPEITA: portal_77.html
[2026-05-30 17:05:36] INTERFACE SUSPEITA: portal_77.html.html
[2026-05-30 17:05:36] INTERFACE SUSPEITA: portal_78.html
[2026-05-30 17:05:36] INTERFACE SUSPEITA: portal_78.html.html
[2026-05-30 17:05:36] INTERFACE SUSPEITA: portal_79.html
[2026-05-30 17:05:36] INTERFACE SUSPEITA: portal_79.html.html
[2026-05-30 17:05:36] INTERFACE SUSPEITA: portal_8.html
[2026-05-30 17:05:36] INTERFACE SUSPEITA: portal_8.html.html
[2026-05-30 17:05:36] INTERFACE SUSPEITA: portal_80.html
[2026-05-30 17:05:36] INTERFACE SUSPEITA: portal_80.html.html
[2026-05-30 17:05:36] INTERFACE SUSPEITA: portal_81.html
[2026-05-30 17:05:36] INTERFACE SUSPEITA: portal_81.html.html
[2026-05-30 17:05:36] INTERFACE SUSPEITA: portal_82.html
[2026-05-30 17:05:36] INTERFACE SUSPEITA: portal_82.html.html
[2026-05-30 17:05:36] INTERFACE SUSPEITA: portal_83.html
[2026-05-30 17:05:36] INTERFACE SUSPEITA: portal_83.html.html
[2026-05-30 17:05:36] INTERFACE SUSPEITA: portal_84.html
[2026-05-30 17:05:36] INTERFACE SUSPEITA: portal_84.html.html
[2026-05-30 17:05:36] INTERFACE SUSPEITA: portal_85.html
[2026-05-30 17:05:36] INTERFACE SUSPEITA: portal_85.html.html
[2026-05-30 17:05:36] INTERFACE SUSPEITA: portal_86.html
[2026-05-30 17:05:36] INTERFACE SUSPEITA: portal_86.html.html
[2026-05-30 17:05:36] INTERFACE SUSPEITA: portal_87.html
[2026-05-30 17:05:36] INTERFACE SUSPEITA: portal_87.html.html
[2026-05-30 17:05:36] INTERFACE SUSPEITA: portal_88.html
[2026-05-30 17:05:36] INTERFACE SUSPEITA: portal_88.html.html
[2026-05-30 17:05:36] INTERFACE SUSPEITA: portal_89.html
[2026-05-30 17:05:36] INTERFACE SUSPEITA: portal_89.html.html
[2026-05-30 17:05:36] INTERFACE SUSPEITA: portal_9.html
[2026-05-30 17:05:36] INTERFACE SUSPEITA: portal_9.html.html
[2026-05-30 17:05:36] INTERFACE SUSPEITA: portal_90.html
[2026-05-30 17:05:36] INTERFACE SUSPEITA: portal_90.html.html
[2026-05-30 17:05:36] INTERFACE SUSPEITA: portal_91.html
[2026-05-30 17:05:36] INTERFACE SUSPEITA: portal_91.html.html
[2026-05-30 17:05:36] INTERFACE SUSPEITA: portal_92.html
[2026-05-30 17:05:36] INTERFACE SUSPEITA: portal_92.html.html
[2026-05-30 17:05:36] INTERFACE SUSPEITA: portal_93.html
[2026-05-30 17:05:36] INTERFACE SUSPEITA: portal_93.html.html
[2026-05-30 17:05:36] INTERFACE SUSPEITA: portal_94.html
[2026-05-30 17:05:36] INTERFACE SUSPEITA: portal_94.html.html
[2026-05-30 17:05:36] INTERFACE SUSPEITA: portal_95.html
[2026-05-30 17:05:36] INTERFACE SUSPEITA: portal_95.html.html
[2026-05-30 17:05:36] INTERFACE SUSPEITA: portal_96.html
[2026-05-30 17:05:36] INTERFACE SUSPEITA: portal_96.html.html
[2026-05-30 17:05:36] INTERFACE SUSPEITA: portal_97.html
[2026-05-30 17:05:36] INTERFACE SUSPEITA: portal_97.html.html
[2026-05-30 17:05:36] INTERFACE SUSPEITA: portal_98.html
[2026-05-30 17:05:36] INTERFACE SUSPEITA: portal_98.html.html
[2026-05-30 17:05:36] INTERFACE SUSPEITA: portal_global.html
[2026-05-30 17:05:36] INTERFACE SUSPEITA: PORTAL_IOTEC_SHOPPING_INTERNACIONAL_V1.py.html
[2026-05-30 17:05:36] INTERFACE SUSPEITA: PORTAL_IOTEC_SHOPPING_INTERNACIONAL_V1.py.html.html
[2026-05-30 17:05:36] INTERFACE SUSPEITA: PORTAL_IOTEC_SHOPPING_INTERNACIONAL_V2_PREMIUM.py.html
[2026-05-30 17:05:36] INTERFACE SUSPEITA: PORTAL_IOTEC_SHOPPING_INTERNACIONAL_V2_PREMIUM.py.html.html
[2026-05-30 17:05:36] INTERFACE SUSPEITA: PORTAL_QR_DIRETO_IOTEC_BL.py.html
[2026-05-30 17:05:36] INTERFACE SUSPEITA: PORTAL_QR_DIRETO_IOTEC_BL.py.html.html
[2026-05-30 17:05:36] INTERFACE SUSPEITA: PORTAL_QR_PAGAMENTOS_IOTEC_BL.py.html
[2026-05-30 17:05:36] INTERFACE SUSPEITA: PORTAL_QR_PAGAMENTOS_IOTEC_BL.py.html.html
[2026-05-30 17:05:36] INTERFACE SUSPEITA: PORTAL_RECEBIMENTO_IOTEC_BL.py.html
[2026-05-30 17:05:36] INTERFACE SUSPEITA: PORTAL_RECEBIMENTO_IOTEC_BL.py.html.html
[2026-05-30 17:05:36] INTERFACE SUSPEITA: portal_render_premium.py.html
[2026-05-30 17:05:36] INTERFACE SUSPEITA: PORTAL_SOLUCOES_POPULARES_V1.py.html
[2026-05-30 17:05:36] INTERFACE SUSPEITA: PORTAL_SOLUCOES_POPULARES_V2.py.html
[2026-05-30 17:05:36] INTERFACE SUSPEITA: ports.py.html
[2026-05-30 17:05:36] INTERFACE SUSPEITA: prateleira.html
[2026-05-30 17:05:36] INTERFACE SUSPEITA: prateleira_digital_snia.html.html
[2026-05-30 17:05:36] DUPLICADO: PREPARAR_DEPLOY.py
[2026-05-30 17:05:36] HASH DUPLICADO: PREPARAR_DEPLOY.py
[2026-05-30 17:05:36] INTERFACE SUSPEITA: prevencao_integrada.py.html
[2026-05-30 17:05:36] DUPLICADO: previdencia.py
[2026-05-30 17:05:36] HASH DUPLICADO: previdencia.py
[2026-05-30 17:05:36] INTERFACE SUSPEITA: prev_integrada_avancada.py.html
[2026-05-30 17:05:36] DUPLICADO: processar_interface.py
[2026-05-30 17:05:36] HASH DUPLICADO: processar_interface.py
[2026-05-30 17:05:36] DUPLICADO: processar_modulo.py
[2026-05-30 17:05:36] HASH DUPLICADO: processar_modulo.py
[2026-05-30 17:05:36] DUPLICADO: processar_pagamento.py
[2026-05-30 17:05:36] HASH DUPLICADO: processar_pagamento.py
[2026-05-30 17:05:36] DUPLICADO: Processo.py
[2026-05-30 17:05:36] HASH DUPLICADO: Processo.py
[2026-05-30 17:05:36] INTERFACE SUSPEITA: processor.py.html
[2026-05-30 17:05:36] INTERFACE SUSPEITA: produtos.html
[2026-05-30 17:05:36] INTERFACE SUSPEITA: produtos.html.html
[2026-05-30 17:05:36] INTERFACE SUSPEITA: produto_digital.py.html
[2026-05-30 17:05:36] INTERFACE SUSPEITA: project_lab_engine.py.html
[2026-05-30 17:05:36] DUPLICADO: prospection.py
[2026-05-30 17:05:36] HASH DUPLICADO: prospection.py
[2026-05-30 17:05:36] INTERFACE SUSPEITA: protocolo_portas_ecossistema.py.html
[2026-05-30 17:05:36] INTERFACE SUSPEITA: proxy.html.html
[2026-05-30 17:05:36] INTERFACE SUSPEITA: python START_ECOSSISTEMA.py.html
[2026-05-30 17:05:36] DUPLICADO: QUALITY_GATE.py
[2026-05-30 17:05:36] HASH DUPLICADO: QUALITY_GATE.py
[2026-05-30 17:05:36] INTERFACE SUSPEITA: quarantine.py.html
[2026-05-30 17:05:36] INTERFACE SUSPEITA: raban_engine.py.html
[2026-05-30 17:05:36] INTERFACE SUSPEITA: racy-git.html.html
[2026-05-30 17:05:36] INTERFACE SUSPEITA: raiox_capacidades.py.html
[2026-05-30 17:05:36] INTERFACE SUSPEITA: ranking_apppy_nucleo.py.html
[2026-05-30 17:05:36] INTERFACE SUSPEITA: rebase-from-internal-branch.html.html
[2026-05-30 17:05:36] INTERFACE SUSPEITA: rebuild-from-update-hook.html.html
[2026-05-30 17:05:36] INTERFACE SUSPEITA: recepcao.html
[2026-05-30 17:05:36] INTERFACE SUSPEITA: recepcao.html.html
[2026-05-30 17:05:36] INTERFACE SUSPEITA: recepcao__dup1.html
[2026-05-30 17:05:36] INTERFACE SUSPEITA: recepcao__dup1.html.html
[2026-05-30 17:05:36] INTERFACE SUSPEITA: recepcao__dup2.html.html
[2026-05-30 17:05:36] DUPLICADO: recomendacao_de_plano.py
[2026-05-30 17:05:36] HASH DUPLICADO: recomendacao_de_plano.py
[2026-05-30 17:05:36] DUPLICADO: recomendar_plano.py
[2026-05-30 17:05:36] HASH DUPLICADO: recomendar_plano.py
[2026-05-30 17:05:36] INTERFACE SUSPEITA: recover-corrupted-blob-object.html.html
[2026-05-30 17:05:36] INTERFACE SUSPEITA: recover-corrupted-object-harder.html.html
[2026-05-30 17:05:36] INTERFACE SUSPEITA: reference.html.html
[2026-05-30 17:05:36] INTERFACE SUSPEITA: reftable.html.html
[2026-05-30 17:05:36] DUPLICADO: registry.py
[2026-05-30 17:05:36] HASH DUPLICADO: registry.py
[2026-05-30 17:05:36] INTERFACE SUSPEITA: registry.py.html
[2026-05-30 17:05:36] INTERFACE SUSPEITA: relations.html
[2026-05-30 17:05:36] INTERFACE SUSPEITA: remembering-renames.html.html
[2026-05-30 17:05:36] INTERFACE SUSPEITA: remoting.html.html
[2026-05-30 17:05:36] INTERFACE SUSPEITA: render_template_string.py.html
[2026-05-30 17:05:36] INTERFACE SUSPEITA: reparo_completo_automatico.py.html
[2026-05-30 17:05:36] INTERFACE SUSPEITA: reparo_nucleo.py.html
[2026-05-30 17:05:36] INTERFACE SUSPEITA: report.py.html
[2026-05-30 17:05:36] INTERFACE SUSPEITA: reportagem_auditoria_v3.py.html
[2026-05-30 17:05:36] INTERFACE SUSPEITA: reportagem_integrada_projac.py.html
[2026-05-30 17:05:36] INTERFACE SUSPEITA: reports.py.html
[2026-05-30 17:05:36] INTERFACE SUSPEITA: report_execucao_aurora.py.html
[2026-05-30 17:05:36] INTERFACE SUSPEITA: report_generator.py.html
[2026-05-30 17:05:36] INTERFACE SUSPEITA: repository-version.html.html
[2026-05-30 17:05:36] INTERFACE SUSPEITA: rerere.html.html
[2026-05-30 17:05:36] DUPLICADO: RESPOSTAS_INTELIGENTES.py
[2026-05-30 17:05:36] HASH DUPLICADO: RESPOSTAS_INTELIGENTES.py
[2026-05-30 17:05:36] DUPLICADO: RESPOSTA_AUTOMTICA_BILNGUE.py
[2026-05-30 17:05:36] HASH DUPLICADO: RESPOSTA_AUTOMTICA_BILNGUE.py
[2026-05-30 17:05:36] DUPLICADO: resposta_segura.py
[2026-05-30 17:05:36] HASH DUPLICADO: resposta_segura.py
[2026-05-30 17:05:36] DUPLICADO: revenue.py
[2026-05-30 17:05:36] HASH DUPLICADO: revenue.py
[2026-05-30 17:05:36] INTERFACE SUSPEITA: revert-a-faulty-merge.html.html
[2026-05-30 17:05:36] INTERFACE SUSPEITA: revert-branch-rebase.html.html
[2026-05-30 17:05:36] INTERFACE SUSPEITA: ReviewingGuidelines.html.html
[2026-05-30 17:05:36] INTERFACE SUSPEITA: rfq_generator.py.html
[2026-05-30 17:05:36] DUPLICADO: risco.py
[2026-05-30 17:05:36] HASH DUPLICADO: risco.py
[2026-05-30 17:05:36] INTERFACE SUSPEITA: rum.py.html
[2026-05-30 17:05:36] INTERFACE SUSPEITA: run.py.html
[2026-05-30 17:05:36] DUPLICADO: run_demo_cycle.py
[2026-05-30 17:05:36] HASH DUPLICADO: run_demo_cycle.py
[2026-05-30 17:05:36] INTERFACE SUSPEITA: salary_simulator.py.html
[2026-05-30 17:05:36] INTERFACE SUSPEITA: saude.html
[2026-05-30 17:05:36] INTERFACE SUSPEITA: saved_resource.html
[2026-05-30 17:05:36] INTERFACE SUSPEITA: scalar.html.html
[2026-05-30 17:05:36] INTERFACE SUSPEITA: scalar__dup1.html.html
[2026-05-30 17:05:36] INTERFACE SUSPEITA: scanner_nucleo_iotec.py.html
[2026-05-30 17:05:36] DUPLICADO: seal_guard.py
[2026-05-30 17:05:36] HASH DUPLICADO: seal_guard.py
[2026-05-30 17:05:36] INTERFACE SUSPEITA: SECRETARIA_EDUCACAO_V1.py.html
[2026-05-30 17:05:36] INTERFACE SUSPEITA: SECRETARIA_SAUDE_IBICUITINGA_V1.py.html
[2026-05-30 17:05:36] INTERFACE SUSPEITA: send-pack-pipeline.html.html
[2026-05-30 17:05:36] DUPLICADO: SENTINEL_PRO.py
[2026-05-30 17:05:36] HASH DUPLICADO: SENTINEL_PRO.py
[2026-05-30 17:05:36] INTERFACE SUSPEITA: separating-topic-branches.html.html
[2026-05-30 17:05:36] INTERFACE SUSPEITA: server.py.html
[2026-05-30 17:05:36] INTERFACE SUSPEITA: setup-git-server-over-http.html.html
[2026-05-30 17:05:36] INTERFACE SUSPEITA: seu_arquivo.py.html
[2026-05-30 17:05:36] INTERFACE SUSPEITA: shallow.html.html
[2026-05-30 17:05:36] INTERFACE SUSPEITA: sharing-managed.html.html
[2026-05-30 17:05:37] INTERFACE SUSPEITA: sharing.html.html
[2026-05-30 17:05:37] INTERFACE SUSPEITA: SIGE_EFN_PLATAFORMA.py.html
[2026-05-30 17:05:37] INTERFACE SUSPEITA: SIGE_EFN_PLATAFORMA_V2.py.html
[2026-05-30 17:05:37] DUPLICADO: simulador.py
[2026-05-30 17:05:37] HASH DUPLICADO: simulador.py
[2026-05-30 17:05:37] INTERFACE SUSPEITA: sistema_de_inteligencia_interna.py.html
[2026-05-30 17:05:37] DUPLICADO: SISTEMA_DE_SEGURANCA_PUBLICA.py
[2026-05-30 17:05:37] HASH DUPLICADO: SISTEMA_DE_SEGURANCA_PUBLICA.py
[2026-05-30 17:05:37] DUPLICADO: SISTEMA_ESTRUTURADO_COM_VOZ.py
[2026-05-30 17:05:37] HASH DUPLICADO: SISTEMA_ESTRUTURADO_COM_VOZ.py
[2026-05-30 17:05:37] INTERFACE SUSPEITA: SNIA_PRATELEIRA_FULLSCREEN.py.html
[2026-05-30 17:05:37] INTERFACE SUSPEITA: sparse-checkout.html.html
[2026-05-30 17:05:37] INTERFACE SUSPEITA: sparse-index.html.html
[2026-05-30 17:05:37] INTERFACE SUSPEITA: START_ECOSSISTEMA.py.html
[2026-05-30 17:05:37] INTERFACE SUSPEITA: state.py.html
[2026-05-30 17:05:37] INTERFACE SUSPEITA: StrategicCore.py.html
[2026-05-30 17:05:37] INTERFACE SUSPEITA: stream__flags_8h.html.html
[2026-05-30 17:05:37] INTERFACE SUSPEITA: structlzma__allocator.html.html
[2026-05-30 17:05:37] INTERFACE SUSPEITA: structlzma__block.html.html
[2026-05-30 17:05:37] INTERFACE SUSPEITA: structlzma__filter.html.html
[2026-05-30 17:05:37] INTERFACE SUSPEITA: structlzma__index__iter.html.html
[2026-05-30 17:05:37] INTERFACE SUSPEITA: structlzma__mt.html.html
[2026-05-30 17:05:37] INTERFACE SUSPEITA: structlzma__options__bcj.html.html
[2026-05-30 17:05:37] INTERFACE SUSPEITA: structlzma__options__delta.html.html
[2026-05-30 17:05:37] INTERFACE SUSPEITA: structlzma__options__lzma.html.html
[2026-05-30 17:05:37] INTERFACE SUSPEITA: structlzma__stream.html.html
[2026-05-30 17:05:37] INTERFACE SUSPEITA: structlzma__stream__flags.html.html
[2026-05-30 17:05:37] INTERFACE SUSPEITA: SubmittingPatches.html.html
[2026-05-30 17:05:37] DUPLICADO: SUPERVISOR_DE_INTEGRIDADE.py
[2026-05-30 17:05:37] HASH DUPLICADO: SUPERVISOR_DE_INTEGRIDADE.py
[2026-05-30 17:05:37] INTERFACE SUSPEITA: suporte.html
[2026-05-30 17:05:37] INTERFACE SUSPEITA: suporte.html.html
[2026-05-30 17:05:37] INTERFACE SUSPEITA: SUS_COREM_MODULO_LABORATORIO_FULLSCREEN_V1.py.html
[2026-05-30 17:05:37] INTERFACE SUSPEITA: SUS_COREM_SAUDE_INTEGRAL_FULLSCREEN_V1.py.html
[2026-05-30 17:05:37] INTERFACE SUSPEITA: system.py.html
[2026-05-30 17:05:37] INTERFACE SUSPEITA: tcc_engine.py.html
[2026-05-30 17:05:37] INTERFACE SUSPEITA: Technical_Brain.py.html
[2026-05-30 17:05:37] DUPLICADO: telemetry_nucleus.py
[2026-05-30 17:05:37] HASH DUPLICADO: telemetry_nucleus.py
[2026-05-30 17:05:37] INTERFACE SUSPEITA: telemetry_receiver.py.html
[2026-05-30 17:05:37] INTERFACE SUSPEITA: templates_dashboard.html
[2026-05-30 17:05:37] DUPLICADO: teste_injecao.py
[2026-05-30 17:05:37] HASH DUPLICADO: teste_injecao.py
[2026-05-30 17:05:37] DUPLICADO: TESTE_OPERACIONAL_COMPLETO.py
[2026-05-30 17:05:37] HASH DUPLICADO: TESTE_OPERACIONAL_COMPLETO.py
[2026-05-30 17:05:37] INTERFACE SUSPEITA: teste_voz.py.html
[2026-05-30 17:05:37] INTERFACE SUSPEITA: ThreeBrainsEngine.py.html
[2026-05-30 17:05:37] INTERFACE SUSPEITA: tools.html.html
[2026-05-30 17:05:37] INTERFACE SUSPEITA: ToolsForGit.html.html
[2026-05-30 17:05:37] INTERFACE SUSPEITA: TORII_PORTAL_OFICIAL.py.html
[2026-05-30 17:05:37] INTERFACE SUSPEITA: TRANSFORMATION_CORE_ENGINE.py.html
[2026-05-30 17:05:37] INTERFACE SUSPEITA: trivial-merge.html.html
[2026-05-30 17:05:37] INTERFACE SUSPEITA: trust-disable.html.html
[2026-05-30 17:05:37] INTERFACE SUSPEITA: trust-module.html.html
[2026-05-30 17:05:37] INTERFACE SUSPEITA: trust-nss.html.html
[2026-05-30 17:05:37] INTERFACE SUSPEITA: trust.html.html
[2026-05-30 17:05:37] INTERFACE SUSPEITA: unambiguous-types.html.html
[2026-05-30 17:05:37] INTERFACE SUSPEITA: unit-tests.html.html
[2026-05-30 17:05:37] INTERFACE SUSPEITA: update-hook-example.html.html
[2026-05-30 17:05:37] DUPLICADO: URBANISMO_SISTMICO.py
[2026-05-30 17:05:37] HASH DUPLICADO: URBANISMO_SISTMICO.py
[2026-05-30 17:05:37] INTERFACE SUSPEITA: use-git-daemon.html.html
[2026-05-30 17:05:37] INTERFACE SUSPEITA: user-manual.html.html
[2026-05-30 17:05:37] INTERFACE SUSPEITA: using-merge-subtree.html.html
[2026-05-30 17:05:37] INTERFACE SUSPEITA: using-signed-tag-in-pull-request.html.html
[2026-05-30 17:05:37] INTERFACE SUSPEITA: utf8.html
[2026-05-30 17:05:37] INTERFACE SUSPEITA: validar_ciberjustica.py.html
[2026-05-30 17:05:37] DUPLICADO: validar_dossie.py
[2026-05-30 17:05:37] HASH DUPLICADO: validar_dossie.py
[2026-05-30 17:05:37] DUPLICADO: validar_servico.py
[2026-05-30 17:05:37] HASH DUPLICADO: validar_servico.py
[2026-05-30 17:05:37] DUPLICADO: validation_nucleus.py
[2026-05-30 17:05:37] HASH DUPLICADO: validation_nucleus.py
[2026-05-30 17:05:37] INTERFACE SUSPEITA: validator.py.html
[2026-05-30 17:05:37] DUPLICADO: ValuationEngine.py
[2026-05-30 17:05:37] HASH DUPLICADO: ValuationEngine.py
[2026-05-30 17:05:37] DUPLICADO: VERIFICADOR_AUTOMATICO_DE_PORTAS.py
[2026-05-30 17:05:37] HASH DUPLICADO: VERIFICADOR_AUTOMATICO_DE_PORTAS.py
[2026-05-30 17:05:37] DUPLICADO: verificar_produto.py
[2026-05-30 17:05:37] HASH DUPLICADO: verificar_produto.py
[2026-05-30 17:05:37] INTERFACE SUSPEITA: version_8h.html.html
[2026-05-30 17:05:37] DUPLICADO: visible_core_api.py
[2026-05-30 17:05:37] HASH DUPLICADO: visible_core_api.py
[2026-05-30 17:05:37] DUPLICADO: visible_core_router.py
[2026-05-30 17:05:37] HASH DUPLICADO: visible_core_router.py
[2026-05-30 17:05:37] DUPLICADO: VISUALIZADOR_ESTRATGICO.py
[2026-05-30 17:05:37] HASH DUPLICADO: VISUALIZADOR_ESTRATGICO.py
[2026-05-30 17:05:37] DUPLICADO: visual_nucleus.py
[2026-05-30 17:05:37] HASH DUPLICADO: visual_nucleus.py
[2026-05-30 17:05:37] DUPLICADO: VISUAL_OPERATIONS_CENTER.py
[2026-05-30 17:05:37] HASH DUPLICADO: VISUAL_OPERATIONS_CENTER.py
[2026-05-30 17:05:37] INTERFACE SUSPEITA: vitals_analyzer.py.html
[2026-05-30 17:05:37] HASH DUPLICADO: VK.AX.py
[2026-05-30 17:05:37] HASH DUPLICADO: VK.SEC.001.py
[2026-05-30 17:05:37] INTERFACE SUSPEITA: vli_8h.html.html
[2026-05-30 17:05:38] INTERFACE SUSPEITA: whats_new_empty.html
[2026-05-30 17:05:38] INTERFACE SUSPEITA: _BACKUP_RECONSTRUCAO_TOTAL__IOTEC_MASTER_20260325_071212.bak.py.html
[2026-05-30 17:05:38] INTERFACE SUSPEITA: _BACKUP_RECONSTRUCAO_TOTAL__IOTEC_MASTER_20260325_071212.bak.py.html.html
[2026-05-30 17:05:38] INTERFACE SUSPEITA: __init__.py.html
[2026-05-30 17:05:38] DUPLICADO: eh_pagamento_paypal.py
[2026-05-30 17:05:38] HASH DUPLICADO: eh_pagamento_paypal.py
[2026-05-30 17:05:38] DUPLICADO: IOTEC_PAYPAL_MONITOR.py
[2026-05-30 17:05:38] HASH DUPLICADO: IOTEC_PAYPAL_MONITOR.py
[2026-05-30 17:05:38] DUPLICADO: monitor_paypal.py
[2026-05-30 17:05:38] HASH DUPLICADO: monitor_paypal.py
[2026-05-30 17:05:38] DUPLICADO: nucleo_financeiro.py
[2026-05-30 17:05:38] HASH DUPLICADO: nucleo_financeiro.py
[2026-05-30 17:05:38] DUPLICADO: RESILIENCIA.FINANCEIRA.py
[2026-05-30 17:05:38] HASH DUPLICADO: RESILIENCIA.FINANCEIRA.py
[2026-05-30 17:05:39] INTERFACE SUSPEITA: .py.html
[2026-05-30 17:05:39] INTERFACE SUSPEITA: 01_IOTEC_SENTINEL_GOV_INTEGRADO.py.html
[2026-05-30 17:05:39] INTERFACE SUSPEITA: 01_IOTEC_SENTINEL_GOV_INTEGRADO.py.html.html
[2026-05-30 17:05:39] INTERFACE SUSPEITA: 02_IOTEC_ADAPTIVE_COMMERCIAL_CORE.py.html
[2026-05-30 17:05:39] INTERFACE SUSPEITA: 02_IOTEC_ADAPTIVE_COMMERCIAL_CORE.py.html.html
[2026-05-30 17:05:39] INTERFACE SUSPEITA: 8F6C384492448086DB776D20426E088B_index.html
[2026-05-30 17:05:39] INTERFACE SUSPEITA: AdaptacaoGerente.py.html
[2026-05-30 17:05:39] INTERFACE SUSPEITA: adaptive_gateway.py.html
[2026-05-30 17:05:39] INTERFACE SUSPEITA: adequador.py.html
[2026-05-30 17:05:39] INTERFACE SUSPEITA: ANALISADOR_OPERACIONAL_REGULUS.py.html
[2026-05-30 17:05:39] INTERFACE SUSPEITA: annotated.html.html
[2026-05-30 17:05:39] INTERFACE SUSPEITA: api-error-handling.html.html
[2026-05-30 17:05:39] INTERFACE SUSPEITA: api-index.html.html
[2026-05-30 17:05:39] INTERFACE SUSPEITA: api-merge.html.html
[2026-05-30 17:05:39] INTERFACE SUSPEITA: api-parse-options.html.html
[2026-05-30 17:05:39] INTERFACE SUSPEITA: api-path-walk.html.html
[2026-05-30 17:05:39] INTERFACE SUSPEITA: api-simple-ipc.html.html
[2026-05-30 17:05:39] INTERFACE SUSPEITA: api-trace2.html.html
[2026-05-30 17:05:39] INTERFACE SUSPEITA: api_bridge.py.html
[2026-05-30 17:05:39] INTERFACE SUSPEITA: app.py.html
[2026-05-30 17:05:39] INTERFACE SUSPEITA: APP_PRINCIPAL.py.html
[2026-05-30 17:05:39] INTERFACE SUSPEITA: APP_REGULUS.py.html
[2026-05-30 17:05:39] INTERFACE SUSPEITA: ARQUITETURA_CORPORATIVA_DEFINITIVA_IOTEC.py.html
[2026-05-30 17:05:39] INTERFACE SUSPEITA: ARQUITETURA_CORPORATIVA_DEFINITIVA_IOTEC.py.html.html
[2026-05-30 17:05:39] INTERFACE SUSPEITA: AUDITORIA_ACOPLAMENTO_NUCLEO.py.html
[2026-05-30 17:05:39] INTERFACE SUSPEITA: Auditoria_e_Sabatina_Inteligente.py.html
[2026-05-30 17:05:39] INTERFACE SUSPEITA: auditoria_forense_iotec.py.html
[2026-05-30 17:05:39] INTERFACE SUSPEITA: AUDITORIA_NUCLEO_PRO.py.html
[2026-05-30 17:05:39] INTERFACE SUSPEITA: auditoria_total_iotec.py.html
[2026-05-30 17:05:39] INTERFACE SUSPEITA: auditor_controladoria.py.html
[2026-05-30 17:05:39] INTERFACE SUSPEITA: auditor_projac.py.html
[2026-05-30 17:05:39] INTERFACE SUSPEITA: auditor_projac_v2.py.html
[2026-05-30 17:05:39] INTERFACE SUSPEITA: audit_logger.py.html
[2026-05-30 17:05:39] INTERFACE SUSPEITA: audit_report.html
[2026-05-30 17:05:39] INTERFACE SUSPEITA: automacao.html
[2026-05-30 17:05:39] INTERFACE SUSPEITA: autopsia_profunda_iotec.py.html
[2026-05-30 17:05:39] INTERFACE SUSPEITA: autopsia_profunda_nucleo.py.html
[2026-05-30 17:05:39] INTERFACE SUSPEITA: banco_referencias.py.html
[2026-05-30 17:05:39] INTERFACE SUSPEITA: bank_meeting_simulator.py.html
[2026-05-30 17:05:39] INTERFACE SUSPEITA: base_8h.html.html
[2026-05-30 17:05:39] INTERFACE SUSPEITA: bcj_8h.html.html
[2026-05-30 17:05:39] INTERFACE SUSPEITA: bitmap-format.html.html
[2026-05-30 17:05:39] INTERFACE SUSPEITA: block_8h.html.html
[2026-05-30 17:05:39] INTERFACE SUSPEITA: bolt_balanco_comercial.py.html
[2026-05-30 17:05:39] INTERFACE SUSPEITA: bolt_painel_financeiro.py.html
[2026-05-30 17:05:39] INTERFACE SUSPEITA: bom_generator.py.html
[2026-05-30 17:05:39] INTERFACE SUSPEITA: BOOTSTRAP_PROFISSIONAL.py.html
[2026-05-30 17:05:39] INTERFACE SUSPEITA: BreakingChanges.html.html
[2026-05-30 17:05:39] INTERFACE SUSPEITA: build-systems.html.html
[2026-05-30 17:05:39] INTERFACE SUSPEITA: build_ciberjustica_produto.py.html
[2026-05-30 17:05:39] INTERFACE SUSPEITA: bundle-uri.html.html
[2026-05-30 17:05:39] INTERFACE SUSPEITA: bundle_019.html
[2026-05-30 17:05:39] INTERFACE SUSPEITA: bundle_020.html
[2026-05-30 17:05:39] INTERFACE SUSPEITA: bundle_021.html
[2026-05-30 17:05:40] INTERFACE SUSPEITA: bundle_2214.html
[2026-05-30 17:05:40] INTERFACE SUSPEITA: bundle_2215.html
[2026-05-30 17:05:40] INTERFACE SUSPEITA: bundle_2216.html
[2026-05-30 17:05:40] INTERFACE SUSPEITA: bundle_2609.html
[2026-05-30 17:05:41] INTERFACE SUSPEITA: bundle_2610.html
[2026-05-30 17:05:41] INTERFACE SUSPEITA: bundle_2611.html
[2026-05-30 17:05:41] INTERFACE SUSPEITA: bundle_2612.html
[2026-05-30 17:05:41] INTERFACE SUSPEITA: bundle_2613.html
[2026-05-30 17:05:41] INTERFACE SUSPEITA: bundle_2614.html
[2026-05-30 17:05:41] INTERFACE SUSPEITA: bundle_2615.html
[2026-05-30 17:05:41] INTERFACE SUSPEITA: bundle_2616.html
[2026-05-30 17:05:41] INTERFACE SUSPEITA: bundle_2617.html
[2026-05-30 17:05:41] INTERFACE SUSPEITA: bundle_2618.html
[2026-05-30 17:05:41] INTERFACE SUSPEITA: bundle_2619.html
[2026-05-30 17:05:41] INTERFACE SUSPEITA: bundle_2620.html
[2026-05-30 17:05:41] INTERFACE SUSPEITA: bundle_2621.html
[2026-05-30 17:05:41] INTERFACE SUSPEITA: bundle_2622.html
[2026-05-30 17:05:41] INTERFACE SUSPEITA: bundle_2623.html
[2026-05-30 17:05:41] INTERFACE SUSPEITA: bundle_2624.html
[2026-05-30 17:05:41] INTERFACE SUSPEITA: bundle_2625.html
[2026-05-30 17:05:41] INTERFACE SUSPEITA: bundle_2626.html
[2026-05-30 17:05:41] INTERFACE SUSPEITA: bundle_2627.html
[2026-05-30 17:05:41] INTERFACE SUSPEITA: bundle_2628.html
[2026-05-30 17:05:41] INTERFACE SUSPEITA: bundle_2629.html
[2026-05-30 17:05:41] INTERFACE SUSPEITA: bundle_2630.html
[2026-05-30 17:05:43] INTERFACE SUSPEITA: CABO_UNIVERSAL.html
[2026-05-30 17:05:43] INTERFACE SUSPEITA: cadastro_comercial.py.html
[2026-05-30 17:05:43] INTERFACE SUSPEITA: career_engine.py.html
[2026-05-30 17:05:43] INTERFACE SUSPEITA: central_vendas.py.html
[2026-05-30 17:05:43] INTERFACE SUSPEITA: check_8h.html.html
[2026-05-30 17:05:43] INTERFACE SUSPEITA: CiberJustica_Kit_Digital.01.py.html
[2026-05-30 17:05:43] INTERFACE SUSPEITA: CiberJustica_Kit_Digital.py.html
[2026-05-30 17:05:43] INTERFACE SUSPEITA: ciberjustica_produto_digital.py.html
[2026-05-30 17:05:43] INTERFACE SUSPEITA: CiberJustiça.py.html
[2026-05-30 17:05:43] INTERFACE SUSPEITA: CIGM_IBICUITINGA_V1.py.html
[2026-05-30 17:05:43] INTERFACE SUSPEITA: CIGM_V4_PREFEITO_APRESENTACAO.py.html
[2026-05-30 17:05:43] INTERFACE SUSPEITA: classes.html.html
[2026-05-30 17:05:43] INTERFACE SUSPEITA: classifier.py.html
[2026-05-30 17:05:43] INTERFACE SUSPEITA: cliente.html.html
[2026-05-30 17:05:43] INTERFACE SUSPEITA: client_manager.py.html
[2026-05-30 17:05:43] INTERFACE SUSPEITA: cobranca.html.html
[2026-05-30 17:05:43] INTERFACE SUSPEITA: cockpit_nucleo.html.html
[2026-05-30 17:05:43] INTERFACE SUSPEITA: coletor_de_eventos.html
[2026-05-30 17:05:43] INTERFACE SUSPEITA: colocar_na_pagina_principal.html
[2026-05-30 17:05:43] INTERFACE SUSPEITA: comercial.html
[2026-05-30 17:05:43] INTERFACE SUSPEITA: command_center.py.html
[2026-05-30 17:05:43] INTERFACE SUSPEITA: Commercial_Brain.py.html
[2026-05-30 17:05:43] INTERFACE SUSPEITA: commit-graph.html.html
[2026-05-30 17:05:43] INTERFACE SUSPEITA: common.py.html
[2026-05-30 17:05:43] INTERFACE SUSPEITA: config-example.html.html
[2026-05-30 17:05:43] INTERFACE SUSPEITA: config-files.html.html
[2026-05-30 17:05:43] INTERFACE SUSPEITA: config.html.html
[2026-05-30 17:05:43] INTERFACE SUSPEITA: config.py.html
[2026-05-30 17:05:43] INTERFACE SUSPEITA: constituinte_espinha_dorsal.py.html
[2026-05-30 17:05:43] INTERFACE SUSPEITA: container_8h.html.html
[2026-05-30 17:05:43] INTERFACE SUSPEITA: coordinate-embargoed-releases.html.html
[2026-05-30 17:05:43] INTERFACE SUSPEITA: core.py.html
[2026-05-30 17:05:43] INTERFACE SUSPEITA: core_daemon.py.html
[2026-05-30 17:05:43] INTERFACE SUSPEITA: CORRETOR_FLUXO_REGULUS.py.html
[2026-05-30 17:05:43] INTERFACE SUSPEITA: curador_comercial.py.html
[2026-05-30 17:05:43] INTERFACE SUSPEITA: curador_projac.py.html
[2026-05-30 17:05:43] INTERFACE SUSPEITA: dashboard_stub.py.html
[2026-05-30 17:05:43] INTERFACE SUSPEITA: dashboard_templates.py.html
[2026-05-30 17:05:43] INTERFACE SUSPEITA: database.py.html
[2026-05-30 17:05:43] INTERFACE SUSPEITA: data_collector_cnj_stub.py.html
[2026-05-30 17:05:43] INTERFACE SUSPEITA: DecisionMaking.html.html
[2026-05-30 17:05:43] INTERFACE SUSPEITA: delta_8h.html.html
[2026-05-30 17:05:43] INTERFACE SUSPEITA: demoserver.py.html
[2026-05-30 17:05:43] INTERFACE SUSPEITA: devel-building-style.html.html
[2026-05-30 17:05:43] INTERFACE SUSPEITA: devel-building.html.html
[2026-05-30 17:05:43] INTERFACE SUSPEITA: devel-commands.html.html
[2026-05-30 17:05:43] INTERFACE SUSPEITA: devel-debugging.html.html
[2026-05-30 17:05:43] INTERFACE SUSPEITA: devel-paths.html.html
[2026-05-30 17:05:43] INTERFACE SUSPEITA: devel-testing.html.html
[2026-05-30 17:05:43] INTERFACE SUSPEITA: devel.html.html
[2026-05-30 17:05:43] INTERFACE SUSPEITA: diagnostico_empresa.py.html
[2026-05-30 17:05:43] INTERFACE SUSPEITA: directory-rename-detection.html.html
[2026-05-30 17:05:43] INTERFACE SUSPEITA: dir_b17a1d403082bd69a703ed987cf158fb.html.html
[2026-05-30 17:05:43] INTERFACE SUSPEITA: docinfo.html
[2026-05-30 17:05:43] INTERFACE SUSPEITA: docinfo.html.html
[2026-05-30 17:05:43] INTERFACE SUSPEITA: document.querySelectorAll.01.html
[2026-05-30 17:05:43] INTERFACE SUSPEITA: document.querySelectorAll.html
[2026-05-30 17:05:43] INTERFACE SUSPEITA: document.query_Selecto_rAll.html
[2026-05-30 17:05:43] INTERFACE SUSPEITA: domus_core.py.html
[2026-05-30 17:05:43] INTERFACE SUSPEITA: donate.html
[2026-05-30 17:05:43] INTERFACE SUSPEITA: doxygen_crawl.html.html
[2026-05-30 17:05:43] INTERFACE SUSPEITA: educacao.html
[2026-05-30 17:05:43] INTERFACE SUSPEITA: emergency_trigger.py.html
[2026-05-30 17:05:43] INTERFACE SUSPEITA: empacotar_ciberjustica.py.html
[2026-05-30 17:05:43] INTERFACE SUSPEITA: engine.py.html
[2026-05-30 17:05:43] INTERFACE SUSPEITA: ESQUELETO_PYTHON_DO_NÚCLEO_main.py.html
[2026-05-30 17:05:43] INTERFACE SUSPEITA: estrutura_projeto.py.html
[2026-05-30 17:05:43] INTERFACE SUSPEITA: event_bus.py.html
[2026-05-30 17:05:43] INTERFACE SUSPEITA: everyday.html.html
[2026-05-30 17:05:43] INTERFACE SUSPEITA: EvolutionBrain.py.html
[2026-05-30 17:05:43] INTERFACE SUSPEITA: executar_torre_global.py.html
[2026-05-30 17:05:43] INTERFACE SUSPEITA: executor.py.html
[2026-05-30 17:05:43] INTERFACE SUSPEITA: external.html
[2026-05-30 17:05:43] INTERFACE SUSPEITA: factory.html
[2026-05-30 17:05:43] INTERFACE SUSPEITA: ficha.html.html
[2026-05-30 17:05:43] INTERFACE SUSPEITA: ficha__dup1.html.html
[2026-05-30 17:05:43] INTERFACE SUSPEITA: ficha__dup2.html.html
[2026-05-30 17:05:43] INTERFACE SUSPEITA: files.html.html
[2026-05-30 17:05:43] INTERFACE SUSPEITA: filter_8h.html.html
[2026-05-30 17:05:43] INTERFACE SUSPEITA: financeiro.html
[2026-05-30 17:05:43] INTERFACE SUSPEITA: financeiro.html.html
[2026-05-30 17:05:43] INTERFACE SUSPEITA: financeiro_empresa.py.html
[2026-05-30 17:05:43] INTERFACE SUSPEITA: Fluxo_central_nucleo_central.py.html
[2026-05-30 17:05:43] INTERFACE SUSPEITA: FORMULÁRIO_UNIVERSAL.html
[2026-05-30 17:05:43] INTERFACE SUSPEITA: fullscreen_governor.py.html
[2026-05-30 17:05:43] INTERFACE SUSPEITA: full_spectrum.py.html
[2026-05-30 17:05:43] INTERFACE SUSPEITA: functions.html.html
[2026-05-30 17:05:43] INTERFACE SUSPEITA: functions_vars.html.html
[2026-05-30 17:05:43] INTERFACE SUSPEITA: funil_appspy_principais.py.html
[2026-05-30 17:05:43] INTERFACE SUSPEITA: gerador_dossie_aurora.py.html
[2026-05-30 17:05:43] INTERFACE SUSPEITA: gerador_graficos.py.html
[2026-05-30 17:05:43] INTERFACE SUSPEITA: GERADOR_PACOTE_NUCLEO_PROJETO.py.html
[2026-05-30 17:05:43] INTERFACE SUSPEITA: gerador_projetos_publicos.py.html
[2026-05-30 17:05:43] INTERFACE SUSPEITA: GERAR_E_ABRIR_RELATORIO_PROBLEMA.py.html
[2026-05-30 17:05:43] INTERFACE SUSPEITA: git-add.html.html
[2026-05-30 17:05:43] INTERFACE SUSPEITA: git-am.html.html
[2026-05-30 17:05:43] INTERFACE SUSPEITA: git-annotate.html.html
[2026-05-30 17:05:43] INTERFACE SUSPEITA: git-apply.html.html
[2026-05-30 17:05:43] INTERFACE SUSPEITA: git-archive.html.html
[2026-05-30 17:05:43] INTERFACE SUSPEITA: git-backfill.html.html
[2026-05-30 17:05:43] INTERFACE SUSPEITA: git-bash.html.html
[2026-05-30 17:05:43] INTERFACE SUSPEITA: git-bisect-lk2009.html.html
[2026-05-30 17:05:43] INTERFACE SUSPEITA: git-bisect.html.html
[2026-05-30 17:05:43] INTERFACE SUSPEITA: git-blame.html.html
[2026-05-30 17:05:43] INTERFACE SUSPEITA: git-branch.html.html
[2026-05-30 17:05:43] INTERFACE SUSPEITA: git-bugreport.html.html
[2026-05-30 17:05:43] INTERFACE SUSPEITA: git-bundle.html.html
[2026-05-30 17:05:43] INTERFACE SUSPEITA: git-cat-file.html.html
[2026-05-30 17:05:43] INTERFACE SUSPEITA: git-check-attr.html.html
[2026-05-30 17:05:43] INTERFACE SUSPEITA: git-check-ignore.html.html
[2026-05-30 17:05:43] INTERFACE SUSPEITA: git-check-mailmap.html.html
[2026-05-30 17:05:43] INTERFACE SUSPEITA: git-check-ref-format.html.html
[2026-05-30 17:05:43] INTERFACE SUSPEITA: git-checkout-index.html.html
[2026-05-30 17:05:43] INTERFACE SUSPEITA: git-checkout.html.html
[2026-05-30 17:05:43] INTERFACE SUSPEITA: git-cherry-pick.html.html
[2026-05-30 17:05:43] INTERFACE SUSPEITA: git-cherry.html.html
[2026-05-30 17:05:43] INTERFACE SUSPEITA: git-citool.html.html
[2026-05-30 17:05:43] INTERFACE SUSPEITA: git-clean.html.html
[2026-05-30 17:05:43] INTERFACE SUSPEITA: git-clone.html.html
[2026-05-30 17:05:43] INTERFACE SUSPEITA: git-column.html.html
[2026-05-30 17:05:43] INTERFACE SUSPEITA: git-commit-graph.html.html
[2026-05-30 17:05:43] INTERFACE SUSPEITA: git-commit-tree.html.html
[2026-05-30 17:05:43] INTERFACE SUSPEITA: git-commit.html.html
[2026-05-30 17:05:43] INTERFACE SUSPEITA: git-config.html.html
[2026-05-30 17:05:43] INTERFACE SUSPEITA: git-count-objects.html.html
[2026-05-30 17:05:43] INTERFACE SUSPEITA: git-credential-cache--daemon.html.html
[2026-05-30 17:05:43] INTERFACE SUSPEITA: git-credential-cache.html.html
[2026-05-30 17:05:43] INTERFACE SUSPEITA: git-credential-manager.html.html
[2026-05-30 17:05:43] INTERFACE SUSPEITA: git-credential-store.html.html
[2026-05-30 17:05:43] INTERFACE SUSPEITA: git-credential.html.html
[2026-05-30 17:05:43] INTERFACE SUSPEITA: git-daemon.html.html
[2026-05-30 17:05:43] INTERFACE SUSPEITA: git-describe.html.html
[2026-05-30 17:05:43] INTERFACE SUSPEITA: git-diagnose.html.html
[2026-05-30 17:05:43] INTERFACE SUSPEITA: git-diff-files.html.html
[2026-05-30 17:05:43] INTERFACE SUSPEITA: git-diff-index.html.html
[2026-05-30 17:05:43] INTERFACE SUSPEITA: git-diff-pairs.html.html
[2026-05-30 17:05:43] INTERFACE SUSPEITA: git-diff-tree.html.html
[2026-05-30 17:05:43] INTERFACE SUSPEITA: git-diff.html.html
[2026-05-30 17:05:43] INTERFACE SUSPEITA: git-difftool.html.html
[2026-05-30 17:05:43] INTERFACE SUSPEITA: git-fast-export.html.html
[2026-05-30 17:05:43] INTERFACE SUSPEITA: git-fast-import.html.html
[2026-05-30 17:05:43] INTERFACE SUSPEITA: git-fetch-pack.html.html
[2026-05-30 17:05:43] INTERFACE SUSPEITA: git-fetch.html.html
[2026-05-30 17:05:43] INTERFACE SUSPEITA: git-filter-branch.html.html
[2026-05-30 17:05:43] INTERFACE SUSPEITA: git-fmt-merge-msg.html.html
[2026-05-30 17:05:43] INTERFACE SUSPEITA: git-for-each-ref.html.html
[2026-05-30 17:05:43] INTERFACE SUSPEITA: git-for-each-repo.html.html
[2026-05-30 17:05:43] INTERFACE SUSPEITA: git-format-patch.html.html
[2026-05-30 17:05:43] INTERFACE SUSPEITA: git-fsck-objects.html.html
[2026-05-30 17:05:43] INTERFACE SUSPEITA: git-fsck.html.html
[2026-05-30 17:05:43] INTERFACE SUSPEITA: git-fsmonitor--daemon.html.html
[2026-05-30 17:05:43] INTERFACE SUSPEITA: git-gc.html.html
[2026-05-30 17:05:43] INTERFACE SUSPEITA: git-get-tar-commit-id.html.html
[2026-05-30 17:05:43] INTERFACE SUSPEITA: git-grep.html.html
[2026-05-30 17:05:43] INTERFACE SUSPEITA: git-gui.html.html
[2026-05-30 17:05:43] INTERFACE SUSPEITA: git-hash-object.html.html
[2026-05-30 17:05:43] INTERFACE SUSPEITA: git-help.html.html
[2026-05-30 17:05:43] INTERFACE SUSPEITA: git-hook.html.html
[2026-05-30 17:05:43] INTERFACE SUSPEITA: git-http-backend.html.html
[2026-05-30 17:05:43] INTERFACE SUSPEITA: git-http-fetch.html.html
[2026-05-30 17:05:43] INTERFACE SUSPEITA: git-http-push.html.html
[2026-05-30 17:05:43] INTERFACE SUSPEITA: git-imap-send.html.html
[2026-05-30 17:05:43] INTERFACE SUSPEITA: git-index-pack.html.html
[2026-05-30 17:05:43] INTERFACE SUSPEITA: git-init-db.html.html
[2026-05-30 17:05:43] INTERFACE SUSPEITA: git-init.html.html
[2026-05-30 17:05:43] INTERFACE SUSPEITA: git-instaweb.html.html
[2026-05-30 17:05:43] INTERFACE SUSPEITA: git-interpret-trailers.html.html
[2026-05-30 17:05:43] INTERFACE SUSPEITA: git-last-modified.html.html
[2026-05-30 17:05:43] INTERFACE SUSPEITA: git-lfs-checkout.html.html
[2026-05-30 17:05:43] INTERFACE SUSPEITA: git-lfs-clean.html.html
[2026-05-30 17:05:43] INTERFACE SUSPEITA: git-lfs-clone.html.html
[2026-05-30 17:05:43] INTERFACE SUSPEITA: git-lfs-completion.html.html
[2026-05-30 17:05:43] INTERFACE SUSPEITA: git-lfs-dedup.html.html
[2026-05-30 17:05:43] INTERFACE SUSPEITA: git-lfs-env.html.html
[2026-05-30 17:05:43] INTERFACE SUSPEITA: git-lfs-ext.html.html
[2026-05-30 17:05:43] INTERFACE SUSPEITA: git-lfs-fetch.html.html
[2026-05-30 17:05:43] INTERFACE SUSPEITA: git-lfs-filter-process.html.html
[2026-05-30 17:05:43] INTERFACE SUSPEITA: git-lfs-fsck.html.html
[2026-05-30 17:05:43] INTERFACE SUSPEITA: git-lfs-install.html.html
[2026-05-30 17:05:43] INTERFACE SUSPEITA: git-lfs-lock.html.html
[2026-05-30 17:05:43] INTERFACE SUSPEITA: git-lfs-locks.html.html
[2026-05-30 17:05:43] INTERFACE SUSPEITA: git-lfs-logs.html.html
[2026-05-30 17:05:43] INTERFACE SUSPEITA: git-lfs-ls-files.html.html
[2026-05-30 17:05:43] INTERFACE SUSPEITA: git-lfs-merge-driver.html.html
[2026-05-30 17:05:43] INTERFACE SUSPEITA: git-lfs-migrate.html.html
[2026-05-30 17:05:43] INTERFACE SUSPEITA: git-lfs-pointer.html.html
[2026-05-30 17:05:43] INTERFACE SUSPEITA: git-lfs-post-checkout.html.html
[2026-05-30 17:05:43] INTERFACE SUSPEITA: git-lfs-post-commit.html.html
[2026-05-30 17:05:43] INTERFACE SUSPEITA: git-lfs-post-merge.html.html
[2026-05-30 17:05:43] INTERFACE SUSPEITA: git-lfs-pre-push.html.html
[2026-05-30 17:05:43] INTERFACE SUSPEITA: git-lfs-prune.html.html
[2026-05-30 17:05:43] INTERFACE SUSPEITA: git-lfs-pull.html.html
[2026-05-30 17:05:43] INTERFACE SUSPEITA: git-lfs-push.html.html
[2026-05-30 17:05:43] INTERFACE SUSPEITA: git-lfs-smudge.html.html
[2026-05-30 17:05:43] INTERFACE SUSPEITA: git-lfs-standalone-file.html.html
[2026-05-30 17:05:43] INTERFACE SUSPEITA: git-lfs-status.html.html
[2026-05-30 17:05:43] INTERFACE SUSPEITA: git-lfs-track.html.html
[2026-05-30 17:05:43] INTERFACE SUSPEITA: git-lfs-uninstall.html.html
[2026-05-30 17:05:43] INTERFACE SUSPEITA: git-lfs-unlock.html.html
[2026-05-30 17:05:43] INTERFACE SUSPEITA: git-lfs-untrack.html.html
[2026-05-30 17:05:43] INTERFACE SUSPEITA: git-lfs-update.html.html
[2026-05-30 17:05:43] INTERFACE SUSPEITA: git-lfs.html.html
[2026-05-30 17:05:43] INTERFACE SUSPEITA: git-log.html.html
[2026-05-30 17:05:43] INTERFACE SUSPEITA: git-ls-files.html.html
[2026-05-30 17:05:43] INTERFACE SUSPEITA: git-ls-remote.html.html
[2026-05-30 17:05:43] INTERFACE SUSPEITA: git-ls-tree.html.html
[2026-05-30 17:05:43] INTERFACE SUSPEITA: git-mailinfo.html.html
[2026-05-30 17:05:43] INTERFACE SUSPEITA: git-mailsplit.html.html
[2026-05-30 17:05:43] INTERFACE SUSPEITA: git-maintenance.html.html
[2026-05-30 17:05:43] INTERFACE SUSPEITA: git-merge-base.html.html
[2026-05-30 17:05:43] INTERFACE SUSPEITA: git-merge-file.html.html
[2026-05-30 17:05:43] INTERFACE SUSPEITA: git-merge-index.html.html
[2026-05-30 17:05:43] INTERFACE SUSPEITA: git-merge-one-file.html.html
[2026-05-30 17:05:43] INTERFACE SUSPEITA: git-merge-tree.html.html
[2026-05-30 17:05:43] INTERFACE SUSPEITA: git-merge.html.html
[2026-05-30 17:05:43] INTERFACE SUSPEITA: git-mergetool.html.html
[2026-05-30 17:05:43] INTERFACE SUSPEITA: git-mktag.html.html
[2026-05-30 17:05:43] INTERFACE SUSPEITA: git-mktree.html.html
[2026-05-30 17:05:43] INTERFACE SUSPEITA: git-multi-pack-index.html.html
[2026-05-30 17:05:43] INTERFACE SUSPEITA: git-mv.html.html
[2026-05-30 17:05:43] INTERFACE SUSPEITA: git-name-rev.html.html
[2026-05-30 17:05:43] INTERFACE SUSPEITA: git-notes.html.html
[2026-05-30 17:05:43] INTERFACE SUSPEITA: git-pack-objects.html.html
[2026-05-30 17:05:43] INTERFACE SUSPEITA: git-pack-redundant.html.html
[2026-05-30 17:05:43] INTERFACE SUSPEITA: git-pack-refs.html.html
[2026-05-30 17:05:43] INTERFACE SUSPEITA: git-patch-id.html.html
[2026-05-30 17:05:43] INTERFACE SUSPEITA: git-prune-packed.html.html
[2026-05-30 17:05:43] INTERFACE SUSPEITA: git-prune.html.html
[2026-05-30 17:05:43] INTERFACE SUSPEITA: git-pull.html.html
[2026-05-30 17:05:43] INTERFACE SUSPEITA: git-push.html.html
[2026-05-30 17:05:43] INTERFACE SUSPEITA: git-quiltimport.html.html
[2026-05-30 17:05:43] INTERFACE SUSPEITA: git-range-diff.html.html
[2026-05-30 17:05:43] INTERFACE SUSPEITA: git-read-tree.html.html
[2026-05-30 17:05:43] INTERFACE SUSPEITA: git-rebase.html.html
[2026-05-30 17:05:43] INTERFACE SUSPEITA: git-receive-pack.html.html
[2026-05-30 17:05:43] INTERFACE SUSPEITA: git-reflog.html.html
[2026-05-30 17:05:43] INTERFACE SUSPEITA: git-refs.html.html
[2026-05-30 17:05:43] INTERFACE SUSPEITA: git-remote-ext.html.html
[2026-05-30 17:05:43] INTERFACE SUSPEITA: git-remote-fd.html.html
[2026-05-30 17:05:43] INTERFACE SUSPEITA: git-remote-helpers.html.html
[2026-05-30 17:05:43] INTERFACE SUSPEITA: git-remote.html.html
[2026-05-30 17:05:43] INTERFACE SUSPEITA: git-repack.html.html
[2026-05-30 17:05:43] INTERFACE SUSPEITA: git-replace.html.html
[2026-05-30 17:05:43] INTERFACE SUSPEITA: git-replay.html.html
[2026-05-30 17:05:43] INTERFACE SUSPEITA: git-repo.html.html
[2026-05-30 17:05:43] INTERFACE SUSPEITA: git-request-pull.html.html
[2026-05-30 17:05:43] INTERFACE SUSPEITA: git-rerere.html.html
[2026-05-30 17:05:43] INTERFACE SUSPEITA: git-reset.html.html
[2026-05-30 17:05:43] INTERFACE SUSPEITA: git-restore.html.html
[2026-05-30 17:05:43] INTERFACE SUSPEITA: git-rev-list.html.html
[2026-05-30 17:05:43] INTERFACE SUSPEITA: git-rev-parse.html.html
[2026-05-30 17:05:43] INTERFACE SUSPEITA: git-revert.html.html
[2026-05-30 17:05:43] INTERFACE SUSPEITA: git-rm.html.html
[2026-05-30 17:05:43] INTERFACE SUSPEITA: git-send-email.html.html
[2026-05-30 17:05:43] INTERFACE SUSPEITA: git-send-pack.html.html
[2026-05-30 17:05:43] INTERFACE SUSPEITA: git-sh-i18n--envsubst.html.html
[2026-05-30 17:05:43] INTERFACE SUSPEITA: git-sh-i18n.html.html
[2026-05-30 17:05:43] INTERFACE SUSPEITA: git-sh-setup.html.html
[2026-05-30 17:05:43] INTERFACE SUSPEITA: git-shell.html.html
[2026-05-30 17:05:43] INTERFACE SUSPEITA: git-shortlog.html.html
[2026-05-30 17:05:43] INTERFACE SUSPEITA: git-show-branch.html.html
[2026-05-30 17:05:43] INTERFACE SUSPEITA: git-show-index.html.html
[2026-05-30 17:05:43] INTERFACE SUSPEITA: git-show-ref.html.html
[2026-05-30 17:05:43] INTERFACE SUSPEITA: git-show.html.html
[2026-05-30 17:05:43] INTERFACE SUSPEITA: git-sparse-checkout.html.html
[2026-05-30 17:05:43] INTERFACE SUSPEITA: git-stage.html.html
[2026-05-30 17:05:43] INTERFACE SUSPEITA: git-stash.html.html
[2026-05-30 17:05:43] INTERFACE SUSPEITA: git-status.html.html
[2026-05-30 17:05:43] INTERFACE SUSPEITA: git-stripspace.html.html
[2026-05-30 17:05:43] INTERFACE SUSPEITA: git-submodule.html.html
[2026-05-30 17:05:43] INTERFACE SUSPEITA: git-subtree.html.html
[2026-05-30 17:05:43] INTERFACE SUSPEITA: git-survey.html.html
[2026-05-30 17:05:43] INTERFACE SUSPEITA: git-svn.html.html
[2026-05-30 17:05:43] INTERFACE SUSPEITA: git-switch.html.html
[2026-05-30 17:05:43] INTERFACE SUSPEITA: git-symbolic-ref.html.html
[2026-05-30 17:05:43] INTERFACE SUSPEITA: git-tag.html.html
[2026-05-30 17:05:43] INTERFACE SUSPEITA: git-tools.html.html
[2026-05-30 17:05:43] INTERFACE SUSPEITA: git-unpack-file.html.html
[2026-05-30 17:05:43] INTERFACE SUSPEITA: git-unpack-objects.html.html
[2026-05-30 17:05:43] INTERFACE SUSPEITA: git-update-index.html.html
[2026-05-30 17:05:43] INTERFACE SUSPEITA: git-update-ref.html.html
[2026-05-30 17:05:43] INTERFACE SUSPEITA: git-update-server-info.html.html
[2026-05-30 17:05:43] INTERFACE SUSPEITA: git-upload-archive.html.html
[2026-05-30 17:05:43] INTERFACE SUSPEITA: git-upload-pack.html.html
[2026-05-30 17:05:43] INTERFACE SUSPEITA: git-var.html.html
[2026-05-30 17:05:43] INTERFACE SUSPEITA: git-verify-commit.html.html
[2026-05-30 17:05:43] INTERFACE SUSPEITA: git-verify-pack.html.html
[2026-05-30 17:05:43] INTERFACE SUSPEITA: git-verify-tag.html.html
[2026-05-30 17:05:43] INTERFACE SUSPEITA: git-version.html.html
[2026-05-30 17:05:43] INTERFACE SUSPEITA: git-web--browse.html.html
[2026-05-30 17:05:43] INTERFACE SUSPEITA: git-whatchanged.html.html
[2026-05-30 17:05:43] INTERFACE SUSPEITA: git-worktree.html.html
[2026-05-30 17:05:43] INTERFACE SUSPEITA: git-write-tree.html.html
[2026-05-30 17:05:43] INTERFACE SUSPEITA: git.html.html
[2026-05-30 17:05:43] INTERFACE SUSPEITA: gitattributes.html.html
[2026-05-30 17:05:43] INTERFACE SUSPEITA: gitcli.html.html
[2026-05-30 17:05:43] INTERFACE SUSPEITA: gitcore-tutorial.html.html
[2026-05-30 17:05:43] INTERFACE SUSPEITA: gitcredentials.html.html
[2026-05-30 17:05:43] INTERFACE SUSPEITA: gitdatamodel.html.html
[2026-05-30 17:05:43] INTERFACE SUSPEITA: gitdiffcore.html.html
[2026-05-30 17:05:43] INTERFACE SUSPEITA: giteveryday.html.html
[2026-05-30 17:05:43] INTERFACE SUSPEITA: gitfaq.html.html
[2026-05-30 17:05:43] INTERFACE SUSPEITA: gitformat-bundle.html.html
[2026-05-30 17:05:43] INTERFACE SUSPEITA: gitformat-chunk.html.html
[2026-05-30 17:05:43] INTERFACE SUSPEITA: gitformat-commit-graph.html.html
[2026-05-30 17:05:43] INTERFACE SUSPEITA: gitformat-index.html.html
[2026-05-30 17:05:43] INTERFACE SUSPEITA: gitformat-loose.html.html
[2026-05-30 17:05:43] INTERFACE SUSPEITA: gitformat-pack.html.html
[2026-05-30 17:05:43] INTERFACE SUSPEITA: gitformat-signature.html.html
[2026-05-30 17:05:43] INTERFACE SUSPEITA: gitglossary.html.html
[2026-05-30 17:05:43] INTERFACE SUSPEITA: githooks.html.html
[2026-05-30 17:05:43] INTERFACE SUSPEITA: gitignore.html.html
[2026-05-30 17:05:43] INTERFACE SUSPEITA: gitk.html.html
[2026-05-30 17:05:43] INTERFACE SUSPEITA: gitmailmap.html.html
[2026-05-30 17:05:43] INTERFACE SUSPEITA: gitmodules.html.html
[2026-05-30 17:05:43] INTERFACE SUSPEITA: gitnamespaces.html.html
[2026-05-30 17:05:43] INTERFACE SUSPEITA: gitpacking.html.html
[2026-05-30 17:05:43] INTERFACE SUSPEITA: gitprotocol-capabilities.html.html
[2026-05-30 17:05:43] INTERFACE SUSPEITA: gitprotocol-common.html.html
[2026-05-30 17:05:43] INTERFACE SUSPEITA: gitprotocol-http.html.html
[2026-05-30 17:05:43] INTERFACE SUSPEITA: gitprotocol-pack.html.html
[2026-05-30 17:05:43] INTERFACE SUSPEITA: gitprotocol-v2.html.html
[2026-05-30 17:05:43] INTERFACE SUSPEITA: gitremote-helpers.html.html
[2026-05-30 17:05:43] INTERFACE SUSPEITA: gitrepository-layout.html.html
[2026-05-30 17:05:43] INTERFACE SUSPEITA: gitrevisions.html.html
[2026-05-30 17:05:43] INTERFACE SUSPEITA: gitsubmodules.html.html
[2026-05-30 17:05:43] INTERFACE SUSPEITA: gittutorial-2.html.html
[2026-05-30 17:05:43] INTERFACE SUSPEITA: gittutorial.html.html
[2026-05-30 17:05:43] INTERFACE SUSPEITA: gitworkflows.html.html
[2026-05-30 17:05:43] INTERFACE SUSPEITA: globals.html.html
[2026-05-30 17:05:43] INTERFACE SUSPEITA: globals_defs.html.html
[2026-05-30 17:05:43] INTERFACE SUSPEITA: globals_enum.html.html
[2026-05-30 17:05:43] INTERFACE SUSPEITA: globals_eval.html.html
[2026-05-30 17:05:43] INTERFACE SUSPEITA: globals_func.html.html
[2026-05-30 17:05:43] INTERFACE SUSPEITA: globals_type.html.html
[2026-05-30 17:05:43] INTERFACE SUSPEITA: governo.html
[2026-05-30 17:05:43] INTERFACE SUSPEITA: gprof.out.html
[2026-05-30 17:05:43] INTERFACE SUSPEITA: hardware_8h.html.html
[2026-05-30 17:05:43] INTERFACE SUSPEITA: hash-function-transition.html.html
[2026-05-30 17:05:43] INTERFACE SUSPEITA: howto-index.html.html
[2026-05-30 17:05:43] INTERFACE SUSPEITA: html.html
[2026-05-30 17:05:43] INTERFACE SUSPEITA: html2.html
[2026-05-30 17:05:43] INTERFACE SUSPEITA: hub_interfaces.py.html
[2026-05-30 17:05:43] INTERFACE SUSPEITA: IMPORTADOR_QR.py.html
[2026-05-30 17:05:43] INTERFACE SUSPEITA: Incorporacoes_Nucleo.py.html
[2026-05-30 17:05:43] INTERFACE SUSPEITA: Incorporacoes_Nucleo_alfa.py.html
[2026-05-30 17:05:43] INTERFACE SUSPEITA: Incorporacoes_Nucleo_V2.py.html
[2026-05-30 17:05:43] INTERFACE SUSPEITA: index_8h.html.html
[2026-05-30 17:05:43] INTERFACE SUSPEITA: index_backup_20260402_180251.html.html
[2026-05-30 17:05:43] INTERFACE SUSPEITA: index_backup_20260402_181715.html.html
[2026-05-30 17:05:43] INTERFACE SUSPEITA: index__dup1.html.html
[2026-05-30 17:05:43] INTERFACE SUSPEITA: index__dup10.html
[2026-05-30 17:05:43] INTERFACE SUSPEITA: index__dup10.html.html
[2026-05-30 17:05:43] INTERFACE SUSPEITA: index__dup11.html.html
[2026-05-30 17:05:43] INTERFACE SUSPEITA: index__dup1__dup1.html.html
[2026-05-30 17:05:43] INTERFACE SUSPEITA: index__dup2.html.html
[2026-05-30 17:05:43] INTERFACE SUSPEITA: index__dup2__dup1.html.html
[2026-05-30 17:05:43] INTERFACE SUSPEITA: index__dup3.html.html
[2026-05-30 17:05:43] INTERFACE SUSPEITA: index__dup4.html.html
[2026-05-30 17:05:43] INTERFACE SUSPEITA: index__dup5.html.html
[2026-05-30 17:05:43] INTERFACE SUSPEITA: index__dup6.html
[2026-05-30 17:05:43] INTERFACE SUSPEITA: index__dup6.html.html
[2026-05-30 17:05:43] INTERFACE SUSPEITA: index__dup7.html.html
[2026-05-30 17:05:43] INTERFACE SUSPEITA: index__dup8.html.html
[2026-05-30 17:05:43] INTERFACE SUSPEITA: index__dup9.html.html
[2026-05-30 17:05:43] INTERFACE SUSPEITA: index__hash_8h.html.html
[2026-05-30 17:05:43] INTERFACE SUSPEITA: institucional.html
[2026-05-30 17:05:43] INTERFACE SUSPEITA: institucional.html.html
[2026-05-30 17:05:43] INTERFACE SUSPEITA: institucional_brian.py.html
[2026-05-30 17:05:43] INTERFACE SUSPEITA: institutional_environment.py.html
[2026-05-30 17:05:43] INTERFACE SUSPEITA: institutional_gateway.py.html
[2026-05-30 17:05:43] INTERFACE SUSPEITA: INSTITUTIONAL__ECOSYSTEM_CORE.py.html
[2026-05-30 17:05:43] INTERFACE SUSPEITA: INSTITUTIONA_ECOSYSTEM_CORE.py.html
[2026-05-30 17:05:43] INTERFACE SUSPEITA: inteligencia.html
[2026-05-30 17:05:43] INTERFACE SUSPEITA: interface.py.html
[2026-05-30 17:05:43] INTERFACE SUSPEITA: interface_fullscreen.py.html
[2026-05-30 17:05:43] INTERFACE SUSPEITA: interface_lab_fullscreen.py.html
[2026-05-30 17:05:43] INTERFACE SUSPEITA: Interface_Meta_Console.py.html
[2026-05-30 17:05:43] INTERFACE SUSPEITA: interface_profissional.html
[2026-05-30 17:05:43] INTERFACE SUSPEITA: intracamaraty_engine.py.html
[2026-05-30 17:05:43] INTERFACE SUSPEITA: intracamaraty_fullscreen.py.html
[2026-05-30 17:05:43] INTERFACE SUSPEITA: IOBooster_Main.py.html
[2026-05-30 17:05:43] INTERFACE SUSPEITA: IOTEC_BL_PORTAL_PAGAMENTOS_AUTOMATICO.py.html
[2026-05-30 17:05:43] INTERFACE SUSPEITA: IOTEC_BL_PORTAL_PAGAMENTOS_AUTOMATICO.py.html.html
[2026-05-30 17:05:43] INTERFACE SUSPEITA: IOTEC_BL_PORTAL_PREMIUM.py.html
[2026-05-30 17:05:43] INTERFACE SUSPEITA: IOTEC_BL_PORTAL_PREMIUM.py.html.html
[2026-05-30 17:05:44] INTERFACE SUSPEITA: iotec_boot.py.html
[2026-05-30 17:05:44] INTERFACE SUSPEITA: IOTEC_CATALOGO_INTELIGENTE_V1.py.html
[2026-05-30 17:05:44] INTERFACE SUSPEITA: IOTEC_CATALOGO_INTELIGENTE_V1.py.html.html
[2026-05-30 17:05:44] INTERFACE SUSPEITA: IOTEC_CLASSIFICADOR_LOJAS.py.html
[2026-05-30 17:05:44] INTERFACE SUSPEITA: IOTEC_CLASSIFICADOR_LOJAS.py.html.html
[2026-05-30 17:05:44] INTERFACE SUSPEITA: IOTEC_CLASSIFICADOR_PRODUTOS.py.html
[2026-05-30 17:05:44] INTERFACE SUSPEITA: IOTEC_CLASSIFICADOR_PRODUTOS.py.html.html
[2026-05-30 17:05:44] INTERFACE SUSPEITA: IOTEC_COMMAND_CENTER.py.html
[2026-05-30 17:05:44] INTERFACE SUSPEITA: IOTEC_COMMAND_CENTER.py.html.html
[2026-05-30 17:05:44] INTERFACE SUSPEITA: IOTEC_COMMAND_CENTER_CLEAN.py.html
[2026-05-30 17:05:44] INTERFACE SUSPEITA: IOTEC_COMMAND_CENTER_CLEAN.py.html.html
[2026-05-30 17:05:44] INTERFACE SUSPEITA: IOTEC_COMMAND_CENTER_V2.py.html
[2026-05-30 17:05:44] INTERFACE SUSPEITA: IOTEC_COMMAND_CENTER_V2.py.html.html
[2026-05-30 17:05:44] INTERFACE SUSPEITA: IOTEC_COMMAND_CENTER_V3.py.html
[2026-05-30 17:05:44] INTERFACE SUSPEITA: IOTEC_COMMAND_CENTER_V3.py.html.html
[2026-05-30 17:05:44] INTERFACE SUSPEITA: IOTEC_COMMERCIAL_INTELLIGENCE.py.html
[2026-05-30 17:05:44] INTERFACE SUSPEITA: IOTEC_COMMERCIAL_INTELLIGENCE.py.html.html
[2026-05-30 17:05:44] INTERFACE SUSPEITA: IOTEC_CONCIERGE_GOV_V1.py.html
[2026-05-30 17:05:44] INTERFACE SUSPEITA: IOTEC_CONCIERGE_GOV_V1.py.html.html
[2026-05-30 17:05:44] INTERFACE SUSPEITA: IOTEC_CORE_BUS.py.html
[2026-05-30 17:05:44] INTERFACE SUSPEITA: IOTEC_CORE_BUS.py.html.html
[2026-05-30 17:05:44] INTERFACE SUSPEITA: IOTEC_DEMO_BANCARIO.html
[2026-05-30 17:05:44] INTERFACE SUSPEITA: IOTEC_DEMO_BANCARIO.py.html
[2026-05-30 17:05:44] INTERFACE SUSPEITA: IOTEC_DEMO_BANCARIO.py.html.html
[2026-05-30 17:05:44] INTERFACE SUSPEITA: IOTEC_DEPLOY_COPILOT_FULLSCREEN_V1.py.html
[2026-05-30 17:05:44] INTERFACE SUSPEITA: IOTEC_DEPLOY_COPILOT_FULLSCREEN_V1.py.html.html
[2026-05-30 17:05:44] INTERFACE SUSPEITA: IOTEC_DUAL_EXPERIENCE.py.html
[2026-05-30 17:05:44] INTERFACE SUSPEITA: IOTEC_ECOSSISTEMA_GESTAO_PUBLICA_V1.py.html
[2026-05-30 17:05:44] INTERFACE SUSPEITA: IOTEC_ECOSSISTEMA_GESTAO_PUBLICA_V1.py.html.html
[2026-05-30 17:05:44] INTERFACE SUSPEITA: IOTEC_ECOSYSTEM_COMMAND_CENTER.py.html
[2026-05-30 17:05:44] INTERFACE SUSPEITA: IOTEC_ECOSYSTEM_COMMAND_CENTER.py.html.html
[2026-05-30 17:05:44] INTERFACE SUSPEITA: IOTEC_EMPURRADOR_EXIBICAO_V3_FIX.py.html
[2026-05-30 17:05:44] INTERFACE SUSPEITA: IOTEC_EMPURRADOR_EXIBICAO_V3_FIX.py.html.html
[2026-05-30 17:05:44] INTERFACE SUSPEITA: IOTEC_ENCADERNADOR.py.html
[2026-05-30 17:05:44] INTERFACE SUSPEITA: IOTEC_ENCADERNADOR.py.html.html
[2026-05-30 17:05:44] INTERFACE SUSPEITA: iotec_factory_portal.py.html
[2026-05-30 17:05:44] INTERFACE SUSPEITA: iotec_factory_portal_v2.py.html
[2026-05-30 17:05:44] INTERFACE SUSPEITA: IOTEC_GLOBAL_SHOPPING_PLATFORM.py.html
[2026-05-30 17:05:44] INTERFACE SUSPEITA: IOTEC_GLOBAL_SHOPPING_PLATFORM.py.html.html
[2026-05-30 17:05:44] INTERFACE SUSPEITA: IOTEC_GLOBAL_SHOPPING_V2.py.html
[2026-05-30 17:05:44] INTERFACE SUSPEITA: IOTEC_GLOBAL_SHOPPING_V2.py.html.html
[2026-05-30 17:05:44] INTERFACE SUSPEITA: IOTEC_IMPORTADOR.py.html
[2026-05-30 17:05:44] INTERFACE SUSPEITA: IOTEC_IMPORTADOR.py.html.html
[2026-05-30 17:05:44] INTERFACE SUSPEITA: iotec_kernel_supercode.py.html
[2026-05-30 17:05:44] INTERFACE SUSPEITA: IOTEC_MAESTRO_EXPOSICAO.py.html
[2026-05-30 17:05:44] INTERFACE SUSPEITA: IOTEC_MAESTRO_EXPOSICAO.py.html.html
[2026-05-30 17:05:44] INTERFACE SUSPEITA: IOTEC_MASTER.py.html
[2026-05-30 17:05:44] INTERFACE SUSPEITA: IOTEC_MASTER.py.html.html
[2026-05-30 17:05:44] INTERFACE SUSPEITA: IOTEC_MASTER_20260325_071212.bak.py.html
[2026-05-30 17:05:44] INTERFACE SUSPEITA: IOTEC_MASTER_20260325_071212.bak.py.html.html
[2026-05-30 17:05:44] INTERFACE SUSPEITA: IOTEC_MASTER_NUCLEO_CENTRAL_PRO.py.html
[2026-05-30 17:05:44] INTERFACE SUSPEITA: IOTEC_MASTER_NUCLEO_CENTRAL_PRO.py.html.html
[2026-05-30 17:05:44] INTERFACE SUSPEITA: IOTEC_MASTER_NUCLEO_CENTRAL_PRO_20260324_223608.bak.py.html
[2026-05-30 17:05:44] INTERFACE SUSPEITA: IOTEC_MASTER_NUCLEO_CENTRAL_PRO_20260324_223608.bak.py.html.html
[2026-05-30 17:05:44] INTERFACE SUSPEITA: IOTEC_MASTER_NUCLEO_CENTRAL_PRO_20260325_070602.bak.py.html
[2026-05-30 17:05:44] INTERFACE SUSPEITA: IOTEC_MASTER_NUCLEO_CENTRAL_PRO_20260325_070602.bak.py.html.html
[2026-05-30 17:05:44] INTERFACE SUSPEITA: IOTEC_META_CONSOLE.py.html
[2026-05-30 17:05:44] INTERFACE SUSPEITA: IOTEC_META_CONSOLE.py.html.html
[2026-05-30 17:05:44] INTERFACE SUSPEITA: IOTEC_MOTOR_G_ESPECIALISTAS_FULLSCREEN_V1.py.html
[2026-05-30 17:05:44] INTERFACE SUSPEITA: IOTEC_MOTOR_G_ESPECIALISTAS_FULLSCREEN_V1.py.html.html
[2026-05-30 17:05:44] INTERFACE SUSPEITA: IOTEC_NUCLEO_MASTER.py.html
[2026-05-30 17:05:44] INTERFACE SUSPEITA: IOTEC_NUCLEO_MASTER.py.html.html
[2026-05-30 17:05:44] INTERFACE SUSPEITA: IOTEC_PATCH_AUTONOMO.py.html
[2026-05-30 17:05:44] INTERFACE SUSPEITA: IOTEC_PATCH_AUTONOMO.py.html.html
[2026-05-30 17:05:44] INTERFACE SUSPEITA: IoTec_Plataforma.html
[2026-05-30 17:05:44] INTERFACE SUSPEITA: IOTEC_PLATFORM_APP.py.html
[2026-05-30 17:05:44] INTERFACE SUSPEITA: IOTEC_PLATFORM_APP.py.html.html
[2026-05-30 17:05:44] INTERFACE SUSPEITA: IOTEC_PLATFORM_IA_MASTER_CLOSEOUT.py.html
[2026-05-30 17:05:44] INTERFACE SUSPEITA: IOTEC_PLATFORM_IA_MASTER_CLOSEOUT.py.html.html
[2026-05-30 17:05:44] INTERFACE SUSPEITA: IOTEC_PORTAL_BASE.html
[2026-05-30 17:05:44] INTERFACE SUSPEITA: IOTEC_PORTAL_BASE.html.html
[2026-05-30 17:05:44] INTERFACE SUSPEITA: IOTEC_PORTAL_WEBFLASK_V1.py.html
[2026-05-30 17:05:44] INTERFACE SUSPEITA: IOTEC_PORTAL_WEBFLASK_V1.py.html.html
[2026-05-30 17:05:44] INTERFACE SUSPEITA: IOTEC_PUBLICO_RENDER.py.html
[2026-05-30 17:05:44] INTERFACE SUSPEITA: IOTEC_PUBLICO_RENDER.py.html.html
[2026-05-30 17:05:44] INTERFACE SUSPEITA: IOTEC_REGISTRADOR_NUCLEO.py.html
[2026-05-30 17:05:44] INTERFACE SUSPEITA: IOTEC_REGISTRADOR_NUCLEO.py.html.html
[2026-05-30 17:05:44] INTERFACE SUSPEITA: IOTEC_SCANNER_GLOBAL_PRO.py.html
[2026-05-30 17:05:44] INTERFACE SUSPEITA: IOTEC_SCANNER_GLOBAL_PRO.py.html.html
[2026-05-30 17:05:44] INTERFACE SUSPEITA: IOTEC_SHOWROOM_COMERCIAL_AUTOMATICO_FULLSCREEN_V1.py.html
[2026-05-30 17:05:44] INTERFACE SUSPEITA: IOTEC_SHOWROOM_COMERCIAL_AUTOMATICO_FULLSCREEN_V1.py.html.html
[2026-05-30 17:05:44] INTERFACE SUSPEITA: iotec_site_oficial.py.html
[2026-05-30 17:05:44] INTERFACE SUSPEITA: iotec_strategic_core.py.html
[2026-05-30 17:05:44] INTERFACE SUSPEITA: IOTEC_TESTE_REAL.html
[2026-05-30 17:05:44] INTERFACE SUSPEITA: IOTEC_TESTE_REAL.html.html
[2026-05-30 17:05:44] INTERFACE SUSPEITA: IOTEC_TOWER.html
[2026-05-30 17:05:44] INTERFACE SUSPEITA: IOTEC_TOWER.html.html
[2026-05-30 17:05:44] INTERFACE SUSPEITA: IOTEC_TOWER_10_ANDARES.html.html
[2026-05-30 17:05:44] INTERFACE SUSPEITA: IOTEC_TOWER_COMMAND_CENTER.html.html
[2026-05-30 17:05:44] INTERFACE SUSPEITA: IOTEC_TOWER__dup1.html.html
[2026-05-30 17:05:44] INTERFACE SUSPEITA: IOTEC_VITRINE_INTELIGENTE.py.html
[2026-05-30 17:05:44] INTERFACE SUSPEITA: IOTEC_VITRINE_INTELIGENTE.py.html.html
[2026-05-30 17:05:44] INTERFACE SUSPEITA: IOTEC_WAR_ROOM_CONCIERGE_GOV_V3.py.html
[2026-05-30 17:05:44] INTERFACE SUSPEITA: IOTEC_WAR_ROOM_CONCIERGE_GOV_V3.py.html.html
[2026-05-30 17:05:44] INTERFACE SUSPEITA: IOTEC_WAR_ROOM_CONCIERGE_GOV_V4.py.html
[2026-05-30 17:05:44] INTERFACE SUSPEITA: IOTEC_WAR_ROOM_CONCIERGE_GOV_V4.py.html.html
[2026-05-30 17:05:44] INTERFACE SUSPEITA: judicial_forecast_engine.py.html
[2026-05-30 17:05:44] INTERFACE SUSPEITA: keep-canonical-history-correct.html.html
[2026-05-30 17:05:44] INTERFACE SUSPEITA: KNOWLEDGE_ENGINE.py.html
[2026-05-30 17:05:44] INTERFACE SUSPEITA: laboratorio.html
[2026-05-30 17:05:44] INTERFACE SUSPEITA: laboratorio.py.html
[2026-05-30 17:05:44] INTERFACE SUSPEITA: laboratorio_projetos_publicos.py.html
[2026-05-30 17:05:44] INTERFACE SUSPEITA: large-object-promisors.html.html
[2026-05-30 17:05:44] INTERFACE SUSPEITA: launcher.py.html
[2026-05-30 17:05:44] INTERFACE SUSPEITA: loader.html
[2026-05-30 17:05:44] INTERFACE SUSPEITA: loader.py.html
[2026-05-30 17:05:44] INTERFACE SUSPEITA: logger_iotec.py.html
[2026-05-30 17:05:44] INTERFACE SUSPEITA: long-running-process-protocol.html.html
[2026-05-30 17:05:44] INTERFACE SUSPEITA: lzma12_8h.html.html
[2026-05-30 17:05:44] INTERFACE SUSPEITA: lzma_8h.html.html
[2026-05-30 17:05:44] INTERFACE SUSPEITA: main.py.html
[2026-05-30 17:05:44] INTERFACE SUSPEITA: maintain-git.html.html
[2026-05-30 17:05:44] INTERFACE SUSPEITA: MANDATO_360_FRANZE_V1.py.html
[2026-05-30 17:05:44] INTERFACE SUSPEITA: MANDATO_360_FRANZE_V2.py.html
[2026-05-30 17:05:44] INTERFACE SUSPEITA: MANDATO_360_V4_DEPUTADO_APRESENTACAO.py.html
[2026-05-30 17:05:44] INTERFACE SUSPEITA: manual.html.html
[2026-05-30 17:05:44] INTERFACE SUSPEITA: meta_console.py.html
[2026-05-30 17:05:44] INTERFACE SUSPEITA: modelagem.py.html
[2026-05-30 17:05:44] INTERFACE SUSPEITA: modules__.py.html
[2026-05-30 17:05:44] INTERFACE SUSPEITA: modules__ARQUITETURA_CORPORATIVA_DEFINITIVA_IOTEC.py.html
[2026-05-30 17:05:44] INTERFACE SUSPEITA: modules__ARQUITETURA_CORPORATIVA_DEFINITIVA_IOTEC.py.html.html
[2026-05-30 17:05:44] INTERFACE SUSPEITA: modules__auditoria_forense_iotec.py.html
[2026-05-30 17:05:44] INTERFACE SUSPEITA: modules__auditoria_total_iotec.py.html
[2026-05-30 17:05:44] INTERFACE SUSPEITA: modules__bank_meeting_simulator.py.html
[2026-05-30 17:05:44] INTERFACE SUSPEITA: modules__Fluxo_central_nucleo_central.py.html
[2026-05-30 17:05:44] INTERFACE SUSPEITA: modules__full_spectrum.py.html
[2026-05-30 17:05:44] INTERFACE SUSPEITA: modules__module_voice_supervisor.py.html
[2026-05-30 17:05:44] INTERFACE SUSPEITA: modules__module_voice_supervisor_continuo.py.html
[2026-05-30 17:05:44] INTERFACE SUSPEITA: modules__nucleo_auto.py.html
[2026-05-30 17:05:44] INTERFACE SUSPEITA: modules__Plataforma_IO_Booster.py.html
[2026-05-30 17:05:44] INTERFACE SUSPEITA: modules__teste_voz.py.html
[2026-05-30 17:05:44] INTERFACE SUSPEITA: module_voice_supervisor.py.html
[2026-05-30 17:05:44] INTERFACE SUSPEITA: module_voice_supervisor_continuo.py.html
[2026-05-30 17:05:44] INTERFACE SUSPEITA: MOD_CATALOGO_QR_NUCLEO.py.html
[2026-05-30 17:05:44] INTERFACE SUSPEITA: MOD_ENCERRAMENTO_ABA_ULTRA.py.html
[2026-05-30 17:05:44] INTERFACE SUSPEITA: MOD_ENCERRAMENTO_SESSAO_PRO.py.html
[2026-05-30 17:05:44] INTERFACE SUSPEITA: MOD_IMPORTADOR_QR_PORTAL.py.html
[2026-05-30 17:05:44] INTERFACE SUSPEITA: MOD_IMPORTADOR_QR_PORTAL_V2.py.html
[2026-05-30 17:05:44] INTERFACE SUSPEITA: MOD_INSTRUCAO_NUCLEO_JUDICIAL_FORECAST.py.html
[2026-05-30 17:05:44] INTERFACE SUSPEITA: MOD_NUCLEO_ENSINO_PRODUTO_JUDICIAL.py.html
[2026-05-30 17:05:44] INTERFACE SUSPEITA: MOD_PRATELEIRA_DIGITAL_SNIA.py.html
[2026-05-30 17:05:44] INTERFACE SUSPEITA: MOD_PRODUTIZACAO_JUDICIAL_NUCLEO.py.html
[2026-05-30 17:05:44] INTERFACE SUSPEITA: MOD_PRODUTO_TRANSICAO_CARREIRA_JUDICIARIO.py.html
[2026-05-30 17:05:44] INTERFACE SUSPEITA: MOD_TCC_ENGINE_PRO.py.html
[2026-05-30 17:05:44] INTERFACE SUSPEITA: motor_agentes_contratuais.py.html
[2026-05-30 17:05:44] INTERFACE SUSPEITA: MOTOR_COMERCIAL.py.html
[2026-05-30 17:05:44] INTERFACE SUSPEITA: motor_contratos.py.html
[2026-05-30 17:05:44] INTERFACE SUSPEITA: motor_envio_cobrancas.py.html
[2026-05-30 17:05:44] INTERFACE SUSPEITA: motor_global_caixas.py.html
[2026-05-30 17:05:44] INTERFACE SUSPEITA: motor_g_especialistas.py.html
[2026-05-30 17:05:44] INTERFACE SUSPEITA: motor_intercambio_global.py.html
[2026-05-30 17:05:44] INTERFACE SUSPEITA: motor_mensalidade_automatica.py.html
[2026-05-30 17:05:44] INTERFACE SUSPEITA: motor_precificacao_exata.py.html
[2026-05-30 17:05:44] INTERFACE SUSPEITA: motor_rotacao_inteligente.py.html
[2026-05-30 17:05:44] INTERFACE SUSPEITA: multi-pack-index.html.html
[2026-05-30 17:05:44] INTERFACE SUSPEITA: MyFirstContribution.html.html
[2026-05-30 17:05:44] INTERFACE SUSPEITA: MyFirstObjectWalk.html.html
[2026-05-30 17:05:44] INTERFACE SUSPEITA: navigation.html
[2026-05-30 17:05:44] INTERFACE SUSPEITA: new-command.html.html
[2026-05-30 17:05:44] INTERFACE SUSPEITA: nome_do_arquivo.py.html
[2026-05-30 17:05:44] INTERFACE SUSPEITA: ns.html
[2026-05-30 17:05:44] INTERFACE SUSPEITA: nucleo.py.html
[2026-05-30 17:05:44] INTERFACE SUSPEITA: NUCLEO_3_BRAINS_ENGINE.py.html
[2026-05-30 17:05:44] INTERFACE SUSPEITA: nucleo_auto.py.html
[2026-05-30 17:05:44] INTERFACE SUSPEITA: NUCLEO_CORRETOR_SINTAXE_FASE1.py.html
[2026-05-30 17:05:44] INTERFACE SUSPEITA: NUCLEO_INSTRUCOES_OPERACIONAIS_V1.py.html
[2026-05-30 17:05:44] INTERFACE SUSPEITA: NUCLEO_MASTER_CONSOLE.py.html
[2026-05-30 17:05:44] INTERFACE SUSPEITA: NUCLEO_MONETIZACAO_ESTRATEGICA.py.html
[2026-05-30 17:05:44] INTERFACE SUSPEITA: NUCLEO_ORQUESTRADOR_MULTIPORTAIS_V1.py.html
[2026-05-30 17:05:44] INTERFACE SUSPEITA: nucleo_perfis_coringa.py.html
[2026-05-30 17:05:44] INTERFACE SUSPEITA: NUCLEO_PRODUTIZADOR_ESTRATEGICO.py.html
[2026-05-30 17:05:44] INTERFACE SUSPEITA: NUCLEO_SERVICOS_EDUCACIONAIS_IOTEC.py.html
[2026-05-30 17:05:44] INTERFACE SUSPEITA: NUCLEO_SERVICOS_EDUCACIONAIS_IOTEC.py.html.html
[2026-05-30 17:05:44] INTERFACE SUSPEITA: NUCLEO_TRABALHOS_V1.py.html
[2026-05-30 17:05:44] INTERFACE SUSPEITA: NUCLEO_TRANSFORMADOR_DE_CONTEUDO_EM_PRODUTO.py.html
[2026-05-30 17:05:44] INTERFACE SUSPEITA: NÚCLEO_DE_AUDITORIA_AVANÇADO_VERSÃO_ULTRA_SUPER.py.html
[2026-05-30 17:05:44] INTERFACE SUSPEITA: NÚCLEO_DE_AUDITORIA__VERSÃO_FINAL_DEFINITIVA.py.html
[2026-05-30 17:05:44] INTERFACE SUSPEITA: organizador_projac.py.html
[2026-05-30 17:05:44] INTERFACE SUSPEITA: p11-kit-Deprecated.html.html
[2026-05-30 17:05:44] INTERFACE SUSPEITA: p11-kit-Future.html.html
[2026-05-30 17:05:44] INTERFACE SUSPEITA: p11-kit-Modules.html.html
[2026-05-30 17:05:44] INTERFACE SUSPEITA: p11-kit-PIN-Callbacks.html.html
[2026-05-30 17:05:44] INTERFACE SUSPEITA: p11-kit-URIs.html.html
[2026-05-30 17:05:44] INTERFACE SUSPEITA: p11-kit-Utilities.html.html
[2026-05-30 17:05:44] INTERFACE SUSPEITA: p11-kit.html.html
[2026-05-30 17:05:44] INTERFACE SUSPEITA: pack-heuristics.html.html
[2026-05-30 17:05:44] INTERFACE SUSPEITA: packfile-uri.html.html
[2026-05-30 17:05:44] INTERFACE SUSPEITA: pacote_final.py.html
[2026-05-30 17:05:44] INTERFACE SUSPEITA: pagamento.html
[2026-05-30 17:05:44] INTERFACE SUSPEITA: pagamento.html.html
[2026-05-30 17:05:44] INTERFACE SUSPEITA: pagamento__dup1.html.html
[2026-05-30 17:05:44] INTERFACE SUSPEITA: pagamento__dup2.html
[2026-05-30 17:05:44] INTERFACE SUSPEITA: pagamento__dup2.html.html
[2026-05-30 17:05:44] INTERFACE SUSPEITA: painel.html
[2026-05-30 17:05:44] INTERFACE SUSPEITA: painel.html.html
[2026-05-30 17:05:44] INTERFACE SUSPEITA: painel_financeiro.html
[2026-05-30 17:05:44] INTERFACE SUSPEITA: painel_financeiro.html.html
[2026-05-30 17:05:44] INTERFACE SUSPEITA: painel_full.html
[2026-05-30 17:05:44] INTERFACE SUSPEITA: painel_IOTEC.html
[2026-05-30 17:05:44] INTERFACE SUSPEITA: painel__dup1.html.html
[2026-05-30 17:05:44] INTERFACE SUSPEITA: painel__dup2.html.html
[2026-05-30 17:05:44] INTERFACE SUSPEITA: parallel-checkout.html.html
[2026-05-30 17:05:44] INTERFACE SUSPEITA: partial-clone.html.html
[2026-05-30 17:05:44] INTERFACE SUSPEITA: pkcs11-conf.html.html
[2026-05-30 17:05:44] INTERFACE SUSPEITA: Plataforma_IO_Booster.py.html
[2026-05-30 17:05:44] INTERFACE SUSPEITA: platform-support.html.html
[2026-05-30 17:05:44] INTERFACE SUSPEITA: platform_command_center_unified.py.html
[2026-05-30 17:05:44] INTERFACE SUSPEITA: platform_command_center_unified_01.py.html
[2026-05-30 17:05:44] INTERFACE SUSPEITA: policies.py.html
[2026-05-30 17:05:44] INTERFACE SUSPEITA: portal_1.html
[2026-05-30 17:05:44] INTERFACE SUSPEITA: portal_1.html.html
[2026-05-30 17:05:44] INTERFACE SUSPEITA: portal_10.html
[2026-05-30 17:05:44] INTERFACE SUSPEITA: portal_10.html.html
[2026-05-30 17:05:44] INTERFACE SUSPEITA: portal_11.html
[2026-05-30 17:05:44] INTERFACE SUSPEITA: portal_11.html.html
[2026-05-30 17:05:44] INTERFACE SUSPEITA: portal_12.html
[2026-05-30 17:05:44] INTERFACE SUSPEITA: portal_12.html.html
[2026-05-30 17:05:44] INTERFACE SUSPEITA: portal_13.html
[2026-05-30 17:05:44] INTERFACE SUSPEITA: portal_13.html.html
[2026-05-30 17:05:44] INTERFACE SUSPEITA: portal_14.html
[2026-05-30 17:05:44] INTERFACE SUSPEITA: portal_14.html.html
[2026-05-30 17:05:44] INTERFACE SUSPEITA: portal_15.html
[2026-05-30 17:05:44] INTERFACE SUSPEITA: portal_15.html.html
[2026-05-30 17:05:44] INTERFACE SUSPEITA: portal_16.html
[2026-05-30 17:05:44] INTERFACE SUSPEITA: portal_16.html.html
[2026-05-30 17:05:44] INTERFACE SUSPEITA: portal_17.html
[2026-05-30 17:05:44] INTERFACE SUSPEITA: portal_17.html.html
[2026-05-30 17:05:44] INTERFACE SUSPEITA: portal_18.html
[2026-05-30 17:05:44] INTERFACE SUSPEITA: portal_18.html.html
[2026-05-30 17:05:44] INTERFACE SUSPEITA: portal_19.html
[2026-05-30 17:05:44] INTERFACE SUSPEITA: portal_19.html.html
[2026-05-30 17:05:44] INTERFACE SUSPEITA: portal_2.html
[2026-05-30 17:05:44] INTERFACE SUSPEITA: portal_2.html.html
[2026-05-30 17:05:44] INTERFACE SUSPEITA: portal_20.html
[2026-05-30 17:05:44] INTERFACE SUSPEITA: portal_20.html.html
[2026-05-30 17:05:44] INTERFACE SUSPEITA: portal_21.html
[2026-05-30 17:05:44] INTERFACE SUSPEITA: portal_21.html.html
[2026-05-30 17:05:44] INTERFACE SUSPEITA: portal_22.html
[2026-05-30 17:05:44] INTERFACE SUSPEITA: portal_22.html.html
[2026-05-30 17:05:44] INTERFACE SUSPEITA: portal_23.html
[2026-05-30 17:05:44] INTERFACE SUSPEITA: portal_23.html.html
[2026-05-30 17:05:44] INTERFACE SUSPEITA: portal_24.html
[2026-05-30 17:05:44] INTERFACE SUSPEITA: portal_24.html.html
[2026-05-30 17:05:44] INTERFACE SUSPEITA: portal_25.html
[2026-05-30 17:05:44] INTERFACE SUSPEITA: portal_25.html.html
[2026-05-30 17:05:44] INTERFACE SUSPEITA: portal_26.html
[2026-05-30 17:05:44] INTERFACE SUSPEITA: portal_26.html.html
[2026-05-30 17:05:44] INTERFACE SUSPEITA: portal_27.html
[2026-05-30 17:05:44] INTERFACE SUSPEITA: portal_27.html.html
[2026-05-30 17:05:44] INTERFACE SUSPEITA: portal_28.html
[2026-05-30 17:05:44] INTERFACE SUSPEITA: portal_28.html.html
[2026-05-30 17:05:44] INTERFACE SUSPEITA: portal_29.html
[2026-05-30 17:05:44] INTERFACE SUSPEITA: portal_29.html.html
[2026-05-30 17:05:44] INTERFACE SUSPEITA: portal_3.html
[2026-05-30 17:05:44] INTERFACE SUSPEITA: portal_3.html.html
[2026-05-30 17:05:44] INTERFACE SUSPEITA: portal_30.html
[2026-05-30 17:05:44] INTERFACE SUSPEITA: portal_30.html.html
[2026-05-30 17:05:44] INTERFACE SUSPEITA: portal_31.html
[2026-05-30 17:05:44] INTERFACE SUSPEITA: portal_31.html.html
[2026-05-30 17:05:44] INTERFACE SUSPEITA: portal_32.html
[2026-05-30 17:05:44] INTERFACE SUSPEITA: portal_32.html.html
[2026-05-30 17:05:44] INTERFACE SUSPEITA: portal_33.html
[2026-05-30 17:05:44] INTERFACE SUSPEITA: portal_33.html.html
[2026-05-30 17:05:44] INTERFACE SUSPEITA: portal_34.html
[2026-05-30 17:05:44] INTERFACE SUSPEITA: portal_34.html.html
[2026-05-30 17:05:44] INTERFACE SUSPEITA: portal_35.html
[2026-05-30 17:05:44] INTERFACE SUSPEITA: portal_35.html.html
[2026-05-30 17:05:44] INTERFACE SUSPEITA: portal_36.html
[2026-05-30 17:05:44] INTERFACE SUSPEITA: portal_36.html.html
[2026-05-30 17:05:44] INTERFACE SUSPEITA: portal_37.html
[2026-05-30 17:05:44] INTERFACE SUSPEITA: portal_37.html.html
[2026-05-30 17:05:44] INTERFACE SUSPEITA: portal_38.html
[2026-05-30 17:05:44] INTERFACE SUSPEITA: portal_38.html.html
[2026-05-30 17:05:44] INTERFACE SUSPEITA: portal_39.html
[2026-05-30 17:05:44] INTERFACE SUSPEITA: portal_39.html.html
[2026-05-30 17:05:44] INTERFACE SUSPEITA: portal_4.html
[2026-05-30 17:05:44] INTERFACE SUSPEITA: portal_4.html.html
[2026-05-30 17:05:44] INTERFACE SUSPEITA: portal_40.html
[2026-05-30 17:05:44] INTERFACE SUSPEITA: portal_40.html.html
[2026-05-30 17:05:44] INTERFACE SUSPEITA: portal_41.html
[2026-05-30 17:05:44] INTERFACE SUSPEITA: portal_41.html.html
[2026-05-30 17:05:44] INTERFACE SUSPEITA: portal_42.html
[2026-05-30 17:05:44] INTERFACE SUSPEITA: portal_42.html.html
[2026-05-30 17:05:44] INTERFACE SUSPEITA: portal_43.html
[2026-05-30 17:05:44] INTERFACE SUSPEITA: portal_43.html.html
[2026-05-30 17:05:44] INTERFACE SUSPEITA: portal_44.html
[2026-05-30 17:05:44] INTERFACE SUSPEITA: portal_44.html.html
[2026-05-30 17:05:44] INTERFACE SUSPEITA: portal_45.html
[2026-05-30 17:05:44] INTERFACE SUSPEITA: portal_45.html.html
[2026-05-30 17:05:44] INTERFACE SUSPEITA: portal_46.html
[2026-05-30 17:05:44] INTERFACE SUSPEITA: portal_46.html.html
[2026-05-30 17:05:44] INTERFACE SUSPEITA: portal_47.html
[2026-05-30 17:05:44] INTERFACE SUSPEITA: portal_47.html.html
[2026-05-30 17:05:44] INTERFACE SUSPEITA: portal_48.html
[2026-05-30 17:05:44] INTERFACE SUSPEITA: portal_48.html.html
[2026-05-30 17:05:44] INTERFACE SUSPEITA: portal_49.html
[2026-05-30 17:05:44] INTERFACE SUSPEITA: portal_49.html.html
[2026-05-30 17:05:44] INTERFACE SUSPEITA: portal_5.html
[2026-05-30 17:05:44] INTERFACE SUSPEITA: portal_5.html.html
[2026-05-30 17:05:44] INTERFACE SUSPEITA: portal_50.html
[2026-05-30 17:05:44] INTERFACE SUSPEITA: portal_50.html.html
[2026-05-30 17:05:44] INTERFACE SUSPEITA: portal_51.html
[2026-05-30 17:05:44] INTERFACE SUSPEITA: portal_51.html.html
[2026-05-30 17:05:44] INTERFACE SUSPEITA: portal_52.html
[2026-05-30 17:05:44] INTERFACE SUSPEITA: portal_52.html.html
[2026-05-30 17:05:44] INTERFACE SUSPEITA: portal_53.html
[2026-05-30 17:05:44] INTERFACE SUSPEITA: portal_53.html.html
[2026-05-30 17:05:44] INTERFACE SUSPEITA: portal_54.html
[2026-05-30 17:05:44] INTERFACE SUSPEITA: portal_54.html.html
[2026-05-30 17:05:44] INTERFACE SUSPEITA: portal_55.html
[2026-05-30 17:05:44] INTERFACE SUSPEITA: portal_55.html.html
[2026-05-30 17:05:44] INTERFACE SUSPEITA: portal_56.html
[2026-05-30 17:05:44] INTERFACE SUSPEITA: portal_56.html.html
[2026-05-30 17:05:44] INTERFACE SUSPEITA: portal_57.html
[2026-05-30 17:05:44] INTERFACE SUSPEITA: portal_57.html.html
[2026-05-30 17:05:44] INTERFACE SUSPEITA: portal_58.html
[2026-05-30 17:05:44] INTERFACE SUSPEITA: portal_58.html.html
[2026-05-30 17:05:44] INTERFACE SUSPEITA: portal_59.html
[2026-05-30 17:05:44] INTERFACE SUSPEITA: portal_59.html.html
[2026-05-30 17:05:44] INTERFACE SUSPEITA: portal_6.html
[2026-05-30 17:05:44] INTERFACE SUSPEITA: portal_6.html.html
[2026-05-30 17:05:44] INTERFACE SUSPEITA: portal_60.html
[2026-05-30 17:05:44] INTERFACE SUSPEITA: portal_60.html.html
[2026-05-30 17:05:44] INTERFACE SUSPEITA: portal_61.html
[2026-05-30 17:05:44] INTERFACE SUSPEITA: portal_61.html.html
[2026-05-30 17:05:44] INTERFACE SUSPEITA: portal_62.html
[2026-05-30 17:05:44] INTERFACE SUSPEITA: portal_62.html.html
[2026-05-30 17:05:44] INTERFACE SUSPEITA: portal_63.html
[2026-05-30 17:05:44] INTERFACE SUSPEITA: portal_63.html.html
[2026-05-30 17:05:44] INTERFACE SUSPEITA: portal_64.html
[2026-05-30 17:05:44] INTERFACE SUSPEITA: portal_64.html.html
[2026-05-30 17:05:44] INTERFACE SUSPEITA: portal_65.html
[2026-05-30 17:05:44] INTERFACE SUSPEITA: portal_65.html.html
[2026-05-30 17:05:44] INTERFACE SUSPEITA: portal_66.html
[2026-05-30 17:05:44] INTERFACE SUSPEITA: portal_66.html.html
[2026-05-30 17:05:44] INTERFACE SUSPEITA: portal_67.html
[2026-05-30 17:05:44] INTERFACE SUSPEITA: portal_67.html.html
[2026-05-30 17:05:44] INTERFACE SUSPEITA: portal_68.html
[2026-05-30 17:05:44] INTERFACE SUSPEITA: portal_68.html.html
[2026-05-30 17:05:44] INTERFACE SUSPEITA: portal_69.html
[2026-05-30 17:05:44] INTERFACE SUSPEITA: portal_69.html.html
[2026-05-30 17:05:44] INTERFACE SUSPEITA: portal_7.html
[2026-05-30 17:05:44] INTERFACE SUSPEITA: portal_7.html.html
[2026-05-30 17:05:44] INTERFACE SUSPEITA: portal_70.html
[2026-05-30 17:05:44] INTERFACE SUSPEITA: portal_70.html.html
[2026-05-30 17:05:44] INTERFACE SUSPEITA: portal_71.html
[2026-05-30 17:05:44] INTERFACE SUSPEITA: portal_71.html.html
[2026-05-30 17:05:44] INTERFACE SUSPEITA: portal_72.html
[2026-05-30 17:05:44] INTERFACE SUSPEITA: portal_72.html.html
[2026-05-30 17:05:44] INTERFACE SUSPEITA: portal_73.html
[2026-05-30 17:05:44] INTERFACE SUSPEITA: portal_73.html.html
[2026-05-30 17:05:44] INTERFACE SUSPEITA: portal_74.html
[2026-05-30 17:05:44] INTERFACE SUSPEITA: portal_74.html.html
[2026-05-30 17:05:44] INTERFACE SUSPEITA: portal_75.html
[2026-05-30 17:05:44] INTERFACE SUSPEITA: portal_75.html.html
[2026-05-30 17:05:44] INTERFACE SUSPEITA: portal_76.html
[2026-05-30 17:05:44] INTERFACE SUSPEITA: portal_76.html.html
[2026-05-30 17:05:44] INTERFACE SUSPEITA: portal_77.html
[2026-05-30 17:05:44] INTERFACE SUSPEITA: portal_77.html.html
[2026-05-30 17:05:44] INTERFACE SUSPEITA: portal_78.html
[2026-05-30 17:05:44] INTERFACE SUSPEITA: portal_78.html.html
[2026-05-30 17:05:44] INTERFACE SUSPEITA: portal_79.html
[2026-05-30 17:05:44] INTERFACE SUSPEITA: portal_79.html.html
[2026-05-30 17:05:44] INTERFACE SUSPEITA: portal_8.html
[2026-05-30 17:05:44] INTERFACE SUSPEITA: portal_8.html.html
[2026-05-30 17:05:44] INTERFACE SUSPEITA: portal_80.html
[2026-05-30 17:05:44] INTERFACE SUSPEITA: portal_80.html.html
[2026-05-30 17:05:44] INTERFACE SUSPEITA: portal_81.html
[2026-05-30 17:05:44] INTERFACE SUSPEITA: portal_81.html.html
[2026-05-30 17:05:44] INTERFACE SUSPEITA: portal_82.html
[2026-05-30 17:05:44] INTERFACE SUSPEITA: portal_82.html.html
[2026-05-30 17:05:44] INTERFACE SUSPEITA: portal_83.html
[2026-05-30 17:05:44] INTERFACE SUSPEITA: portal_83.html.html
[2026-05-30 17:05:44] INTERFACE SUSPEITA: portal_84.html
[2026-05-30 17:05:44] INTERFACE SUSPEITA: portal_84.html.html
[2026-05-30 17:05:44] INTERFACE SUSPEITA: portal_85.html
[2026-05-30 17:05:44] INTERFACE SUSPEITA: portal_85.html.html
[2026-05-30 17:05:44] INTERFACE SUSPEITA: portal_86.html
[2026-05-30 17:05:44] INTERFACE SUSPEITA: portal_86.html.html
[2026-05-30 17:05:44] INTERFACE SUSPEITA: portal_87.html
[2026-05-30 17:05:44] INTERFACE SUSPEITA: portal_87.html.html
[2026-05-30 17:05:44] INTERFACE SUSPEITA: portal_88.html
[2026-05-30 17:05:44] INTERFACE SUSPEITA: portal_88.html.html
[2026-05-30 17:05:44] INTERFACE SUSPEITA: portal_89.html
[2026-05-30 17:05:44] INTERFACE SUSPEITA: portal_89.html.html
[2026-05-30 17:05:44] INTERFACE SUSPEITA: portal_9.html
[2026-05-30 17:05:44] INTERFACE SUSPEITA: portal_9.html.html
[2026-05-30 17:05:44] INTERFACE SUSPEITA: portal_90.html
[2026-05-30 17:05:44] INTERFACE SUSPEITA: portal_90.html.html
[2026-05-30 17:05:44] INTERFACE SUSPEITA: portal_91.html
[2026-05-30 17:05:44] INTERFACE SUSPEITA: portal_91.html.html
[2026-05-30 17:05:44] INTERFACE SUSPEITA: portal_92.html
[2026-05-30 17:05:44] INTERFACE SUSPEITA: portal_92.html.html
[2026-05-30 17:05:44] INTERFACE SUSPEITA: portal_93.html
[2026-05-30 17:05:44] INTERFACE SUSPEITA: portal_93.html.html
[2026-05-30 17:05:44] INTERFACE SUSPEITA: portal_94.html
[2026-05-30 17:05:44] INTERFACE SUSPEITA: portal_94.html.html
[2026-05-30 17:05:44] INTERFACE SUSPEITA: portal_95.html
[2026-05-30 17:05:44] INTERFACE SUSPEITA: portal_95.html.html
[2026-05-30 17:05:44] INTERFACE SUSPEITA: portal_96.html
[2026-05-30 17:05:44] INTERFACE SUSPEITA: portal_96.html.html
[2026-05-30 17:05:45] INTERFACE SUSPEITA: portal_97.html
[2026-05-30 17:05:45] INTERFACE SUSPEITA: portal_97.html.html
[2026-05-30 17:05:45] INTERFACE SUSPEITA: portal_98.html
[2026-05-30 17:05:45] INTERFACE SUSPEITA: portal_98.html.html
[2026-05-30 17:05:45] INTERFACE SUSPEITA: portal_global.html
[2026-05-30 17:05:45] INTERFACE SUSPEITA: PORTAL_IOTEC_SHOPPING_INTERNACIONAL_V1.py.html
[2026-05-30 17:05:45] INTERFACE SUSPEITA: PORTAL_IOTEC_SHOPPING_INTERNACIONAL_V1.py.html.html
[2026-05-30 17:05:45] INTERFACE SUSPEITA: PORTAL_IOTEC_SHOPPING_INTERNACIONAL_V2_PREMIUM.py.html
[2026-05-30 17:05:45] INTERFACE SUSPEITA: PORTAL_IOTEC_SHOPPING_INTERNACIONAL_V2_PREMIUM.py.html.html
[2026-05-30 17:05:45] INTERFACE SUSPEITA: PORTAL_QR_DIRETO_IOTEC_BL.py.html
[2026-05-30 17:05:45] INTERFACE SUSPEITA: PORTAL_QR_DIRETO_IOTEC_BL.py.html.html
[2026-05-30 17:05:45] INTERFACE SUSPEITA: PORTAL_QR_PAGAMENTOS_IOTEC_BL.py.html
[2026-05-30 17:05:45] INTERFACE SUSPEITA: PORTAL_QR_PAGAMENTOS_IOTEC_BL.py.html.html
[2026-05-30 17:05:45] INTERFACE SUSPEITA: PORTAL_RECEBIMENTO_IOTEC_BL.py.html
[2026-05-30 17:05:45] INTERFACE SUSPEITA: PORTAL_RECEBIMENTO_IOTEC_BL.py.html.html
[2026-05-30 17:05:45] INTERFACE SUSPEITA: portal_render_premium.py.html
[2026-05-30 17:05:45] INTERFACE SUSPEITA: PORTAL_SOLUCOES_POPULARES_V1.py.html
[2026-05-30 17:05:45] INTERFACE SUSPEITA: PORTAL_SOLUCOES_POPULARES_V2.py.html
[2026-05-30 17:05:45] INTERFACE SUSPEITA: ports.py.html
[2026-05-30 17:05:45] INTERFACE SUSPEITA: prateleira.html
[2026-05-30 17:05:45] INTERFACE SUSPEITA: prateleira_digital_snia.html.html
[2026-05-30 17:05:45] INTERFACE SUSPEITA: prevencao_integrada.py.html
[2026-05-30 17:05:45] INTERFACE SUSPEITA: prev_integrada_avancada.py.html
[2026-05-30 17:05:45] INTERFACE SUSPEITA: processor.py.html
[2026-05-30 17:05:45] INTERFACE SUSPEITA: produtos.html
[2026-05-30 17:05:45] INTERFACE SUSPEITA: produtos.html.html
[2026-05-30 17:05:45] INTERFACE SUSPEITA: produto_digital.py.html
[2026-05-30 17:05:45] INTERFACE SUSPEITA: project_lab_engine.py.html
[2026-05-30 17:05:45] INTERFACE SUSPEITA: protocolo_portas_ecossistema.py.html
[2026-05-30 17:05:45] INTERFACE SUSPEITA: proxy.html.html
[2026-05-30 17:05:45] INTERFACE SUSPEITA: python START_ECOSSISTEMA.py.html
[2026-05-30 17:05:45] INTERFACE SUSPEITA: quarantine.py.html
[2026-05-30 17:05:45] INTERFACE SUSPEITA: raban_engine.py.html
[2026-05-30 17:05:45] INTERFACE SUSPEITA: racy-git.html.html
[2026-05-30 17:05:45] INTERFACE SUSPEITA: raiox_capacidades.py.html
[2026-05-30 17:05:45] INTERFACE SUSPEITA: ranking_apppy_nucleo.py.html
[2026-05-30 17:05:45] INTERFACE SUSPEITA: rebase-from-internal-branch.html.html
[2026-05-30 17:05:45] INTERFACE SUSPEITA: rebuild-from-update-hook.html.html
[2026-05-30 17:05:45] INTERFACE SUSPEITA: recepcao.html
[2026-05-30 17:05:45] INTERFACE SUSPEITA: recepcao.html.html
[2026-05-30 17:05:45] INTERFACE SUSPEITA: recepcao__dup1.html
[2026-05-30 17:05:45] INTERFACE SUSPEITA: recepcao__dup1.html.html
[2026-05-30 17:05:45] INTERFACE SUSPEITA: recepcao__dup2.html.html
[2026-05-30 17:05:45] INTERFACE SUSPEITA: recover-corrupted-blob-object.html.html
[2026-05-30 17:05:45] INTERFACE SUSPEITA: recover-corrupted-object-harder.html.html
[2026-05-30 17:05:45] INTERFACE SUSPEITA: reference.html.html
[2026-05-30 17:05:45] INTERFACE SUSPEITA: reftable.html.html
[2026-05-30 17:05:45] INTERFACE SUSPEITA: registry.py.html
[2026-05-30 17:05:45] INTERFACE SUSPEITA: relations.html
[2026-05-30 17:05:45] INTERFACE SUSPEITA: remembering-renames.html.html
[2026-05-30 17:05:45] INTERFACE SUSPEITA: remoting.html.html
[2026-05-30 17:05:45] INTERFACE SUSPEITA: render_template_string.py.html
[2026-05-30 17:05:45] INTERFACE SUSPEITA: reparo_completo_automatico.py.html
[2026-05-30 17:05:45] INTERFACE SUSPEITA: reparo_nucleo.py.html
[2026-05-30 17:05:45] INTERFACE SUSPEITA: report.py.html
[2026-05-30 17:05:45] INTERFACE SUSPEITA: reportagem_auditoria_v3.py.html
[2026-05-30 17:05:45] INTERFACE SUSPEITA: reportagem_integrada_projac.py.html
[2026-05-30 17:05:45] INTERFACE SUSPEITA: reports.py.html
[2026-05-30 17:05:45] INTERFACE SUSPEITA: report_execucao_aurora.py.html
[2026-05-30 17:05:45] INTERFACE SUSPEITA: report_generator.py.html
[2026-05-30 17:05:45] INTERFACE SUSPEITA: repository-version.html.html
[2026-05-30 17:05:45] INTERFACE SUSPEITA: rerere.html.html
[2026-05-30 17:05:45] INTERFACE SUSPEITA: revert-a-faulty-merge.html.html
[2026-05-30 17:05:45] INTERFACE SUSPEITA: revert-branch-rebase.html.html
[2026-05-30 17:05:45] INTERFACE SUSPEITA: ReviewingGuidelines.html.html
[2026-05-30 17:05:45] INTERFACE SUSPEITA: rfq_generator.py.html
[2026-05-30 17:05:45] INTERFACE SUSPEITA: rum.py.html
[2026-05-30 17:05:45] INTERFACE SUSPEITA: run.py.html
[2026-05-30 17:05:45] INTERFACE SUSPEITA: salary_simulator.py.html
[2026-05-30 17:05:45] INTERFACE SUSPEITA: saude.html
[2026-05-30 17:05:45] INTERFACE SUSPEITA: saved_resource.html
[2026-05-30 17:05:45] INTERFACE SUSPEITA: scalar.html.html
[2026-05-30 17:05:45] INTERFACE SUSPEITA: scalar__dup1.html.html
[2026-05-30 17:05:45] INTERFACE SUSPEITA: scanner_nucleo_iotec.py.html
[2026-05-30 17:05:45] INTERFACE SUSPEITA: SECRETARIA_EDUCACAO_V1.py.html
[2026-05-30 17:05:45] INTERFACE SUSPEITA: SECRETARIA_SAUDE_IBICUITINGA_V1.py.html
[2026-05-30 17:05:45] INTERFACE SUSPEITA: send-pack-pipeline.html.html
[2026-05-30 17:05:45] INTERFACE SUSPEITA: separating-topic-branches.html.html
[2026-05-30 17:05:45] INTERFACE SUSPEITA: server.py.html
[2026-05-30 17:05:45] INTERFACE SUSPEITA: setup-git-server-over-http.html.html
[2026-05-30 17:05:45] INTERFACE SUSPEITA: seu_arquivo.py.html
[2026-05-30 17:05:45] INTERFACE SUSPEITA: shallow.html.html
[2026-05-30 17:05:45] INTERFACE SUSPEITA: sharing-managed.html.html
[2026-05-30 17:05:45] INTERFACE SUSPEITA: sharing.html.html
[2026-05-30 17:05:45] INTERFACE SUSPEITA: SIGE_EFN_PLATAFORMA.py.html
[2026-05-30 17:05:45] INTERFACE SUSPEITA: SIGE_EFN_PLATAFORMA_V2.py.html
[2026-05-30 17:05:45] INTERFACE SUSPEITA: sistema_de_inteligencia_interna.py.html
[2026-05-30 17:05:45] INTERFACE SUSPEITA: SNIA_PRATELEIRA_FULLSCREEN.py.html
[2026-05-30 17:05:45] INTERFACE SUSPEITA: sparse-checkout.html.html
[2026-05-30 17:05:45] INTERFACE SUSPEITA: sparse-index.html.html
[2026-05-30 17:05:45] INTERFACE SUSPEITA: START_ECOSSISTEMA.py.html
[2026-05-30 17:05:45] INTERFACE SUSPEITA: state.py.html
[2026-05-30 17:05:46] INTERFACE SUSPEITA: StrategicCore.py.html
[2026-05-30 17:05:46] INTERFACE SUSPEITA: stream__flags_8h.html.html
[2026-05-30 17:05:46] INTERFACE SUSPEITA: structlzma__allocator.html.html
[2026-05-30 17:05:46] INTERFACE SUSPEITA: structlzma__block.html.html
[2026-05-30 17:05:46] INTERFACE SUSPEITA: structlzma__filter.html.html
[2026-05-30 17:05:46] INTERFACE SUSPEITA: structlzma__index__iter.html.html
[2026-05-30 17:05:46] INTERFACE SUSPEITA: structlzma__mt.html.html
[2026-05-30 17:05:46] INTERFACE SUSPEITA: structlzma__options__bcj.html.html
[2026-05-30 17:05:46] INTERFACE SUSPEITA: structlzma__options__delta.html.html
[2026-05-30 17:05:46] INTERFACE SUSPEITA: structlzma__options__lzma.html.html
[2026-05-30 17:05:46] INTERFACE SUSPEITA: structlzma__stream.html.html
[2026-05-30 17:05:46] INTERFACE SUSPEITA: structlzma__stream__flags.html.html
[2026-05-30 17:05:46] INTERFACE SUSPEITA: SubmittingPatches.html.html
[2026-05-30 17:05:46] INTERFACE SUSPEITA: suporte.html
[2026-05-30 17:05:46] INTERFACE SUSPEITA: suporte.html.html
[2026-05-30 17:05:46] INTERFACE SUSPEITA: SUS_COREM_MODULO_LABORATORIO_FULLSCREEN_V1.py.html
[2026-05-30 17:05:46] INTERFACE SUSPEITA: SUS_COREM_SAUDE_INTEGRAL_FULLSCREEN_V1.py.html
[2026-05-30 17:05:46] INTERFACE SUSPEITA: system.py.html
[2026-05-30 17:05:46] INTERFACE SUSPEITA: tcc_engine.py.html
[2026-05-30 17:05:46] INTERFACE SUSPEITA: Technical_Brain.py.html
[2026-05-30 17:05:46] INTERFACE SUSPEITA: telemetry_receiver.py.html
[2026-05-30 17:05:46] INTERFACE SUSPEITA: templates_dashboard.html
[2026-05-30 17:05:46] INTERFACE SUSPEITA: teste_voz.py.html
[2026-05-30 17:05:46] INTERFACE SUSPEITA: ThreeBrainsEngine.py.html
[2026-05-30 17:05:46] INTERFACE SUSPEITA: tools.html.html
[2026-05-30 17:05:46] INTERFACE SUSPEITA: ToolsForGit.html.html
[2026-05-30 17:05:46] INTERFACE SUSPEITA: TORII_PORTAL_OFICIAL.py.html
[2026-05-30 17:05:46] INTERFACE SUSPEITA: TRANSFORMATION_CORE_ENGINE.py.html
[2026-05-30 17:05:46] INTERFACE SUSPEITA: trivial-merge.html.html
[2026-05-30 17:05:46] INTERFACE SUSPEITA: trust-disable.html.html
[2026-05-30 17:05:46] INTERFACE SUSPEITA: trust-module.html.html
[2026-05-30 17:05:46] INTERFACE SUSPEITA: trust-nss.html.html
[2026-05-30 17:05:46] INTERFACE SUSPEITA: trust.html.html
[2026-05-30 17:05:46] INTERFACE SUSPEITA: unambiguous-types.html.html
[2026-05-30 17:05:46] INTERFACE SUSPEITA: unit-tests.html.html
[2026-05-30 17:05:46] INTERFACE SUSPEITA: update-hook-example.html.html
[2026-05-30 17:05:46] INTERFACE SUSPEITA: use-git-daemon.html.html
[2026-05-30 17:05:46] INTERFACE SUSPEITA: user-manual.html.html
[2026-05-30 17:05:46] INTERFACE SUSPEITA: using-merge-subtree.html.html
[2026-05-30 17:05:46] INTERFACE SUSPEITA: using-signed-tag-in-pull-request.html.html
[2026-05-30 17:05:46] INTERFACE SUSPEITA: utf8.html
[2026-05-30 17:05:46] INTERFACE SUSPEITA: validar_ciberjustica.py.html
[2026-05-30 17:05:46] INTERFACE SUSPEITA: validator.py.html
[2026-05-30 17:05:46] INTERFACE SUSPEITA: version_8h.html.html
[2026-05-30 17:05:46] INTERFACE SUSPEITA: vitals_analyzer.py.html
[2026-05-30 17:05:46] INTERFACE SUSPEITA: vli_8h.html.html
[2026-05-30 17:05:46] INTERFACE SUSPEITA: whats_new_empty.html
[2026-05-30 17:05:46] INTERFACE SUSPEITA: _BACKUP_RECONSTRUCAO_TOTAL__IOTEC_MASTER_20260325_071212.bak.py.html
[2026-05-30 17:05:46] INTERFACE SUSPEITA: _BACKUP_RECONSTRUCAO_TOTAL__IOTEC_MASTER_20260325_071212.bak.py.html.html
[2026-05-30 17:05:46] INTERFACE SUSPEITA: __init__.py.html
[2026-05-30 17:05:47] DUPLICADO: GOVERNANA_OPERACIONAL.py
[2026-05-30 17:05:47] HASH DUPLICADO: GOVERNANA_OPERACIONAL.py
[2026-05-30 17:05:47] DUPLICADO: GOVERNANA_OPERACIONAL_AUTOMATIZADA.py
[2026-05-30 17:05:47] HASH DUPLICADO: GOVERNANA_OPERACIONAL_AUTOMATIZADA.py
[2026-05-30 17:05:47] DUPLICADO: governance.py
[2026-05-30 17:05:47] HASH DUPLICADO: governance.py
[2026-05-30 17:05:47] DUPLICADO: MASTER_GOVERNANCE.py
[2026-05-30 17:05:47] HASH DUPLICADO: MASTER_GOVERNANCE.py
[2026-05-30 17:05:47] DUPLICADO: 20260512_183920_Iotec_Spine_Core.py
[2026-05-30 17:05:47] HASH DUPLICADO: 20260512_183920_Iotec_Spine_Core.py
[2026-05-30 17:05:47] DUPLICADO: 50000.py
[2026-05-30 17:05:47] HASH DUPLICADO: 50000.py
[2026-05-30 17:05:47] DUPLICADO: abrir_Servico.py
[2026-05-30 17:05:47] HASH DUPLICADO: abrir_Servico.py
[2026-05-30 17:05:47] HASH DUPLICADO: ACESSO.AO.SISTEMA.PRIVADO.PY
[2026-05-30 17:05:47] DUPLICADO: ADAPTADOR_DE_ROTAS.py
[2026-05-30 17:05:47] HASH DUPLICADO: ADAPTADOR_DE_ROTAS.py
[2026-05-30 17:05:47] DUPLICADO: adapter_erp_cliente.py
[2026-05-30 17:05:47] HASH DUPLICADO: adapter_erp_cliente.py
[2026-05-30 17:05:47] DUPLICADO: advisor.py
[2026-05-30 17:05:47] HASH DUPLICADO: advisor.py
[2026-05-30 17:05:47] DUPLICADO: agente.py
[2026-05-30 17:05:47] HASH DUPLICADO: agente.py
[2026-05-30 17:05:47] DUPLICADO: ajustar_zoom_inteligente.py
[2026-05-30 17:05:47] HASH DUPLICADO: ajustar_zoom_inteligente.py
[2026-05-30 17:05:47] DUPLICADO: alignment.py
[2026-05-30 17:05:47] HASH DUPLICADO: alignment.py
[2026-05-30 17:05:47] HASH DUPLICADO: Analisar.os.blocos.py
[2026-05-30 17:05:47] DUPLICADO: analisar_cenario.py
[2026-05-30 17:05:47] HASH DUPLICADO: analisar_cenario.py
[2026-05-30 17:05:47] DUPLICADO: analise_nucleo.py
[2026-05-30 17:05:47] HASH DUPLICADO: analise_nucleo.py
[2026-05-30 17:05:48] HASH DUPLICADO: anomalias.py
[2026-05-30 17:05:48] DUPLICADO: app.py
[2026-05-30 17:05:48] HASH DUPLICADO: app.py
[2026-05-30 17:05:48] DUPLICADO: ARQUEOLOGIA_DIGITAL.py
[2026-05-30 17:05:48] HASH DUPLICADO: ARQUEOLOGIA_DIGITAL.py
[2026-05-30 17:05:48] DUPLICADO: ARQUITETURA_MODULAR_OPERACIONAL.py
[2026-05-30 17:05:48] HASH DUPLICADO: ARQUITETURA_MODULAR_OPERACIONAL.py
[2026-05-30 17:05:48] HASH DUPLICADO: asmitacore.py
[2026-05-30 17:05:48] DUPLICADO: ATUALIZACAO_NO_NUCLEO.py
[2026-05-30 17:05:48] HASH DUPLICADO: ATUALIZACAO_NO_NUCLEO.py
[2026-05-30 17:05:48] DUPLICADO: auditoria_estrategica.py
[2026-05-30 17:05:48] HASH DUPLICADO: auditoria_estrategica.py
[2026-05-30 17:05:48] DUPLICADO: auditoria_nucleo.py
[2026-05-30 17:05:48] HASH DUPLICADO: auditoria_nucleo.py
[2026-05-30 17:05:48] HASH DUPLICADO: AUTENTICAO.SUPREMA.py
[2026-05-30 17:05:48] DUPLICADO: auto_patch.py
[2026-05-30 17:05:48] HASH DUPLICADO: auto_patch.py
[2026-05-30 17:05:48] DUPLICADO: BACKEND_COM_FLUXO_COMPLETO.py
[2026-05-30 17:05:48] HASH DUPLICADO: BACKEND_COM_FLUXO_COMPLETO.py
[2026-05-30 17:05:48] DUPLICADO: BACKUPS.AUTOMATIZADOS.py
[2026-05-30 17:05:48] HASH DUPLICADO: BACKUPS.AUTOMATIZADOS.py
[2026-05-30 17:05:48] DUPLICADO: BACKUP_20260511_185831.py
[2026-05-30 17:05:48] HASH DUPLICADO: BACKUP_20260511_185831.py
[2026-05-30 17:05:48] HASH DUPLICADO: biblioteca.nacional.py
[2026-05-30 17:05:48] HASH DUPLICADO: Blocos.py
[2026-05-30 17:05:49] DUPLICADO: calcular_score.py
[2026-05-30 17:05:49] HASH DUPLICADO: calcular_score.py
[2026-05-30 17:05:49] HASH DUPLICADO: Cdigo.VK.CLOUD.004.py
[2026-05-30 17:05:49] HASH DUPLICADO: Cdigo.VK.DEF.006.py
[2026-05-30 17:05:49] HASH DUPLICADO: Cdigo.VK.py
[2026-05-30 17:05:49] DUPLICADO: CENTRAL_CORE.py
[2026-05-30 17:05:49] HASH DUPLICADO: CENTRAL_CORE.py
[2026-05-30 17:05:49] DUPLICADO: Central_Operacional.py
[2026-05-30 17:05:49] HASH DUPLICADO: Central_Operacional.py
[2026-05-30 17:05:49] DUPLICADO: CHAT_GLOBAL.py
[2026-05-30 17:05:49] HASH DUPLICADO: CHAT_GLOBAL.py
[2026-05-30 17:05:49] HASH DUPLICADO: chave.de.integracao.py
[2026-05-30 17:05:49] DUPLICADO: CINEMATIC_OPERATIONS.py
[2026-05-30 17:05:49] HASH DUPLICADO: CINEMATIC_OPERATIONS.py
[2026-05-30 17:05:49] HASH DUPLICADO: class.Asmita.Guardian.py
[2026-05-30 17:05:50] DUPLICADO: CLIENTE_INTERNACIONAL.py
[2026-05-30 17:05:50] HASH DUPLICADO: CLIENTE_INTERNACIONAL.py
[2026-05-30 17:05:50] DUPLICADO: coletor_email.py
[2026-05-30 17:05:50] HASH DUPLICADO: coletor_email.py
[2026-05-30 17:05:50] HASH DUPLICADO: COMPLEXO.DIGITAL.GLOBAL.py
[2026-05-30 17:05:50] HASH DUPLICADO: Complexo.Nucleo.py
[2026-05-30 17:05:51] DUPLICADO: COMUNICAAO_NULEO.PY
[2026-05-30 17:05:51] HASH DUPLICADO: COMUNICAAO_NULEO.PY
[2026-05-30 17:05:51] DUPLICADO: conciencia_do_nucleo.py
[2026-05-30 17:05:51] HASH DUPLICADO: conciencia_do_nucleo.py
[2026-05-30 17:05:51] DUPLICADO: concierge.py
[2026-05-30 17:05:51] HASH DUPLICADO: concierge.py
[2026-05-30 17:05:51] DUPLICADO: config.py
[2026-05-30 17:05:51] HASH DUPLICADO: config.py
[2026-05-30 17:05:51] DUPLICADO: CONFIGURADOR_AUTOMATICO.py
[2026-05-30 17:05:51] HASH DUPLICADO: CONFIGURADOR_AUTOMATICO.py
[2026-05-30 17:05:51] HASH DUPLICADO: CONFORMIDADE.py
[2026-05-30 17:05:51] DUPLICADO: CONSOLIDADOR_E_FILTRO.py
[2026-05-30 17:05:51] HASH DUPLICADO: CONSOLIDADOR_E_FILTRO.py
[2026-05-30 17:05:51] DUPLICADO: CONSOLIDATION_ENGINE.py
[2026-05-30 17:05:51] HASH DUPLICADO: CONSOLIDATION_ENGINE.py
[2026-05-30 17:05:51] DUPLICADO: CONTEUDO_REAL_DOS_SERVICOS.py
[2026-05-30 17:05:51] HASH DUPLICADO: CONTEUDO_REAL_DOS_SERVICOS.py
[2026-05-30 17:05:51] DUPLICADO: CONTROLE_DE_CUSTOS.py
[2026-05-30 17:05:51] HASH DUPLICADO: CONTROLE_DE_CUSTOS.py
[2026-05-30 17:05:51] DUPLICADO: Conversacional_Moderna.py
[2026-05-30 17:05:51] HASH DUPLICADO: Conversacional_Moderna.py
[2026-05-30 17:05:51] DUPLICADO: CORE_MASTER.py
[2026-05-30 17:05:51] HASH DUPLICADO: CORE_MASTER.py
[2026-05-30 17:05:51] DUPLICADO: corporate_nucleus.py
[2026-05-30 17:05:51] HASH DUPLICADO: corporate_nucleus.py
[2026-05-30 17:05:51] DUPLICADO: CREATIVE_EXPLORER.py
[2026-05-30 17:05:51] HASH DUPLICADO: CREATIVE_EXPLORER.py
[2026-05-30 17:05:51] DUPLICADO: criar_entrega.py
[2026-05-30 17:05:51] HASH DUPLICADO: criar_entrega.py
[2026-05-30 17:05:52] DUPLICADO: DATA_REFINERY_SYSTEM.py
[2026-05-30 17:05:52] HASH DUPLICADO: DATA_REFINERY_SYSTEM.py
[2026-05-30 17:05:52] DUPLICADO: DEEP_CORE_SCANNER.py
[2026-05-30 17:05:52] HASH DUPLICADO: DEEP_CORE_SCANNER.py
[2026-05-30 17:05:52] HASH DUPLICADO: def.activate.py
[2026-05-30 17:05:52] DUPLICADO: definir_plano.py
[2026-05-30 17:05:52] HASH DUPLICADO: definir_plano.py
[2026-05-30 17:05:52] DUPLICADO: DETECCAO_DE_ALTO_RETORNO.py
[2026-05-30 17:05:52] HASH DUPLICADO: DETECCAO_DE_ALTO_RETORNO.py
[2026-05-30 17:05:52] DUPLICADO: detectar_idioma.py
[2026-05-30 17:05:52] HASH DUPLICADO: detectar_idioma.py
[2026-05-30 17:05:52] DUPLICADO: DETECTAR_INTERFACES_EXTERNNAS.py
[2026-05-30 17:05:52] HASH DUPLICADO: DETECTAR_INTERFACES_EXTERNNAS.py
[2026-05-30 17:05:52] DUPLICADO: diagnostico.py
[2026-05-30 17:05:52] HASH DUPLICADO: diagnostico.py
[2026-05-30 17:05:52] DUPLICADO: dialogo.py
[2026-05-30 17:05:52] HASH DUPLICADO: dialogo.py
[2026-05-30 17:05:52] DUPLICADO: DISPARAR_DEPLOY.py
[2026-05-30 17:05:52] HASH DUPLICADO: DISPARAR_DEPLOY.py
[2026-05-30 17:05:53] DUPLICADO: dossie.py
[2026-05-30 17:05:53] HASH DUPLICADO: dossie.py
[2026-05-30 17:05:53] DUPLICADO: ECOSSISTEMA_DE_IA_ASSISTIVA.py
[2026-05-30 17:05:53] HASH DUPLICADO: ECOSSISTEMA_DE_IA_ASSISTIVA.py
[2026-05-30 17:05:53] DUPLICADO: email_bridge.py
[2026-05-30 17:05:53] HASH DUPLICADO: email_bridge.py
[2026-05-30 17:05:53] DUPLICADO: engine.py
[2026-05-30 17:05:53] HASH DUPLICADO: engine.py
[2026-05-30 17:05:53] DUPLICADO: Entrada_no_Sistema.py
[2026-05-30 17:05:53] DUPLICADO: entrada_principal_main.py
[2026-05-30 17:05:53] HASH DUPLICADO: entrada_principal_main.py
[2026-05-30 17:05:53] DUPLICADO: enviar_email.py
[2026-05-30 17:05:53] HASH DUPLICADO: enviar_email.py
[2026-05-30 17:05:53] HASH DUPLICADO: EQUIP.ORG.py
[2026-05-30 17:05:53] DUPLICADO: Escanear.py
[2026-05-30 17:05:53] HASH DUPLICADO: Escanear.py
[2026-05-30 17:05:53] DUPLICADO: EXECUTIVE_COMMAND_ENTER.py
[2026-05-30 17:05:53] HASH DUPLICADO: EXECUTIVE_COMMAND_ENTER.py
[2026-05-30 17:05:53] DUPLICADO: EXPANSAO_COMPLETA.py
[2026-05-30 17:05:53] HASH DUPLICADO: EXPANSAO_COMPLETA.py
[2026-05-30 17:05:53] DUPLICADO: experience.py
[2026-05-30 17:05:53] HASH DUPLICADO: experience.py
[2026-05-30 17:05:53] DUPLICADO: extrair_valor.py
[2026-05-30 17:05:53] HASH DUPLICADO: extrair_valor.py
[2026-05-30 17:05:53] DUPLICADO: FILA_DE_EXPERIMENTACAO.py
[2026-05-30 17:05:53] HASH DUPLICADO: FILA_DE_EXPERIMENTACAO.py
[2026-05-30 17:05:53] HASH DUPLICADO: flask.py
[2026-05-30 17:05:53] DUPLICADO: FLUXO_COMPLETO.py
[2026-05-30 17:05:53] HASH DUPLICADO: FLUXO_COMPLETO.py
[2026-05-30 17:05:53] DUPLICADO: FLUXO_REAL.py
[2026-05-30 17:05:53] HASH DUPLICADO: FLUXO_REAL.py
[2026-05-30 17:05:53] DUPLICADO: full_test.py
[2026-05-30 17:05:53] HASH DUPLICADO: full_test.py
[2026-05-30 17:05:54] HASH DUPLICADO: futurista.py
[2026-05-30 17:05:54] DUPLICADO: gerar_dossie.py
[2026-05-30 17:05:54] HASH DUPLICADO: gerar_dossie.py
[2026-05-30 17:05:54] DUPLICADO: Gerar_entreg.py
[2026-05-30 17:05:54] HASH DUPLICADO: Gerar_entreg.py
[2026-05-30 17:05:54] DUPLICADO: gerar_excel.py
[2026-05-30 17:05:54] HASH DUPLICADO: gerar_excel.py
[2026-05-30 17:05:54] DUPLICADO: gerar_login.py
[2026-05-30 17:05:54] HASH DUPLICADO: gerar_login.py
[2026-05-30 17:05:54] DUPLICADO: gerar_ordem.py
[2026-05-30 17:05:54] HASH DUPLICADO: gerar_ordem.py
[2026-05-30 17:05:54] DUPLICADO: gerar_pacote.py
[2026-05-30 17:05:54] HASH DUPLICADO: gerar_pacote.py
[2026-05-30 17:05:54] DUPLICADO: gerar_texto_contextual.py
[2026-05-30 17:05:54] HASH DUPLICADO: gerar_texto_contextual.py
[2026-05-30 17:05:54] DUPLICADO: GLOBAL_OPERATIONAL_CORE.py
[2026-05-30 17:05:54] HASH DUPLICADO: GLOBAL_OPERATIONAL_CORE.py
[2026-05-30 17:05:54] DUPLICADO: grafico_barras_premium.py
[2026-05-30 17:05:54] HASH DUPLICADO: grafico_barras_premium.py
[2026-05-30 17:05:54] DUPLICADO: grafico_gauge_risco.py
[2026-05-30 17:05:54] HASH DUPLICADO: grafico_gauge_risco.py
[2026-05-30 17:05:54] DUPLICADO: gTTS.py
[2026-05-30 17:05:54] HASH DUPLICADO: gTTS.py
[2026-05-30 17:05:54] HASH DUPLICADO: GV16.py
[2026-05-30 17:05:54] DUPLICADO: helpers.py
[2026-05-30 17:05:54] HASH DUPLICADO: helpers.py
[2026-05-30 17:05:54] DUPLICADO: IDENTIDADE_DINMICA_DO_NUCLEO.py
[2026-05-30 17:05:54] HASH DUPLICADO: IDENTIDADE_DINMICA_DO_NUCLEO.py
[2026-05-30 17:05:54] DUPLICADO: INIT_BACKUP_20260511_190622.py
[2026-05-30 17:05:54] HASH DUPLICADO: INIT_BACKUP_20260511_190622.py
[2026-05-30 17:05:55] DUPLICADO: INTEGRACAO_COMPLETA.py
[2026-05-30 17:05:55] HASH DUPLICADO: INTEGRACAO_COMPLETA.py
[2026-05-30 17:05:55] DUPLICADO: integracao_executar_nucleo.py
[2026-05-30 17:05:55] HASH DUPLICADO: integracao_executar_nucleo.py
[2026-05-30 17:05:55] DUPLICADO: INTEGRACAO_FINAL_DO_NUCLEO.py
[2026-05-30 17:05:55] HASH DUPLICADO: INTEGRACAO_FINAL_DO_NUCLEO.py
[2026-05-30 17:05:55] DUPLICADO: integration_nucleus.py
[2026-05-30 17:05:55] HASH DUPLICADO: integration_nucleus.py
[2026-05-30 17:05:55] DUPLICADO: Inteligncia_de_Valorizao.py
[2026-05-30 17:05:55] HASH DUPLICADO: Inteligncia_de_Valorizao.py
[2026-05-30 17:05:55] DUPLICADO: INTELLIGENT_CURATOR.py
[2026-05-30 17:05:55] HASH DUPLICADO: INTELLIGENT_CURATOR.py
[2026-05-30 17:05:55] DUPLICADO: Interface_Restoration.py
[2026-05-30 17:05:55] HASH DUPLICADO: Interface_Restoration.py
[2026-05-30 17:05:55] DUPLICADO: INVENTRIO_CORPORATIVO.py
[2026-05-30 17:05:55] HASH DUPLICADO: INVENTRIO_CORPORATIVO.py
[2026-05-30 17:05:55] DUPLICADO: INVENTRIO_CORPORATIVO_IMPERIAL.py
[2026-05-30 17:05:55] HASH DUPLICADO: INVENTRIO_CORPORATIVO_IMPERIAL.py
[2026-05-30 17:05:55] DUPLICADO: INVENTRIO_INTELIGENTE.py
[2026-05-30 17:05:55] HASH DUPLICADO: INVENTRIO_INTELIGENTE.py
[2026-05-30 17:05:55] DUPLICADO: INVESTIGADOR_EMPRESARIAL.py
[2026-05-30 17:05:55] HASH DUPLICADO: INVESTIGADOR_EMPRESARIAL.py
[2026-05-30 17:05:55] DUPLICADO: iotec.py
[2026-05-30 17:05:55] HASH DUPLICADO: iotec.py
[2026-05-30 17:05:55] DUPLICADO: IOTEC_ADAPTIVE_CORE_MANAGER.py
[2026-05-30 17:05:55] HASH DUPLICADO: IOTEC_ADAPTIVE_CORE_MANAGER.py
[2026-05-30 17:05:56] DUPLICADO: IOTEC_ADAPTIVE_ECOSYSTEM_CORE.py
[2026-05-30 17:05:56] HASH DUPLICADO: IOTEC_ADAPTIVE_ECOSYSTEM_CORE.py
[2026-05-30 17:05:56] DUPLICADO: IOTEC_ADVANCEMENT_CONTROL_TOWER.py
[2026-05-30 17:05:56] HASH DUPLICADO: IOTEC_ADVANCEMENT_CONTROL_TOWER.py
[2026-05-30 17:05:56] DUPLICADO: IOTEC_AI_ATENDENTE.py
[2026-05-30 17:05:56] HASH DUPLICADO: IOTEC_AI_ATENDENTE.py
[2026-05-30 17:05:56] DUPLICADO: IOTEC_AI_BRIDGE_CONNECTOR.py
[2026-05-30 17:05:56] HASH DUPLICADO: IOTEC_AI_BRIDGE_CONNECTOR.py
[2026-05-30 17:05:56] DUPLICADO: IOTEC_AI_CORE.py
[2026-05-30 17:05:56] HASH DUPLICADO: IOTEC_AI_CORE.py
[2026-05-30 17:05:56] DUPLICADO: IOTEC_AI_SECURITY.py
[2026-05-30 17:05:56] HASH DUPLICADO: IOTEC_AI_SECURITY.py
[2026-05-30 17:05:56] DUPLICADO: IOTEC_ARTERIA_8787.py
[2026-05-30 17:05:56] HASH DUPLICADO: IOTEC_ARTERIA_8787.py
[2026-05-30 17:05:56] DUPLICADO: IOTEC_AUTOMATED_STRUCTURE_ENGINE.py
[2026-05-30 17:05:56] HASH DUPLICADO: IOTEC_AUTOMATED_STRUCTURE_ENGINE.py
[2026-05-30 17:05:56] DUPLICADO: IOTEC_AUTONOMOUS.py
[2026-05-30 17:05:56] HASH DUPLICADO: IOTEC_AUTONOMOUS.py
[2026-05-30 17:05:56] DUPLICADO: IOTEC_BILLING_INTELLIGENCE_ENGINE.py
[2026-05-30 17:05:56] HASH DUPLICADO: IOTEC_BILLING_INTELLIGENCE_ENGINE.py
[2026-05-30 17:05:56] DUPLICADO: IOTEC_BL_PORTAL_PAGAMENTOS_AUTOMATICO.py
[2026-05-30 17:05:56] HASH DUPLICADO: IOTEC_BL_PORTAL_PAGAMENTOS_AUTOMATICO.py
[2026-05-30 17:05:56] DUPLICADO: iotec_cockpit_pleno.py
[2026-05-30 17:05:56] HASH DUPLICADO: iotec_cockpit_pleno.py
[2026-05-30 17:05:56] DUPLICADO: iotec_cockpit_pleno_v2.py
[2026-05-30 17:05:56] HASH DUPLICADO: iotec_cockpit_pleno_v2.py
[2026-05-30 17:05:56] DUPLICADO: IOTEC_CONTEXT_AI.py
[2026-05-30 17:05:56] HASH DUPLICADO: IOTEC_CONTEXT_AI.py
[2026-05-30 17:05:56] DUPLICADO: IOTEC_CONTROL_TOWER_ENGINE.py
[2026-05-30 17:05:56] HASH DUPLICADO: IOTEC_CONTROL_TOWER_ENGINE.py
[2026-05-30 17:05:56] DUPLICADO: iotec_core.py
[2026-05-30 17:05:56] HASH DUPLICADO: iotec_core.py
[2026-05-30 17:05:56] DUPLICADO: IOTEC_CORE_24H.py
[2026-05-30 17:05:56] HASH DUPLICADO: IOTEC_CORE_24H.py
[2026-05-30 17:05:56] DUPLICADO: IOTEC_CORE_DIRECTIVE_SYSTEM.py
[2026-05-30 17:05:56] HASH DUPLICADO: IOTEC_CORE_DIRECTIVE_SYSTEM.py
[2026-05-30 17:05:56] DUPLICADO: IOTEC_CORE_EMAIL_24H.py
[2026-05-30 17:05:56] HASH DUPLICADO: IOTEC_CORE_EMAIL_24H.py
[2026-05-30 17:05:56] DUPLICADO: IOTEC_CORE_LIVE_QUEUE.py
[2026-05-30 17:05:56] HASH DUPLICADO: IOTEC_CORE_LIVE_QUEUE.py
[2026-05-30 17:05:56] DUPLICADO: IOTEC_CORE_MANAGER.py
[2026-05-30 17:05:56] HASH DUPLICADO: IOTEC_CORE_MANAGER.py
[2026-05-30 17:05:56] DUPLICADO: IOTEC_CORE_QUEUE_PANEL.py
[2026-05-30 17:05:56] HASH DUPLICADO: IOTEC_CORE_QUEUE_PANEL.py
[2026-05-30 17:05:56] DUPLICADO: IOTEC_CORE_RUNNER.py
[2026-05-30 17:05:56] HASH DUPLICADO: IOTEC_CORE_RUNNER.py
[2026-05-30 17:05:56] DUPLICADO: IOTEC_CUSTOMER_SERVICE_CORE.py
[2026-05-30 17:05:56] HASH DUPLICADO: IOTEC_CUSTOMER_SERVICE_CORE.py
[2026-05-30 17:05:56] DUPLICADO: IOTEC_DATABASE_CORE.py
[2026-05-30 17:05:56] HASH DUPLICADO: IOTEC_DATABASE_CORE.py
[2026-05-30 17:05:56] DUPLICADO: IOTEC_DEPLOYMENT_DIAGNOSTIC.py
[2026-05-30 17:05:56] HASH DUPLICADO: IOTEC_DEPLOYMENT_DIAGNOSTIC.py
[2026-05-30 17:05:56] DUPLICADO: IOTEC_DEPLOY_MASTER.py
[2026-05-30 17:05:56] HASH DUPLICADO: IOTEC_DEPLOY_MASTER.py
[2026-05-30 17:05:56] DUPLICADO: IOTEC_DEPLOY_MASTER_V2.py
[2026-05-30 17:05:56] HASH DUPLICADO: IOTEC_DEPLOY_MASTER_V2.py
[2026-05-30 17:05:56] DUPLICADO: IOTEC_DEPLOY_MASTER_V3.py
[2026-05-30 17:05:56] HASH DUPLICADO: IOTEC_DEPLOY_MASTER_V3.py
[2026-05-30 17:05:56] DUPLICADO: IOTEC_DEPLOY_NETLIFY.py
[2026-05-30 17:05:56] HASH DUPLICADO: IOTEC_DEPLOY_NETLIFY.py
[2026-05-30 17:05:56] DUPLICADO: IOTEC_DEPLOY_ORQUESTRADOR.py
[2026-05-30 17:05:56] HASH DUPLICADO: IOTEC_DEPLOY_ORQUESTRADOR.py
[2026-05-30 17:05:56] DUPLICADO: IOTEC_FIRST_REVENUE_ENGINE.py
[2026-05-30 17:05:56] HASH DUPLICADO: IOTEC_FIRST_REVENUE_ENGINE.py
[2026-05-30 17:05:56] WATCHDOG DETECTADO: IOTEC_FIRST_REVENUE_ENGINE.py
[2026-05-30 17:05:56] DUPLICADO: IOTEC_FORM_TO_EMAIL.py
[2026-05-30 17:05:57] HASH DUPLICADO: IOTEC_FORM_TO_EMAIL.py
[2026-05-30 17:05:57] DUPLICADO: IOTEC_FULL_FLOW.py
[2026-05-30 17:05:57] HASH DUPLICADO: IOTEC_FULL_FLOW.py
[2026-05-30 17:05:57] DUPLICADO: IOTEC_GATEWAY_CORE.py
[2026-05-30 17:05:57] HASH DUPLICADO: IOTEC_GATEWAY_CORE.py
[2026-05-30 17:05:57] DUPLICADO: IOTEC_GLOBAL_CORE.py
[2026-05-30 17:05:57] HASH DUPLICADO: IOTEC_GLOBAL_CORE.py
[2026-05-30 17:05:57] DUPLICADO: IOTEC_GLOBAL_OPERATIONAL_CORE.py
[2026-05-30 17:05:57] HASH DUPLICADO: IOTEC_GLOBAL_OPERATIONAL_CORE.py
[2026-05-30 17:05:57] DUPLICADO: IOTEC_GLOBAL_READINESS_CHECK.py
[2026-05-30 17:05:57] HASH DUPLICADO: IOTEC_GLOBAL_READINESS_CHECK.py
[2026-05-30 17:05:57] DUPLICADO: IOTEC_INTELLIGENT_CURATOR.py
[2026-05-30 17:05:57] HASH DUPLICADO: IOTEC_INTELLIGENT_CURATOR.py
[2026-05-30 17:05:57] DUPLICADO: IOTEC_MAIL_CORE_INTELIGENTE.py
[2026-05-30 17:05:57] HASH DUPLICADO: IOTEC_MAIL_CORE_INTELIGENTE.py
[2026-05-30 17:05:57] DUPLICADO: IOTEC_MAIL_FILTER.py
[2026-05-30 17:05:57] HASH DUPLICADO: IOTEC_MAIL_FILTER.py
[2026-05-30 17:05:57] DUPLICADO: IOTEC_MAIL_HUB.py
[2026-05-30 17:05:57] HASH DUPLICADO: IOTEC_MAIL_HUB.py
[2026-05-30 17:05:57] DUPLICADO: IOTEC_MAIL_MANAGER.py
[2026-05-30 17:05:57] HASH DUPLICADO: IOTEC_MAIL_MANAGER.py
[2026-05-30 17:05:57] DUPLICADO: IOTEC_MAIL_TO_CORE.py
[2026-05-30 17:05:57] HASH DUPLICADO: IOTEC_MAIL_TO_CORE.py
[2026-05-30 17:05:57] DUPLICADO: IOTEC_MEDIA.py
[2026-05-30 17:05:57] HASH DUPLICADO: IOTEC_MEDIA.py
[2026-05-30 17:05:57] DUPLICADO: IOTEC_MEDIA_ORCHESTRATION_CORE.py
[2026-05-30 17:05:57] HASH DUPLICADO: IOTEC_MEDIA_ORCHESTRATION_CORE.py
[2026-05-30 17:05:57] DUPLICADO: IOTEC_MEMORY_ENGINE.py
[2026-05-30 17:05:57] HASH DUPLICADO: IOTEC_MEMORY_ENGINE.py
[2026-05-30 17:05:57] DUPLICADO: IOTEC_MINIMAL_REAL_CORE.py
[2026-05-30 17:05:57] HASH DUPLICADO: IOTEC_MINIMAL_REAL_CORE.py
[2026-05-30 17:05:57] WATCHDOG DETECTADO: IOTEC_MINIMAL_REAL_CORE.py
[2026-05-30 17:05:57] DUPLICADO: IOTEC_MULTI_MAIL_CORE.py
[2026-05-30 17:05:57] HASH DUPLICADO: IOTEC_MULTI_MAIL_CORE.py
[2026-05-30 17:05:57] DUPLICADO: IOTEC_MULTI_SECTOR_RADAR.py
[2026-05-30 17:05:57] HASH DUPLICADO: IOTEC_MULTI_SECTOR_RADAR.py
[2026-05-30 17:05:57] DUPLICADO: IOTEC_NEURAL_ECOSYSTEM_CORE_FINAL.py
[2026-05-30 17:05:57] HASH DUPLICADO: IOTEC_NEURAL_ECOSYSTEM_CORE_FINAL.py
[2026-05-30 17:05:57] DUPLICADO: iotec_nucleus.py
[2026-05-30 17:05:57] HASH DUPLICADO: iotec_nucleus.py
[2026-05-30 17:05:57] DUPLICADO: IOTEC_OPERATIONAL_WORKFLOW_ARCHITECTURE.py
[2026-05-30 17:05:57] HASH DUPLICADO: IOTEC_OPERATIONAL_WORKFLOW_ARCHITECTURE.py
[2026-05-30 17:05:57] DUPLICADO: IOTEC_PANEL_24H.py
[2026-05-30 17:05:57] HASH DUPLICADO: IOTEC_PANEL_24H.py
[2026-05-30 17:05:57] DUPLICADO: IOTEC_PERSISTENT_OPERATIONAL_CORE.py
[2026-05-30 17:05:57] HASH DUPLICADO: IOTEC_PERSISTENT_OPERATIONAL_CORE.py
[2026-05-30 17:05:57] DUPLICADO: IOTEC_PROGRAMMING_GRID_ENGINE.py
[2026-05-30 17:05:57] HASH DUPLICADO: IOTEC_PROGRAMMING_GRID_ENGINE.py
[2026-05-30 17:05:57] DUPLICADO: IOTEC_Revenue_Strategy_Engine.py
[2026-05-30 17:05:57] HASH DUPLICADO: IOTEC_Revenue_Strategy_Engine.py
[2026-05-30 17:05:57] DUPLICADO: Iotec_Spine.py
[2026-05-30 17:05:57] HASH DUPLICADO: Iotec_Spine.py
[2026-05-30 17:05:57] DUPLICADO: Iotec_Spine_Core.py
[2026-05-30 17:05:57] HASH DUPLICADO: Iotec_Spine_Core.py
[2026-05-30 17:05:57] DUPLICADO: Iotec_Spine_Core_Architecture.py
[2026-05-30 17:05:57] HASH DUPLICADO: Iotec_Spine_Core_Architecture.py
[2026-05-30 17:05:57] DUPLICADO: IOTEC_STARTUP_CHECKLIST_ENGINE.py
[2026-05-30 17:05:57] HASH DUPLICADO: IOTEC_STARTUP_CHECKLIST_ENGINE.py
[2026-05-30 17:05:57] DUPLICADO: IOTEC_SYSTEM_FLOW_PANEL.py
[2026-05-30 17:05:57] HASH DUPLICADO: IOTEC_SYSTEM_FLOW_PANEL.py
[2026-05-30 17:05:57] DUPLICADO: IOTEC_TEMPLATE.py
[2026-05-30 17:05:57] HASH DUPLICADO: IOTEC_TEMPLATE.py
[2026-05-30 17:05:57] DUPLICADO: IOTEC_TRAFFIC_CONTROLLER.py
[2026-05-30 17:05:57] HASH DUPLICADO: IOTEC_TRAFFIC_CONTROLLER.py
[2026-05-30 17:05:57] DUPLICADO: IOTEC_TTS.py
[2026-05-30 17:05:57] HASH DUPLICADO: IOTEC_TTS.py
[2026-05-30 17:05:57] DUPLICADO: IOTEC_ULTRACORE_ARCHITECTURE.py
[2026-05-30 17:05:57] HASH DUPLICADO: IOTEC_ULTRACORE_ARCHITECTURE.py
[2026-05-30 17:05:57] DUPLICADO: IOTEC_WHATSAPP_AUTOMATION.py
[2026-05-30 17:05:57] HASH DUPLICADO: IOTEC_WHATSAPP_AUTOMATION.py
[2026-05-30 17:05:57] DUPLICADO: IOTEC_WHATS_LINK.py
[2026-05-30 17:05:57] HASH DUPLICADO: IOTEC_WHATS_LINK.py
[2026-05-30 17:05:58] WATCHDOG DETECTADO: JAGUAR.py
[2026-05-30 17:05:58] DUPLICADO: ler_emails.py
[2026-05-30 17:05:58] HASH DUPLICADO: ler_emails.py
[2026-05-30 17:05:58] DUPLICADO: LIVE_EXECUTIVE_VISUAL.py
[2026-05-30 17:05:58] HASH DUPLICADO: LIVE_EXECUTIVE_VISUAL.py
[2026-05-30 17:05:58] DUPLICADO: LIVE_OPERATIONAL_CORE.py
[2026-05-30 17:05:58] HASH DUPLICADO: LIVE_OPERATIONAL_CORE.py
[2026-05-30 17:05:58] DUPLICADO: log_writer.py
[2026-05-30 17:05:58] HASH DUPLICADO: log_writer.py
[2026-05-30 17:05:58] HASH DUPLICADO: lucro.01.py
[2026-05-30 17:05:58] DUPLICADO: main.py
[2026-05-30 17:05:58] DUPLICADO: MAPA_DO_ECOSSISTEMA.py
[2026-05-30 17:05:58] HASH DUPLICADO: MAPA_DO_ECOSSISTEMA.py
[2026-05-30 17:05:59] DUPLICADO: memoria_cliente.py
[2026-05-30 17:05:59] HASH DUPLICADO: memoria_cliente.py
[2026-05-30 17:05:59] DUPLICADO: MEMORIA_DE_PERFORMACE.py
[2026-05-30 17:05:59] HASH DUPLICADO: MEMORIA_DE_PERFORMACE.py
[2026-05-30 17:05:59] DUPLICADO: mensagem_automatica.py
[2026-05-30 17:05:59] HASH DUPLICADO: mensagem_automatica.py
[2026-05-30 17:05:59] DUPLICADO: midas.py
[2026-05-30 17:05:59] HASH DUPLICADO: midas.py
[2026-05-30 17:05:59] DUPLICADO: miner_nucleus.py
[2026-05-30 17:05:59] HASH DUPLICADO: miner_nucleus.py
[2026-05-30 17:05:59] DUPLICADO: models.py
[2026-05-30 17:05:59] HASH DUPLICADO: models.py
[2026-05-30 17:05:59] DUPLICADO: module.py
[2026-05-30 17:05:59] HASH DUPLICADO: module.py
[2026-05-30 17:05:59] DUPLICADO: modulo_exemplo.py
[2026-05-30 17:05:59] HASH DUPLICADO: modulo_exemplo.py
[2026-05-30 17:05:59] DUPLICADO: modulo_interface.py
[2026-05-30 17:05:59] HASH DUPLICADO: modulo_interface.py
[2026-05-30 17:05:59] DUPLICADO: montar_texto.py
[2026-05-30 17:05:59] HASH DUPLICADO: montar_texto.py
[2026-05-30 17:05:59] DUPLICADO: MOTOR_DE_SIMILARIDADE.py
[2026-05-30 17:05:59] HASH DUPLICADO: MOTOR_DE_SIMILARIDADE.py
[2026-05-30 17:05:59] DUPLICADO: MOTOR_DE_SIMILARIDADE_AVANADO.py
[2026-05-30 17:05:59] HASH DUPLICADO: MOTOR_DE_SIMILARIDADE_AVANADO.py
[2026-05-30 17:05:59] DUPLICADO: motor_producao.py
[2026-05-30 17:05:59] HASH DUPLICADO: motor_producao.py
[2026-05-30 17:05:59] DUPLICADO: MOTOR_SEMANTICO.py
[2026-05-30 17:05:59] HASH DUPLICADO: MOTOR_SEMANTICO.py
[2026-05-30 17:05:59] DUPLICADO: MOTOR_SEMANTICO_COM_SCORE_DE_RELEVANCIA.py
[2026-05-30 17:05:59] HASH DUPLICADO: MOTOR_SEMANTICO_COM_SCORE_DE_RELEVANCIA.py
[2026-05-30 17:05:59] DUPLICADO: MOTOR_SEMANTICO_EMPRESARIAL_INTELIGENTE.py
[2026-05-30 17:05:59] HASH DUPLICADO: MOTOR_SEMANTICO_EMPRESARIAL_INTELIGENTE.py
[2026-05-30 17:05:59] HASH DUPLICADO: Movimentao.Atpica.py
[2026-05-30 17:06:00] DUPLICADO: msg_cliente.py
[2026-05-30 17:06:00] HASH DUPLICADO: msg_cliente.py
[2026-05-30 17:06:00] DUPLICADO: NAVEGACAO_DE_OPORTUNIDADES.py
[2026-05-30 17:06:00] HASH DUPLICADO: NAVEGACAO_DE_OPORTUNIDADES.py
[2026-05-30 17:06:00] DUPLICADO: NCLEO_CENTRAL.py
[2026-05-30 17:06:00] HASH DUPLICADO: NCLEO_CENTRAL.py
[2026-05-30 17:06:00] DUPLICADO: NODE_CHECK.py
[2026-05-30 17:06:00] HASH DUPLICADO: NODE_CHECK.py
[2026-05-30 17:06:00] DUPLICADO: notificar_cliente.py
[2026-05-30 17:06:00] HASH DUPLICADO: notificar_cliente.py
[2026-05-30 17:06:00] DUPLICADO: NOVO_PEDIDO_IOTEC.py
[2026-05-30 17:06:00] HASH DUPLICADO: NOVO_PEDIDO_IOTEC.py
[2026-05-30 17:06:00] DUPLICADO: NTERPRETADOR_INTELIGENTE.py
[2026-05-30 17:06:00] HASH DUPLICADO: NTERPRETADOR_INTELIGENTE.py
[2026-05-30 17:06:00] DUPLICADO: nucleo.py
[2026-05-30 17:06:00] DUPLICADO: nucleo_iotec.py
[2026-05-30 17:06:00] HASH DUPLICADO: nucleo_iotec.py
[2026-05-30 17:06:00] DUPLICADO: nucleo_loop.py
[2026-05-30 17:06:00] HASH DUPLICADO: nucleo_loop.py
[2026-05-30 17:06:00] DUPLICADO: NUCLEO_REAL.py
[2026-05-30 17:06:00] HASH DUPLICADO: NUCLEO_REAL.py
[2026-05-30 17:06:00] DUPLICADO: nucleus_orchestrator.py
[2026-05-30 17:06:00] HASH DUPLICADO: nucleus_orchestrator.py
[2026-05-30 17:06:00] DUPLICADO: OFICINA_DE_INTERFACES.py
[2026-05-30 17:06:00] HASH DUPLICADO: OFICINA_DE_INTERFACES.py
[2026-05-30 17:06:00] DUPLICADO: Omega.py
[2026-05-30 17:06:00] DUPLICADO: orchestrator.py
[2026-05-30 17:06:00] HASH DUPLICADO: orchestrator.py
[2026-05-30 17:06:00] DUPLICADO: ORCHESTRATOR_ENGINE.py
[2026-05-30 17:06:00] HASH DUPLICADO: ORCHESTRATOR_ENGINE.py
[2026-05-30 17:06:01] DUPLICADO: organizar_cliente.py
[2026-05-30 17:06:01] HASH DUPLICADO: organizar_cliente.py
[2026-05-30 17:06:01] DUPLICADO: ORGANIZATIONAL_KERNEL.py
[2026-05-30 17:06:01] HASH DUPLICADO: ORGANIZATIONAL_KERNEL.py
[2026-05-30 17:06:01] DUPLICADO: orquestrador.py
[2026-05-30 17:06:01] HASH DUPLICADO: orquestrador.py
[2026-05-30 17:06:01] DUPLICADO: ORQUESTRADOR_COMPLETO.py
[2026-05-30 17:06:01] HASH DUPLICADO: ORQUESTRADOR_COMPLETO.py
[2026-05-30 17:06:01] DUPLICADO: Orquestrador_Inteligente.py
[2026-05-30 17:06:01] HASH DUPLICADO: Orquestrador_Inteligente.py
[2026-05-30 17:06:01] DUPLICADO: ORQUESTRADOR_OPERACIONA_EMPRESARIAL.py
[2026-05-30 17:06:01] HASH DUPLICADO: ORQUESTRADOR_OPERACIONA_EMPRESARIAL.py
[2026-05-30 17:06:01] DUPLICADO: pagamentos.py
[2026-05-30 17:06:01] HASH DUPLICADO: pagamentos.py
[2026-05-30 17:06:01] DUPLICADO: PAINEL_BILNGUE.py
[2026-05-30 17:06:01] HASH DUPLICADO: PAINEL_BILNGUE.py
[2026-05-30 17:06:01] DUPLICADO: painel_IOTEC.py
[2026-05-30 17:06:01] HASH DUPLICADO: painel_IOTEC.py
[2026-05-30 17:06:01] DUPLICADO: painel_vivo.py
[2026-05-30 17:06:01] HASH DUPLICADO: painel_vivo.py
[2026-05-30 17:06:01] DUPLICADO: PARA_A_OFICINA.py
[2026-05-30 17:06:01] HASH DUPLICADO: PARA_A_OFICINA.py
[2026-05-30 17:06:01] DUPLICADO: payroll.py
[2026-05-30 17:06:01] HASH DUPLICADO: payroll.py
[2026-05-30 17:06:01] DUPLICADO: perception.py
[2026-05-30 17:06:01] HASH DUPLICADO: perception.py
[2026-05-30 17:06:01] DUPLICADO: persistence.py
[2026-05-30 17:06:01] HASH DUPLICADO: persistence.py
[2026-05-30 17:06:01] DUPLICADO: PERSISTENCE_BACKUP_20260511_193031.py
[2026-05-30 17:06:01] HASH DUPLICADO: PERSISTENCE_BACKUP_20260511_193031.py
[2026-05-30 17:06:01] DUPLICADO: pipeline.py
[2026-05-30 17:06:01] HASH DUPLICADO: pipeline.py
[2026-05-30 17:06:01] DUPLICADO: Plataforma_Seguranca_Publica.py
[2026-05-30 17:06:01] HASH DUPLICADO: Plataforma_Seguranca_Publica.py
[2026-05-30 17:06:01] DUPLICADO: plotly.graph_objects.py
[2026-05-30 17:06:01] HASH DUPLICADO: plotly.graph_objects.py
[2026-05-30 17:06:01] DUPLICADO: plotly.graph_objects01.py
[2026-05-30 17:06:02] HASH DUPLICADO: plotly.graph_objects01.py
[2026-05-30 17:06:02] DUPLICADO: plotly.graph_objects_01.py
[2026-05-30 17:06:02] HASH DUPLICADO: plotly.graph_objects_01.py
[2026-05-30 17:06:02] DUPLICADO: plotly.graph_objects_02.py
[2026-05-30 17:06:02] HASH DUPLICADO: plotly.graph_objects_02.py
[2026-05-30 17:06:02] DUPLICADO: PREPARAR_DEPLOY.py
[2026-05-30 17:06:02] HASH DUPLICADO: PREPARAR_DEPLOY.py
[2026-05-30 17:06:02] DUPLICADO: previdencia.py
[2026-05-30 17:06:02] HASH DUPLICADO: previdencia.py
[2026-05-30 17:06:02] DUPLICADO: processar_interface.py
[2026-05-30 17:06:02] HASH DUPLICADO: processar_interface.py
[2026-05-30 17:06:02] DUPLICADO: processar_modulo.py
[2026-05-30 17:06:02] HASH DUPLICADO: processar_modulo.py
[2026-05-30 17:06:02] DUPLICADO: processar_pagamento.py
[2026-05-30 17:06:02] HASH DUPLICADO: processar_pagamento.py
[2026-05-30 17:06:02] DUPLICADO: Processo.py
[2026-05-30 17:06:02] HASH DUPLICADO: Processo.py
[2026-05-30 17:06:02] HASH DUPLICADO: psutil.py
[2026-05-30 17:06:02] DUPLICADO: QUALITY_GATE.py
[2026-05-30 17:06:02] HASH DUPLICADO: QUALITY_GATE.py
[2026-05-30 17:06:03] DUPLICADO: recomendacao_de_plano.py
[2026-05-30 17:06:03] HASH DUPLICADO: recomendacao_de_plano.py
[2026-05-30 17:06:03] DUPLICADO: recomendar_plano.py
[2026-05-30 17:06:03] HASH DUPLICADO: recomendar_plano.py
[2026-05-30 17:06:03] DUPLICADO: registry.py
[2026-05-30 17:06:03] HASH DUPLICADO: registry.py
[2026-05-30 17:06:04] DUPLICADO: RESPOSTAS_INTELIGENTES.py
[2026-05-30 17:06:04] HASH DUPLICADO: RESPOSTAS_INTELIGENTES.py
[2026-05-30 17:06:04] DUPLICADO: RESPOSTA_AUTOMTICA_BILNGUE.py
[2026-05-30 17:06:04] HASH DUPLICADO: RESPOSTA_AUTOMTICA_BILNGUE.py
[2026-05-30 17:06:04] DUPLICADO: resposta_segura.py
[2026-05-30 17:06:04] HASH DUPLICADO: resposta_segura.py
[2026-05-30 17:06:04] DUPLICADO: revenue.py
[2026-05-30 17:06:04] HASH DUPLICADO: revenue.py
[2026-05-30 17:06:04] HASH DUPLICADO: risco.detectado.py
[2026-05-30 17:06:04] DUPLICADO: risco.py
[2026-05-30 17:06:04] HASH DUPLICADO: risco.py
[2026-05-30 17:06:04] DUPLICADO: run_demo_cycle.py
[2026-05-30 17:06:04] HASH DUPLICADO: run_demo_cycle.py
[2026-05-30 17:06:04] DUPLICADO: seal_guard.py
[2026-05-30 17:06:04] HASH DUPLICADO: seal_guard.py
[2026-05-30 17:06:04] DUPLICADO: SENTINEL_PRO.py
[2026-05-30 17:06:04] HASH DUPLICADO: SENTINEL_PRO.py
[2026-05-30 17:06:04] DUPLICADO: simulador.py
[2026-05-30 17:06:04] HASH DUPLICADO: simulador.py
[2026-05-30 17:06:05] HASH DUPLICADO: sistema_central.py
[2026-05-30 17:06:05] DUPLICADO: SISTEMA_DE_SEGURANCA_PUBLICA.py
[2026-05-30 17:06:05] HASH DUPLICADO: SISTEMA_DE_SEGURANCA_PUBLICA.py
[2026-05-30 17:06:05] DUPLICADO: SISTEMA_ESTRUTURADO_COM_VOZ.py
[2026-05-30 17:06:05] HASH DUPLICADO: SISTEMA_ESTRUTURADO_COM_VOZ.py
[2026-05-30 17:06:05] HASH DUPLICADO: STATUS.py
[2026-05-30 17:06:05] DUPLICADO: SUPERVISOR_DE_INTEGRIDADE.py
[2026-05-30 17:06:05] HASH DUPLICADO: SUPERVISOR_DE_INTEGRIDADE.py
[2026-05-30 17:06:06] DUPLICADO: telemetry_nucleus.py
[2026-05-30 17:06:06] HASH DUPLICADO: telemetry_nucleus.py
[2026-05-30 17:06:06] DUPLICADO: teste_injecao.py
[2026-05-30 17:06:06] HASH DUPLICADO: teste_injecao.py
[2026-05-30 17:06:06] DUPLICADO: TESTE_OPERACIONAL_COMPLETO.py
[2026-05-30 17:06:06] HASH DUPLICADO: TESTE_OPERACIONAL_COMPLETO.py
[2026-05-30 17:06:07] DUPLICADO: validar_dossie.py
[2026-05-30 17:06:07] HASH DUPLICADO: validar_dossie.py
[2026-05-30 17:06:07] DUPLICADO: validar_servico.py
[2026-05-30 17:06:07] HASH DUPLICADO: validar_servico.py
[2026-05-30 17:06:07] DUPLICADO: validation_nucleus.py
[2026-05-30 17:06:07] HASH DUPLICADO: validation_nucleus.py
[2026-05-30 17:06:07] DUPLICADO: ValuationEngine.py
[2026-05-30 17:06:07] HASH DUPLICADO: ValuationEngine.py
[2026-05-30 17:06:07] DUPLICADO: VERIFICADOR_AUTOMATICO_DE_PORTAS.py
[2026-05-30 17:06:07] HASH DUPLICADO: VERIFICADOR_AUTOMATICO_DE_PORTAS.py
[2026-05-30 17:06:07] DUPLICADO: verificar_produto.py
[2026-05-30 17:06:07] HASH DUPLICADO: verificar_produto.py
[2026-05-30 17:06:07] DUPLICADO: visible_core_router.py
[2026-05-30 17:06:07] HASH DUPLICADO: visible_core_router.py
[2026-05-30 17:06:07] DUPLICADO: VISUALIZADOR_ESTRATGICO.py
[2026-05-30 17:06:07] HASH DUPLICADO: VISUALIZADOR_ESTRATGICO.py
[2026-05-30 17:06:07] DUPLICADO: visual_nucleus.py
[2026-05-30 17:06:07] HASH DUPLICADO: visual_nucleus.py
[2026-05-30 17:06:07] DUPLICADO: VISUAL_OPERATIONS_CENTER.py
[2026-05-30 17:06:07] HASH DUPLICADO: VISUAL_OPERATIONS_CENTER.py
[2026-05-30 17:06:08] DUPLICADO: IOTEC_AUDITOR_PAYPAL.py
[2026-05-30 17:06:08] HASH DUPLICADO: IOTEC_AUDITOR_PAYPAL.py
[2026-05-30 17:06:09] DUPLICADO: main.py
[2026-05-30 17:06:09] DUPLICADO: _init_.py
[2026-05-30 17:06:10] DUPLICADO: main.py
[2026-05-30 17:06:10] DUPLICADO: _init_.py
[2026-05-30 17:06:10] DUPLICADO: cache.py
[2026-05-30 17:06:11] DUPLICADO: configuration.py
[2026-05-30 17:06:12] DUPLICADO: _init_.py
[2026-05-30 17:06:12] DUPLICADO: wheel.py
[2026-05-30 17:06:13] DUPLICADO: _init_.py
[2026-05-30 17:06:13] DUPLICADO: _init_.py
[2026-05-30 17:06:13] DUPLICADO: base.py
[2026-05-30 17:06:13] DUPLICADO: _init_.py
[2026-05-30 17:06:13] DUPLICADO: base.py
[2026-05-30 17:06:13] DUPLICADO: _init_.py
[2026-05-30 17:06:13] DUPLICADO: _init_.py
[2026-05-30 17:06:14] DUPLICADO: index.py
[2026-05-30 17:06:14] DUPLICADO: wheel.py
[2026-05-30 17:06:14] DUPLICADO: _init_.py
[2026-05-30 17:06:15] DUPLICADO: cache.py
[2026-05-30 17:06:15] DUPLICADO: download.py
[2026-05-30 17:06:15] DUPLICADO: _init_.py
[2026-05-30 17:06:15] DUPLICADO: check.py
[2026-05-30 17:06:15] DUPLICADO: freeze.py
[2026-05-30 17:06:15] DUPLICADO: _init_.py
[2026-05-30 17:06:15] HASH DUPLICADO: _init_.py
[2026-05-30 17:06:16] DUPLICADO: wheel.py
[2026-05-30 17:06:16] DUPLICADO: _init_.py
[2026-05-30 17:06:16] HASH DUPLICADO: _init_.py
[2026-05-30 17:06:16] DUPLICADO: wheel.py
[2026-05-30 17:06:16] DUPLICADO: _init_.py
[2026-05-30 17:06:17] DUPLICADO: _init_.py
[2026-05-30 17:06:17] DUPLICADO: base.py
[2026-05-30 17:06:17] DUPLICADO: _init_.py
[2026-05-30 17:06:17] HASH DUPLICADO: _init_.py
[2026-05-30 17:06:17] DUPLICADO: _init_.py
[2026-05-30 17:06:17] HASH DUPLICADO: _init_.py
[2026-05-30 17:06:17] DUPLICADO: base.py
[2026-05-30 17:06:17] DUPLICADO: resolver.py
[2026-05-30 17:06:17] DUPLICADO: _init_.py
[2026-05-30 17:06:17] HASH DUPLICADO: _init_.py
[2026-05-30 17:06:18] DUPLICADO: datetime.py
[2026-05-30 17:06:18] DUPLICADO: models.py
[2026-05-30 17:06:18] DUPLICADO: subprocess.py
[2026-05-30 17:06:19] DUPLICADO: wheel.py
[2026-05-30 17:06:19] DUPLICADO: _init_.py
[2026-05-30 17:06:19] HASH DUPLICADO: _init_.py
[2026-05-30 17:06:20] DUPLICADO: _init_.py
[2026-05-30 17:06:20] DUPLICADO: _init_.py
[2026-05-30 17:06:20] DUPLICADO: cache.py
[2026-05-30 17:06:20] DUPLICADO: _init_.py
[2026-05-30 17:06:20] DUPLICADO: _init_.py
[2026-05-30 17:06:20] DUPLICADO: _init_.py
[2026-05-30 17:06:21] DUPLICADO: _main_.py
[2026-05-30 17:06:24] DUPLICADO: _init_.py
[2026-05-30 17:06:24] DUPLICADO: _init_.py
[2026-05-30 17:06:24] HASH DUPLICADO: _init_.py
[2026-05-30 17:06:24] DUPLICADO: _init_.py
[2026-05-30 17:06:24] HASH DUPLICADO: _init_.py
[2026-05-30 17:06:24] DUPLICADO: _init_.py
[2026-05-30 17:06:24] DUPLICADO: utils.py
[2026-05-30 17:06:24] DUPLICADO: _init_.py
[2026-05-30 17:06:24] DUPLICADO: compat.py
[2026-05-30 17:06:24] DUPLICADO: database.py
[2026-05-30 17:06:25] DUPLICADO: index.py
[2026-05-30 17:06:25] DUPLICADO: metadata.py
[2026-05-30 17:06:25] DUPLICADO: version.py
[2026-05-30 17:06:25] DUPLICADO: wheel.py
[2026-05-30 17:06:25] DUPLICADO: _init_.py
[2026-05-30 17:06:26] DUPLICADO: _init_.py
[2026-05-30 17:06:26] DUPLICADO: _main_.py
[2026-05-30 17:06:26] DUPLICADO: compat.py
[2026-05-30 17:06:26] DUPLICADO: core.py
[2026-05-30 17:06:27] DUPLICADO: _init_.py
[2026-05-30 17:06:27] DUPLICADO: exceptions.py
[2026-05-30 17:06:27] DUPLICADO: _init_.py
[2026-05-30 17:06:27] DUPLICADO: markers.py
[2026-05-30 17:06:27] DUPLICADO: requirements.py
[2026-05-30 17:06:28] DUPLICADO: utils.py
[2026-05-30 17:06:28] DUPLICADO: version.py
[2026-05-30 17:06:28] DUPLICADO: _init_.py
[2026-05-30 17:06:28] DUPLICADO: _init_.py
[2026-05-30 17:06:29] DUPLICADO: api.py
[2026-05-30 17:06:29] DUPLICADO: version.py
[2026-05-30 17:06:29] DUPLICADO: _init_.py
[2026-05-30 17:06:29] DUPLICADO: _main_.py
[2026-05-30 17:06:31] DUPLICADO: util.py
[2026-05-30 17:06:31] DUPLICADO: _init_.py
[2026-05-30 17:06:31] DUPLICADO: _main_.py
[2026-05-30 17:06:31] DUPLICADO: _init_.py
[2026-05-30 17:06:33] DUPLICADO: _init_.py
[2026-05-30 17:06:33] DUPLICADO: _init_.py
[2026-05-30 17:06:33] DUPLICADO: _mapping.py
[2026-05-30 17:06:33] DUPLICADO: _init_.py
[2026-05-30 17:06:34] DUPLICADO: core.py
[2026-05-30 17:06:34] DUPLICADO: exceptions.py
[2026-05-30 17:06:34] DUPLICADO: helpers.py
[2026-05-30 17:06:35] DUPLICADO: util.py
[2026-05-30 17:06:35] DUPLICADO: _init_.py
[2026-05-30 17:06:35] DUPLICADO: _init_.py
[2026-05-30 17:06:35] DUPLICADO: _compat.py
[2026-05-30 17:06:35] DUPLICADO: _init_.py
[2026-05-30 17:06:35] DUPLICADO: _init_.py
[2026-05-30 17:06:36] DUPLICADO: api.py
[2026-05-30 17:06:36] DUPLICADO: auth.py
[2026-05-30 17:06:36] DUPLICADO: compat.py
[2026-05-30 17:06:36] DUPLICADO: exceptions.py
[2026-05-30 17:06:36] DUPLICADO: help.py
[2026-05-30 17:06:36] DUPLICADO: models.py
[2026-05-30 17:06:36] DUPLICADO: status_codes.py
[2026-05-30 17:06:36] DUPLICADO: utils.py
[2026-05-30 17:06:36] DUPLICADO: _init_.py
[2026-05-30 17:06:37] DUPLICADO: _init_.py
[2026-05-30 17:06:37] DUPLICADO: _init_.py
[2026-05-30 17:06:37] HASH DUPLICADO: _init_.py
[2026-05-30 17:06:37] DUPLICADO: ansi.py
[2026-05-30 17:06:37] DUPLICADO: console.py
[2026-05-30 17:06:38] DUPLICADO: logging.py
[2026-05-30 17:06:40] DUPLICADO: style.py
[2026-05-30 17:06:41] DUPLICADO: _init_.py
[2026-05-30 17:06:41] DUPLICADO: _main_.py
[2026-05-30 17:06:42] DUPLICADO: _init_.py
[2026-05-30 17:06:42] DUPLICADO: _init_.py
[2026-05-30 17:06:42] DUPLICADO: _init_.py
[2026-05-30 17:06:43] DUPLICADO: _windows.py
[2026-05-30 17:06:43] DUPLICADO: exceptions.py
[2026-05-30 17:06:44] DUPLICADO: _init_.py
[2026-05-30 17:06:44] DUPLICADO: _init_.py
[2026-05-30 17:06:44] HASH DUPLICADO: _init_.py
[2026-05-30 17:06:44] DUPLICADO: _init_.py
[2026-05-30 17:06:45] HASH DUPLICADO: _init_.py
[2026-05-30 17:06:45] DUPLICADO: six.py
[2026-05-30 17:06:45] DUPLICADO: _init_.py
[2026-05-30 17:06:45] HASH DUPLICADO: _init_.py
[2026-05-30 17:06:45] DUPLICADO: _init_.py
[2026-05-30 17:06:45] HASH DUPLICADO: _init_.py
[2026-05-30 17:06:45] DUPLICADO: connection.py
[2026-05-30 17:06:45] DUPLICADO: request.py
[2026-05-30 17:06:45] DUPLICADO: response.py
[2026-05-30 17:06:45] DUPLICADO: retry.py
[2026-05-30 17:06:46] DUPLICADO: wait.py
[2026-05-30 17:06:46] DUPLICADO: _init_.py
[2026-05-30 17:06:47] DUPLICADO: _init_.py
[2026-05-30 17:06:47] DUPLICADO: _init_.py
[2026-05-30 17:06:47] DUPLICADO: _init_.py
[2026-05-30 17:06:48] DUPLICADO: appdirs.py
[2026-05-30 17:06:48] DUPLICADO: _init_.py
[2026-05-30 17:06:48] HASH DUPLICADO: _init_.py
[2026-05-30 17:06:48] DUPLICADO: abc.py
[2026-05-30 17:06:48] DUPLICADO: _compat.py
[2026-05-30 17:06:48] DUPLICADO: _init_.py
[2026-05-30 17:06:49] DUPLICADO: _init_.py
[2026-05-30 17:06:49] HASH DUPLICADO: _init_.py
[2026-05-30 17:06:49] DUPLICADO: _init_.py
[2026-05-30 17:06:49] DUPLICADO: _init_.py
[2026-05-30 17:06:49] DUPLICADO: markers.py
[2026-05-30 17:06:49] DUPLICADO: requirements.py
[2026-05-30 17:06:49] DUPLICADO: specifiers.py
[2026-05-30 17:06:49] HASH DUPLICADO: specifiers.py
[2026-05-30 17:06:49] DUPLICADO: tags.py
[2026-05-30 17:06:49] HASH DUPLICADO: tags.py
[2026-05-30 17:06:49] DUPLICADO: utils.py
[2026-05-30 17:06:49] HASH DUPLICADO: utils.py
[2026-05-30 17:06:49] DUPLICADO: version.py
[2026-05-30 17:06:49] HASH DUPLICADO: version.py
[2026-05-30 17:06:50] DUPLICADO: _about_.py
[2026-05-30 17:06:50] HASH DUPLICADO: _about_.py
[2026-05-30 17:06:50] DUPLICADO: _init_.py
[2026-05-30 17:06:50] HASH DUPLICADO: _init_.py
[2026-05-30 17:06:50] DUPLICADO: _manylinux.py
[2026-05-30 17:06:50] HASH DUPLICADO: _manylinux.py
[2026-05-30 17:06:50] DUPLICADO: _musllinux.py
[2026-05-30 17:06:50] HASH DUPLICADO: _musllinux.py
[2026-05-30 17:06:50] DUPLICADO: _structures.py
[2026-05-30 17:06:50] HASH DUPLICADO: _structures.py
[2026-05-30 17:06:50] DUPLICADO: actions.py
[2026-05-30 17:06:50] DUPLICADO: common.py
[2026-05-30 17:06:50] DUPLICADO: core.py
[2026-05-30 17:06:50] DUPLICADO: exceptions.py
[2026-05-30 17:06:50] DUPLICADO: helpers.py
[2026-05-30 17:06:50] DUPLICADO: results.py
[2026-05-30 17:06:50] DUPLICADO: testing.py
[2026-05-30 17:06:50] DUPLICADO: unicode.py
[2026-05-30 17:06:50] DUPLICADO: util.py
[2026-05-30 17:06:50] DUPLICADO: _init_.py
[2026-05-30 17:06:50] DUPLICADO: _init_.py
[2026-05-30 17:06:53] DUPLICADO: errors.py
[2026-05-30 17:06:54] DUPLICADO: logging.py
[2026-05-30 17:06:55] DUPLICADO: version.py
[2026-05-30 17:06:55] DUPLICADO: wheel.py
[2026-05-30 17:06:56] DUPLICADO: _init_.py
[2026-05-30 17:06:56] DUPLICADO: _itertools.py
[2026-05-30 17:06:58] DUPLICADO: install.py
[2026-05-30 17:06:58] DUPLICADO: sdist.py
[2026-05-30 17:06:59] DUPLICADO: _init_.py
[2026-05-30 17:06:59] DUPLICADO: _init_.py
[2026-05-30 17:07:02] DUPLICADO: _init_.py
[2026-05-30 17:07:02] DUPLICADO: _init_.py
[2026-05-30 17:07:02] DUPLICADO: archive_util.py
[2026-05-30 17:07:03] DUPLICADO: config.py
[2026-05-30 17:07:03] DUPLICADO: core.py
[2026-05-30 17:07:03] DUPLICADO: debug.py
[2026-05-30 17:07:03] DUPLICADO: dep_util.py
[2026-05-30 17:07:03] DUPLICADO: dist.py
[2026-05-30 17:07:03] DUPLICADO: errors.py
[2026-05-30 17:07:03] DUPLICADO: extension.py
[2026-05-30 17:07:05] DUPLICADO: util.py
[2026-05-30 17:07:05] DUPLICADO: version.py
[2026-05-30 17:07:05] DUPLICADO: _collections.py
[2026-05-30 17:07:05] DUPLICADO: _init_.py
[2026-05-30 17:07:06] DUPLICADO: bdist_rpm.py
[2026-05-30 17:07:06] DUPLICADO: build.py
[2026-05-30 17:07:06] DUPLICADO: build_clib.py
[2026-05-30 17:07:06] DUPLICADO: build_ext.py
[2026-05-30 17:07:06] DUPLICADO: build_py.py
[2026-05-30 17:07:06] DUPLICADO: check.py
[2026-05-30 17:07:06] DUPLICADO: config.py
[2026-05-30 17:07:06] DUPLICADO: install.py
[2026-05-30 17:07:06] DUPLICADO: install_egg_info.py
[2026-05-30 17:07:06] DUPLICADO: install_lib.py
[2026-05-30 17:07:06] DUPLICADO: install_scripts.py
[2026-05-30 17:07:07] DUPLICADO: register.py
[2026-05-30 17:07:07] DUPLICADO: sdist.py
[2026-05-30 17:07:07] DUPLICADO: upload.py
[2026-05-30 17:07:07] DUPLICADO: _init_.py
[2026-05-30 17:07:07] DUPLICADO: typing_extensions.py
[2026-05-30 17:07:07] DUPLICADO: zipp.py
[2026-05-30 17:07:07] HASH DUPLICADO: zipp.py
[2026-05-30 17:07:07] DUPLICADO: _init_.py
[2026-05-30 17:07:07] HASH DUPLICADO: _init_.py
[2026-05-30 17:07:07] DUPLICADO: _adapters.py
[2026-05-30 17:07:07] DUPLICADO: _collections.py
[2026-05-30 17:07:07] DUPLICADO: _compat.py
[2026-05-30 17:07:07] DUPLICADO: _functools.py
[2026-05-30 17:07:08] DUPLICADO: _init_.py
[2026-05-30 17:07:08] DUPLICADO: _itertools.py
[2026-05-30 17:07:08] DUPLICADO: abc.py
[2026-05-30 17:07:08] HASH DUPLICADO: abc.py
[2026-05-30 17:07:08] DUPLICADO: readers.py
[2026-05-30 17:07:08] HASH DUPLICADO: readers.py
[2026-05-30 17:07:08] DUPLICADO: simple.py
[2026-05-30 17:07:08] HASH DUPLICADO: simple.py
[2026-05-30 17:07:08] DUPLICADO: _adapters.py
[2026-05-30 17:07:08] HASH DUPLICADO: _adapters.py
[2026-05-30 17:07:08] DUPLICADO: _common.py
[2026-05-30 17:07:08] HASH DUPLICADO: _common.py
[2026-05-30 17:07:08] DUPLICADO: _compat.py
[2026-05-30 17:07:08] HASH DUPLICADO: _compat.py
[2026-05-30 17:07:08] DUPLICADO: _init_.py
[2026-05-30 17:07:08] HASH DUPLICADO: _init_.py
[2026-05-30 17:07:08] DUPLICADO: _itertools.py
[2026-05-30 17:07:08] HASH DUPLICADO: _itertools.py
[2026-05-30 17:07:08] DUPLICADO: _legacy.py
[2026-05-30 17:07:08] HASH DUPLICADO: _legacy.py
[2026-05-30 17:07:08] DUPLICADO: context.py
[2026-05-30 17:07:08] HASH DUPLICADO: context.py
[2026-05-30 17:07:08] DUPLICADO: functools.py
[2026-05-30 17:07:08] DUPLICADO: _init_.py
[2026-05-30 17:07:08] HASH DUPLICADO: _init_.py
[2026-05-30 17:07:08] DUPLICADO: _init_.py
[2026-05-30 17:07:08] DUPLICADO: more.py
[2026-05-30 17:07:08] DUPLICADO: recipes.py
[2026-05-30 17:07:08] DUPLICADO: _init_.py
[2026-05-30 17:07:08] DUPLICADO: markers.py
[2026-05-30 17:07:08] DUPLICADO: requirements.py
[2026-05-30 17:07:09] DUPLICADO: specifiers.py
[2026-05-30 17:07:09] HASH DUPLICADO: specifiers.py
[2026-05-30 17:07:09] DUPLICADO: tags.py
[2026-05-30 17:07:09] HASH DUPLICADO: tags.py
[2026-05-30 17:07:09] DUPLICADO: utils.py
[2026-05-30 17:07:09] HASH DUPLICADO: utils.py
[2026-05-30 17:07:09] DUPLICADO: version.py
[2026-05-30 17:07:09] HASH DUPLICADO: version.py
[2026-05-30 17:07:09] DUPLICADO: _about_.py
[2026-05-30 17:07:09] HASH DUPLICADO: _about_.py
[2026-05-30 17:07:09] DUPLICADO: _init_.py
[2026-05-30 17:07:09] HASH DUPLICADO: _init_.py
[2026-05-30 17:07:09] DUPLICADO: _manylinux.py
[2026-05-30 17:07:09] HASH DUPLICADO: _manylinux.py
[2026-05-30 17:07:09] DUPLICADO: _musllinux.py
[2026-05-30 17:07:09] HASH DUPLICADO: _musllinux.py
[2026-05-30 17:07:09] DUPLICADO: _structures.py
[2026-05-30 17:07:09] HASH DUPLICADO: _structures.py
[2026-05-30 17:07:09] DUPLICADO: actions.py
[2026-05-30 17:07:09] HASH DUPLICADO: actions.py
[2026-05-30 17:07:09] DUPLICADO: common.py
[2026-05-30 17:07:09] HASH DUPLICADO: common.py
[2026-05-30 17:07:10] DUPLICADO: core.py
[2026-05-30 17:07:10] HASH DUPLICADO: core.py
[2026-05-30 17:07:10] DUPLICADO: exceptions.py
[2026-05-30 17:07:10] HASH DUPLICADO: exceptions.py
[2026-05-30 17:07:10] DUPLICADO: helpers.py
[2026-05-30 17:07:10] HASH DUPLICADO: helpers.py
[2026-05-30 17:07:10] DUPLICADO: results.py
[2026-05-30 17:07:10] HASH DUPLICADO: results.py
[2026-05-30 17:07:10] DUPLICADO: testing.py
[2026-05-30 17:07:10] HASH DUPLICADO: testing.py
[2026-05-30 17:07:10] DUPLICADO: unicode.py
[2026-05-30 17:07:10] HASH DUPLICADO: unicode.py
[2026-05-30 17:07:10] DUPLICADO: util.py
[2026-05-30 17:07:10] HASH DUPLICADO: util.py
[2026-05-30 17:07:10] DUPLICADO: _init_.py
[2026-05-30 17:07:10] HASH DUPLICADO: _init_.py
[2026-05-30 17:07:10] DUPLICADO: _init_.py
[2026-05-30 17:07:10] HASH DUPLICADO: _init_.py
[2026-05-30 17:07:10] DUPLICADO: _init_.py
[2026-05-30 17:07:10] HASH DUPLICADO: _init_.py
[2026-05-30 17:07:10] DUPLICADO: _parser.py
[2026-05-30 17:07:10] HASH DUPLICADO: _parser.py
[2026-05-30 17:07:10] DUPLICADO: _re.py
[2026-05-30 17:07:10] HASH DUPLICADO: _re.py
[2026-05-30 17:07:10] DUPLICADO: _types.py
[2026-05-30 17:07:10] HASH DUPLICADO: _types.py
[2026-05-30 17:07:11] DUPLICADO: _init_.py
[2026-05-30 17:07:11] INTERFACE SUSPEITA: index.html
[2026-05-30 17:07:12] INTERFACE SUSPEITA: docinfo.html
[2026-05-30 17:07:12] INTERFACE SUSPEITA: donate.html
[2026-05-30 17:07:12] INTERFACE SUSPEITA: external.html
[2026-05-30 17:07:13] INTERFACE SUSPEITA: html.html
[2026-05-30 17:07:13] INTERFACE SUSPEITA: html2.html
[2026-05-30 17:07:13] INTERFACE SUSPEITA: IOTEC_DEMO_BANCARIO.html
[2026-05-30 17:07:13] INTERFACE SUSPEITA: navigation.html
[2026-05-30 17:07:13] INTERFACE SUSPEITA: ns.html
[2026-05-30 17:07:13] INTERFACE SUSPEITA: relations.html
[2026-05-30 17:07:13] INTERFACE SUSPEITA: saved_resource.html
[2026-05-30 17:07:13] INTERFACE SUSPEITA: whats_new_empty.html
[2026-05-30 17:07:16] CORE INDEXER FINALIZADO.
